date,year,month,commodity,source_commodity,monthly_average_price,admin1,admin2,market,pricetype,currency,unit
2020-05-15,2020,5,Ampalaya,Bitter melon,83.22,National Capital region,Metropolitan Manila,Metro Manila,Retail,PHP,KG
2020-06-15,2020,6,Ampalaya,Bitter melon,75.52,National Capital region,Metropolitan Manila,Metro Manila,Retail,PHP,KG
2020-07-15,2020,7,Ampalaya,Bitter melon,60.41,National Capital region,Metropolitan Manila,Metro Manila,Retail,PHP,KG
2020-08-15,2020,8,Ampalaya,Bitter melon,63.02,National Capital region,Metropolitan Manila,Metro Manila,Retail,PHP,KG
2020-09-15,2020,9,Ampalaya,Bitter melon,64.49,National Capital region,Metropolitan Manila,Metro Manila,Retail,PHP,KG
2020-10-15,2020,10,Ampalaya,Bitter melon,81.92,National Capital region,Metropolitan Manila,Metro Manila,Retail,PHP,KG
2020-11-15,2020,11,Ampalaya,Bitter melon,162.42,National Capital region,Metropolitan Manila,Metro Manila,Retail,PHP,KG
2020-12-15,2020,12,Ampalaya,Bitter melon,169.62,National Capital region,Metropolitan Manila,Metro Manila,Retail,PHP,KG
2021-01-15,2021,1,Ampalaya,Bitter melon,151.19,National Capital region,Metropolitan Manila,Metro Manila,Retail,PHP,KG
2021-02-15,2021,2,Ampalaya,Bitter melon,97.8,National Capital region,Metropolitan Manila,Metro Manila,Retail,PHP,KG
2021-03-15,2021,3,Ampalaya,Bitter melon,72.93,National Capital region,Metropolitan Manila,Metro Manila,Retail,PHP,KG
2021-04-15,2021,4,Ampalaya,Bitter melon,67.28,National Capital region,Metropolitan Manila,Metro Manila,Retail,PHP,KG
2021-05-15,2021,5,Ampalaya,Bitter melon,61.42,National Capital region,Metropolitan Manila,Metro Manila,Retail,PHP,KG
2021-06-15,2021,6,Ampalaya,Bitter melon,75.4,National Capital region,Metropolitan Manila,Metro Manila,Retail,PHP,KG
2021-07-15,2021,7,Ampalaya,Bitter melon,82.06,National Capital region,Metropolitan Manila,Metro Manila,Retail,PHP,KG
2021-08-15,2021,8,Ampalaya,Bitter melon,99.16,National Capital region,Metropolitan Manila,Metro Manila,Retail,PHP,KG
2021-09-15,2021,9,Ampalaya,Bitter melon,85.94,National Capital region,Metropolitan Manila,Metro Manila,Retail,PHP,KG
2021-10-15,2021,10,Ampalaya,Bitter melon,84.47,National Capital region,Metropolitan Manila,Metro Manila,Retail,PHP,KG
2021-11-15,2021,11,Ampalaya,Bitter melon,64.96,National Capital region,Metropolitan Manila,Metro Manila,Retail,PHP,KG
2021-12-15,2021,12,Ampalaya,Bitter melon,78.93,National Capital region,Metropolitan Manila,Metro Manila,Retail,PHP,KG
2022-01-15,2022,1,Ampalaya,Bitter melon,97.8,National Capital region,Metropolitan Manila,Metro Manila,Retail,PHP,KG
2022-02-15,2022,2,Ampalaya,Bitter melon,101.77,National Capital region,Metropolitan Manila,Metro Manila,Retail,PHP,KG
2022-03-15,2022,3,Ampalaya,Bitter melon,103.08,National Capital region,Metropolitan Manila,Metro Manila,Retail,PHP,KG
2022-04-15,2022,4,Ampalaya,Bitter melon,97.52,National Capital region,Metropolitan Manila,Metro Manila,Retail,PHP,KG
2022-05-15,2022,5,Ampalaya,Bitter melon,96.25,National Capital region,Metropolitan Manila,Metro Manila,Retail,PHP,KG
2022-06-15,2022,6,Ampalaya,Bitter melon,117.28,National Capital region,Metropolitan Manila,Metro Manila,Retail,PHP,KG
2022-07-15,2022,7,Ampalaya,Bitter melon,87.98,National Capital region,Metropolitan Manila,Metro Manila,Retail,PHP,KG
2022-08-15,2022,8,Ampalaya,Bitter melon,82.49,National Capital region,Metropolitan Manila,Metro Manila,Retail,PHP,KG
2022-09-15,2022,9,Ampalaya,Bitter melon,89.55,National Capital region,Metropolitan Manila,Metro Manila,Retail,PHP,KG
2022-10-15,2022,10,Ampalaya,Bitter melon,125.46,National Capital region,Metropolitan Manila,Metro Manila,Retail,PHP,KG
2022-11-15,2022,11,Ampalaya,Bitter melon,138.02,National Capital region,Metropolitan Manila,Metro Manila,Retail,PHP,KG
2022-12-15,2022,12,Ampalaya,Bitter melon,111.18,National Capital region,Metropolitan Manila,Metro Manila,Retail,PHP,KG
2023-01-15,2023,1,Ampalaya,Bitter melon,133.3,National Capital region,Metropolitan Manila,Metro Manila,Retail,PHP,KG
2023-02-15,2023,2,Ampalaya,Bitter melon,146.21,National Capital region,Metropolitan Manila,Metro Manila,Retail,PHP,KG
2023-03-15,2023,3,Ampalaya,Bitter melon,131.87,National Capital region,Metropolitan Manila,Metro Manila,Retail,PHP,KG
2023-04-15,2023,4,Ampalaya,Bitter melon,104.51,National Capital region,Metropolitan Manila,Metro Manila,Retail,PHP,KG
2023-05-15,2023,5,Ampalaya,Bitter melon,92.0,National Capital region,Metropolitan Manila,Metro Manila,Retail,PHP,KG
2023-06-15,2023,6,Ampalaya,Bitter melon,86.72,National Capital region,Metropolitan Manila,Metro Manila,Retail,PHP,KG
2023-07-15,2023,7,Ampalaya,Bitter melon,91.97,National Capital region,Metropolitan Manila,Metro Manila,Retail,PHP,KG
2023-08-15,2023,8,Ampalaya,Bitter melon,141.15,National Capital region,Metropolitan Manila,Metro Manila,Retail,PHP,KG
2023-09-15,2023,9,Ampalaya,Bitter melon,139.35,National Capital region,Metropolitan Manila,Metro Manila,Retail,PHP,KG
2023-10-15,2023,10,Ampalaya,Bitter melon,109.38,National Capital region,Metropolitan Manila,Metro Manila,Retail,PHP,KG
2023-11-15,2023,11,Ampalaya,Bitter melon,96.09,National Capital region,Metropolitan Manila,Metro Manila,Retail,PHP,KG
2023-12-15,2023,12,Ampalaya,Bitter melon,105.12,National Capital region,Metropolitan Manila,Metro Manila,Retail,PHP,KG
2024-01-15,2024,1,Ampalaya,Bitter melon,120.48,National Capital region,Metropolitan Manila,Metro Manila,Retail,PHP,KG
2024-02-15,2024,2,Ampalaya,Bitter melon,112.9,National Capital region,Metropolitan Manila,Metro Manila,Retail,PHP,KG
2024-03-15,2024,3,Ampalaya,Bitter melon,125.54,National Capital region,Metropolitan Manila,Metro Manila,Retail,PHP,KG
2024-04-15,2024,4,Ampalaya,Bitter melon,120.52,National Capital region,Metropolitan Manila,Metro Manila,Retail,PHP,KG
2024-05-15,2024,5,Ampalaya,Bitter melon,132.69,National Capital region,Metropolitan Manila,Metro Manila,Retail,PHP,KG
2024-06-15,2024,6,Ampalaya,Bitter melon,140.8,National Capital region,Metropolitan Manila,Metro Manila,Retail,PHP,KG
2024-07-15,2024,7,Ampalaya,Bitter melon,112.52,National Capital region,Metropolitan Manila,Metro Manila,Retail,PHP,KG
2024-08-15,2024,8,Ampalaya,Bitter melon,107.03,National Capital region,Metropolitan Manila,Metro Manila,Retail,PHP,KG
2024-09-15,2024,9,Ampalaya,Bitter melon,123.32,National Capital region,Metropolitan Manila,Metro Manila,Retail,PHP,KG
2024-10-15,2024,10,Ampalaya,Bitter melon,125.39,National Capital region,Metropolitan Manila,Metro Manila,Retail,PHP,KG
2024-11-15,2024,11,Ampalaya,Bitter melon,158.37,National Capital region,Metropolitan Manila,Metro Manila,Retail,PHP,KG
2024-12-15,2024,12,Ampalaya,Bitter melon,143.36,National Capital region,Metropolitan Manila,Metro Manila,Retail,PHP,KG
2025-01-15,2025,1,Ampalaya,Bitter melon,159.05,National Capital region,Metropolitan Manila,Metro Manila,Retail,PHP,KG
2025-02-15,2025,2,Ampalaya,Bitter melon,126.88,National Capital region,Metropolitan Manila,Metro Manila,Retail,PHP,KG
2025-03-15,2025,3,Ampalaya,Bitter melon,122.05,National Capital region,Metropolitan Manila,Metro Manila,Retail,PHP,KG
2025-04-15,2025,4,Ampalaya,Bitter melon,108.01,National Capital region,Metropolitan Manila,Metro Manila,Retail,PHP,KG
2025-05-15,2025,5,Ampalaya,Bitter melon,109.48,National Capital region,Metropolitan Manila,Metro Manila,Retail,PHP,KG
2025-06-15,2025,6,Ampalaya,Bitter melon,112.22,National Capital region,Metropolitan Manila,Metro Manila,Retail,PHP,KG
2025-07-15,2025,7,Ampalaya,Bitter melon,141.15,National Capital region,Metropolitan Manila,Metro Manila,Retail,PHP,KG
2025-08-15,2025,8,Ampalaya,Bitter melon,169.89,National Capital region,Metropolitan Manila,Metro Manila,Retail,PHP,KG
2025-09-15,2025,9,Ampalaya,Bitter melon,133.18,National Capital region,Metropolitan Manila,Metro Manila,Retail,PHP,KG
2025-10-15,2025,10,Ampalaya,Bitter melon,141.57,National Capital region,Metropolitan Manila,Metro Manila,Retail,PHP,KG
2025-11-15,2025,11,Ampalaya,Bitter melon,165.82,National Capital region,Metropolitan Manila,Metro Manila,Retail,PHP,KG
2025-12-15,2025,12,Ampalaya,Bitter melon,172.0,National Capital region,Metropolitan Manila,Metro Manila,Retail,PHP,KG
2026-01-15,2026,1,Ampalaya,Bitter melon,154.78,National Capital region,Metropolitan Manila,Metro Manila,Retail,PHP,KG
2026-02-15,2026,2,Ampalaya,Bitter melon,149.94,National Capital region,Metropolitan Manila,Metro Manila,Retail,PHP,KG
2026-03-15,2026,3,Ampalaya,Bitter melon,134.78,National Capital region,Metropolitan Manila,Metro Manila,Retail,PHP,KG
2026-04-15,2026,4,Ampalaya,Bitter melon,124.13,National Capital region,Metropolitan Manila,Metro Manila,Retail,PHP,KG
2026-05-15,2026,5,Ampalaya,Bitter melon,125.28,National Capital region,Metropolitan Manila,Metro Manila,Retail,PHP,KG
2026-06-15,2026,6,Ampalaya,Bitter melon,138.37,National Capital region,Metropolitan Manila,Metro Manila,Retail,PHP,KG
2020-05-15,2020,5,Banana (Lakatan),Bananas (lakatan),99.17,National Capital region,Metropolitan Manila,Metro Manila,Retail,PHP,KG
2020-06-15,2020,6,Banana (Lakatan),Bananas (lakatan),94.53,National Capital region,Metropolitan Manila,Metro Manila,Retail,PHP,KG
2020-07-15,2020,7,Banana (Lakatan),Bananas (lakatan),81.78,National Capital region,Metropolitan Manila,Metro Manila,Retail,PHP,KG
2020-08-15,2020,8,Banana (Lakatan),Bananas (lakatan),82.54,National Capital region,Metropolitan Manila,Metro Manila,Retail,PHP,KG
2020-09-15,2020,9,Banana (Lakatan),Bananas (lakatan),81.85,National Capital region,Metropolitan Manila,Metro Manila,Retail,PHP,KG
2020-10-15,2020,10,Banana (Lakatan),Bananas (lakatan),81.87,National Capital region,Metropolitan Manila,Metro Manila,Retail,PHP,KG
2020-11-15,2020,11,Banana (Lakatan),Bananas (lakatan),82.46,National Capital region,Metropolitan Manila,Metro Manila,Retail,PHP,KG
2020-12-15,2020,12,Banana (Lakatan),Bananas (lakatan),83.22,National Capital region,Metropolitan Manila,Metro Manila,Retail,PHP,KG
2021-01-15,2021,1,Banana (Lakatan),Bananas (lakatan),79.66,National Capital region,Metropolitan Manila,Metro Manila,Retail,PHP,KG
2021-02-15,2021,2,Banana (Lakatan),Bananas (lakatan),75.8,National Capital region,Metropolitan Manila,Metro Manila,Retail,PHP,KG
2021-03-15,2021,3,Banana (Lakatan),Bananas (lakatan),73.22,National Capital region,Metropolitan Manila,Metro Manila,Retail,PHP,KG
2021-04-15,2021,4,Banana (Lakatan),Bananas (lakatan),73.48,National Capital region,Metropolitan Manila,Metro Manila,Retail,PHP,KG
2021-05-15,2021,5,Banana (Lakatan),Bananas (lakatan),73.11,National Capital region,Metropolitan Manila,Metro Manila,Retail,PHP,KG
2021-06-15,2021,6,Banana (Lakatan),Bananas (lakatan),70.21,National Capital region,Metropolitan Manila,Metro Manila,Retail,PHP,KG
2021-07-15,2021,7,Banana (Lakatan),Bananas (lakatan),66.86,National Capital region,Metropolitan Manila,Metro Manila,Retail,PHP,KG
2021-08-15,2021,8,Banana (Lakatan),Bananas (lakatan),65.73,National Capital region,Metropolitan Manila,Metro Manila,Retail,PHP,KG
2021-09-15,2021,9,Banana (Lakatan),Bananas (lakatan),67.53,National Capital region,Metropolitan Manila,Metro Manila,Retail,PHP,KG
2021-10-15,2021,10,Banana (Lakatan),Bananas (lakatan),65.78,National Capital region,Metropolitan Manila,Metro Manila,Retail,PHP,KG
2021-11-15,2021,11,Banana (Lakatan),Bananas (lakatan),64.13,National Capital region,Metropolitan Manila,Metro Manila,Retail,PHP,KG
2021-12-15,2021,12,Banana (Lakatan),Bananas (lakatan),62.27,National Capital region,Metropolitan Manila,Metro Manila,Retail,PHP,KG
2022-01-15,2022,1,Banana (Lakatan),Bananas (lakatan),64.9,National Capital region,Metropolitan Manila,Metro Manila,Retail,PHP,KG
2022-02-15,2022,2,Banana (Lakatan),Bananas (lakatan),64.87,National Capital region,Metropolitan Manila,Metro Manila,Retail,PHP,KG
2022-03-15,2022,3,Banana (Lakatan),Bananas (lakatan),64.31,National Capital region,Metropolitan Manila,Metro Manila,Retail,PHP,KG
2022-04-15,2022,4,Banana (Lakatan),Bananas (lakatan),64.44,National Capital region,Metropolitan Manila,Metro Manila,Retail,PHP,KG
2022-05-15,2022,5,Banana (Lakatan),Bananas (lakatan),64.34,National Capital region,Metropolitan Manila,Metro Manila,Retail,PHP,KG
2022-06-15,2022,6,Banana (Lakatan),Bananas (lakatan),64.58,National Capital region,Metropolitan Manila,Metro Manila,Retail,PHP,KG
2022-07-15,2022,7,Banana (Lakatan),Bananas (lakatan),64.53,National Capital region,Metropolitan Manila,Metro Manila,Retail,PHP,KG
2022-08-15,2022,8,Banana (Lakatan),Bananas (lakatan),65.3,National Capital region,Metropolitan Manila,Metro Manila,Retail,PHP,KG
2022-09-15,2022,9,Banana (Lakatan),Bananas (lakatan),67.01,National Capital region,Metropolitan Manila,Metro Manila,Retail,PHP,KG
2022-10-15,2022,10,Banana (Lakatan),Bananas (lakatan),67.66,National Capital region,Metropolitan Manila,Metro Manila,Retail,PHP,KG
2022-11-15,2022,11,Banana (Lakatan),Bananas (lakatan),68.77,National Capital region,Metropolitan Manila,Metro Manila,Retail,PHP,KG
2022-12-15,2022,12,Banana (Lakatan),Bananas (lakatan),73.25,National Capital region,Metropolitan Manila,Metro Manila,Retail,PHP,KG
2023-01-15,2023,1,Banana (Lakatan),Bananas (lakatan),81.18,National Capital region,Metropolitan Manila,Metro Manila,Retail,PHP,KG
2023-02-15,2023,2,Banana (Lakatan),Bananas (lakatan),84.62,National Capital region,Metropolitan Manila,Metro Manila,Retail,PHP,KG
2023-03-15,2023,3,Banana (Lakatan),Bananas (lakatan),87.12,National Capital region,Metropolitan Manila,Metro Manila,Retail,PHP,KG
2023-04-15,2023,4,Banana (Lakatan),Bananas (lakatan),89.01,National Capital region,Metropolitan Manila,Metro Manila,Retail,PHP,KG
2023-05-15,2023,5,Banana (Lakatan),Bananas (lakatan),91.04,National Capital region,Metropolitan Manila,Metro Manila,Retail,PHP,KG
2023-06-15,2023,6,Banana (Lakatan),Bananas (lakatan),89.5,National Capital region,Metropolitan Manila,Metro Manila,Retail,PHP,KG
2023-07-15,2023,7,Banana (Lakatan),Bananas (lakatan),88.07,National Capital region,Metropolitan Manila,Metro Manila,Retail,PHP,KG
2023-08-15,2023,8,Banana (Lakatan),Bananas (lakatan),87.16,National Capital region,Metropolitan Manila,Metro Manila,Retail,PHP,KG
2023-09-15,2023,9,Banana (Lakatan),Bananas (lakatan),88.09,National Capital region,Metropolitan Manila,Metro Manila,Retail,PHP,KG
2023-10-15,2023,10,Banana (Lakatan),Bananas (lakatan),91.17,National Capital region,Metropolitan Manila,Metro Manila,Retail,PHP,KG
2023-11-15,2023,11,Banana (Lakatan),Bananas (lakatan),93.74,National Capital region,Metropolitan Manila,Metro Manila,Retail,PHP,KG
2023-12-15,2023,12,Banana (Lakatan),Bananas (lakatan),96.28,National Capital region,Metropolitan Manila,Metro Manila,Retail,PHP,KG
2024-01-15,2024,1,Banana (Lakatan),Bananas (lakatan),99.54,National Capital region,Metropolitan Manila,Metro Manila,Retail,PHP,KG
2024-02-15,2024,2,Banana (Lakatan),Bananas (lakatan),101.67,National Capital region,Metropolitan Manila,Metro Manila,Retail,PHP,KG
2024-03-15,2024,3,Banana (Lakatan),Bananas (lakatan),101.67,National Capital region,Metropolitan Manila,Metro Manila,Retail,PHP,KG
2024-04-15,2024,4,Banana (Lakatan),Bananas (lakatan),102.16,National Capital region,Metropolitan Manila,Metro Manila,Retail,PHP,KG
2024-05-15,2024,5,Banana (Lakatan),Bananas (lakatan),101.57,National Capital region,Metropolitan Manila,Metro Manila,Retail,PHP,KG
2024-06-15,2024,6,Banana (Lakatan),Bananas (lakatan),101.04,National Capital region,Metropolitan Manila,Metro Manila,Retail,PHP,KG
2024-07-15,2024,7,Banana (Lakatan),Bananas (lakatan),102.13,National Capital region,Metropolitan Manila,Metro Manila,Retail,PHP,KG
2024-08-15,2024,8,Banana (Lakatan),Bananas (lakatan),103.37,National Capital region,Metropolitan Manila,Metro Manila,Retail,PHP,KG
2024-09-15,2024,9,Banana (Lakatan),Bananas (lakatan),103.74,National Capital region,Metropolitan Manila,Metro Manila,Retail,PHP,KG
2024-10-15,2024,10,Banana (Lakatan),Bananas (lakatan),103.83,National Capital region,Metropolitan Manila,Metro Manila,Retail,PHP,KG
2024-11-15,2024,11,Banana (Lakatan),Bananas (lakatan),104.97,National Capital region,Metropolitan Manila,Metro Manila,Retail,PHP,KG
2024-12-15,2024,12,Banana (Lakatan),Bananas (lakatan),105.07,National Capital region,Metropolitan Manila,Metro Manila,Retail,PHP,KG
2025-01-15,2025,1,Banana (Lakatan),Bananas (lakatan),105.49,National Capital region,Metropolitan Manila,Metro Manila,Retail,PHP,KG
2025-02-15,2025,2,Banana (Lakatan),Bananas (lakatan),105.7,National Capital region,Metropolitan Manila,Metro Manila,Retail,PHP,KG
2025-03-15,2025,3,Banana (Lakatan),Bananas (lakatan),105.35,National Capital region,Metropolitan Manila,Metro Manila,Retail,PHP,KG
2025-04-15,2025,4,Banana (Lakatan),Bananas (lakatan),104.06,National Capital region,Metropolitan Manila,Metro Manila,Retail,PHP,KG
2025-05-15,2025,5,Banana (Lakatan),Bananas (lakatan),105.27,National Capital region,Metropolitan Manila,Metro Manila,Retail,PHP,KG
2025-06-15,2025,6,Banana (Lakatan),Bananas (lakatan),105.08,National Capital region,Metropolitan Manila,Metro Manila,Retail,PHP,KG
2025-07-15,2025,7,Banana (Lakatan),Bananas (lakatan),103.03,National Capital region,Metropolitan Manila,Metro Manila,Retail,PHP,KG
2025-08-15,2025,8,Banana (Lakatan),Bananas (lakatan),99.85,National Capital region,Metropolitan Manila,Metro Manila,Retail,PHP,KG
2025-09-15,2025,9,Banana (Lakatan),Bananas (lakatan),98.17,National Capital region,Metropolitan Manila,Metro Manila,Retail,PHP,KG
2025-10-15,2025,10,Banana (Lakatan),Bananas (lakatan),98.53,National Capital region,Metropolitan Manila,Metro Manila,Retail,PHP,KG
2025-11-15,2025,11,Banana (Lakatan),Bananas (lakatan),98.11,National Capital region,Metropolitan Manila,Metro Manila,Retail,PHP,KG
2025-12-15,2025,12,Banana (Lakatan),Bananas (lakatan),98.28,National Capital region,Metropolitan Manila,Metro Manila,Retail,PHP,KG
2026-01-15,2026,1,Banana (Lakatan),Bananas (lakatan),100.44,National Capital region,Metropolitan Manila,Metro Manila,Retail,PHP,KG
2026-02-15,2026,2,Banana (Lakatan),Bananas (lakatan),100.15,National Capital region,Metropolitan Manila,Metro Manila,Retail,PHP,KG
2026-03-15,2026,3,Banana (Lakatan),Bananas (lakatan),101.82,National Capital region,Metropolitan Manila,Metro Manila,Retail,PHP,KG
2026-04-15,2026,4,Banana (Lakatan),Bananas (lakatan),100.46,National Capital region,Metropolitan Manila,Metro Manila,Retail,PHP,KG
2026-05-15,2026,5,Banana (Lakatan),Bananas (lakatan),98.6,National Capital region,Metropolitan Manila,Metro Manila,Retail,PHP,KG
2026-06-15,2026,6,Banana (Lakatan),Bananas (lakatan),99.09,National Capital region,Metropolitan Manila,Metro Manila,Retail,PHP,KG
2008-01-15,2008,1,Cabbage,Cabbage,34.17,National Capital region,Metropolitan Manila,Metro Manila,Retail,PHP,KG
2008-02-15,2008,2,Cabbage,Cabbage,30.04,National Capital region,Metropolitan Manila,Metro Manila,Retail,PHP,KG
2008-03-15,2008,3,Cabbage,Cabbage,26.98,National Capital region,Metropolitan Manila,Metro Manila,Retail,PHP,KG
2008-04-15,2008,4,Cabbage,Cabbage,27.41,National Capital region,Metropolitan Manila,Metro Manila,Retail,PHP,KG
2008-05-15,2008,5,Cabbage,Cabbage,33.57,National Capital region,Metropolitan Manila,Metro Manila,Retail,PHP,KG
2008-06-15,2008,6,Cabbage,Cabbage,48.7,National Capital region,Metropolitan Manila,Metro Manila,Retail,PHP,KG
2008-07-15,2008,7,Cabbage,Cabbage,36.41,National Capital region,Metropolitan Manila,Metro Manila,Retail,PHP,KG
2008-08-15,2008,8,Cabbage,Cabbage,43.47,National Capital region,Metropolitan Manila,Metro Manila,Retail,PHP,KG
2008-09-15,2008,9,Cabbage,Cabbage,46.84,National Capital region,Metropolitan Manila,Metro Manila,Retail,PHP,KG
2008-10-15,2008,10,Cabbage,Cabbage,38.15,National Capital region,Metropolitan Manila,Metro Manila,Retail,PHP,KG
2008-11-15,2008,11,Cabbage,Cabbage,36.12,National Capital region,Metropolitan Manila,Metro Manila,Retail,PHP,KG
2008-12-15,2008,12,Cabbage,Cabbage,38.92,National Capital region,Metropolitan Manila,Metro Manila,Retail,PHP,KG
2009-01-15,2009,1,Cabbage,Cabbage,33.31,National Capital region,Metropolitan Manila,Metro Manila,Retail,PHP,KG
2009-02-15,2009,2,Cabbage,Cabbage,31.52,National Capital region,Metropolitan Manila,Metro Manila,Retail,PHP,KG
2009-03-15,2009,3,Cabbage,Cabbage,35.62,National Capital region,Metropolitan Manila,Metro Manila,Retail,PHP,KG
2009-04-15,2009,4,Cabbage,Cabbage,37.43,National Capital region,Metropolitan Manila,Metro Manila,Retail,PHP,KG
2009-05-15,2009,5,Cabbage,Cabbage,41.02,National Capital region,Metropolitan Manila,Metro Manila,Retail,PHP,KG
2009-06-15,2009,6,Cabbage,Cabbage,41.16,National Capital region,Metropolitan Manila,Metro Manila,Retail,PHP,KG
2009-07-15,2009,7,Cabbage,Cabbage,41.54,National Capital region,Metropolitan Manila,Metro Manila,Retail,PHP,KG
2009-08-15,2009,8,Cabbage,Cabbage,44.24,National Capital region,Metropolitan Manila,Metro Manila,Retail,PHP,KG
2009-09-15,2009,9,Cabbage,Cabbage,43.55,National Capital region,Metropolitan Manila,Metro Manila,Retail,PHP,KG
2009-10-15,2009,10,Cabbage,Cabbage,73.83,National Capital region,Metropolitan Manila,Metro Manila,Retail,PHP,KG
2009-11-15,2009,11,Cabbage,Cabbage,85.19,National Capital region,Metropolitan Manila,Metro Manila,Retail,PHP,KG
2009-12-15,2009,12,Cabbage,Cabbage,67.94,National Capital region,Metropolitan Manila,Metro Manila,Retail,PHP,KG
2010-01-15,2010,1,Cabbage,Cabbage,35.75,National Capital region,Metropolitan Manila,Metro Manila,Retail,PHP,KG
2010-02-15,2010,2,Cabbage,Cabbage,26.57,National Capital region,Metropolitan Manila,Metro Manila,Retail,PHP,KG
2010-03-15,2010,3,Cabbage,Cabbage,25.16,National Capital region,Metropolitan Manila,Metro Manila,Retail,PHP,KG
2010-04-15,2010,4,Cabbage,Cabbage,27.28,National Capital region,Metropolitan Manila,Metro Manila,Retail,PHP,KG
2010-05-15,2010,5,Cabbage,Cabbage,30.4,National Capital region,Metropolitan Manila,Metro Manila,Retail,PHP,KG
2010-06-15,2010,6,Cabbage,Cabbage,42.35,National Capital region,Metropolitan Manila,Metro Manila,Retail,PHP,KG
2010-07-15,2010,7,Cabbage,Cabbage,30.83,National Capital region,Metropolitan Manila,Metro Manila,Retail,PHP,KG
2010-08-15,2010,8,Cabbage,Cabbage,28.47,National Capital region,Metropolitan Manila,Metro Manila,Retail,PHP,KG
2010-09-15,2010,9,Cabbage,Cabbage,36.79,National Capital region,Metropolitan Manila,Metro Manila,Retail,PHP,KG
2010-10-15,2010,10,Cabbage,Cabbage,32.79,National Capital region,Metropolitan Manila,Metro Manila,Retail,PHP,KG
2010-11-15,2010,11,Cabbage,Cabbage,29.06,National Capital region,Metropolitan Manila,Metro Manila,Retail,PHP,KG
2010-12-15,2010,12,Cabbage,Cabbage,35.23,National Capital region,Metropolitan Manila,Metro Manila,Retail,PHP,KG
2012-01-15,2012,1,Cabbage,Cabbage,33.88,National Capital region,Metropolitan Manila,Metro Manila,Retail,PHP,KG
2012-02-15,2012,2,Cabbage,Cabbage,29.04,National Capital region,Metropolitan Manila,Metro Manila,Retail,PHP,KG
2012-03-15,2012,3,Cabbage,Cabbage,33.34,National Capital region,Metropolitan Manila,Metro Manila,Retail,PHP,KG
2012-04-15,2012,4,Cabbage,Cabbage,34.1,National Capital region,Metropolitan Manila,Metro Manila,Retail,PHP,KG
2012-05-15,2012,5,Cabbage,Cabbage,36.54,National Capital region,Metropolitan Manila,Metro Manila,Retail,PHP,KG
2012-06-15,2012,6,Cabbage,Cabbage,40.93,National Capital region,Metropolitan Manila,Metro Manila,Retail,PHP,KG
2012-07-15,2012,7,Cabbage,Cabbage,42.11,National Capital region,Metropolitan Manila,Metro Manila,Retail,PHP,KG
2012-08-15,2012,8,Cabbage,Cabbage,75.59,National Capital region,Metropolitan Manila,Metro Manila,Retail,PHP,KG
2012-09-15,2012,9,Cabbage,Cabbage,78.51,National Capital region,Metropolitan Manila,Metro Manila,Retail,PHP,KG
2012-10-15,2012,10,Cabbage,Cabbage,63.69,National Capital region,Metropolitan Manila,Metro Manila,Retail,PHP,KG
2012-11-15,2012,11,Cabbage,Cabbage,43.83,National Capital region,Metropolitan Manila,Metro Manila,Retail,PHP,KG
2013-01-15,2013,1,Cabbage,Cabbage,34.27,National Capital region,Metropolitan Manila,Metro Manila,Retail,PHP,KG
2013-02-15,2013,2,Cabbage,Cabbage,38.79,National Capital region,Metropolitan Manila,Metro Manila,Retail,PHP,KG
2013-03-15,2013,3,Cabbage,Cabbage,42.85,National Capital region,Metropolitan Manila,Metro Manila,Retail,PHP,KG
2013-04-15,2013,4,Cabbage,Cabbage,57.5,National Capital region,Metropolitan Manila,Metro Manila,Retail,PHP,KG
2014-07-15,2014,7,Cabbage,Cabbage,56.86,National Capital region,Metropolitan Manila,Metro Manila,Retail,PHP,KG
2017-05-15,2017,5,Cabbage,Cabbage,45.91,National Capital region,Metropolitan Manila,Metro Manila,Retail,PHP,KG
2017-06-15,2017,6,Cabbage,Cabbage,52.8,National Capital region,Metropolitan Manila,Metro Manila,Retail,PHP,KG
2017-07-15,2017,7,Cabbage,Cabbage,60.29,National Capital region,Metropolitan Manila,Metro Manila,Retail,PHP,KG
2017-08-15,2017,8,Cabbage,Cabbage,66.81,National Capital region,Metropolitan Manila,Metro Manila,Retail,PHP,KG
2017-09-15,2017,9,Cabbage,Cabbage,93.86,National Capital region,Metropolitan Manila,Metro Manila,Retail,PHP,KG
2017-10-15,2017,10,Cabbage,Cabbage,66.94,National Capital region,Metropolitan Manila,Metro Manila,Retail,PHP,KG
2017-11-15,2017,11,Cabbage,Cabbage,57.31,National Capital region,Metropolitan Manila,Metro Manila,Retail,PHP,KG
2017-12-15,2017,12,Cabbage,Cabbage,51.59,National Capital region,Metropolitan Manila,Metro Manila,Retail,PHP,KG
2018-01-15,2018,1,Cabbage,Cabbage,53.08,National Capital region,Metropolitan Manila,Metro Manila,Retail,PHP,KG
2018-02-15,2018,2,Cabbage,Cabbage,55.9,National Capital region,Metropolitan Manila,Metro Manila,Retail,PHP,KG
2018-03-15,2018,3,Cabbage,Cabbage,61.26,National Capital region,Metropolitan Manila,Metro Manila,Retail,PHP,KG
2018-04-15,2018,4,Cabbage,Cabbage,60.68,National Capital region,Metropolitan Manila,Metro Manila,Retail,PHP,KG
2018-05-15,2018,5,Cabbage,Cabbage,71.39,National Capital region,Metropolitan Manila,Metro Manila,Retail,PHP,KG
2018-06-15,2018,6,Cabbage,Cabbage,79.83,National Capital region,Metropolitan Manila,Metro Manila,Retail,PHP,KG
2018-07-15,2018,7,Cabbage,Cabbage,80.15,National Capital region,Metropolitan Manila,Metro Manila,Retail,PHP,KG
2018-08-15,2018,8,Cabbage,Cabbage,100.33,National Capital region,Metropolitan Manila,Metro Manila,Retail,PHP,KG
2018-09-15,2018,9,Cabbage,Cabbage,169.49,National Capital region,Metropolitan Manila,Metro Manila,Retail,PHP,KG
2018-10-15,2018,10,Cabbage,Cabbage,100.15,National Capital region,Metropolitan Manila,Metro Manila,Retail,PHP,KG
2018-11-15,2018,11,Cabbage,Cabbage,98.89,National Capital region,Metropolitan Manila,Metro Manila,Retail,PHP,KG
2018-12-15,2018,12,Cabbage,Cabbage,65.01,National Capital region,Metropolitan Manila,Metro Manila,Retail,PHP,KG
2019-01-15,2019,1,Cabbage,Cabbage,61.82,National Capital region,Metropolitan Manila,Metro Manila,Retail,PHP,KG
2019-02-15,2019,2,Cabbage,Cabbage,57.79,National Capital region,Metropolitan Manila,Metro Manila,Retail,PHP,KG
2019-03-15,2019,3,Cabbage,Cabbage,57.47,National Capital region,Metropolitan Manila,Metro Manila,Retail,PHP,KG
2020-05-15,2020,5,Cabbage,Cabbage,95.42,National Capital region,Metropolitan Manila,Metro Manila,Retail,PHP,KG
2020-06-15,2020,6,Cabbage,Cabbage,83.38,National Capital region,Metropolitan Manila,Metro Manila,Retail,PHP,KG
2020-07-15,2020,7,Cabbage,Cabbage,60.91,National Capital region,Metropolitan Manila,Metro Manila,Retail,PHP,KG
2020-08-15,2020,8,Cabbage,Cabbage,53.23,National Capital region,Metropolitan Manila,Metro Manila,Retail,PHP,KG
2020-09-15,2020,9,Cabbage,Cabbage,49.26,National Capital region,Metropolitan Manila,Metro Manila,Retail,PHP,KG
2020-10-15,2020,10,Cabbage,Cabbage,49.68,National Capital region,Metropolitan Manila,Metro Manila,Retail,PHP,KG
2020-11-15,2020,11,Cabbage,Cabbage,90.4,National Capital region,Metropolitan Manila,Metro Manila,Retail,PHP,KG
2020-12-15,2020,12,Cabbage,Cabbage,141.51,National Capital region,Metropolitan Manila,Metro Manila,Retail,PHP,KG
2021-01-15,2021,1,Cabbage,Cabbage,176.61,National Capital region,Metropolitan Manila,Metro Manila,Retail,PHP,KG
2021-02-15,2021,2,Cabbage,Cabbage,127.9,National Capital region,Metropolitan Manila,Metro Manila,Retail,PHP,KG
2021-03-15,2021,3,Cabbage,Cabbage,70.02,National Capital region,Metropolitan Manila,Metro Manila,Retail,PHP,KG
2021-04-15,2021,4,Cabbage,Cabbage,60.89,National Capital region,Metropolitan Manila,Metro Manila,Retail,PHP,KG
2021-05-15,2021,5,Cabbage,Cabbage,55.92,National Capital region,Metropolitan Manila,Metro Manila,Retail,PHP,KG
2021-06-15,2021,6,Cabbage,Cabbage,65.07,National Capital region,Metropolitan Manila,Metro Manila,Retail,PHP,KG
2021-07-15,2021,7,Cabbage,Cabbage,85.08,National Capital region,Metropolitan Manila,Metro Manila,Retail,PHP,KG
2021-08-15,2021,8,Cabbage,Cabbage,117.47,National Capital region,Metropolitan Manila,Metro Manila,Retail,PHP,KG
2021-09-15,2021,9,Cabbage,Cabbage,95.83,National Capital region,Metropolitan Manila,Metro Manila,Retail,PHP,KG
2021-10-15,2021,10,Cabbage,Cabbage,77.36,National Capital region,Metropolitan Manila,Metro Manila,Retail,PHP,KG
2021-11-15,2021,11,Cabbage,Cabbage,76.7,National Capital region,Metropolitan Manila,Metro Manila,Retail,PHP,KG
2021-12-15,2021,12,Cabbage,Cabbage,56.86,National Capital region,Metropolitan Manila,Metro Manila,Retail,PHP,KG
2022-01-15,2022,1,Cabbage,Cabbage,71.21,National Capital region,Metropolitan Manila,Metro Manila,Retail,PHP,KG
2022-02-15,2022,2,Cabbage,Cabbage,53.81,National Capital region,Metropolitan Manila,Metro Manila,Retail,PHP,KG
2022-03-15,2022,3,Cabbage,Cabbage,55.2,National Capital region,Metropolitan Manila,Metro Manila,Retail,PHP,KG
2022-04-15,2022,4,Cabbage,Cabbage,66.51,National Capital region,Metropolitan Manila,Metro Manila,Retail,PHP,KG
2022-05-15,2022,5,Cabbage,Cabbage,76.05,National Capital region,Metropolitan Manila,Metro Manila,Retail,PHP,KG
2022-06-15,2022,6,Cabbage,Cabbage,68.53,National Capital region,Metropolitan Manila,Metro Manila,Retail,PHP,KG
2022-07-15,2022,7,Cabbage,Cabbage,64.77,National Capital region,Metropolitan Manila,Metro Manila,Retail,PHP,KG
2022-08-15,2022,8,Cabbage,Cabbage,64.24,National Capital region,Metropolitan Manila,Metro Manila,Retail,PHP,KG
2022-09-15,2022,9,Cabbage,Cabbage,76.12,National Capital region,Metropolitan Manila,Metro Manila,Retail,PHP,KG
2022-10-15,2022,10,Cabbage,Cabbage,87.78,National Capital region,Metropolitan Manila,Metro Manila,Retail,PHP,KG
2022-11-15,2022,11,Cabbage,Cabbage,110.25,National Capital region,Metropolitan Manila,Metro Manila,Retail,PHP,KG
2022-12-15,2022,12,Cabbage,Cabbage,129.94,National Capital region,Metropolitan Manila,Metro Manila,Retail,PHP,KG
2023-01-15,2023,1,Cabbage,Cabbage,97.52,National Capital region,Metropolitan Manila,Metro Manila,Retail,PHP,KG
2023-02-15,2023,2,Cabbage,Cabbage,82.91,National Capital region,Metropolitan Manila,Metro Manila,Retail,PHP,KG
2023-03-15,2023,3,Cabbage,Cabbage,72.56,National Capital region,Metropolitan Manila,Metro Manila,Retail,PHP,KG
2023-04-15,2023,4,Cabbage,Cabbage,71.45,National Capital region,Metropolitan Manila,Metro Manila,Retail,PHP,KG
2023-05-15,2023,5,Cabbage,Cabbage,71.79,National Capital region,Metropolitan Manila,Metro Manila,Retail,PHP,KG
2023-06-15,2023,6,Cabbage,Cabbage,84.5,National Capital region,Metropolitan Manila,Metro Manila,Retail,PHP,KG
2023-07-15,2023,7,Cabbage,Cabbage,129.95,National Capital region,Metropolitan Manila,Metro Manila,Retail,PHP,KG
2023-08-15,2023,8,Cabbage,Cabbage,141.89,National Capital region,Metropolitan Manila,Metro Manila,Retail,PHP,KG
2023-09-15,2023,9,Cabbage,Cabbage,141.91,National Capital region,Metropolitan Manila,Metro Manila,Retail,PHP,KG
2023-10-15,2023,10,Cabbage,Cabbage,161.5,National Capital region,Metropolitan Manila,Metro Manila,Retail,PHP,KG
2023-11-15,2023,11,Cabbage,Cabbage,110.51,National Capital region,Metropolitan Manila,Metro Manila,Retail,PHP,KG
2023-12-15,2023,12,Cabbage,Cabbage,72.56,National Capital region,Metropolitan Manila,Metro Manila,Retail,PHP,KG
2024-01-15,2024,1,Cabbage,Cabbage,62.65,National Capital region,Metropolitan Manila,Metro Manila,Retail,PHP,KG
2024-02-15,2024,2,Cabbage,Cabbage,64.4,National Capital region,Metropolitan Manila,Metro Manila,Retail,PHP,KG
2024-03-15,2024,3,Cabbage,Cabbage,66.27,National Capital region,Metropolitan Manila,Metro Manila,Retail,PHP,KG
2024-04-15,2024,4,Cabbage,Cabbage,67.87,National Capital region,Metropolitan Manila,Metro Manila,Retail,PHP,KG
2024-05-15,2024,5,Cabbage,Cabbage,69.2,National Capital region,Metropolitan Manila,Metro Manila,Retail,PHP,KG
2024-06-15,2024,6,Cabbage,Cabbage,76.15,National Capital region,Metropolitan Manila,Metro Manila,Retail,PHP,KG
2024-07-15,2024,7,Cabbage,Cabbage,74.72,National Capital region,Metropolitan Manila,Metro Manila,Retail,PHP,KG
2024-08-15,2024,8,Cabbage,Cabbage,65.54,National Capital region,Metropolitan Manila,Metro Manila,Retail,PHP,KG
2024-09-15,2024,9,Cabbage,Cabbage,69.26,National Capital region,Metropolitan Manila,Metro Manila,Retail,PHP,KG
2024-10-15,2024,10,Cabbage,Cabbage,96.32,National Capital region,Metropolitan Manila,Metro Manila,Retail,PHP,KG
2024-11-15,2024,11,Cabbage,Cabbage,122.12,National Capital region,Metropolitan Manila,Metro Manila,Retail,PHP,KG
2024-12-15,2024,12,Cabbage,Cabbage,117.87,National Capital region,Metropolitan Manila,Metro Manila,Retail,PHP,KG
2025-01-15,2025,1,Cabbage,Cabbage,88.92,National Capital region,Metropolitan Manila,Metro Manila,Retail,PHP,KG
2025-02-15,2025,2,Cabbage,Cabbage,83.53,National Capital region,Metropolitan Manila,Metro Manila,Retail,PHP,KG
2025-03-15,2025,3,Cabbage,Cabbage,75.79,National Capital region,Metropolitan Manila,Metro Manila,Retail,PHP,KG
2025-04-15,2025,4,Cabbage,Cabbage,97.98,National Capital region,Metropolitan Manila,Metro Manila,Retail,PHP,KG
2025-05-15,2025,5,Cabbage,Cabbage,106.38,National Capital region,Metropolitan Manila,Metro Manila,Retail,PHP,KG
2025-06-15,2025,6,Cabbage,Cabbage,90.87,National Capital region,Metropolitan Manila,Metro Manila,Retail,PHP,KG
2025-07-15,2025,7,Cabbage,Cabbage,87.27,National Capital region,Metropolitan Manila,Metro Manila,Retail,PHP,KG
2025-08-15,2025,8,Cabbage,Cabbage,157.79,National Capital region,Metropolitan Manila,Metro Manila,Retail,PHP,KG
2025-09-15,2025,9,Cabbage,Cabbage,102.93,National Capital region,Metropolitan Manila,Metro Manila,Retail,PHP,KG
2025-10-15,2025,10,Cabbage,Cabbage,100.81,National Capital region,Metropolitan Manila,Metro Manila,Retail,PHP,KG
2025-11-15,2025,11,Cabbage,Cabbage,92.38,National Capital region,Metropolitan Manila,Metro Manila,Retail,PHP,KG
2025-12-15,2025,12,Cabbage,Cabbage,94.33,National Capital region,Metropolitan Manila,Metro Manila,Retail,PHP,KG
2026-01-15,2026,1,Cabbage,Cabbage,94.85,National Capital region,Metropolitan Manila,Metro Manila,Retail,PHP,KG
2026-02-15,2026,2,Cabbage,Cabbage,85.89,National Capital region,Metropolitan Manila,Metro Manila,Retail,PHP,KG
2026-03-15,2026,3,Cabbage,Cabbage,73.93,National Capital region,Metropolitan Manila,Metro Manila,Retail,PHP,KG
2026-04-15,2026,4,Cabbage,Cabbage,67.88,National Capital region,Metropolitan Manila,Metro Manila,Retail,PHP,KG
2026-05-15,2026,5,Cabbage,Cabbage,64.31,National Capital region,Metropolitan Manila,Metro Manila,Retail,PHP,KG
2026-06-15,2026,6,Cabbage,Cabbage,79.1,National Capital region,Metropolitan Manila,Metro Manila,Retail,PHP,KG
2020-05-15,2020,5,Calamansi,Calamansi,66.86,National Capital region,Metropolitan Manila,Metro Manila,Retail,PHP,KG
2020-06-15,2020,6,Calamansi,Calamansi,62.46,National Capital region,Metropolitan Manila,Metro Manila,Retail,PHP,KG
2020-07-15,2020,7,Calamansi,Calamansi,58.17,National Capital region,Metropolitan Manila,Metro Manila,Retail,PHP,KG
2020-08-15,2020,8,Calamansi,Calamansi,55.58,National Capital region,Metropolitan Manila,Metro Manila,Retail,PHP,KG
2020-09-15,2020,9,Calamansi,Calamansi,47.04,National Capital region,Metropolitan Manila,Metro Manila,Retail,PHP,KG
2020-10-15,2020,10,Calamansi,Calamansi,47.14,National Capital region,Metropolitan Manila,Metro Manila,Retail,PHP,KG
2020-11-15,2020,11,Calamansi,Calamansi,56.95,National Capital region,Metropolitan Manila,Metro Manila,Retail,PHP,KG
2020-12-15,2020,12,Calamansi,Calamansi,60.3,National Capital region,Metropolitan Manila,Metro Manila,Retail,PHP,KG
2021-01-15,2021,1,Calamansi,Calamansi,74.17,National Capital region,Metropolitan Manila,Metro Manila,Retail,PHP,KG
2021-02-15,2021,2,Calamansi,Calamansi,99.45,National Capital region,Metropolitan Manila,Metro Manila,Retail,PHP,KG
2021-03-15,2021,3,Calamansi,Calamansi,89.04,National Capital region,Metropolitan Manila,Metro Manila,Retail,PHP,KG
2021-04-15,2021,4,Calamansi,Calamansi,90.69,National Capital region,Metropolitan Manila,Metro Manila,Retail,PHP,KG
2021-05-15,2021,5,Calamansi,Calamansi,101.17,National Capital region,Metropolitan Manila,Metro Manila,Retail,PHP,KG
2021-06-15,2021,6,Calamansi,Calamansi,76.18,National Capital region,Metropolitan Manila,Metro Manila,Retail,PHP,KG
2021-07-15,2021,7,Calamansi,Calamansi,66.36,National Capital region,Metropolitan Manila,Metro Manila,Retail,PHP,KG
2021-08-15,2021,8,Calamansi,Calamansi,66.87,National Capital region,Metropolitan Manila,Metro Manila,Retail,PHP,KG
2021-09-15,2021,9,Calamansi,Calamansi,63.3,National Capital region,Metropolitan Manila,Metro Manila,Retail,PHP,KG
2021-10-15,2021,10,Calamansi,Calamansi,61.6,National Capital region,Metropolitan Manila,Metro Manila,Retail,PHP,KG
2021-11-15,2021,11,Calamansi,Calamansi,90.23,National Capital region,Metropolitan Manila,Metro Manila,Retail,PHP,KG
2021-12-15,2021,12,Calamansi,Calamansi,85.14,National Capital region,Metropolitan Manila,Metro Manila,Retail,PHP,KG
2022-01-15,2022,1,Calamansi,Calamansi,79.44,National Capital region,Metropolitan Manila,Metro Manila,Retail,PHP,KG
2022-02-15,2022,2,Calamansi,Calamansi,86.67,National Capital region,Metropolitan Manila,Metro Manila,Retail,PHP,KG
2022-03-15,2022,3,Calamansi,Calamansi,98.37,National Capital region,Metropolitan Manila,Metro Manila,Retail,PHP,KG
2022-04-15,2022,4,Calamansi,Calamansi,99.35,National Capital region,Metropolitan Manila,Metro Manila,Retail,PHP,KG
2022-05-15,2022,5,Calamansi,Calamansi,88.51,National Capital region,Metropolitan Manila,Metro Manila,Retail,PHP,KG
2022-06-15,2022,6,Calamansi,Calamansi,76.03,National Capital region,Metropolitan Manila,Metro Manila,Retail,PHP,KG
2022-07-15,2022,7,Calamansi,Calamansi,76.51,National Capital region,Metropolitan Manila,Metro Manila,Retail,PHP,KG
2022-08-15,2022,8,Calamansi,Calamansi,75.75,National Capital region,Metropolitan Manila,Metro Manila,Retail,PHP,KG
2022-09-15,2022,9,Calamansi,Calamansi,71.65,National Capital region,Metropolitan Manila,Metro Manila,Retail,PHP,KG
2022-10-15,2022,10,Calamansi,Calamansi,82.39,National Capital region,Metropolitan Manila,Metro Manila,Retail,PHP,KG
2022-11-15,2022,11,Calamansi,Calamansi,100.99,National Capital region,Metropolitan Manila,Metro Manila,Retail,PHP,KG
2022-12-15,2022,12,Calamansi,Calamansi,109.82,National Capital region,Metropolitan Manila,Metro Manila,Retail,PHP,KG
2023-01-15,2023,1,Calamansi,Calamansi,100.79,National Capital region,Metropolitan Manila,Metro Manila,Retail,PHP,KG
2023-02-15,2023,2,Calamansi,Calamansi,77.46,National Capital region,Metropolitan Manila,Metro Manila,Retail,PHP,KG
2023-03-15,2023,3,Calamansi,Calamansi,103.92,National Capital region,Metropolitan Manila,Metro Manila,Retail,PHP,KG
2023-04-15,2023,4,Calamansi,Calamansi,118.77,National Capital region,Metropolitan Manila,Metro Manila,Retail,PHP,KG
2023-05-15,2023,5,Calamansi,Calamansi,102.96,National Capital region,Metropolitan Manila,Metro Manila,Retail,PHP,KG
2023-06-15,2023,6,Calamansi,Calamansi,84.72,National Capital region,Metropolitan Manila,Metro Manila,Retail,PHP,KG
2023-07-15,2023,7,Calamansi,Calamansi,77.01,National Capital region,Metropolitan Manila,Metro Manila,Retail,PHP,KG
2023-08-15,2023,8,Calamansi,Calamansi,75.46,National Capital region,Metropolitan Manila,Metro Manila,Retail,PHP,KG
2023-09-15,2023,9,Calamansi,Calamansi,69.31,National Capital region,Metropolitan Manila,Metro Manila,Retail,PHP,KG
2023-10-15,2023,10,Calamansi,Calamansi,77.33,National Capital region,Metropolitan Manila,Metro Manila,Retail,PHP,KG
2023-11-15,2023,11,Calamansi,Calamansi,94.46,National Capital region,Metropolitan Manila,Metro Manila,Retail,PHP,KG
2023-12-15,2023,12,Calamansi,Calamansi,84.24,National Capital region,Metropolitan Manila,Metro Manila,Retail,PHP,KG
2024-01-15,2024,1,Calamansi,Calamansi,84.02,National Capital region,Metropolitan Manila,Metro Manila,Retail,PHP,KG
2024-02-15,2024,2,Calamansi,Calamansi,102.58,National Capital region,Metropolitan Manila,Metro Manila,Retail,PHP,KG
2024-03-15,2024,3,Calamansi,Calamansi,86.55,National Capital region,Metropolitan Manila,Metro Manila,Retail,PHP,KG
2024-04-15,2024,4,Calamansi,Calamansi,79.11,National Capital region,Metropolitan Manila,Metro Manila,Retail,PHP,KG
2024-05-15,2024,5,Calamansi,Calamansi,111.96,National Capital region,Metropolitan Manila,Metro Manila,Retail,PHP,KG
2024-06-15,2024,6,Calamansi,Calamansi,114.89,National Capital region,Metropolitan Manila,Metro Manila,Retail,PHP,KG
2024-07-15,2024,7,Calamansi,Calamansi,132.56,National Capital region,Metropolitan Manila,Metro Manila,Retail,PHP,KG
2024-08-15,2024,8,Calamansi,Calamansi,113.17,National Capital region,Metropolitan Manila,Metro Manila,Retail,PHP,KG
2024-09-15,2024,9,Calamansi,Calamansi,85.41,National Capital region,Metropolitan Manila,Metro Manila,Retail,PHP,KG
2024-10-15,2024,10,Calamansi,Calamansi,77.85,National Capital region,Metropolitan Manila,Metro Manila,Retail,PHP,KG
2024-11-15,2024,11,Calamansi,Calamansi,86.24,National Capital region,Metropolitan Manila,Metro Manila,Retail,PHP,KG
2024-12-15,2024,12,Calamansi,Calamansi,78.78,National Capital region,Metropolitan Manila,Metro Manila,Retail,PHP,KG
2025-01-15,2025,1,Calamansi,Calamansi,82.5,National Capital region,Metropolitan Manila,Metro Manila,Retail,PHP,KG
2025-02-15,2025,2,Calamansi,Calamansi,122.71,National Capital region,Metropolitan Manila,Metro Manila,Retail,PHP,KG
2025-03-15,2025,3,Calamansi,Calamansi,119.39,National Capital region,Metropolitan Manila,Metro Manila,Retail,PHP,KG
2025-04-15,2025,4,Calamansi,Calamansi,122.74,National Capital region,Metropolitan Manila,Metro Manila,Retail,PHP,KG
2025-05-15,2025,5,Calamansi,Calamansi,114.4,National Capital region,Metropolitan Manila,Metro Manila,Retail,PHP,KG
2025-06-15,2025,6,Calamansi,Calamansi,104.03,National Capital region,Metropolitan Manila,Metro Manila,Retail,PHP,KG
2025-07-15,2025,7,Calamansi,Calamansi,97.9,National Capital region,Metropolitan Manila,Metro Manila,Retail,PHP,KG
2025-08-15,2025,8,Calamansi,Calamansi,91.39,National Capital region,Metropolitan Manila,Metro Manila,Retail,PHP,KG
2025-09-15,2025,9,Calamansi,Calamansi,78.21,National Capital region,Metropolitan Manila,Metro Manila,Retail,PHP,KG
2025-10-15,2025,10,Calamansi,Calamansi,91.78,National Capital region,Metropolitan Manila,Metro Manila,Retail,PHP,KG
2025-11-15,2025,11,Calamansi,Calamansi,133.01,National Capital region,Metropolitan Manila,Metro Manila,Retail,PHP,KG
2025-12-15,2025,12,Calamansi,Calamansi,117.27,National Capital region,Metropolitan Manila,Metro Manila,Retail,PHP,KG
2026-01-15,2026,1,Calamansi,Calamansi,160.63,National Capital region,Metropolitan Manila,Metro Manila,Retail,PHP,KG
2026-02-15,2026,2,Calamansi,Calamansi,131.84,National Capital region,Metropolitan Manila,Metro Manila,Retail,PHP,KG
2026-03-15,2026,3,Calamansi,Calamansi,129.06,National Capital region,Metropolitan Manila,Metro Manila,Retail,PHP,KG
2026-04-15,2026,4,Calamansi,Calamansi,140.27,National Capital region,Metropolitan Manila,Metro Manila,Retail,PHP,KG
2026-05-15,2026,5,Calamansi,Calamansi,136.26,National Capital region,Metropolitan Manila,Metro Manila,Retail,PHP,KG
2026-06-15,2026,6,Calamansi,Calamansi,125.31,National Capital region,Metropolitan Manila,Metro Manila,Retail,PHP,KG
2008-01-15,2008,1,Carrots,Carrots,52.72,National Capital region,Metropolitan Manila,Metro Manila,Retail,PHP,KG
2008-02-15,2008,2,Carrots,Carrots,40.8,National Capital region,Metropolitan Manila,Metro Manila,Retail,PHP,KG
2008-03-15,2008,3,Carrots,Carrots,35.18,National Capital region,Metropolitan Manila,Metro Manila,Retail,PHP,KG
2008-04-15,2008,4,Carrots,Carrots,35.1,National Capital region,Metropolitan Manila,Metro Manila,Retail,PHP,KG
2008-05-15,2008,5,Carrots,Carrots,37.62,National Capital region,Metropolitan Manila,Metro Manila,Retail,PHP,KG
2008-06-15,2008,6,Carrots,Carrots,42.28,National Capital region,Metropolitan Manila,Metro Manila,Retail,PHP,KG
2008-07-15,2008,7,Carrots,Carrots,47.3,National Capital region,Metropolitan Manila,Metro Manila,Retail,PHP,KG
2008-08-15,2008,8,Carrots,Carrots,53.64,National Capital region,Metropolitan Manila,Metro Manila,Retail,PHP,KG
2008-09-15,2008,9,Carrots,Carrots,61.12,National Capital region,Metropolitan Manila,Metro Manila,Retail,PHP,KG
2008-10-15,2008,10,Carrots,Carrots,57.26,National Capital region,Metropolitan Manila,Metro Manila,Retail,PHP,KG
2008-11-15,2008,11,Carrots,Carrots,51.72,National Capital region,Metropolitan Manila,Metro Manila,Retail,PHP,KG
2008-12-15,2008,12,Carrots,Carrots,46.51,National Capital region,Metropolitan Manila,Metro Manila,Retail,PHP,KG
2009-01-15,2009,1,Carrots,Carrots,33.79,National Capital region,Metropolitan Manila,Metro Manila,Retail,PHP,KG
2009-02-15,2009,2,Carrots,Carrots,32.8,National Capital region,Metropolitan Manila,Metro Manila,Retail,PHP,KG
2009-03-15,2009,3,Carrots,Carrots,41.7,National Capital region,Metropolitan Manila,Metro Manila,Retail,PHP,KG
2009-04-15,2009,4,Carrots,Carrots,53.79,National Capital region,Metropolitan Manila,Metro Manila,Retail,PHP,KG
2009-05-15,2009,5,Carrots,Carrots,63.51,National Capital region,Metropolitan Manila,Metro Manila,Retail,PHP,KG
2009-06-15,2009,6,Carrots,Carrots,71.08,National Capital region,Metropolitan Manila,Metro Manila,Retail,PHP,KG
2009-07-15,2009,7,Carrots,Carrots,52.8,National Capital region,Metropolitan Manila,Metro Manila,Retail,PHP,KG
2009-08-15,2009,8,Carrots,Carrots,57.81,National Capital region,Metropolitan Manila,Metro Manila,Retail,PHP,KG
2009-09-15,2009,9,Carrots,Carrots,72.11,National Capital region,Metropolitan Manila,Metro Manila,Retail,PHP,KG
2009-10-15,2009,10,Carrots,Carrots,92.17,National Capital region,Metropolitan Manila,Metro Manila,Retail,PHP,KG
2009-11-15,2009,11,Carrots,Carrots,77.1,National Capital region,Metropolitan Manila,Metro Manila,Retail,PHP,KG
2009-12-15,2009,12,Carrots,Carrots,59.75,National Capital region,Metropolitan Manila,Metro Manila,Retail,PHP,KG
2010-01-15,2010,1,Carrots,Carrots,38.01,National Capital region,Metropolitan Manila,Metro Manila,Retail,PHP,KG
2010-02-15,2010,2,Carrots,Carrots,30.57,National Capital region,Metropolitan Manila,Metro Manila,Retail,PHP,KG
2010-03-15,2010,3,Carrots,Carrots,29.61,National Capital region,Metropolitan Manila,Metro Manila,Retail,PHP,KG
2010-04-15,2010,4,Carrots,Carrots,29.0,National Capital region,Metropolitan Manila,Metro Manila,Retail,PHP,KG
2010-05-15,2010,5,Carrots,Carrots,31.71,National Capital region,Metropolitan Manila,Metro Manila,Retail,PHP,KG
2010-06-15,2010,6,Carrots,Carrots,44.31,National Capital region,Metropolitan Manila,Metro Manila,Retail,PHP,KG
2010-07-15,2010,7,Carrots,Carrots,66.5,National Capital region,Metropolitan Manila,Metro Manila,Retail,PHP,KG
2010-08-15,2010,8,Carrots,Carrots,52.14,National Capital region,Metropolitan Manila,Metro Manila,Retail,PHP,KG
2010-09-15,2010,9,Carrots,Carrots,44.94,National Capital region,Metropolitan Manila,Metro Manila,Retail,PHP,KG
2010-10-15,2010,10,Carrots,Carrots,45.74,National Capital region,Metropolitan Manila,Metro Manila,Retail,PHP,KG
2010-11-15,2010,11,Carrots,Carrots,40.43,National Capital region,Metropolitan Manila,Metro Manila,Retail,PHP,KG
2010-12-15,2010,12,Carrots,Carrots,45.56,National Capital region,Metropolitan Manila,Metro Manila,Retail,PHP,KG
2012-01-15,2012,1,Carrots,Carrots,76.78,National Capital region,Metropolitan Manila,Metro Manila,Retail,PHP,KG
2012-02-15,2012,2,Carrots,Carrots,61.42,National Capital region,Metropolitan Manila,Metro Manila,Retail,PHP,KG
2012-03-15,2012,3,Carrots,Carrots,48.63,National Capital region,Metropolitan Manila,Metro Manila,Retail,PHP,KG
2012-05-15,2012,5,Carrots,Carrots,45.07,National Capital region,Metropolitan Manila,Metro Manila,Retail,PHP,KG
2012-06-15,2012,6,Carrots,Carrots,52.4,National Capital region,Metropolitan Manila,Metro Manila,Retail,PHP,KG
2012-07-15,2012,7,Carrots,Carrots,66.99,National Capital region,Metropolitan Manila,Metro Manila,Retail,PHP,KG
2012-08-15,2012,8,Carrots,Carrots,80.47,National Capital region,Metropolitan Manila,Metro Manila,Retail,PHP,KG
2012-09-15,2012,9,Carrots,Carrots,75.04,National Capital region,Metropolitan Manila,Metro Manila,Retail,PHP,KG
2012-10-15,2012,10,Carrots,Carrots,59.36,National Capital region,Metropolitan Manila,Metro Manila,Retail,PHP,KG
2012-11-15,2012,11,Carrots,Carrots,47.31,National Capital region,Metropolitan Manila,Metro Manila,Retail,PHP,KG
2013-01-15,2013,1,Carrots,Carrots,33.24,National Capital region,Metropolitan Manila,Metro Manila,Retail,PHP,KG
2013-02-15,2013,2,Carrots,Carrots,28.79,National Capital region,Metropolitan Manila,Metro Manila,Retail,PHP,KG
2013-03-15,2013,3,Carrots,Carrots,30.65,National Capital region,Metropolitan Manila,Metro Manila,Retail,PHP,KG
2013-04-15,2013,4,Carrots,Carrots,35.5,National Capital region,Metropolitan Manila,Metro Manila,Retail,PHP,KG
2014-07-15,2014,7,Carrots,Carrots,84.29,National Capital region,Metropolitan Manila,Metro Manila,Retail,PHP,KG
2017-05-15,2017,5,Carrots,Carrots,58.19,National Capital region,Metropolitan Manila,Metro Manila,Retail,PHP,KG
2017-06-15,2017,6,Carrots,Carrots,52.54,National Capital region,Metropolitan Manila,Metro Manila,Retail,PHP,KG
2017-07-15,2017,7,Carrots,Carrots,54.1,National Capital region,Metropolitan Manila,Metro Manila,Retail,PHP,KG
2017-08-15,2017,8,Carrots,Carrots,70.4,National Capital region,Metropolitan Manila,Metro Manila,Retail,PHP,KG
2017-09-15,2017,9,Carrots,Carrots,120.38,National Capital region,Metropolitan Manila,Metro Manila,Retail,PHP,KG
2017-10-15,2017,10,Carrots,Carrots,117.26,National Capital region,Metropolitan Manila,Metro Manila,Retail,PHP,KG
2017-11-15,2017,11,Carrots,Carrots,92.43,National Capital region,Metropolitan Manila,Metro Manila,Retail,PHP,KG
2017-12-15,2017,12,Carrots,Carrots,72.72,National Capital region,Metropolitan Manila,Metro Manila,Retail,PHP,KG
2018-01-15,2018,1,Carrots,Carrots,65.84,National Capital region,Metropolitan Manila,Metro Manila,Retail,PHP,KG
2018-02-15,2018,2,Carrots,Carrots,62.83,National Capital region,Metropolitan Manila,Metro Manila,Retail,PHP,KG
2018-03-15,2018,3,Carrots,Carrots,65.48,National Capital region,Metropolitan Manila,Metro Manila,Retail,PHP,KG
2018-04-15,2018,4,Carrots,Carrots,60.15,National Capital region,Metropolitan Manila,Metro Manila,Retail,PHP,KG
2018-05-15,2018,5,Carrots,Carrots,58.25,National Capital region,Metropolitan Manila,Metro Manila,Retail,PHP,KG
2018-06-15,2018,6,Carrots,Carrots,61.66,National Capital region,Metropolitan Manila,Metro Manila,Retail,PHP,KG
2018-07-15,2018,7,Carrots,Carrots,73.65,National Capital region,Metropolitan Manila,Metro Manila,Retail,PHP,KG
2018-08-15,2018,8,Carrots,Carrots,117.05,National Capital region,Metropolitan Manila,Metro Manila,Retail,PHP,KG
2018-09-15,2018,9,Carrots,Carrots,170.54,National Capital region,Metropolitan Manila,Metro Manila,Retail,PHP,KG
2018-10-15,2018,10,Carrots,Carrots,110.94,National Capital region,Metropolitan Manila,Metro Manila,Retail,PHP,KG
2018-11-15,2018,11,Carrots,Carrots,83.12,National Capital region,Metropolitan Manila,Metro Manila,Retail,PHP,KG
2018-12-15,2018,12,Carrots,Carrots,71.13,National Capital region,Metropolitan Manila,Metro Manila,Retail,PHP,KG
2019-01-15,2019,1,Carrots,Carrots,62.14,National Capital region,Metropolitan Manila,Metro Manila,Retail,PHP,KG
2019-02-15,2019,2,Carrots,Carrots,54.18,National Capital region,Metropolitan Manila,Metro Manila,Retail,PHP,KG
2019-03-15,2019,3,Carrots,Carrots,62.14,National Capital region,Metropolitan Manila,Metro Manila,Retail,PHP,KG
2020-05-15,2020,5,Carrots,Carrots,62.42,National Capital region,Metropolitan Manila,Metro Manila,Retail,PHP,KG
2020-06-15,2020,6,Carrots,Carrots,71.97,National Capital region,Metropolitan Manila,Metro Manila,Retail,PHP,KG
2020-07-15,2020,7,Carrots,Carrots,89.04,National Capital region,Metropolitan Manila,Metro Manila,Retail,PHP,KG
2020-08-15,2020,8,Carrots,Carrots,78.12,National Capital region,Metropolitan Manila,Metro Manila,Retail,PHP,KG
2020-09-15,2020,9,Carrots,Carrots,74.54,National Capital region,Metropolitan Manila,Metro Manila,Retail,PHP,KG
2020-10-15,2020,10,Carrots,Carrots,72.85,National Capital region,Metropolitan Manila,Metro Manila,Retail,PHP,KG
2020-11-15,2020,11,Carrots,Carrots,89.63,National Capital region,Metropolitan Manila,Metro Manila,Retail,PHP,KG
2020-12-15,2020,12,Carrots,Carrots,121.87,National Capital region,Metropolitan Manila,Metro Manila,Retail,PHP,KG
2021-01-15,2021,1,Carrots,Carrots,133.17,National Capital region,Metropolitan Manila,Metro Manila,Retail,PHP,KG
2021-02-15,2021,2,Carrots,Carrots,111.78,National Capital region,Metropolitan Manila,Metro Manila,Retail,PHP,KG
2021-03-15,2021,3,Carrots,Carrots,78.44,National Capital region,Metropolitan Manila,Metro Manila,Retail,PHP,KG
2021-04-15,2021,4,Carrots,Carrots,65.47,National Capital region,Metropolitan Manila,Metro Manila,Retail,PHP,KG
2021-05-15,2021,5,Carrots,Carrots,63.0,National Capital region,Metropolitan Manila,Metro Manila,Retail,PHP,KG
2021-06-15,2021,6,Carrots,Carrots,62.87,National Capital region,Metropolitan Manila,Metro Manila,Retail,PHP,KG
2021-07-15,2021,7,Carrots,Carrots,69.03,National Capital region,Metropolitan Manila,Metro Manila,Retail,PHP,KG
2021-08-15,2021,8,Carrots,Carrots,93.73,National Capital region,Metropolitan Manila,Metro Manila,Retail,PHP,KG
2021-09-15,2021,9,Carrots,Carrots,75.63,National Capital region,Metropolitan Manila,Metro Manila,Retail,PHP,KG
2021-10-15,2021,10,Carrots,Carrots,71.82,National Capital region,Metropolitan Manila,Metro Manila,Retail,PHP,KG
2021-11-15,2021,11,Carrots,Carrots,98.58,National Capital region,Metropolitan Manila,Metro Manila,Retail,PHP,KG
2021-12-15,2021,12,Carrots,Carrots,75.7,National Capital region,Metropolitan Manila,Metro Manila,Retail,PHP,KG
2022-01-15,2022,1,Carrots,Carrots,84.97,National Capital region,Metropolitan Manila,Metro Manila,Retail,PHP,KG
2022-02-15,2022,2,Carrots,Carrots,85.96,National Capital region,Metropolitan Manila,Metro Manila,Retail,PHP,KG
2022-03-15,2022,3,Carrots,Carrots,101.24,National Capital region,Metropolitan Manila,Metro Manila,Retail,PHP,KG
2022-04-15,2022,4,Carrots,Carrots,89.71,National Capital region,Metropolitan Manila,Metro Manila,Retail,PHP,KG
2022-05-15,2022,5,Carrots,Carrots,85.42,National Capital region,Metropolitan Manila,Metro Manila,Retail,PHP,KG
2022-06-15,2022,6,Carrots,Carrots,82.07,National Capital region,Metropolitan Manila,Metro Manila,Retail,PHP,KG
2022-07-15,2022,7,Carrots,Carrots,88.0,National Capital region,Metropolitan Manila,Metro Manila,Retail,PHP,KG
2022-08-15,2022,8,Carrots,Carrots,110.69,National Capital region,Metropolitan Manila,Metro Manila,Retail,PHP,KG
2022-09-15,2022,9,Carrots,Carrots,139.7,National Capital region,Metropolitan Manila,Metro Manila,Retail,PHP,KG
2022-10-15,2022,10,Carrots,Carrots,136.69,National Capital region,Metropolitan Manila,Metro Manila,Retail,PHP,KG
2022-11-15,2022,11,Carrots,Carrots,129.96,National Capital region,Metropolitan Manila,Metro Manila,Retail,PHP,KG
2022-12-15,2022,12,Carrots,Carrots,112.92,National Capital region,Metropolitan Manila,Metro Manila,Retail,PHP,KG
2023-01-15,2023,1,Carrots,Carrots,91.76,National Capital region,Metropolitan Manila,Metro Manila,Retail,PHP,KG
2023-02-15,2023,2,Carrots,Carrots,79.56,National Capital region,Metropolitan Manila,Metro Manila,Retail,PHP,KG
2023-03-15,2023,3,Carrots,Carrots,75.45,National Capital region,Metropolitan Manila,Metro Manila,Retail,PHP,KG
2023-04-15,2023,4,Carrots,Carrots,74.31,National Capital region,Metropolitan Manila,Metro Manila,Retail,PHP,KG
2023-05-15,2023,5,Carrots,Carrots,76.86,National Capital region,Metropolitan Manila,Metro Manila,Retail,PHP,KG
2023-06-15,2023,6,Carrots,Carrots,85.36,National Capital region,Metropolitan Manila,Metro Manila,Retail,PHP,KG
2023-07-15,2023,7,Carrots,Carrots,157.11,National Capital region,Metropolitan Manila,Metro Manila,Retail,PHP,KG
2023-08-15,2023,8,Carrots,Carrots,170.9,National Capital region,Metropolitan Manila,Metro Manila,Retail,PHP,KG
2023-09-15,2023,9,Carrots,Carrots,161.43,National Capital region,Metropolitan Manila,Metro Manila,Retail,PHP,KG
2023-10-15,2023,10,Carrots,Carrots,153.19,National Capital region,Metropolitan Manila,Metro Manila,Retail,PHP,KG
2023-11-15,2023,11,Carrots,Carrots,144.0,National Capital region,Metropolitan Manila,Metro Manila,Retail,PHP,KG
2023-12-15,2023,12,Carrots,Carrots,113.33,National Capital region,Metropolitan Manila,Metro Manila,Retail,PHP,KG
2024-01-15,2024,1,Carrots,Carrots,107.17,National Capital region,Metropolitan Manila,Metro Manila,Retail,PHP,KG
2024-02-15,2024,2,Carrots,Carrots,99.93,National Capital region,Metropolitan Manila,Metro Manila,Retail,PHP,KG
2024-03-15,2024,3,Carrots,Carrots,117.35,National Capital region,Metropolitan Manila,Metro Manila,Retail,PHP,KG
2024-04-15,2024,4,Carrots,Carrots,108.3,National Capital region,Metropolitan Manila,Metro Manila,Retail,PHP,KG
2024-05-15,2024,5,Carrots,Carrots,102.09,National Capital region,Metropolitan Manila,Metro Manila,Retail,PHP,KG
2024-06-15,2024,6,Carrots,Carrots,111.04,National Capital region,Metropolitan Manila,Metro Manila,Retail,PHP,KG
2024-07-15,2024,7,Carrots,Carrots,141.8,National Capital region,Metropolitan Manila,Metro Manila,Retail,PHP,KG
2024-08-15,2024,8,Carrots,Carrots,135.09,National Capital region,Metropolitan Manila,Metro Manila,Retail,PHP,KG
2024-09-15,2024,9,Carrots,Carrots,117.51,National Capital region,Metropolitan Manila,Metro Manila,Retail,PHP,KG
2024-10-15,2024,10,Carrots,Carrots,138.93,National Capital region,Metropolitan Manila,Metro Manila,Retail,PHP,KG
2024-11-15,2024,11,Carrots,Carrots,176.4,National Capital region,Metropolitan Manila,Metro Manila,Retail,PHP,KG
2024-12-15,2024,12,Carrots,Carrots,170.36,National Capital region,Metropolitan Manila,Metro Manila,Retail,PHP,KG
2025-01-15,2025,1,Carrots,Carrots,157.89,National Capital region,Metropolitan Manila,Metro Manila,Retail,PHP,KG
2025-02-15,2025,2,Carrots,Carrots,110.42,National Capital region,Metropolitan Manila,Metro Manila,Retail,PHP,KG
2025-03-15,2025,3,Carrots,Carrots,93.61,National Capital region,Metropolitan Manila,Metro Manila,Retail,PHP,KG
2025-04-15,2025,4,Carrots,Carrots,85.29,National Capital region,Metropolitan Manila,Metro Manila,Retail,PHP,KG
2025-05-15,2025,5,Carrots,Carrots,89.4,National Capital region,Metropolitan Manila,Metro Manila,Retail,PHP,KG
2025-06-15,2025,6,Carrots,Carrots,95.51,National Capital region,Metropolitan Manila,Metro Manila,Retail,PHP,KG
2025-07-15,2025,7,Carrots,Carrots,114.48,National Capital region,Metropolitan Manila,Metro Manila,Retail,PHP,KG
2025-08-15,2025,8,Carrots,Carrots,229.14,National Capital region,Metropolitan Manila,Metro Manila,Retail,PHP,KG
2025-09-15,2025,9,Carrots,Carrots,253.54,National Capital region,Metropolitan Manila,Metro Manila,Retail,PHP,KG
2025-10-15,2025,10,Carrots,Carrots,206.89,National Capital region,Metropolitan Manila,Metro Manila,Retail,PHP,KG
2025-11-15,2025,11,Carrots,Carrots,168.14,National Capital region,Metropolitan Manila,Metro Manila,Retail,PHP,KG
2025-12-15,2025,12,Carrots,Carrots,132.62,National Capital region,Metropolitan Manila,Metro Manila,Retail,PHP,KG
2026-01-15,2026,1,Carrots,Carrots,109.92,National Capital region,Metropolitan Manila,Metro Manila,Retail,PHP,KG
2026-02-15,2026,2,Carrots,Carrots,105.93,National Capital region,Metropolitan Manila,Metro Manila,Retail,PHP,KG
2026-03-15,2026,3,Carrots,Carrots,155.77,National Capital region,Metropolitan Manila,Metro Manila,Retail,PHP,KG
2026-04-15,2026,4,Carrots,Carrots,165.63,National Capital region,Metropolitan Manila,Metro Manila,Retail,PHP,KG
2026-05-15,2026,5,Carrots,Carrots,145.58,National Capital region,Metropolitan Manila,Metro Manila,Retail,PHP,KG
2026-06-15,2026,6,Carrots,Carrots,135.22,National Capital region,Metropolitan Manila,Metro Manila,Retail,PHP,KG
2020-05-15,2020,5,Eggplant,Eggplants,58.53,National Capital region,Metropolitan Manila,Metro Manila,Retail,PHP,KG
2020-06-15,2020,6,Eggplant,Eggplants,54.55,National Capital region,Metropolitan Manila,Metro Manila,Retail,PHP,KG
2020-07-15,2020,7,Eggplant,Eggplants,51.2,National Capital region,Metropolitan Manila,Metro Manila,Retail,PHP,KG
2020-08-15,2020,8,Eggplant,Eggplants,46.04,National Capital region,Metropolitan Manila,Metro Manila,Retail,PHP,KG
2020-09-15,2020,9,Eggplant,Eggplants,42.13,National Capital region,Metropolitan Manila,Metro Manila,Retail,PHP,KG
2020-10-15,2020,10,Eggplant,Eggplants,64.0,National Capital region,Metropolitan Manila,Metro Manila,Retail,PHP,KG
2020-11-15,2020,11,Eggplant,Eggplants,123.73,National Capital region,Metropolitan Manila,Metro Manila,Retail,PHP,KG
2020-12-15,2020,12,Eggplant,Eggplants,113.87,National Capital region,Metropolitan Manila,Metro Manila,Retail,PHP,KG
2021-01-15,2021,1,Eggplant,Eggplants,145.2,National Capital region,Metropolitan Manila,Metro Manila,Retail,PHP,KG
2021-02-15,2021,2,Eggplant,Eggplants,98.16,National Capital region,Metropolitan Manila,Metro Manila,Retail,PHP,KG
2021-03-15,2021,3,Eggplant,Eggplants,71.22,National Capital region,Metropolitan Manila,Metro Manila,Retail,PHP,KG
2021-04-15,2021,4,Eggplant,Eggplants,66.92,National Capital region,Metropolitan Manila,Metro Manila,Retail,PHP,KG
2021-05-15,2021,5,Eggplant,Eggplants,57.97,National Capital region,Metropolitan Manila,Metro Manila,Retail,PHP,KG
2021-06-15,2021,6,Eggplant,Eggplants,54.84,National Capital region,Metropolitan Manila,Metro Manila,Retail,PHP,KG
2021-07-15,2021,7,Eggplant,Eggplants,62.44,National Capital region,Metropolitan Manila,Metro Manila,Retail,PHP,KG
2021-08-15,2021,8,Eggplant,Eggplants,85.89,National Capital region,Metropolitan Manila,Metro Manila,Retail,PHP,KG
2021-09-15,2021,9,Eggplant,Eggplants,60.67,National Capital region,Metropolitan Manila,Metro Manila,Retail,PHP,KG
2021-10-15,2021,10,Eggplant,Eggplants,72.88,National Capital region,Metropolitan Manila,Metro Manila,Retail,PHP,KG
2021-11-15,2021,11,Eggplant,Eggplants,75.9,National Capital region,Metropolitan Manila,Metro Manila,Retail,PHP,KG
2021-12-15,2021,12,Eggplant,Eggplants,81.11,National Capital region,Metropolitan Manila,Metro Manila,Retail,PHP,KG
2022-01-15,2022,1,Eggplant,Eggplants,82.58,National Capital region,Metropolitan Manila,Metro Manila,Retail,PHP,KG
2022-02-15,2022,2,Eggplant,Eggplants,68.14,National Capital region,Metropolitan Manila,Metro Manila,Retail,PHP,KG
2022-03-15,2022,3,Eggplant,Eggplants,69.09,National Capital region,Metropolitan Manila,Metro Manila,Retail,PHP,KG
2022-04-15,2022,4,Eggplant,Eggplants,67.77,National Capital region,Metropolitan Manila,Metro Manila,Retail,PHP,KG
2022-05-15,2022,5,Eggplant,Eggplants,71.44,National Capital region,Metropolitan Manila,Metro Manila,Retail,PHP,KG
2022-06-15,2022,6,Eggplant,Eggplants,95.08,National Capital region,Metropolitan Manila,Metro Manila,Retail,PHP,KG
2022-07-15,2022,7,Eggplant,Eggplants,85.79,National Capital region,Metropolitan Manila,Metro Manila,Retail,PHP,KG
2022-08-15,2022,8,Eggplant,Eggplants,81.66,National Capital region,Metropolitan Manila,Metro Manila,Retail,PHP,KG
2022-09-15,2022,9,Eggplant,Eggplants,83.32,National Capital region,Metropolitan Manila,Metro Manila,Retail,PHP,KG
2022-10-15,2022,10,Eggplant,Eggplants,103.06,National Capital region,Metropolitan Manila,Metro Manila,Retail,PHP,KG
2022-11-15,2022,11,Eggplant,Eggplants,134.72,National Capital region,Metropolitan Manila,Metro Manila,Retail,PHP,KG
2022-12-15,2022,12,Eggplant,Eggplants,106.95,National Capital region,Metropolitan Manila,Metro Manila,Retail,PHP,KG
2023-01-15,2023,1,Eggplant,Eggplants,137.69,National Capital region,Metropolitan Manila,Metro Manila,Retail,PHP,KG
2023-02-15,2023,2,Eggplant,Eggplants,107.11,National Capital region,Metropolitan Manila,Metro Manila,Retail,PHP,KG
2023-03-15,2023,3,Eggplant,Eggplants,83.57,National Capital region,Metropolitan Manila,Metro Manila,Retail,PHP,KG
2023-04-15,2023,4,Eggplant,Eggplants,78.16,National Capital region,Metropolitan Manila,Metro Manila,Retail,PHP,KG
2023-05-15,2023,5,Eggplant,Eggplants,81.55,National Capital region,Metropolitan Manila,Metro Manila,Retail,PHP,KG
2023-06-15,2023,6,Eggplant,Eggplants,81.12,National Capital region,Metropolitan Manila,Metro Manila,Retail,PHP,KG
2023-07-15,2023,7,Eggplant,Eggplants,88.35,National Capital region,Metropolitan Manila,Metro Manila,Retail,PHP,KG
2023-08-15,2023,8,Eggplant,Eggplants,121.61,National Capital region,Metropolitan Manila,Metro Manila,Retail,PHP,KG
2023-09-15,2023,9,Eggplant,Eggplants,113.41,National Capital region,Metropolitan Manila,Metro Manila,Retail,PHP,KG
2023-10-15,2023,10,Eggplant,Eggplants,95.84,National Capital region,Metropolitan Manila,Metro Manila,Retail,PHP,KG
2023-11-15,2023,11,Eggplant,Eggplants,105.87,National Capital region,Metropolitan Manila,Metro Manila,Retail,PHP,KG
2023-12-15,2023,12,Eggplant,Eggplants,102.78,National Capital region,Metropolitan Manila,Metro Manila,Retail,PHP,KG
2024-01-15,2024,1,Eggplant,Eggplants,113.36,National Capital region,Metropolitan Manila,Metro Manila,Retail,PHP,KG
2024-02-15,2024,2,Eggplant,Eggplants,85.67,National Capital region,Metropolitan Manila,Metro Manila,Retail,PHP,KG
2024-03-15,2024,3,Eggplant,Eggplants,86.18,National Capital region,Metropolitan Manila,Metro Manila,Retail,PHP,KG
2024-04-15,2024,4,Eggplant,Eggplants,88.76,National Capital region,Metropolitan Manila,Metro Manila,Retail,PHP,KG
2024-05-15,2024,5,Eggplant,Eggplants,91.91,National Capital region,Metropolitan Manila,Metro Manila,Retail,PHP,KG
2024-06-15,2024,6,Eggplant,Eggplants,96.03,National Capital region,Metropolitan Manila,Metro Manila,Retail,PHP,KG
2024-07-15,2024,7,Eggplant,Eggplants,103.84,National Capital region,Metropolitan Manila,Metro Manila,Retail,PHP,KG
2024-08-15,2024,8,Eggplant,Eggplants,120.69,National Capital region,Metropolitan Manila,Metro Manila,Retail,PHP,KG
2024-09-15,2024,9,Eggplant,Eggplants,116.09,National Capital region,Metropolitan Manila,Metro Manila,Retail,PHP,KG
2024-10-15,2024,10,Eggplant,Eggplants,112.59,National Capital region,Metropolitan Manila,Metro Manila,Retail,PHP,KG
2024-11-15,2024,11,Eggplant,Eggplants,162.03,National Capital region,Metropolitan Manila,Metro Manila,Retail,PHP,KG
2024-12-15,2024,12,Eggplant,Eggplants,136.79,National Capital region,Metropolitan Manila,Metro Manila,Retail,PHP,KG
2025-01-15,2025,1,Eggplant,Eggplants,160.16,National Capital region,Metropolitan Manila,Metro Manila,Retail,PHP,KG
2025-02-15,2025,2,Eggplant,Eggplants,103.27,National Capital region,Metropolitan Manila,Metro Manila,Retail,PHP,KG
2025-03-15,2025,3,Eggplant,Eggplants,108.18,National Capital region,Metropolitan Manila,Metro Manila,Retail,PHP,KG
2025-04-15,2025,4,Eggplant,Eggplants,89.56,National Capital region,Metropolitan Manila,Metro Manila,Retail,PHP,KG
2025-05-15,2025,5,Eggplant,Eggplants,94.18,National Capital region,Metropolitan Manila,Metro Manila,Retail,PHP,KG
2025-06-15,2025,6,Eggplant,Eggplants,99.78,National Capital region,Metropolitan Manila,Metro Manila,Retail,PHP,KG
2025-07-15,2025,7,Eggplant,Eggplants,125.72,National Capital region,Metropolitan Manila,Metro Manila,Retail,PHP,KG
2025-08-15,2025,8,Eggplant,Eggplants,151.54,National Capital region,Metropolitan Manila,Metro Manila,Retail,PHP,KG
2025-09-15,2025,9,Eggplant,Eggplants,104.24,National Capital region,Metropolitan Manila,Metro Manila,Retail,PHP,KG
2025-10-15,2025,10,Eggplant,Eggplants,132.82,National Capital region,Metropolitan Manila,Metro Manila,Retail,PHP,KG
2025-11-15,2025,11,Eggplant,Eggplants,154.4,National Capital region,Metropolitan Manila,Metro Manila,Retail,PHP,KG
2025-12-15,2025,12,Eggplant,Eggplants,156.76,National Capital region,Metropolitan Manila,Metro Manila,Retail,PHP,KG
2026-01-15,2026,1,Eggplant,Eggplants,127.2,National Capital region,Metropolitan Manila,Metro Manila,Retail,PHP,KG
2026-02-15,2026,2,Eggplant,Eggplants,93.74,National Capital region,Metropolitan Manila,Metro Manila,Retail,PHP,KG
2026-03-15,2026,3,Eggplant,Eggplants,88.82,National Capital region,Metropolitan Manila,Metro Manila,Retail,PHP,KG
2026-04-15,2026,4,Eggplant,Eggplants,81.07,National Capital region,Metropolitan Manila,Metro Manila,Retail,PHP,KG
2026-05-15,2026,5,Eggplant,Eggplants,87.0,National Capital region,Metropolitan Manila,Metro Manila,Retail,PHP,KG
2026-06-15,2026,6,Eggplant,Eggplants,96.77,National Capital region,Metropolitan Manila,Metro Manila,Retail,PHP,KG
2008-01-15,2008,1,Garlic,Garlic,114.51,National Capital region,Metropolitan Manila,Metro Manila,Retail,PHP,KG
2008-02-15,2008,2,Garlic,Garlic,148.41,National Capital region,Metropolitan Manila,Metro Manila,Retail,PHP,KG
2008-03-15,2008,3,Garlic,Garlic,149.07,National Capital region,Metropolitan Manila,Metro Manila,Retail,PHP,KG
2008-04-15,2008,4,Garlic,Garlic,142.04,National Capital region,Metropolitan Manila,Metro Manila,Retail,PHP,KG
2008-05-15,2008,5,Garlic,Garlic,140.73,National Capital region,Metropolitan Manila,Metro Manila,Retail,PHP,KG
2008-06-15,2008,6,Garlic,Garlic,145.65,National Capital region,Metropolitan Manila,Metro Manila,Retail,PHP,KG
2008-07-15,2008,7,Garlic,Garlic,144.29,National Capital region,Metropolitan Manila,Metro Manila,Retail,PHP,KG
2008-08-15,2008,8,Garlic,Garlic,139.28,National Capital region,Metropolitan Manila,Metro Manila,Retail,PHP,KG
2008-09-15,2008,9,Garlic,Garlic,144.55,National Capital region,Metropolitan Manila,Metro Manila,Retail,PHP,KG
2008-10-15,2008,10,Garlic,Garlic,145.58,National Capital region,Metropolitan Manila,Metro Manila,Retail,PHP,KG
2008-11-15,2008,11,Garlic,Garlic,146.22,National Capital region,Metropolitan Manila,Metro Manila,Retail,PHP,KG
2008-12-15,2008,12,Garlic,Garlic,147.22,National Capital region,Metropolitan Manila,Metro Manila,Retail,PHP,KG
2009-01-15,2009,1,Garlic,Garlic,144.93,National Capital region,Metropolitan Manila,Metro Manila,Retail,PHP,KG
2009-02-15,2009,2,Garlic,Garlic,141.25,National Capital region,Metropolitan Manila,Metro Manila,Retail,PHP,KG
2009-03-15,2009,3,Garlic,Garlic,145.41,National Capital region,Metropolitan Manila,Metro Manila,Retail,PHP,KG
2009-04-15,2009,4,Garlic,Garlic,142.85,National Capital region,Metropolitan Manila,Metro Manila,Retail,PHP,KG
2009-05-15,2009,5,Garlic,Garlic,143.9,National Capital region,Metropolitan Manila,Metro Manila,Retail,PHP,KG
2009-06-15,2009,6,Garlic,Garlic,144.76,National Capital region,Metropolitan Manila,Metro Manila,Retail,PHP,KG
2009-07-15,2009,7,Garlic,Garlic,149.68,National Capital region,Metropolitan Manila,Metro Manila,Retail,PHP,KG
2009-08-15,2009,8,Garlic,Garlic,152.73,National Capital region,Metropolitan Manila,Metro Manila,Retail,PHP,KG
2009-09-15,2009,9,Garlic,Garlic,155.28,National Capital region,Metropolitan Manila,Metro Manila,Retail,PHP,KG
2009-10-15,2009,10,Garlic,Garlic,164.86,National Capital region,Metropolitan Manila,Metro Manila,Retail,PHP,KG
2009-11-15,2009,11,Garlic,Garlic,165.42,National Capital region,Metropolitan Manila,Metro Manila,Retail,PHP,KG
2009-12-15,2009,12,Garlic,Garlic,170.73,National Capital region,Metropolitan Manila,Metro Manila,Retail,PHP,KG
2010-01-15,2010,1,Garlic,Garlic,175.13,National Capital region,Metropolitan Manila,Metro Manila,Retail,PHP,KG
2010-02-15,2010,2,Garlic,Garlic,177.94,National Capital region,Metropolitan Manila,Metro Manila,Retail,PHP,KG
2010-03-15,2010,3,Garlic,Garlic,173.09,National Capital region,Metropolitan Manila,Metro Manila,Retail,PHP,KG
2010-04-15,2010,4,Garlic,Garlic,173.25,National Capital region,Metropolitan Manila,Metro Manila,Retail,PHP,KG
2010-05-15,2010,5,Garlic,Garlic,182.32,National Capital region,Metropolitan Manila,Metro Manila,Retail,PHP,KG
2010-06-15,2010,6,Garlic,Garlic,176.86,National Capital region,Metropolitan Manila,Metro Manila,Retail,PHP,KG
2010-07-15,2010,7,Garlic,Garlic,180.46,National Capital region,Metropolitan Manila,Metro Manila,Retail,PHP,KG
2010-08-15,2010,8,Garlic,Garlic,189.03,National Capital region,Metropolitan Manila,Metro Manila,Retail,PHP,KG
2010-09-15,2010,9,Garlic,Garlic,192.51,National Capital region,Metropolitan Manila,Metro Manila,Retail,PHP,KG
2010-10-15,2010,10,Garlic,Garlic,194.1,National Capital region,Metropolitan Manila,Metro Manila,Retail,PHP,KG
2010-11-15,2010,11,Garlic,Garlic,196.55,National Capital region,Metropolitan Manila,Metro Manila,Retail,PHP,KG
2010-12-15,2010,12,Garlic,Garlic,198.78,National Capital region,Metropolitan Manila,Metro Manila,Retail,PHP,KG
2012-01-15,2012,1,Garlic,Garlic,185.64,National Capital region,Metropolitan Manila,Metro Manila,Retail,PHP,KG
2012-02-15,2012,2,Garlic,Garlic,185.48,National Capital region,Metropolitan Manila,Metro Manila,Retail,PHP,KG
2012-03-15,2012,3,Garlic,Garlic,182.82,National Capital region,Metropolitan Manila,Metro Manila,Retail,PHP,KG
2012-05-15,2012,5,Garlic,Garlic,179.58,National Capital region,Metropolitan Manila,Metro Manila,Retail,PHP,KG
2012-06-15,2012,6,Garlic,Garlic,177.26,National Capital region,Metropolitan Manila,Metro Manila,Retail,PHP,KG
2012-07-15,2012,7,Garlic,Garlic,178.87,National Capital region,Metropolitan Manila,Metro Manila,Retail,PHP,KG
2012-08-15,2012,8,Garlic,Garlic,180.61,National Capital region,Metropolitan Manila,Metro Manila,Retail,PHP,KG
2012-09-15,2012,9,Garlic,Garlic,159.38,National Capital region,Metropolitan Manila,Metro Manila,Retail,PHP,KG
2012-10-15,2012,10,Garlic,Garlic,177.16,National Capital region,Metropolitan Manila,Metro Manila,Retail,PHP,KG
2012-11-15,2012,11,Garlic,Garlic,175.8,National Capital region,Metropolitan Manila,Metro Manila,Retail,PHP,KG
2013-01-15,2013,1,Garlic,Garlic,170.0,National Capital region,Metropolitan Manila,Metro Manila,Retail,PHP,KG
2013-02-15,2013,2,Garlic,Garlic,168.59,National Capital region,Metropolitan Manila,Metro Manila,Retail,PHP,KG
2013-03-15,2013,3,Garlic,Garlic,171.37,National Capital region,Metropolitan Manila,Metro Manila,Retail,PHP,KG
2013-04-15,2013,4,Garlic,Garlic,167.63,National Capital region,Metropolitan Manila,Metro Manila,Retail,PHP,KG
2014-07-15,2014,7,Garlic,Garlic,269.94,National Capital region,Metropolitan Manila,Metro Manila,Retail,PHP,KG
2017-05-15,2017,5,Garlic,Garlic,239.24,National Capital region,Metropolitan Manila,Metro Manila,Retail,PHP,KG
2017-06-15,2017,6,Garlic,Garlic,262.71,National Capital region,Metropolitan Manila,Metro Manila,Retail,PHP,KG
2017-07-15,2017,7,Garlic,Garlic,271.7,National Capital region,Metropolitan Manila,Metro Manila,Retail,PHP,KG
2017-08-15,2017,8,Garlic,Garlic,275.03,National Capital region,Metropolitan Manila,Metro Manila,Retail,PHP,KG
2017-09-15,2017,9,Garlic,Garlic,280.93,National Capital region,Metropolitan Manila,Metro Manila,Retail,PHP,KG
2017-10-15,2017,10,Garlic,Garlic,282.9,National Capital region,Metropolitan Manila,Metro Manila,Retail,PHP,KG
2017-11-15,2017,11,Garlic,Garlic,276.62,National Capital region,Metropolitan Manila,Metro Manila,Retail,PHP,KG
2017-12-15,2017,12,Garlic,Garlic,281.69,National Capital region,Metropolitan Manila,Metro Manila,Retail,PHP,KG
2018-01-15,2018,1,Garlic,Garlic,292.81,National Capital region,Metropolitan Manila,Metro Manila,Retail,PHP,KG
2018-02-15,2018,2,Garlic,Garlic,286.62,National Capital region,Metropolitan Manila,Metro Manila,Retail,PHP,KG
2018-03-15,2018,3,Garlic,Garlic,290.49,National Capital region,Metropolitan Manila,Metro Manila,Retail,PHP,KG
2018-04-15,2018,4,Garlic,Garlic,278.7,National Capital region,Metropolitan Manila,Metro Manila,Retail,PHP,KG
2018-05-15,2018,5,Garlic,Garlic,258.22,National Capital region,Metropolitan Manila,Metro Manila,Retail,PHP,KG
2018-06-15,2018,6,Garlic,Garlic,261.41,National Capital region,Metropolitan Manila,Metro Manila,Retail,PHP,KG
2018-07-15,2018,7,Garlic,Garlic,279.78,National Capital region,Metropolitan Manila,Metro Manila,Retail,PHP,KG
2018-08-15,2018,8,Garlic,Garlic,265.45,National Capital region,Metropolitan Manila,Metro Manila,Retail,PHP,KG
2018-09-15,2018,9,Garlic,Garlic,255.03,National Capital region,Metropolitan Manila,Metro Manila,Retail,PHP,KG
2018-10-15,2018,10,Garlic,Garlic,267.62,National Capital region,Metropolitan Manila,Metro Manila,Retail,PHP,KG
2018-11-15,2018,11,Garlic,Garlic,274.78,National Capital region,Metropolitan Manila,Metro Manila,Retail,PHP,KG
2018-12-15,2018,12,Garlic,Garlic,266.79,National Capital region,Metropolitan Manila,Metro Manila,Retail,PHP,KG
2019-01-15,2019,1,Garlic,Garlic,266.18,National Capital region,Metropolitan Manila,Metro Manila,Retail,PHP,KG
2019-02-15,2019,2,Garlic,Garlic,271.26,National Capital region,Metropolitan Manila,Metro Manila,Retail,PHP,KG
2019-03-15,2019,3,Garlic,Garlic,265.6,National Capital region,Metropolitan Manila,Metro Manila,Retail,PHP,KG
2019-04-15,2019,4,Garlic,Garlic,264.29,National Capital region,Metropolitan Manila,Metro Manila,Retail,PHP,KG
2019-05-15,2019,5,Garlic,Garlic,264.29,National Capital region,Metropolitan Manila,Metro Manila,Retail,PHP,KG
2020-05-15,2020,5,Garlic,Garlic,322.75,National Capital region,Metropolitan Manila,Metro Manila,Retail,PHP,KG
2020-06-15,2020,6,Garlic,Garlic,309.25,National Capital region,Metropolitan Manila,Metro Manila,Retail,PHP,KG
2020-07-15,2020,7,Garlic,Garlic,271.16,National Capital region,Metropolitan Manila,Metro Manila,Retail,PHP,KG
2020-08-15,2020,8,Garlic,Garlic,291.38,National Capital region,Metropolitan Manila,Metro Manila,Retail,PHP,KG
2020-09-15,2020,9,Garlic,Garlic,296.95,National Capital region,Metropolitan Manila,Metro Manila,Retail,PHP,KG
2020-10-15,2020,10,Garlic,Garlic,310.92,National Capital region,Metropolitan Manila,Metro Manila,Retail,PHP,KG
2020-11-15,2020,11,Garlic,Garlic,310.19,National Capital region,Metropolitan Manila,Metro Manila,Retail,PHP,KG
2020-12-15,2020,12,Garlic,Garlic,305.47,National Capital region,Metropolitan Manila,Metro Manila,Retail,PHP,KG
2021-01-15,2021,1,Garlic,Garlic,301.67,National Capital region,Metropolitan Manila,Metro Manila,Retail,PHP,KG
2021-02-15,2021,2,Garlic,Garlic,297.5,National Capital region,Metropolitan Manila,Metro Manila,Retail,PHP,KG
2021-03-15,2021,3,Garlic,Garlic,290.83,National Capital region,Metropolitan Manila,Metro Manila,Retail,PHP,KG
2021-04-15,2021,4,Garlic,Garlic,287.08,National Capital region,Metropolitan Manila,Metro Manila,Retail,PHP,KG
2021-05-15,2021,5,Garlic,Garlic,287.08,National Capital region,Metropolitan Manila,Metro Manila,Retail,PHP,KG
2021-06-15,2021,6,Garlic,Garlic,285.75,National Capital region,Metropolitan Manila,Metro Manila,Retail,PHP,KG
2021-07-15,2021,7,Garlic,Garlic,294.48,National Capital region,Metropolitan Manila,Metro Manila,Retail,PHP,KG
2021-08-15,2021,8,Garlic,Garlic,285.42,National Capital region,Metropolitan Manila,Metro Manila,Retail,PHP,KG
2021-09-15,2021,9,Garlic,Garlic,277.23,National Capital region,Metropolitan Manila,Metro Manila,Retail,PHP,KG
2021-10-15,2021,10,Garlic,Garlic,302.64,National Capital region,Metropolitan Manila,Metro Manila,Retail,PHP,KG
2021-11-15,2021,11,Garlic,Garlic,343.51,National Capital region,Metropolitan Manila,Metro Manila,Retail,PHP,KG
2021-12-15,2021,12,Garlic,Garlic,345.97,National Capital region,Metropolitan Manila,Metro Manila,Retail,PHP,KG
2022-01-15,2022,1,Garlic,Garlic,271.22,National Capital region,Metropolitan Manila,Metro Manila,Retail,PHP,KG
2022-02-15,2022,2,Garlic,Garlic,286.1,National Capital region,Metropolitan Manila,Metro Manila,Retail,PHP,KG
2022-03-15,2022,3,Garlic,Garlic,262.08,National Capital region,Metropolitan Manila,Metro Manila,Retail,PHP,KG
2022-04-15,2022,4,Garlic,Garlic,257.49,National Capital region,Metropolitan Manila,Metro Manila,Retail,PHP,KG
2022-05-15,2022,5,Garlic,Garlic,261.97,National Capital region,Metropolitan Manila,Metro Manila,Retail,PHP,KG
2022-06-15,2022,6,Garlic,Garlic,268.35,National Capital region,Metropolitan Manila,Metro Manila,Retail,PHP,KG
2022-07-15,2022,7,Garlic,Garlic,263.59,National Capital region,Metropolitan Manila,Metro Manila,Retail,PHP,KG
2022-08-15,2022,8,Garlic,Garlic,265.81,National Capital region,Metropolitan Manila,Metro Manila,Retail,PHP,KG
2022-09-15,2022,9,Garlic,Garlic,265.58,National Capital region,Metropolitan Manila,Metro Manila,Retail,PHP,KG
2022-10-15,2022,10,Garlic,Garlic,279.08,National Capital region,Metropolitan Manila,Metro Manila,Retail,PHP,KG
2022-11-15,2022,11,Garlic,Garlic,284.56,National Capital region,Metropolitan Manila,Metro Manila,Retail,PHP,KG
2022-12-15,2022,12,Garlic,Garlic,285.98,National Capital region,Metropolitan Manila,Metro Manila,Retail,PHP,KG
2023-01-15,2023,1,Garlic,Garlic,288.87,National Capital region,Metropolitan Manila,Metro Manila,Retail,PHP,KG
2023-02-15,2023,2,Garlic,Garlic,296.15,National Capital region,Metropolitan Manila,Metro Manila,Retail,PHP,KG
2023-03-15,2023,3,Garlic,Garlic,296.96,National Capital region,Metropolitan Manila,Metro Manila,Retail,PHP,KG
2023-04-15,2023,4,Garlic,Garlic,304.51,National Capital region,Metropolitan Manila,Metro Manila,Retail,PHP,KG
2023-05-15,2023,5,Garlic,Garlic,306.72,National Capital region,Metropolitan Manila,Metro Manila,Retail,PHP,KG
2023-06-15,2023,6,Garlic,Garlic,298.24,National Capital region,Metropolitan Manila,Metro Manila,Retail,PHP,KG
2023-07-15,2023,7,Garlic,Garlic,302.54,National Capital region,Metropolitan Manila,Metro Manila,Retail,PHP,KG
2023-08-15,2023,8,Garlic,Garlic,302.06,National Capital region,Metropolitan Manila,Metro Manila,Retail,PHP,KG
2023-09-15,2023,9,Garlic,Garlic,304.24,National Capital region,Metropolitan Manila,Metro Manila,Retail,PHP,KG
2023-10-15,2023,10,Garlic,Garlic,312.89,National Capital region,Metropolitan Manila,Metro Manila,Retail,PHP,KG
2023-11-15,2023,11,Garlic,Garlic,319.06,National Capital region,Metropolitan Manila,Metro Manila,Retail,PHP,KG
2023-12-15,2023,12,Garlic,Garlic,320.24,National Capital region,Metropolitan Manila,Metro Manila,Retail,PHP,KG
2024-01-15,2024,1,Garlic,Garlic,327.28,National Capital region,Metropolitan Manila,Metro Manila,Retail,PHP,KG
2024-02-15,2024,2,Garlic,Garlic,330.5,National Capital region,Metropolitan Manila,Metro Manila,Retail,PHP,KG
2024-03-15,2024,3,Garlic,Garlic,333.95,National Capital region,Metropolitan Manila,Metro Manila,Retail,PHP,KG
2024-04-15,2024,4,Garlic,Garlic,327.94,National Capital region,Metropolitan Manila,Metro Manila,Retail,PHP,KG
2024-05-15,2024,5,Garlic,Garlic,322.5,National Capital region,Metropolitan Manila,Metro Manila,Retail,PHP,KG
2024-06-15,2024,6,Garlic,Garlic,319.45,National Capital region,Metropolitan Manila,Metro Manila,Retail,PHP,KG
2024-07-15,2024,7,Garlic,Garlic,325.84,National Capital region,Metropolitan Manila,Metro Manila,Retail,PHP,KG
2024-08-15,2024,8,Garlic,Garlic,325.73,National Capital region,Metropolitan Manila,Metro Manila,Retail,PHP,KG
2024-09-15,2024,9,Garlic,Garlic,324.83,National Capital region,Metropolitan Manila,Metro Manila,Retail,PHP,KG
2024-10-15,2024,10,Garlic,Garlic,325.5,National Capital region,Metropolitan Manila,Metro Manila,Retail,PHP,KG
2024-11-15,2024,11,Garlic,Garlic,332.2,National Capital region,Metropolitan Manila,Metro Manila,Retail,PHP,KG
2024-12-15,2024,12,Garlic,Garlic,328.19,National Capital region,Metropolitan Manila,Metro Manila,Retail,PHP,KG
2025-01-15,2025,1,Garlic,Garlic,334.82,National Capital region,Metropolitan Manila,Metro Manila,Retail,PHP,KG
2025-02-15,2025,2,Garlic,Garlic,334.17,National Capital region,Metropolitan Manila,Metro Manila,Retail,PHP,KG
2025-03-15,2025,3,Garlic,Garlic,335.47,National Capital region,Metropolitan Manila,Metro Manila,Retail,PHP,KG
2025-04-15,2025,4,Garlic,Garlic,332.92,National Capital region,Metropolitan Manila,Metro Manila,Retail,PHP,KG
2025-05-15,2025,5,Garlic,Garlic,327.32,National Capital region,Metropolitan Manila,Metro Manila,Retail,PHP,KG
2025-06-15,2025,6,Garlic,Garlic,329.91,National Capital region,Metropolitan Manila,Metro Manila,Retail,PHP,KG
2025-07-15,2025,7,Garlic,Garlic,327.48,National Capital region,Metropolitan Manila,Metro Manila,Retail,PHP,KG
2025-08-15,2025,8,Garlic,Garlic,325.1,National Capital region,Metropolitan Manila,Metro Manila,Retail,PHP,KG
2025-09-15,2025,9,Garlic,Garlic,325.4,National Capital region,Metropolitan Manila,Metro Manila,Retail,PHP,KG
2025-10-15,2025,10,Garlic,Garlic,325.34,National Capital region,Metropolitan Manila,Metro Manila,Retail,PHP,KG
2025-11-15,2025,11,Garlic,Garlic,323.74,National Capital region,Metropolitan Manila,Metro Manila,Retail,PHP,KG
2025-12-15,2025,12,Garlic,Garlic,320.44,National Capital region,Metropolitan Manila,Metro Manila,Retail,PHP,KG
2026-01-15,2026,1,Garlic,Garlic,316.01,National Capital region,Metropolitan Manila,Metro Manila,Retail,PHP,KG
2026-02-15,2026,2,Garlic,Garlic,313.14,National Capital region,Metropolitan Manila,Metro Manila,Retail,PHP,KG
2026-03-15,2026,3,Garlic,Garlic,244.82,National Capital region,Metropolitan Manila,Metro Manila,Retail,PHP,KG
2026-04-15,2026,4,Garlic,Garlic,331.08,National Capital region,Metropolitan Manila,Metro Manila,Retail,PHP,KG
2026-05-15,2026,5,Garlic,Garlic,331.38,National Capital region,Metropolitan Manila,Metro Manila,Retail,PHP,KG
2026-06-15,2026,6,Garlic,Garlic,331.43,National Capital region,Metropolitan Manila,Metro Manila,Retail,PHP,KG
2020-05-15,2020,5,Ginger,Ginger,203.46,National Capital region,Metropolitan Manila,Metro Manila,Retail,PHP,KG
2020-06-15,2020,6,Ginger,Ginger,198.18,National Capital region,Metropolitan Manila,Metro Manila,Retail,PHP,KG
2020-07-15,2020,7,Ginger,Ginger,188.45,National Capital region,Metropolitan Manila,Metro Manila,Retail,PHP,KG
2020-08-15,2020,8,Ginger,Ginger,191.93,National Capital region,Metropolitan Manila,Metro Manila,Retail,PHP,KG
2020-09-15,2020,9,Ginger,Ginger,195.5,National Capital region,Metropolitan Manila,Metro Manila,Retail,PHP,KG
2020-10-15,2020,10,Ginger,Ginger,196.84,National Capital region,Metropolitan Manila,Metro Manila,Retail,PHP,KG
2020-11-15,2020,11,Ginger,Ginger,190.29,National Capital region,Metropolitan Manila,Metro Manila,Retail,PHP,KG
2020-12-15,2020,12,Ginger,Ginger,179.19,National Capital region,Metropolitan Manila,Metro Manila,Retail,PHP,KG
2021-01-15,2021,1,Ginger,Ginger,172.09,National Capital region,Metropolitan Manila,Metro Manila,Retail,PHP,KG
2021-02-15,2021,2,Ginger,Ginger,156.65,National Capital region,Metropolitan Manila,Metro Manila,Retail,PHP,KG
2021-03-15,2021,3,Ginger,Ginger,151.35,National Capital region,Metropolitan Manila,Metro Manila,Retail,PHP,KG
2021-04-15,2021,4,Ginger,Ginger,157.85,National Capital region,Metropolitan Manila,Metro Manila,Retail,PHP,KG
2021-05-15,2021,5,Ginger,Ginger,156.57,National Capital region,Metropolitan Manila,Metro Manila,Retail,PHP,KG
2021-06-15,2021,6,Ginger,Ginger,154.42,National Capital region,Metropolitan Manila,Metro Manila,Retail,PHP,KG
2021-07-15,2021,7,Ginger,Ginger,156.4,National Capital region,Metropolitan Manila,Metro Manila,Retail,PHP,KG
2021-08-15,2021,8,Ginger,Ginger,156.0,National Capital region,Metropolitan Manila,Metro Manila,Retail,PHP,KG
2021-09-15,2021,9,Ginger,Ginger,155.24,National Capital region,Metropolitan Manila,Metro Manila,Retail,PHP,KG
2021-10-15,2021,10,Ginger,Ginger,148.63,National Capital region,Metropolitan Manila,Metro Manila,Retail,PHP,KG
2021-11-15,2021,11,Ginger,Ginger,146.87,National Capital region,Metropolitan Manila,Metro Manila,Retail,PHP,KG
2021-12-15,2021,12,Ginger,Ginger,137.18,National Capital region,Metropolitan Manila,Metro Manila,Retail,PHP,KG
2022-01-15,2022,1,Ginger,Ginger,127.56,National Capital region,Metropolitan Manila,Metro Manila,Retail,PHP,KG
2022-02-15,2022,2,Ginger,Ginger,114.14,National Capital region,Metropolitan Manila,Metro Manila,Retail,PHP,KG
2022-03-15,2022,3,Ginger,Ginger,105.18,National Capital region,Metropolitan Manila,Metro Manila,Retail,PHP,KG
2022-04-15,2022,4,Ginger,Ginger,104.53,National Capital region,Metropolitan Manila,Metro Manila,Retail,PHP,KG
2022-05-15,2022,5,Ginger,Ginger,105.05,National Capital region,Metropolitan Manila,Metro Manila,Retail,PHP,KG
2022-06-15,2022,6,Ginger,Ginger,102.5,National Capital region,Metropolitan Manila,Metro Manila,Retail,PHP,KG
2022-07-15,2022,7,Ginger,Ginger,105.28,National Capital region,Metropolitan Manila,Metro Manila,Retail,PHP,KG
2022-08-15,2022,8,Ginger,Ginger,103.5,National Capital region,Metropolitan Manila,Metro Manila,Retail,PHP,KG
2022-09-15,2022,9,Ginger,Ginger,105.07,National Capital region,Metropolitan Manila,Metro Manila,Retail,PHP,KG
2022-10-15,2022,10,Ginger,Ginger,120.43,National Capital region,Metropolitan Manila,Metro Manila,Retail,PHP,KG
2022-11-15,2022,11,Ginger,Ginger,120.94,National Capital region,Metropolitan Manila,Metro Manila,Retail,PHP,KG
2022-12-15,2022,12,Ginger,Ginger,109.61,National Capital region,Metropolitan Manila,Metro Manila,Retail,PHP,KG
2023-01-15,2023,1,Ginger,Ginger,109.46,National Capital region,Metropolitan Manila,Metro Manila,Retail,PHP,KG
2023-02-15,2023,2,Ginger,Ginger,106.04,National Capital region,Metropolitan Manila,Metro Manila,Retail,PHP,KG
2023-03-15,2023,3,Ginger,Ginger,102.11,National Capital region,Metropolitan Manila,Metro Manila,Retail,PHP,KG
2023-04-15,2023,4,Ginger,Ginger,101.23,National Capital region,Metropolitan Manila,Metro Manila,Retail,PHP,KG
2023-05-15,2023,5,Ginger,Ginger,104.73,National Capital region,Metropolitan Manila,Metro Manila,Retail,PHP,KG
2023-06-15,2023,6,Ginger,Ginger,107.89,National Capital region,Metropolitan Manila,Metro Manila,Retail,PHP,KG
2023-07-15,2023,7,Ginger,Ginger,111.87,National Capital region,Metropolitan Manila,Metro Manila,Retail,PHP,KG
2023-08-15,2023,8,Ginger,Ginger,118.52,National Capital region,Metropolitan Manila,Metro Manila,Retail,PHP,KG
2023-09-15,2023,9,Ginger,Ginger,123.84,National Capital region,Metropolitan Manila,Metro Manila,Retail,PHP,KG
2023-10-15,2023,10,Ginger,Ginger,129.22,National Capital region,Metropolitan Manila,Metro Manila,Retail,PHP,KG
2023-11-15,2023,11,Ginger,Ginger,136.04,National Capital region,Metropolitan Manila,Metro Manila,Retail,PHP,KG
2023-12-15,2023,12,Ginger,Ginger,135.94,National Capital region,Metropolitan Manila,Metro Manila,Retail,PHP,KG
2024-01-15,2024,1,Ginger,Ginger,133.61,National Capital region,Metropolitan Manila,Metro Manila,Retail,PHP,KG
2024-02-15,2024,2,Ginger,Ginger,131.86,National Capital region,Metropolitan Manila,Metro Manila,Retail,PHP,KG
2024-03-15,2024,3,Ginger,Ginger,127.99,National Capital region,Metropolitan Manila,Metro Manila,Retail,PHP,KG
2024-04-15,2024,4,Ginger,Ginger,142.35,National Capital region,Metropolitan Manila,Metro Manila,Retail,PHP,KG
2024-05-15,2024,5,Ginger,Ginger,203.34,National Capital region,Metropolitan Manila,Metro Manila,Retail,PHP,KG
2024-06-15,2024,6,Ginger,Ginger,248.28,National Capital region,Metropolitan Manila,Metro Manila,Retail,PHP,KG
2024-07-15,2024,7,Ginger,Ginger,226.17,National Capital region,Metropolitan Manila,Metro Manila,Retail,PHP,KG
2024-08-15,2024,8,Ginger,Ginger,218.45,National Capital region,Metropolitan Manila,Metro Manila,Retail,PHP,KG
2024-09-15,2024,9,Ginger,Ginger,222.67,National Capital region,Metropolitan Manila,Metro Manila,Retail,PHP,KG
2024-10-15,2024,10,Ginger,Ginger,209.11,National Capital region,Metropolitan Manila,Metro Manila,Retail,PHP,KG
2024-11-15,2024,11,Ginger,Ginger,204.05,National Capital region,Metropolitan Manila,Metro Manila,Retail,PHP,KG
2024-12-15,2024,12,Ginger,Ginger,199.1,National Capital region,Metropolitan Manila,Metro Manila,Retail,PHP,KG
2025-01-15,2025,1,Ginger,Ginger,196.86,National Capital region,Metropolitan Manila,Metro Manila,Retail,PHP,KG
2025-02-15,2025,2,Ginger,Ginger,185.8,National Capital region,Metropolitan Manila,Metro Manila,Retail,PHP,KG
2025-03-15,2025,3,Ginger,Ginger,181.53,National Capital region,Metropolitan Manila,Metro Manila,Retail,PHP,KG
2025-04-15,2025,4,Ginger,Ginger,182.13,National Capital region,Metropolitan Manila,Metro Manila,Retail,PHP,KG
2025-05-15,2025,5,Ginger,Ginger,200.21,National Capital region,Metropolitan Manila,Metro Manila,Retail,PHP,KG
2025-06-15,2025,6,Ginger,Ginger,202.06,National Capital region,Metropolitan Manila,Metro Manila,Retail,PHP,KG
2025-07-15,2025,7,Ginger,Ginger,200.33,National Capital region,Metropolitan Manila,Metro Manila,Retail,PHP,KG
2025-08-15,2025,8,Ginger,Ginger,198.06,National Capital region,Metropolitan Manila,Metro Manila,Retail,PHP,KG
2025-09-15,2025,9,Ginger,Ginger,192.39,National Capital region,Metropolitan Manila,Metro Manila,Retail,PHP,KG
2025-10-15,2025,10,Ginger,Ginger,180.02,National Capital region,Metropolitan Manila,Metro Manila,Retail,PHP,KG
2025-11-15,2025,11,Ginger,Ginger,190.41,National Capital region,Metropolitan Manila,Metro Manila,Retail,PHP,KG
2025-12-15,2025,12,Ginger,Ginger,184.84,National Capital region,Metropolitan Manila,Metro Manila,Retail,PHP,KG
2026-01-15,2026,1,Ginger,Ginger,174.91,National Capital region,Metropolitan Manila,Metro Manila,Retail,PHP,KG
2026-02-15,2026,2,Ginger,Ginger,170.52,National Capital region,Metropolitan Manila,Metro Manila,Retail,PHP,KG
2026-03-15,2026,3,Ginger,Ginger,170.22,National Capital region,Metropolitan Manila,Metro Manila,Retail,PHP,KG
2026-04-15,2026,4,Ginger,Ginger,168.15,National Capital region,Metropolitan Manila,Metro Manila,Retail,PHP,KG
2026-05-15,2026,5,Ginger,Ginger,175.86,National Capital region,Metropolitan Manila,Metro Manila,Retail,PHP,KG
2026-06-15,2026,6,Ginger,Ginger,179.69,National Capital region,Metropolitan Manila,Metro Manila,Retail,PHP,KG
2020-05-15,2020,5,Mango (Carabao),Mangoes (carabao),128.01,National Capital region,Metropolitan Manila,Metro Manila,Retail,PHP,KG
2020-06-15,2020,6,Mango (Carabao),Mangoes (carabao),117.21,National Capital region,Metropolitan Manila,Metro Manila,Retail,PHP,KG
2020-07-15,2020,7,Mango (Carabao),Mangoes (carabao),134.04,National Capital region,Metropolitan Manila,Metro Manila,Retail,PHP,KG
2020-08-15,2020,8,Mango (Carabao),Mangoes (carabao),140.4,National Capital region,Metropolitan Manila,Metro Manila,Retail,PHP,KG
2020-09-15,2020,9,Mango (Carabao),Mangoes (carabao),159.36,National Capital region,Metropolitan Manila,Metro Manila,Retail,PHP,KG
2020-10-15,2020,10,Mango (Carabao),Mangoes (carabao),170.17,National Capital region,Metropolitan Manila,Metro Manila,Retail,PHP,KG
2020-11-15,2020,11,Mango (Carabao),Mangoes (carabao),161.19,National Capital region,Metropolitan Manila,Metro Manila,Retail,PHP,KG
2020-12-15,2020,12,Mango (Carabao),Mangoes (carabao),165.78,National Capital region,Metropolitan Manila,Metro Manila,Retail,PHP,KG
2021-01-15,2021,1,Mango (Carabao),Mangoes (carabao),215.09,National Capital region,Metropolitan Manila,Metro Manila,Retail,PHP,KG
2021-02-15,2021,2,Mango (Carabao),Mangoes (carabao),197.03,National Capital region,Metropolitan Manila,Metro Manila,Retail,PHP,KG
2021-03-15,2021,3,Mango (Carabao),Mangoes (carabao),168.1,National Capital region,Metropolitan Manila,Metro Manila,Retail,PHP,KG
2021-04-15,2021,4,Mango (Carabao),Mangoes (carabao),159.51,National Capital region,Metropolitan Manila,Metro Manila,Retail,PHP,KG
2021-05-15,2021,5,Mango (Carabao),Mangoes (carabao),147.44,National Capital region,Metropolitan Manila,Metro Manila,Retail,PHP,KG
2021-06-15,2021,6,Mango (Carabao),Mangoes (carabao),139.27,National Capital region,Metropolitan Manila,Metro Manila,Retail,PHP,KG
2021-07-15,2021,7,Mango (Carabao),Mangoes (carabao),146.22,National Capital region,Metropolitan Manila,Metro Manila,Retail,PHP,KG
2021-08-15,2021,8,Mango (Carabao),Mangoes (carabao),148.68,National Capital region,Metropolitan Manila,Metro Manila,Retail,PHP,KG
2021-09-15,2021,9,Mango (Carabao),Mangoes (carabao),156.59,National Capital region,Metropolitan Manila,Metro Manila,Retail,PHP,KG
2021-10-15,2021,10,Mango (Carabao),Mangoes (carabao),153.99,National Capital region,Metropolitan Manila,Metro Manila,Retail,PHP,KG
2021-11-15,2021,11,Mango (Carabao),Mangoes (carabao),157.2,National Capital region,Metropolitan Manila,Metro Manila,Retail,PHP,KG
2021-12-15,2021,12,Mango (Carabao),Mangoes (carabao),158.87,National Capital region,Metropolitan Manila,Metro Manila,Retail,PHP,KG
2022-01-15,2022,1,Mango (Carabao),Mangoes (carabao),161.57,National Capital region,Metropolitan Manila,Metro Manila,Retail,PHP,KG
2022-02-15,2022,2,Mango (Carabao),Mangoes (carabao),152.71,National Capital region,Metropolitan Manila,Metro Manila,Retail,PHP,KG
2022-03-15,2022,3,Mango (Carabao),Mangoes (carabao),144.08,National Capital region,Metropolitan Manila,Metro Manila,Retail,PHP,KG
2022-04-15,2022,4,Mango (Carabao),Mangoes (carabao),135.49,National Capital region,Metropolitan Manila,Metro Manila,Retail,PHP,KG
2022-05-15,2022,5,Mango (Carabao),Mangoes (carabao),131.32,National Capital region,Metropolitan Manila,Metro Manila,Retail,PHP,KG
2022-06-15,2022,6,Mango (Carabao),Mangoes (carabao),144.36,National Capital region,Metropolitan Manila,Metro Manila,Retail,PHP,KG
2022-07-15,2022,7,Mango (Carabao),Mangoes (carabao),151.1,National Capital region,Metropolitan Manila,Metro Manila,Retail,PHP,KG
2022-08-15,2022,8,Mango (Carabao),Mangoes (carabao),170.26,National Capital region,Metropolitan Manila,Metro Manila,Retail,PHP,KG
2022-09-15,2022,9,Mango (Carabao),Mangoes (carabao),175.31,National Capital region,Metropolitan Manila,Metro Manila,Retail,PHP,KG
2022-10-15,2022,10,Mango (Carabao),Mangoes (carabao),180.07,National Capital region,Metropolitan Manila,Metro Manila,Retail,PHP,KG
2022-11-15,2022,11,Mango (Carabao),Mangoes (carabao),184.91,National Capital region,Metropolitan Manila,Metro Manila,Retail,PHP,KG
2022-12-15,2022,12,Mango (Carabao),Mangoes (carabao),175.41,National Capital region,Metropolitan Manila,Metro Manila,Retail,PHP,KG
2023-01-15,2023,1,Mango (Carabao),Mangoes (carabao),170.57,National Capital region,Metropolitan Manila,Metro Manila,Retail,PHP,KG
2023-02-15,2023,2,Mango (Carabao),Mangoes (carabao),169.66,National Capital region,Metropolitan Manila,Metro Manila,Retail,PHP,KG
2023-03-15,2023,3,Mango (Carabao),Mangoes (carabao),165.85,National Capital region,Metropolitan Manila,Metro Manila,Retail,PHP,KG
2023-04-15,2023,4,Mango (Carabao),Mangoes (carabao),158.23,National Capital region,Metropolitan Manila,Metro Manila,Retail,PHP,KG
2023-05-15,2023,5,Mango (Carabao),Mangoes (carabao),144.7,National Capital region,Metropolitan Manila,Metro Manila,Retail,PHP,KG
2023-06-15,2023,6,Mango (Carabao),Mangoes (carabao),137.88,National Capital region,Metropolitan Manila,Metro Manila,Retail,PHP,KG
2023-07-15,2023,7,Mango (Carabao),Mangoes (carabao),142.83,National Capital region,Metropolitan Manila,Metro Manila,Retail,PHP,KG
2023-08-15,2023,8,Mango (Carabao),Mangoes (carabao),166.38,National Capital region,Metropolitan Manila,Metro Manila,Retail,PHP,KG
2023-09-15,2023,9,Mango (Carabao),Mangoes (carabao),187.85,National Capital region,Metropolitan Manila,Metro Manila,Retail,PHP,KG
2023-10-15,2023,10,Mango (Carabao),Mangoes (carabao),195.37,National Capital region,Metropolitan Manila,Metro Manila,Retail,PHP,KG
2023-11-15,2023,11,Mango (Carabao),Mangoes (carabao),194.88,National Capital region,Metropolitan Manila,Metro Manila,Retail,PHP,KG
2023-12-15,2023,12,Mango (Carabao),Mangoes (carabao),198.07,National Capital region,Metropolitan Manila,Metro Manila,Retail,PHP,KG
2024-01-15,2024,1,Mango (Carabao),Mangoes (carabao),181.89,National Capital region,Metropolitan Manila,Metro Manila,Retail,PHP,KG
2024-02-15,2024,2,Mango (Carabao),Mangoes (carabao),169.6,National Capital region,Metropolitan Manila,Metro Manila,Retail,PHP,KG
2024-03-15,2024,3,Mango (Carabao),Mangoes (carabao),162.36,National Capital region,Metropolitan Manila,Metro Manila,Retail,PHP,KG
2024-04-15,2024,4,Mango (Carabao),Mangoes (carabao),146.28,National Capital region,Metropolitan Manila,Metro Manila,Retail,PHP,KG
2024-05-15,2024,5,Mango (Carabao),Mangoes (carabao),134.39,National Capital region,Metropolitan Manila,Metro Manila,Retail,PHP,KG
2024-06-15,2024,6,Mango (Carabao),Mangoes (carabao),126.69,National Capital region,Metropolitan Manila,Metro Manila,Retail,PHP,KG
2024-07-15,2024,7,Mango (Carabao),Mangoes (carabao),151.57,National Capital region,Metropolitan Manila,Metro Manila,Retail,PHP,KG
2024-08-15,2024,8,Mango (Carabao),Mangoes (carabao),185.5,National Capital region,Metropolitan Manila,Metro Manila,Retail,PHP,KG
2024-09-15,2024,9,Mango (Carabao),Mangoes (carabao),250.28,National Capital region,Metropolitan Manila,Metro Manila,Retail,PHP,KG
2024-10-15,2024,10,Mango (Carabao),Mangoes (carabao),234.62,National Capital region,Metropolitan Manila,Metro Manila,Retail,PHP,KG
2024-11-15,2024,11,Mango (Carabao),Mangoes (carabao),202.16,National Capital region,Metropolitan Manila,Metro Manila,Retail,PHP,KG
2024-12-15,2024,12,Mango (Carabao),Mangoes (carabao),215.43,National Capital region,Metropolitan Manila,Metro Manila,Retail,PHP,KG
2025-01-15,2025,1,Mango (Carabao),Mangoes (carabao),199.42,National Capital region,Metropolitan Manila,Metro Manila,Retail,PHP,KG
2025-02-15,2025,2,Mango (Carabao),Mangoes (carabao),189.27,National Capital region,Metropolitan Manila,Metro Manila,Retail,PHP,KG
2025-03-15,2025,3,Mango (Carabao),Mangoes (carabao),163.14,National Capital region,Metropolitan Manila,Metro Manila,Retail,PHP,KG
2025-04-15,2025,4,Mango (Carabao),Mangoes (carabao),140.92,National Capital region,Metropolitan Manila,Metro Manila,Retail,PHP,KG
2025-05-15,2025,5,Mango (Carabao),Mangoes (carabao),137.85,National Capital region,Metropolitan Manila,Metro Manila,Retail,PHP,KG
2025-06-15,2025,6,Mango (Carabao),Mangoes (carabao),143.63,National Capital region,Metropolitan Manila,Metro Manila,Retail,PHP,KG
2025-07-15,2025,7,Mango (Carabao),Mangoes (carabao),152.43,National Capital region,Metropolitan Manila,Metro Manila,Retail,PHP,KG
2025-08-15,2025,8,Mango (Carabao),Mangoes (carabao),177.24,National Capital region,Metropolitan Manila,Metro Manila,Retail,PHP,KG
2025-09-15,2025,9,Mango (Carabao),Mangoes (carabao),187.97,National Capital region,Metropolitan Manila,Metro Manila,Retail,PHP,KG
2025-10-15,2025,10,Mango (Carabao),Mangoes (carabao),184.19,National Capital region,Metropolitan Manila,Metro Manila,Retail,PHP,KG
2025-11-15,2025,11,Mango (Carabao),Mangoes (carabao),199.1,National Capital region,Metropolitan Manila,Metro Manila,Retail,PHP,KG
2025-12-15,2025,12,Mango (Carabao),Mangoes (carabao),197.1,National Capital region,Metropolitan Manila,Metro Manila,Retail,PHP,KG
2026-01-15,2026,1,Mango (Carabao),Mangoes (carabao),196.17,National Capital region,Metropolitan Manila,Metro Manila,Retail,PHP,KG
2026-02-15,2026,2,Mango (Carabao),Mangoes (carabao),192.71,National Capital region,Metropolitan Manila,Metro Manila,Retail,PHP,KG
2026-03-15,2026,3,Mango (Carabao),Mangoes (carabao),182.83,National Capital region,Metropolitan Manila,Metro Manila,Retail,PHP,KG
2026-04-15,2026,4,Mango (Carabao),Mangoes (carabao),158.8,National Capital region,Metropolitan Manila,Metro Manila,Retail,PHP,KG
2026-05-15,2026,5,Mango (Carabao),Mangoes (carabao),150.94,National Capital region,Metropolitan Manila,Metro Manila,Retail,PHP,KG
2026-06-15,2026,6,Mango (Carabao),Mangoes (carabao),147.69,National Capital region,Metropolitan Manila,Metro Manila,Retail,PHP,KG
2008-01-15,2008,1,Red Onion,Onions (red),145.19,National Capital region,Metropolitan Manila,Metro Manila,Retail,PHP,KG
2008-02-15,2008,2,Red Onion,Onions (red),61.28,National Capital region,Metropolitan Manila,Metro Manila,Retail,PHP,KG
2008-03-15,2008,3,Red Onion,Onions (red),44.31,National Capital region,Metropolitan Manila,Metro Manila,Retail,PHP,KG
2008-04-15,2008,4,Red Onion,Onions (red),51.93,National Capital region,Metropolitan Manila,Metro Manila,Retail,PHP,KG
2008-05-15,2008,5,Red Onion,Onions (red),78.53,National Capital region,Metropolitan Manila,Metro Manila,Retail,PHP,KG
2008-06-15,2008,6,Red Onion,Onions (red),78.5,National Capital region,Metropolitan Manila,Metro Manila,Retail,PHP,KG
2008-07-15,2008,7,Red Onion,Onions (red),77.13,National Capital region,Metropolitan Manila,Metro Manila,Retail,PHP,KG
2008-08-15,2008,8,Red Onion,Onions (red),84.04,National Capital region,Metropolitan Manila,Metro Manila,Retail,PHP,KG
2008-09-15,2008,9,Red Onion,Onions (red),82.6,National Capital region,Metropolitan Manila,Metro Manila,Retail,PHP,KG
2008-10-15,2008,10,Red Onion,Onions (red),83.68,National Capital region,Metropolitan Manila,Metro Manila,Retail,PHP,KG
2008-11-15,2008,11,Red Onion,Onions (red),81.56,National Capital region,Metropolitan Manila,Metro Manila,Retail,PHP,KG
2008-12-15,2008,12,Red Onion,Onions (red),78.97,National Capital region,Metropolitan Manila,Metro Manila,Retail,PHP,KG
2009-01-15,2009,1,Red Onion,Onions (red),73.01,National Capital region,Metropolitan Manila,Metro Manila,Retail,PHP,KG
2009-02-15,2009,2,Red Onion,Onions (red),54.14,National Capital region,Metropolitan Manila,Metro Manila,Retail,PHP,KG
2009-03-15,2009,3,Red Onion,Onions (red),49.18,National Capital region,Metropolitan Manila,Metro Manila,Retail,PHP,KG
2009-04-15,2009,4,Red Onion,Onions (red),46.58,National Capital region,Metropolitan Manila,Metro Manila,Retail,PHP,KG
2009-05-15,2009,5,Red Onion,Onions (red),49.09,National Capital region,Metropolitan Manila,Metro Manila,Retail,PHP,KG
2009-06-15,2009,6,Red Onion,Onions (red),54.05,National Capital region,Metropolitan Manila,Metro Manila,Retail,PHP,KG
2009-07-15,2009,7,Red Onion,Onions (red),55.45,National Capital region,Metropolitan Manila,Metro Manila,Retail,PHP,KG
2009-08-15,2009,8,Red Onion,Onions (red),58.8,National Capital region,Metropolitan Manila,Metro Manila,Retail,PHP,KG
2009-09-15,2009,9,Red Onion,Onions (red),59.52,National Capital region,Metropolitan Manila,Metro Manila,Retail,PHP,KG
2009-10-15,2009,10,Red Onion,Onions (red),68.56,National Capital region,Metropolitan Manila,Metro Manila,Retail,PHP,KG
2009-11-15,2009,11,Red Onion,Onions (red),73.7,National Capital region,Metropolitan Manila,Metro Manila,Retail,PHP,KG
2009-12-15,2009,12,Red Onion,Onions (red),81.48,National Capital region,Metropolitan Manila,Metro Manila,Retail,PHP,KG
2010-01-15,2010,1,Red Onion,Onions (red),104.43,National Capital region,Metropolitan Manila,Metro Manila,Retail,PHP,KG
2010-02-15,2010,2,Red Onion,Onions (red),58.48,National Capital region,Metropolitan Manila,Metro Manila,Retail,PHP,KG
2010-03-15,2010,3,Red Onion,Onions (red),35.18,National Capital region,Metropolitan Manila,Metro Manila,Retail,PHP,KG
2010-04-15,2010,4,Red Onion,Onions (red),30.79,National Capital region,Metropolitan Manila,Metro Manila,Retail,PHP,KG
2010-05-15,2010,5,Red Onion,Onions (red),30.24,National Capital region,Metropolitan Manila,Metro Manila,Retail,PHP,KG
2010-06-15,2010,6,Red Onion,Onions (red),35.82,National Capital region,Metropolitan Manila,Metro Manila,Retail,PHP,KG
2010-07-15,2010,7,Red Onion,Onions (red),40.35,National Capital region,Metropolitan Manila,Metro Manila,Retail,PHP,KG
2010-08-15,2010,8,Red Onion,Onions (red),47.48,National Capital region,Metropolitan Manila,Metro Manila,Retail,PHP,KG
2010-09-15,2010,9,Red Onion,Onions (red),50.1,National Capital region,Metropolitan Manila,Metro Manila,Retail,PHP,KG
2010-10-15,2010,10,Red Onion,Onions (red),49.09,National Capital region,Metropolitan Manila,Metro Manila,Retail,PHP,KG
2010-11-15,2010,11,Red Onion,Onions (red),49.65,National Capital region,Metropolitan Manila,Metro Manila,Retail,PHP,KG
2010-12-15,2010,12,Red Onion,Onions (red),55.89,National Capital region,Metropolitan Manila,Metro Manila,Retail,PHP,KG
2012-01-15,2012,1,Red Onion,Onions (red),72.42,National Capital region,Metropolitan Manila,Metro Manila,Retail,PHP,KG
2012-02-15,2012,2,Red Onion,Onions (red),65.62,National Capital region,Metropolitan Manila,Metro Manila,Retail,PHP,KG
2012-03-15,2012,3,Red Onion,Onions (red),56.91,National Capital region,Metropolitan Manila,Metro Manila,Retail,PHP,KG
2012-05-15,2012,5,Red Onion,Onions (red),68.75,National Capital region,Metropolitan Manila,Metro Manila,Retail,PHP,KG
2012-06-15,2012,6,Red Onion,Onions (red),72.32,National Capital region,Metropolitan Manila,Metro Manila,Retail,PHP,KG
2012-07-15,2012,7,Red Onion,Onions (red),73.58,National Capital region,Metropolitan Manila,Metro Manila,Retail,PHP,KG
2012-08-15,2012,8,Red Onion,Onions (red),82.61,National Capital region,Metropolitan Manila,Metro Manila,Retail,PHP,KG
2012-09-15,2012,9,Red Onion,Onions (red),90.13,National Capital region,Metropolitan Manila,Metro Manila,Retail,PHP,KG
2012-10-15,2012,10,Red Onion,Onions (red),94.17,National Capital region,Metropolitan Manila,Metro Manila,Retail,PHP,KG
2012-11-15,2012,11,Red Onion,Onions (red),86.78,National Capital region,Metropolitan Manila,Metro Manila,Retail,PHP,KG
2013-01-15,2013,1,Red Onion,Onions (red),80.92,National Capital region,Metropolitan Manila,Metro Manila,Retail,PHP,KG
2013-02-15,2013,2,Red Onion,Onions (red),59.7,National Capital region,Metropolitan Manila,Metro Manila,Retail,PHP,KG
2013-03-15,2013,3,Red Onion,Onions (red),45.61,National Capital region,Metropolitan Manila,Metro Manila,Retail,PHP,KG
2013-04-15,2013,4,Red Onion,Onions (red),43.42,National Capital region,Metropolitan Manila,Metro Manila,Retail,PHP,KG
2014-07-15,2014,7,Red Onion,Onions (red),42.79,National Capital region,Metropolitan Manila,Metro Manila,Retail,PHP,KG
2017-05-15,2017,5,Red Onion,Onions (red),60.18,National Capital region,Metropolitan Manila,Metro Manila,Retail,PHP,KG
2017-06-15,2017,6,Red Onion,Onions (red),65.2,National Capital region,Metropolitan Manila,Metro Manila,Retail,PHP,KG
2017-07-15,2017,7,Red Onion,Onions (red),63.36,National Capital region,Metropolitan Manila,Metro Manila,Retail,PHP,KG
2017-08-15,2017,8,Red Onion,Onions (red),64.7,National Capital region,Metropolitan Manila,Metro Manila,Retail,PHP,KG
2017-09-15,2017,9,Red Onion,Onions (red),73.47,National Capital region,Metropolitan Manila,Metro Manila,Retail,PHP,KG
2017-10-15,2017,10,Red Onion,Onions (red),73.08,National Capital region,Metropolitan Manila,Metro Manila,Retail,PHP,KG
2017-11-15,2017,11,Red Onion,Onions (red),84.43,National Capital region,Metropolitan Manila,Metro Manila,Retail,PHP,KG
2017-12-15,2017,12,Red Onion,Onions (red),110.16,National Capital region,Metropolitan Manila,Metro Manila,Retail,PHP,KG
2018-01-15,2018,1,Red Onion,Onions (red),108.66,National Capital region,Metropolitan Manila,Metro Manila,Retail,PHP,KG
2018-02-15,2018,2,Red Onion,Onions (red),81.7,National Capital region,Metropolitan Manila,Metro Manila,Retail,PHP,KG
2018-03-15,2018,3,Red Onion,Onions (red),71.83,National Capital region,Metropolitan Manila,Metro Manila,Retail,PHP,KG
2018-04-15,2018,4,Red Onion,Onions (red),76.45,National Capital region,Metropolitan Manila,Metro Manila,Retail,PHP,KG
2018-05-15,2018,5,Red Onion,Onions (red),83.94,National Capital region,Metropolitan Manila,Metro Manila,Retail,PHP,KG
2018-06-15,2018,6,Red Onion,Onions (red),92.18,National Capital region,Metropolitan Manila,Metro Manila,Retail,PHP,KG
2018-07-15,2018,7,Red Onion,Onions (red),95.76,National Capital region,Metropolitan Manila,Metro Manila,Retail,PHP,KG
2018-08-15,2018,8,Red Onion,Onions (red),102.83,National Capital region,Metropolitan Manila,Metro Manila,Retail,PHP,KG
2018-09-15,2018,9,Red Onion,Onions (red),97.38,National Capital region,Metropolitan Manila,Metro Manila,Retail,PHP,KG
2018-10-15,2018,10,Red Onion,Onions (red),78.21,National Capital region,Metropolitan Manila,Metro Manila,Retail,PHP,KG
2018-11-15,2018,11,Red Onion,Onions (red),84.34,National Capital region,Metropolitan Manila,Metro Manila,Retail,PHP,KG
2018-12-15,2018,12,Red Onion,Onions (red),81.58,National Capital region,Metropolitan Manila,Metro Manila,Retail,PHP,KG
2019-01-15,2019,1,Red Onion,Onions (red),82.48,National Capital region,Metropolitan Manila,Metro Manila,Retail,PHP,KG
2019-02-15,2019,2,Red Onion,Onions (red),71.94,National Capital region,Metropolitan Manila,Metro Manila,Retail,PHP,KG
2019-03-15,2019,3,Red Onion,Onions (red),62.75,National Capital region,Metropolitan Manila,Metro Manila,Retail,PHP,KG
2019-05-15,2019,5,Red Onion,Onions (red),55.05,National Capital region,Metropolitan Manila,Metro Manila,Retail,PHP,KG
2020-05-15,2020,5,Red Onion,Onions (red),98.72,National Capital region,Metropolitan Manila,Metro Manila,Retail,PHP,KG
2020-06-15,2020,6,Red Onion,Onions (red),95.33,National Capital region,Metropolitan Manila,Metro Manila,Retail,PHP,KG
2020-07-15,2020,7,Red Onion,Onions (red),96.25,National Capital region,Metropolitan Manila,Metro Manila,Retail,PHP,KG
2020-08-15,2020,8,Red Onion,Onions (red),111.64,National Capital region,Metropolitan Manila,Metro Manila,Retail,PHP,KG
2020-09-15,2020,9,Red Onion,Onions (red),139.06,National Capital region,Metropolitan Manila,Metro Manila,Retail,PHP,KG
2020-10-15,2020,10,Red Onion,Onions (red),179.5,National Capital region,Metropolitan Manila,Metro Manila,Retail,PHP,KG
2020-11-15,2020,11,Red Onion,Onions (red),225.53,National Capital region,Metropolitan Manila,Metro Manila,Retail,PHP,KG
2020-12-15,2020,12,Red Onion,Onions (red),214.72,National Capital region,Metropolitan Manila,Metro Manila,Retail,PHP,KG
2021-01-15,2021,1,Red Onion,Onions (red),136.4,National Capital region,Metropolitan Manila,Metro Manila,Retail,PHP,KG
2021-02-15,2021,2,Red Onion,Onions (red),111.64,National Capital region,Metropolitan Manila,Metro Manila,Retail,PHP,KG
2021-03-15,2021,3,Red Onion,Onions (red),102.82,National Capital region,Metropolitan Manila,Metro Manila,Retail,PHP,KG
2021-04-15,2021,4,Red Onion,Onions (red),100.4,National Capital region,Metropolitan Manila,Metro Manila,Retail,PHP,KG
2021-05-15,2021,5,Red Onion,Onions (red),99.33,National Capital region,Metropolitan Manila,Metro Manila,Retail,PHP,KG
2021-06-15,2021,6,Red Onion,Onions (red),106.62,National Capital region,Metropolitan Manila,Metro Manila,Retail,PHP,KG
2021-07-15,2021,7,Red Onion,Onions (red),109.28,National Capital region,Metropolitan Manila,Metro Manila,Retail,PHP,KG
2021-08-15,2021,8,Red Onion,Onions (red),110.27,National Capital region,Metropolitan Manila,Metro Manila,Retail,PHP,KG
2021-09-15,2021,9,Red Onion,Onions (red),114.25,National Capital region,Metropolitan Manila,Metro Manila,Retail,PHP,KG
2021-10-15,2021,10,Red Onion,Onions (red),125.82,National Capital region,Metropolitan Manila,Metro Manila,Retail,PHP,KG
2021-11-15,2021,11,Red Onion,Onions (red),147.22,National Capital region,Metropolitan Manila,Metro Manila,Retail,PHP,KG
2021-12-15,2021,12,Red Onion,Onions (red),163.02,National Capital region,Metropolitan Manila,Metro Manila,Retail,PHP,KG
2022-01-15,2022,1,Red Onion,Onions (red),183.51,National Capital region,Metropolitan Manila,Metro Manila,Retail,PHP,KG
2022-02-15,2022,2,Red Onion,Onions (red),107.52,National Capital region,Metropolitan Manila,Metro Manila,Retail,PHP,KG
2022-03-15,2022,3,Red Onion,Onions (red),79.49,National Capital region,Metropolitan Manila,Metro Manila,Retail,PHP,KG
2022-04-15,2022,4,Red Onion,Onions (red),70.45,National Capital region,Metropolitan Manila,Metro Manila,Retail,PHP,KG
2022-05-15,2022,5,Red Onion,Onions (red),81.47,National Capital region,Metropolitan Manila,Metro Manila,Retail,PHP,KG
2022-06-15,2022,6,Red Onion,Onions (red),92.54,National Capital region,Metropolitan Manila,Metro Manila,Retail,PHP,KG
2022-07-15,2022,7,Red Onion,Onions (red),105.89,National Capital region,Metropolitan Manila,Metro Manila,Retail,PHP,KG
2022-08-15,2022,8,Red Onion,Onions (red),134.53,National Capital region,Metropolitan Manila,Metro Manila,Retail,PHP,KG
2022-09-15,2022,9,Red Onion,Onions (red),158.67,National Capital region,Metropolitan Manila,Metro Manila,Retail,PHP,KG
2022-10-15,2022,10,Red Onion,Onions (red),199.33,National Capital region,Metropolitan Manila,Metro Manila,Retail,PHP,KG
2022-11-15,2022,11,Red Onion,Onions (red),246.01,National Capital region,Metropolitan Manila,Metro Manila,Retail,PHP,KG
2022-12-15,2022,12,Red Onion,Onions (red),363.43,National Capital region,Metropolitan Manila,Metro Manila,Retail,PHP,KG
2023-01-15,2023,1,Red Onion,Onions (red),424.96,National Capital region,Metropolitan Manila,Metro Manila,Retail,PHP,KG
2023-02-15,2023,2,Red Onion,Onions (red),256.61,National Capital region,Metropolitan Manila,Metro Manila,Retail,PHP,KG
2023-03-15,2023,3,Red Onion,Onions (red),126.27,National Capital region,Metropolitan Manila,Metro Manila,Retail,PHP,KG
2023-04-15,2023,4,Red Onion,Onions (red),130.34,National Capital region,Metropolitan Manila,Metro Manila,Retail,PHP,KG
2023-05-15,2023,5,Red Onion,Onions (red),175.59,National Capital region,Metropolitan Manila,Metro Manila,Retail,PHP,KG
2023-06-15,2023,6,Red Onion,Onions (red),170.85,National Capital region,Metropolitan Manila,Metro Manila,Retail,PHP,KG
2023-07-15,2023,7,Red Onion,Onions (red),170.35,National Capital region,Metropolitan Manila,Metro Manila,Retail,PHP,KG
2023-08-15,2023,8,Red Onion,Onions (red),170.33,National Capital region,Metropolitan Manila,Metro Manila,Retail,PHP,KG
2023-09-15,2023,9,Red Onion,Onions (red),153.64,National Capital region,Metropolitan Manila,Metro Manila,Retail,PHP,KG
2023-10-15,2023,10,Red Onion,Onions (red),143.32,National Capital region,Metropolitan Manila,Metro Manila,Retail,PHP,KG
2023-11-15,2023,11,Red Onion,Onions (red),152.53,National Capital region,Metropolitan Manila,Metro Manila,Retail,PHP,KG
2023-12-15,2023,12,Red Onion,Onions (red),173.51,National Capital region,Metropolitan Manila,Metro Manila,Retail,PHP,KG
2024-01-15,2024,1,Red Onion,Onions (red),149.24,National Capital region,Metropolitan Manila,Metro Manila,Retail,PHP,KG
2024-02-15,2024,2,Red Onion,Onions (red),112.25,National Capital region,Metropolitan Manila,Metro Manila,Retail,PHP,KG
2024-03-15,2024,3,Red Onion,Onions (red),90.91,National Capital region,Metropolitan Manila,Metro Manila,Retail,PHP,KG
2024-04-15,2024,4,Red Onion,Onions (red),90.31,National Capital region,Metropolitan Manila,Metro Manila,Retail,PHP,KG
2024-05-15,2024,5,Red Onion,Onions (red),106.09,National Capital region,Metropolitan Manila,Metro Manila,Retail,PHP,KG
2024-06-15,2024,6,Red Onion,Onions (red),110.72,National Capital region,Metropolitan Manila,Metro Manila,Retail,PHP,KG
2024-07-15,2024,7,Red Onion,Onions (red),107.72,National Capital region,Metropolitan Manila,Metro Manila,Retail,PHP,KG
2024-08-15,2024,8,Red Onion,Onions (red),109.67,National Capital region,Metropolitan Manila,Metro Manila,Retail,PHP,KG
2024-09-15,2024,9,Red Onion,Onions (red),106.82,National Capital region,Metropolitan Manila,Metro Manila,Retail,PHP,KG
2024-10-15,2024,10,Red Onion,Onions (red),104.14,National Capital region,Metropolitan Manila,Metro Manila,Retail,PHP,KG
2024-11-15,2024,11,Red Onion,Onions (red),106.47,National Capital region,Metropolitan Manila,Metro Manila,Retail,PHP,KG
2024-12-15,2024,12,Red Onion,Onions (red),119.47,National Capital region,Metropolitan Manila,Metro Manila,Retail,PHP,KG
2025-01-15,2025,1,Red Onion,Onions (red),142.8,National Capital region,Metropolitan Manila,Metro Manila,Retail,PHP,KG
2025-02-15,2025,2,Red Onion,Onions (red),174.18,National Capital region,Metropolitan Manila,Metro Manila,Retail,PHP,KG
2025-03-15,2025,3,Red Onion,Onions (red),129.71,National Capital region,Metropolitan Manila,Metro Manila,Retail,PHP,KG
2025-04-15,2025,4,Red Onion,Onions (red),113.7,National Capital region,Metropolitan Manila,Metro Manila,Retail,PHP,KG
2025-05-15,2025,5,Red Onion,Onions (red),128.68,National Capital region,Metropolitan Manila,Metro Manila,Retail,PHP,KG
2025-06-15,2025,6,Red Onion,Onions (red),133.49,National Capital region,Metropolitan Manila,Metro Manila,Retail,PHP,KG
2025-07-15,2025,7,Red Onion,Onions (red),145.26,National Capital region,Metropolitan Manila,Metro Manila,Retail,PHP,KG
2025-08-15,2025,8,Red Onion,Onions (red),160.66,National Capital region,Metropolitan Manila,Metro Manila,Retail,PHP,KG
2025-09-15,2025,9,Red Onion,Onions (red),159.87,National Capital region,Metropolitan Manila,Metro Manila,Retail,PHP,KG
2025-10-15,2025,10,Red Onion,Onions (red),158.03,National Capital region,Metropolitan Manila,Metro Manila,Retail,PHP,KG
2025-11-15,2025,11,Red Onion,Onions (red),223.48,National Capital region,Metropolitan Manila,Metro Manila,Retail,PHP,KG
2025-12-15,2025,12,Red Onion,Onions (red),223.49,National Capital region,Metropolitan Manila,Metro Manila,Retail,PHP,KG
2026-01-15,2026,1,Red Onion,Onions (red),164.88,National Capital region,Metropolitan Manila,Metro Manila,Retail,PHP,KG
2026-02-15,2026,2,Red Onion,Onions (red),137.54,National Capital region,Metropolitan Manila,Metro Manila,Retail,PHP,KG
2026-03-15,2026,3,Red Onion,Onions (red),116.81,National Capital region,Metropolitan Manila,Metro Manila,Retail,PHP,KG
2026-04-15,2026,4,Red Onion,Onions (red),102.81,National Capital region,Metropolitan Manila,Metro Manila,Retail,PHP,KG
2026-05-15,2026,5,Red Onion,Onions (red),101.34,National Capital region,Metropolitan Manila,Metro Manila,Retail,PHP,KG
2026-06-15,2026,6,Red Onion,Onions (red),110.07,National Capital region,Metropolitan Manila,Metro Manila,Retail,PHP,KG
2020-05-15,2020,5,Squash,Squashes,35.57,National Capital region,Metropolitan Manila,Metro Manila,Retail,PHP,KG
2020-06-15,2020,6,Squash,Squashes,35.85,National Capital region,Metropolitan Manila,Metro Manila,Retail,PHP,KG
2020-07-15,2020,7,Squash,Squashes,32.59,National Capital region,Metropolitan Manila,Metro Manila,Retail,PHP,KG
2020-08-15,2020,8,Squash,Squashes,35.03,National Capital region,Metropolitan Manila,Metro Manila,Retail,PHP,KG
2020-09-15,2020,9,Squash,Squashes,35.12,National Capital region,Metropolitan Manila,Metro Manila,Retail,PHP,KG
2020-10-15,2020,10,Squash,Squashes,35.25,National Capital region,Metropolitan Manila,Metro Manila,Retail,PHP,KG
2020-11-15,2020,11,Squash,Squashes,38.69,National Capital region,Metropolitan Manila,Metro Manila,Retail,PHP,KG
2020-12-15,2020,12,Squash,Squashes,50.5,National Capital region,Metropolitan Manila,Metro Manila,Retail,PHP,KG
2021-01-15,2021,1,Squash,Squashes,101.81,National Capital region,Metropolitan Manila,Metro Manila,Retail,PHP,KG
2021-02-15,2021,2,Squash,Squashes,81.69,National Capital region,Metropolitan Manila,Metro Manila,Retail,PHP,KG
2021-03-15,2021,3,Squash,Squashes,52.53,National Capital region,Metropolitan Manila,Metro Manila,Retail,PHP,KG
2021-04-15,2021,4,Squash,Squashes,39.5,National Capital region,Metropolitan Manila,Metro Manila,Retail,PHP,KG
2021-05-15,2021,5,Squash,Squashes,35.19,National Capital region,Metropolitan Manila,Metro Manila,Retail,PHP,KG
2021-06-15,2021,6,Squash,Squashes,35.93,National Capital region,Metropolitan Manila,Metro Manila,Retail,PHP,KG
2021-07-15,2021,7,Squash,Squashes,38.72,National Capital region,Metropolitan Manila,Metro Manila,Retail,PHP,KG
2021-08-15,2021,8,Squash,Squashes,47.36,National Capital region,Metropolitan Manila,Metro Manila,Retail,PHP,KG
2021-09-15,2021,9,Squash,Squashes,49.83,National Capital region,Metropolitan Manila,Metro Manila,Retail,PHP,KG
2021-10-15,2021,10,Squash,Squashes,50.94,National Capital region,Metropolitan Manila,Metro Manila,Retail,PHP,KG
2021-11-15,2021,11,Squash,Squashes,48.51,National Capital region,Metropolitan Manila,Metro Manila,Retail,PHP,KG
2021-12-15,2021,12,Squash,Squashes,44.64,National Capital region,Metropolitan Manila,Metro Manila,Retail,PHP,KG
2025-06-15,2025,6,Squash,Squashes,46.09,National Capital region,Metropolitan Manila,Metro Manila,Retail,PHP,KG
2025-07-15,2025,7,Squash,Squashes,49.29,National Capital region,Metropolitan Manila,Metro Manila,Retail,PHP,KG
2025-08-15,2025,8,Squash,Squashes,84.81,National Capital region,Metropolitan Manila,Metro Manila,Retail,PHP,KG
2025-09-15,2025,9,Squash,Squashes,84.32,National Capital region,Metropolitan Manila,Metro Manila,Retail,PHP,KG
2025-10-15,2025,10,Squash,Squashes,71.92,National Capital region,Metropolitan Manila,Metro Manila,Retail,PHP,KG
2025-11-15,2025,11,Squash,Squashes,62.24,National Capital region,Metropolitan Manila,Metro Manila,Retail,PHP,KG
2025-12-15,2025,12,Squash,Squashes,58.86,National Capital region,Metropolitan Manila,Metro Manila,Retail,PHP,KG
2026-01-15,2026,1,Squash,Squashes,61.6,National Capital region,Metropolitan Manila,Metro Manila,Retail,PHP,KG
2026-02-15,2026,2,Squash,Squashes,63.49,National Capital region,Metropolitan Manila,Metro Manila,Retail,PHP,KG
2026-03-15,2026,3,Squash,Squashes,73.79,National Capital region,Metropolitan Manila,Metro Manila,Retail,PHP,KG
2026-04-15,2026,4,Squash,Squashes,71.24,National Capital region,Metropolitan Manila,Metro Manila,Retail,PHP,KG
2026-05-15,2026,5,Squash,Squashes,65.54,National Capital region,Metropolitan Manila,Metro Manila,Retail,PHP,KG
2026-06-15,2026,6,Squash,Squashes,66.76,National Capital region,Metropolitan Manila,Metro Manila,Retail,PHP,KG
2008-01-15,2008,1,Tomato,Tomatoes,39.48,National Capital region,Metropolitan Manila,Metro Manila,Retail,PHP,KG
2008-02-15,2008,2,Tomato,Tomatoes,36.42,National Capital region,Metropolitan Manila,Metro Manila,Retail,PHP,KG
2008-03-15,2008,3,Tomato,Tomatoes,26.77,National Capital region,Metropolitan Manila,Metro Manila,Retail,PHP,KG
2008-04-15,2008,4,Tomato,Tomatoes,28.57,National Capital region,Metropolitan Manila,Metro Manila,Retail,PHP,KG
2008-05-15,2008,5,Tomato,Tomatoes,37.72,National Capital region,Metropolitan Manila,Metro Manila,Retail,PHP,KG
2008-06-15,2008,6,Tomato,Tomatoes,35.61,National Capital region,Metropolitan Manila,Metro Manila,Retail,PHP,KG
2008-07-15,2008,7,Tomato,Tomatoes,34.04,National Capital region,Metropolitan Manila,Metro Manila,Retail,PHP,KG
2008-08-15,2008,8,Tomato,Tomatoes,42.67,National Capital region,Metropolitan Manila,Metro Manila,Retail,PHP,KG
2008-09-15,2008,9,Tomato,Tomatoes,44.5,National Capital region,Metropolitan Manila,Metro Manila,Retail,PHP,KG
2008-10-15,2008,10,Tomato,Tomatoes,39.08,National Capital region,Metropolitan Manila,Metro Manila,Retail,PHP,KG
2008-11-15,2008,11,Tomato,Tomatoes,48.18,National Capital region,Metropolitan Manila,Metro Manila,Retail,PHP,KG
2008-12-15,2008,12,Tomato,Tomatoes,47.15,National Capital region,Metropolitan Manila,Metro Manila,Retail,PHP,KG
2009-01-15,2009,1,Tomato,Tomatoes,28.81,National Capital region,Metropolitan Manila,Metro Manila,Retail,PHP,KG
2009-02-15,2009,2,Tomato,Tomatoes,20.44,National Capital region,Metropolitan Manila,Metro Manila,Retail,PHP,KG
2009-03-15,2009,3,Tomato,Tomatoes,25.26,National Capital region,Metropolitan Manila,Metro Manila,Retail,PHP,KG
2009-04-15,2009,4,Tomato,Tomatoes,49.09,National Capital region,Metropolitan Manila,Metro Manila,Retail,PHP,KG
2009-05-15,2009,5,Tomato,Tomatoes,39.24,National Capital region,Metropolitan Manila,Metro Manila,Retail,PHP,KG
2009-06-15,2009,6,Tomato,Tomatoes,45.87,National Capital region,Metropolitan Manila,Metro Manila,Retail,PHP,KG
2009-07-15,2009,7,Tomato,Tomatoes,40.38,National Capital region,Metropolitan Manila,Metro Manila,Retail,PHP,KG
2009-08-15,2009,8,Tomato,Tomatoes,27.09,National Capital region,Metropolitan Manila,Metro Manila,Retail,PHP,KG
2009-09-15,2009,9,Tomato,Tomatoes,44.68,National Capital region,Metropolitan Manila,Metro Manila,Retail,PHP,KG
2009-10-15,2009,10,Tomato,Tomatoes,54.95,National Capital region,Metropolitan Manila,Metro Manila,Retail,PHP,KG
2009-11-15,2009,11,Tomato,Tomatoes,54.94,National Capital region,Metropolitan Manila,Metro Manila,Retail,PHP,KG
2009-12-15,2009,12,Tomato,Tomatoes,46.59,National Capital region,Metropolitan Manila,Metro Manila,Retail,PHP,KG
2010-01-15,2010,1,Tomato,Tomatoes,31.32,National Capital region,Metropolitan Manila,Metro Manila,Retail,PHP,KG
2010-02-15,2010,2,Tomato,Tomatoes,18.09,National Capital region,Metropolitan Manila,Metro Manila,Retail,PHP,KG
2010-03-15,2010,3,Tomato,Tomatoes,18.72,National Capital region,Metropolitan Manila,Metro Manila,Retail,PHP,KG
2010-04-15,2010,4,Tomato,Tomatoes,21.44,National Capital region,Metropolitan Manila,Metro Manila,Retail,PHP,KG
2010-05-15,2010,5,Tomato,Tomatoes,28.93,National Capital region,Metropolitan Manila,Metro Manila,Retail,PHP,KG
2010-06-15,2010,6,Tomato,Tomatoes,37.4,National Capital region,Metropolitan Manila,Metro Manila,Retail,PHP,KG
2010-07-15,2010,7,Tomato,Tomatoes,47.41,National Capital region,Metropolitan Manila,Metro Manila,Retail,PHP,KG
2010-08-15,2010,8,Tomato,Tomatoes,68.88,National Capital region,Metropolitan Manila,Metro Manila,Retail,PHP,KG
2010-09-15,2010,9,Tomato,Tomatoes,51.55,National Capital region,Metropolitan Manila,Metro Manila,Retail,PHP,KG
2010-10-15,2010,10,Tomato,Tomatoes,31.26,National Capital region,Metropolitan Manila,Metro Manila,Retail,PHP,KG
2010-11-15,2010,11,Tomato,Tomatoes,42.52,National Capital region,Metropolitan Manila,Metro Manila,Retail,PHP,KG
2010-12-15,2010,12,Tomato,Tomatoes,54.74,National Capital region,Metropolitan Manila,Metro Manila,Retail,PHP,KG
2012-05-15,2012,5,Tomato,Tomatoes,58.69,National Capital region,Metropolitan Manila,Metro Manila,Retail,PHP,KG
2012-06-15,2012,6,Tomato,Tomatoes,49.11,National Capital region,Metropolitan Manila,Metro Manila,Retail,PHP,KG
2012-07-15,2012,7,Tomato,Tomatoes,35.29,National Capital region,Metropolitan Manila,Metro Manila,Retail,PHP,KG
2012-08-15,2012,8,Tomato,Tomatoes,40.64,National Capital region,Metropolitan Manila,Metro Manila,Retail,PHP,KG
2012-09-15,2012,9,Tomato,Tomatoes,52.84,National Capital region,Metropolitan Manila,Metro Manila,Retail,PHP,KG
2012-10-15,2012,10,Tomato,Tomatoes,48.89,National Capital region,Metropolitan Manila,Metro Manila,Retail,PHP,KG
2012-11-15,2012,11,Tomato,Tomatoes,43.06,National Capital region,Metropolitan Manila,Metro Manila,Retail,PHP,KG
2013-01-15,2013,1,Tomato,Tomatoes,36.9,National Capital region,Metropolitan Manila,Metro Manila,Retail,PHP,KG
2013-02-15,2013,2,Tomato,Tomatoes,31.42,National Capital region,Metropolitan Manila,Metro Manila,Retail,PHP,KG
2013-03-15,2013,3,Tomato,Tomatoes,27.03,National Capital region,Metropolitan Manila,Metro Manila,Retail,PHP,KG
2013-04-15,2013,4,Tomato,Tomatoes,28.59,National Capital region,Metropolitan Manila,Metro Manila,Retail,PHP,KG
2014-07-15,2014,7,Tomato,Tomatoes,40.69,National Capital region,Metropolitan Manila,Metro Manila,Retail,PHP,KG
2017-05-15,2017,5,Tomato,Tomatoes,46.23,National Capital region,Metropolitan Manila,Metro Manila,Retail,PHP,KG
2017-06-15,2017,6,Tomato,Tomatoes,38.0,National Capital region,Metropolitan Manila,Metro Manila,Retail,PHP,KG
2017-07-15,2017,7,Tomato,Tomatoes,36.75,National Capital region,Metropolitan Manila,Metro Manila,Retail,PHP,KG
2017-08-15,2017,8,Tomato,Tomatoes,41.04,National Capital region,Metropolitan Manila,Metro Manila,Retail,PHP,KG
2017-09-15,2017,9,Tomato,Tomatoes,62.01,National Capital region,Metropolitan Manila,Metro Manila,Retail,PHP,KG
2017-10-15,2017,10,Tomato,Tomatoes,77.05,National Capital region,Metropolitan Manila,Metro Manila,Retail,PHP,KG
2017-11-15,2017,11,Tomato,Tomatoes,76.1,National Capital region,Metropolitan Manila,Metro Manila,Retail,PHP,KG
2017-12-15,2017,12,Tomato,Tomatoes,44.45,National Capital region,Metropolitan Manila,Metro Manila,Retail,PHP,KG
2018-01-15,2018,1,Tomato,Tomatoes,47.89,National Capital region,Metropolitan Manila,Metro Manila,Retail,PHP,KG
2018-02-15,2018,2,Tomato,Tomatoes,37.85,National Capital region,Metropolitan Manila,Metro Manila,Retail,PHP,KG
2018-03-15,2018,3,Tomato,Tomatoes,46.27,National Capital region,Metropolitan Manila,Metro Manila,Retail,PHP,KG
2018-04-15,2018,4,Tomato,Tomatoes,54.93,National Capital region,Metropolitan Manila,Metro Manila,Retail,PHP,KG
2018-05-15,2018,5,Tomato,Tomatoes,41.51,National Capital region,Metropolitan Manila,Metro Manila,Retail,PHP,KG
2018-06-15,2018,6,Tomato,Tomatoes,52.58,National Capital region,Metropolitan Manila,Metro Manila,Retail,PHP,KG
2018-07-15,2018,7,Tomato,Tomatoes,84.49,National Capital region,Metropolitan Manila,Metro Manila,Retail,PHP,KG
2018-08-15,2018,8,Tomato,Tomatoes,88.17,National Capital region,Metropolitan Manila,Metro Manila,Retail,PHP,KG
2018-09-15,2018,9,Tomato,Tomatoes,79.65,National Capital region,Metropolitan Manila,Metro Manila,Retail,PHP,KG
2018-10-15,2018,10,Tomato,Tomatoes,43.17,National Capital region,Metropolitan Manila,Metro Manila,Retail,PHP,KG
2018-11-15,2018,11,Tomato,Tomatoes,63.38,National Capital region,Metropolitan Manila,Metro Manila,Retail,PHP,KG
2018-12-15,2018,12,Tomato,Tomatoes,66.19,National Capital region,Metropolitan Manila,Metro Manila,Retail,PHP,KG
2019-01-15,2019,1,Tomato,Tomatoes,48.81,National Capital region,Metropolitan Manila,Metro Manila,Retail,PHP,KG
2019-02-15,2019,2,Tomato,Tomatoes,47.53,National Capital region,Metropolitan Manila,Metro Manila,Retail,PHP,KG
2019-03-15,2019,3,Tomato,Tomatoes,35.87,National Capital region,Metropolitan Manila,Metro Manila,Retail,PHP,KG
2020-05-15,2020,5,Tomato,Tomatoes,54.63,National Capital region,Metropolitan Manila,Metro Manila,Retail,PHP,KG
2020-06-15,2020,6,Tomato,Tomatoes,43.16,National Capital region,Metropolitan Manila,Metro Manila,Retail,PHP,KG
2020-07-15,2020,7,Tomato,Tomatoes,45.01,National Capital region,Metropolitan Manila,Metro Manila,Retail,PHP,KG
2020-08-15,2020,8,Tomato,Tomatoes,74.6,National Capital region,Metropolitan Manila,Metro Manila,Retail,PHP,KG
2020-09-15,2020,9,Tomato,Tomatoes,75.02,National Capital region,Metropolitan Manila,Metro Manila,Retail,PHP,KG
2020-10-15,2020,10,Tomato,Tomatoes,95.76,National Capital region,Metropolitan Manila,Metro Manila,Retail,PHP,KG
2020-11-15,2020,11,Tomato,Tomatoes,142.09,National Capital region,Metropolitan Manila,Metro Manila,Retail,PHP,KG
2020-12-15,2020,12,Tomato,Tomatoes,142.86,National Capital region,Metropolitan Manila,Metro Manila,Retail,PHP,KG
2021-01-15,2021,1,Tomato,Tomatoes,131.34,National Capital region,Metropolitan Manila,Metro Manila,Retail,PHP,KG
2021-02-15,2021,2,Tomato,Tomatoes,71.15,National Capital region,Metropolitan Manila,Metro Manila,Retail,PHP,KG
2021-03-15,2021,3,Tomato,Tomatoes,38.64,National Capital region,Metropolitan Manila,Metro Manila,Retail,PHP,KG
2021-04-15,2021,4,Tomato,Tomatoes,36.46,National Capital region,Metropolitan Manila,Metro Manila,Retail,PHP,KG
2021-05-15,2021,5,Tomato,Tomatoes,37.01,National Capital region,Metropolitan Manila,Metro Manila,Retail,PHP,KG
2021-06-15,2021,6,Tomato,Tomatoes,60.68,National Capital region,Metropolitan Manila,Metro Manila,Retail,PHP,KG
2021-07-15,2021,7,Tomato,Tomatoes,93.19,National Capital region,Metropolitan Manila,Metro Manila,Retail,PHP,KG
2021-08-15,2021,8,Tomato,Tomatoes,92.6,National Capital region,Metropolitan Manila,Metro Manila,Retail,PHP,KG
2021-09-15,2021,9,Tomato,Tomatoes,78.79,National Capital region,Metropolitan Manila,Metro Manila,Retail,PHP,KG
2021-10-15,2021,10,Tomato,Tomatoes,59.92,National Capital region,Metropolitan Manila,Metro Manila,Retail,PHP,KG
2021-11-15,2021,11,Tomato,Tomatoes,58.12,National Capital region,Metropolitan Manila,Metro Manila,Retail,PHP,KG
2021-12-15,2021,12,Tomato,Tomatoes,57.38,National Capital region,Metropolitan Manila,Metro Manila,Retail,PHP,KG
2022-01-15,2022,1,Tomato,Tomatoes,62.05,National Capital region,Metropolitan Manila,Metro Manila,Retail,PHP,KG
2022-02-15,2022,2,Tomato,Tomatoes,54.38,National Capital region,Metropolitan Manila,Metro Manila,Retail,PHP,KG
2022-03-15,2022,3,Tomato,Tomatoes,66.83,National Capital region,Metropolitan Manila,Metro Manila,Retail,PHP,KG
2022-04-15,2022,4,Tomato,Tomatoes,112.43,National Capital region,Metropolitan Manila,Metro Manila,Retail,PHP,KG
2022-05-15,2022,5,Tomato,Tomatoes,99.06,National Capital region,Metropolitan Manila,Metro Manila,Retail,PHP,KG
2022-06-15,2022,6,Tomato,Tomatoes,70.12,National Capital region,Metropolitan Manila,Metro Manila,Retail,PHP,KG
2022-07-15,2022,7,Tomato,Tomatoes,55.26,National Capital region,Metropolitan Manila,Metro Manila,Retail,PHP,KG
2022-08-15,2022,8,Tomato,Tomatoes,60.59,National Capital region,Metropolitan Manila,Metro Manila,Retail,PHP,KG
2022-09-15,2022,9,Tomato,Tomatoes,80.2,National Capital region,Metropolitan Manila,Metro Manila,Retail,PHP,KG
2022-10-15,2022,10,Tomato,Tomatoes,107.67,National Capital region,Metropolitan Manila,Metro Manila,Retail,PHP,KG
2022-11-15,2022,11,Tomato,Tomatoes,112.07,National Capital region,Metropolitan Manila,Metro Manila,Retail,PHP,KG
2022-12-15,2022,12,Tomato,Tomatoes,100.21,National Capital region,Metropolitan Manila,Metro Manila,Retail,PHP,KG
2023-01-15,2023,1,Tomato,Tomatoes,78.92,National Capital region,Metropolitan Manila,Metro Manila,Retail,PHP,KG
2023-02-15,2023,2,Tomato,Tomatoes,52.65,National Capital region,Metropolitan Manila,Metro Manila,Retail,PHP,KG
2023-03-15,2023,3,Tomato,Tomatoes,51.46,National Capital region,Metropolitan Manila,Metro Manila,Retail,PHP,KG
2023-04-15,2023,4,Tomato,Tomatoes,46.02,National Capital region,Metropolitan Manila,Metro Manila,Retail,PHP,KG
2023-05-15,2023,5,Tomato,Tomatoes,45.45,National Capital region,Metropolitan Manila,Metro Manila,Retail,PHP,KG
2023-06-15,2023,6,Tomato,Tomatoes,53.9,National Capital region,Metropolitan Manila,Metro Manila,Retail,PHP,KG
2023-07-15,2023,7,Tomato,Tomatoes,75.48,National Capital region,Metropolitan Manila,Metro Manila,Retail,PHP,KG
2023-08-15,2023,8,Tomato,Tomatoes,120.59,National Capital region,Metropolitan Manila,Metro Manila,Retail,PHP,KG
2023-09-15,2023,9,Tomato,Tomatoes,152.63,National Capital region,Metropolitan Manila,Metro Manila,Retail,PHP,KG
2023-10-15,2023,10,Tomato,Tomatoes,121.85,National Capital region,Metropolitan Manila,Metro Manila,Retail,PHP,KG
2023-11-15,2023,11,Tomato,Tomatoes,102.64,National Capital region,Metropolitan Manila,Metro Manila,Retail,PHP,KG
2023-12-15,2023,12,Tomato,Tomatoes,64.57,National Capital region,Metropolitan Manila,Metro Manila,Retail,PHP,KG
2024-01-15,2024,1,Tomato,Tomatoes,85.55,National Capital region,Metropolitan Manila,Metro Manila,Retail,PHP,KG
2024-02-15,2024,2,Tomato,Tomatoes,109.89,National Capital region,Metropolitan Manila,Metro Manila,Retail,PHP,KG
2024-03-15,2024,3,Tomato,Tomatoes,73.64,National Capital region,Metropolitan Manila,Metro Manila,Retail,PHP,KG
2024-04-15,2024,4,Tomato,Tomatoes,65.34,National Capital region,Metropolitan Manila,Metro Manila,Retail,PHP,KG
2024-05-15,2024,5,Tomato,Tomatoes,68.14,National Capital region,Metropolitan Manila,Metro Manila,Retail,PHP,KG
2024-06-15,2024,6,Tomato,Tomatoes,85.14,National Capital region,Metropolitan Manila,Metro Manila,Retail,PHP,KG
2024-07-15,2024,7,Tomato,Tomatoes,169.8,National Capital region,Metropolitan Manila,Metro Manila,Retail,PHP,KG
2024-08-15,2024,8,Tomato,Tomatoes,113.99,National Capital region,Metropolitan Manila,Metro Manila,Retail,PHP,KG
2024-09-15,2024,9,Tomato,Tomatoes,86.66,National Capital region,Metropolitan Manila,Metro Manila,Retail,PHP,KG
2024-10-15,2024,10,Tomato,Tomatoes,107.73,National Capital region,Metropolitan Manila,Metro Manila,Retail,PHP,KG
2024-11-15,2024,11,Tomato,Tomatoes,171.65,National Capital region,Metropolitan Manila,Metro Manila,Retail,PHP,KG
2024-12-15,2024,12,Tomato,Tomatoes,213.45,National Capital region,Metropolitan Manila,Metro Manila,Retail,PHP,KG
2025-01-15,2025,1,Tomato,Tomatoes,170.39,National Capital region,Metropolitan Manila,Metro Manila,Retail,PHP,KG
2025-02-15,2025,2,Tomato,Tomatoes,62.62,National Capital region,Metropolitan Manila,Metro Manila,Retail,PHP,KG
2025-03-15,2025,3,Tomato,Tomatoes,45.1,National Capital region,Metropolitan Manila,Metro Manila,Retail,PHP,KG
2025-04-15,2025,4,Tomato,Tomatoes,57.34,National Capital region,Metropolitan Manila,Metro Manila,Retail,PHP,KG
2025-05-15,2025,5,Tomato,Tomatoes,71.25,National Capital region,Metropolitan Manila,Metro Manila,Retail,PHP,KG
2025-06-15,2025,6,Tomato,Tomatoes,69.31,National Capital region,Metropolitan Manila,Metro Manila,Retail,PHP,KG
2025-07-15,2025,7,Tomato,Tomatoes,68.47,National Capital region,Metropolitan Manila,Metro Manila,Retail,PHP,KG
2025-08-15,2025,8,Tomato,Tomatoes,84.94,National Capital region,Metropolitan Manila,Metro Manila,Retail,PHP,KG
2025-09-15,2025,9,Tomato,Tomatoes,132.87,National Capital region,Metropolitan Manila,Metro Manila,Retail,PHP,KG
2025-10-15,2025,10,Tomato,Tomatoes,137.44,National Capital region,Metropolitan Manila,Metro Manila,Retail,PHP,KG
2025-11-15,2025,11,Tomato,Tomatoes,129.88,National Capital region,Metropolitan Manila,Metro Manila,Retail,PHP,KG
2025-12-15,2025,12,Tomato,Tomatoes,152.08,National Capital region,Metropolitan Manila,Metro Manila,Retail,PHP,KG
2026-01-15,2026,1,Tomato,Tomatoes,146.01,National Capital region,Metropolitan Manila,Metro Manila,Retail,PHP,KG
2026-02-15,2026,2,Tomato,Tomatoes,74.08,National Capital region,Metropolitan Manila,Metro Manila,Retail,PHP,KG
2026-03-15,2026,3,Tomato,Tomatoes,60.71,National Capital region,Metropolitan Manila,Metro Manila,Retail,PHP,KG
2026-04-15,2026,4,Tomato,Tomatoes,62.11,National Capital region,Metropolitan Manila,Metro Manila,Retail,PHP,KG
2026-05-15,2026,5,Tomato,Tomatoes,64.26,National Capital region,Metropolitan Manila,Metro Manila,Retail,PHP,KG
2026-06-15,2026,6,Tomato,Tomatoes,72.32,National Capital region,Metropolitan Manila,Metro Manila,Retail,PHP,KG
2008-01-15,2008,1,White Onion,Onions (white),72.83,National Capital region,Metropolitan Manila,Metro Manila,Retail,PHP,KG
2008-02-15,2008,2,White Onion,Onions (white),53.76,National Capital region,Metropolitan Manila,Metro Manila,Retail,PHP,KG
2008-03-15,2008,3,White Onion,Onions (white),37.39,National Capital region,Metropolitan Manila,Metro Manila,Retail,PHP,KG
2008-04-15,2008,4,White Onion,Onions (white),42.93,National Capital region,Metropolitan Manila,Metro Manila,Retail,PHP,KG
2008-05-15,2008,5,White Onion,Onions (white),65.57,National Capital region,Metropolitan Manila,Metro Manila,Retail,PHP,KG
2008-06-15,2008,6,White Onion,Onions (white),60.55,National Capital region,Metropolitan Manila,Metro Manila,Retail,PHP,KG
2008-07-15,2008,7,White Onion,Onions (white),66.86,National Capital region,Metropolitan Manila,Metro Manila,Retail,PHP,KG
2008-08-15,2008,8,White Onion,Onions (white),66.18,National Capital region,Metropolitan Manila,Metro Manila,Retail,PHP,KG
2008-09-15,2008,9,White Onion,Onions (white),60.12,National Capital region,Metropolitan Manila,Metro Manila,Retail,PHP,KG
2008-10-15,2008,10,White Onion,Onions (white),53.62,National Capital region,Metropolitan Manila,Metro Manila,Retail,PHP,KG
2008-11-15,2008,11,White Onion,Onions (white),47.24,National Capital region,Metropolitan Manila,Metro Manila,Retail,PHP,KG
2008-12-15,2008,12,White Onion,Onions (white),45.48,National Capital region,Metropolitan Manila,Metro Manila,Retail,PHP,KG
2009-01-15,2009,1,White Onion,Onions (white),46.42,National Capital region,Metropolitan Manila,Metro Manila,Retail,PHP,KG
2009-02-15,2009,2,White Onion,Onions (white),42.88,National Capital region,Metropolitan Manila,Metro Manila,Retail,PHP,KG
2009-03-15,2009,3,White Onion,Onions (white),41.97,National Capital region,Metropolitan Manila,Metro Manila,Retail,PHP,KG
2009-04-15,2009,4,White Onion,Onions (white),42.88,National Capital region,Metropolitan Manila,Metro Manila,Retail,PHP,KG
2009-05-15,2009,5,White Onion,Onions (white),48.22,National Capital region,Metropolitan Manila,Metro Manila,Retail,PHP,KG
2009-06-15,2009,6,White Onion,Onions (white),51.69,National Capital region,Metropolitan Manila,Metro Manila,Retail,PHP,KG
2009-07-15,2009,7,White Onion,Onions (white),51.93,National Capital region,Metropolitan Manila,Metro Manila,Retail,PHP,KG
2009-08-15,2009,8,White Onion,Onions (white),54.96,National Capital region,Metropolitan Manila,Metro Manila,Retail,PHP,KG
2009-09-15,2009,9,White Onion,Onions (white),65.17,National Capital region,Metropolitan Manila,Metro Manila,Retail,PHP,KG
2009-10-15,2009,10,White Onion,Onions (white),72.43,National Capital region,Metropolitan Manila,Metro Manila,Retail,PHP,KG
2009-11-15,2009,11,White Onion,Onions (white),64.27,National Capital region,Metropolitan Manila,Metro Manila,Retail,PHP,KG
2009-12-15,2009,12,White Onion,Onions (white),60.16,National Capital region,Metropolitan Manila,Metro Manila,Retail,PHP,KG
2010-01-15,2010,1,White Onion,Onions (white),56.4,National Capital region,Metropolitan Manila,Metro Manila,Retail,PHP,KG
2010-02-15,2010,2,White Onion,Onions (white),42.81,National Capital region,Metropolitan Manila,Metro Manila,Retail,PHP,KG
2010-03-15,2010,3,White Onion,Onions (white),30.21,National Capital region,Metropolitan Manila,Metro Manila,Retail,PHP,KG
2010-04-15,2010,4,White Onion,Onions (white),26.39,National Capital region,Metropolitan Manila,Metro Manila,Retail,PHP,KG
2010-05-15,2010,5,White Onion,Onions (white),28.76,National Capital region,Metropolitan Manila,Metro Manila,Retail,PHP,KG
2010-06-15,2010,6,White Onion,Onions (white),36.76,National Capital region,Metropolitan Manila,Metro Manila,Retail,PHP,KG
2010-07-15,2010,7,White Onion,Onions (white),38.8,National Capital region,Metropolitan Manila,Metro Manila,Retail,PHP,KG
2010-08-15,2010,8,White Onion,Onions (white),45.65,National Capital region,Metropolitan Manila,Metro Manila,Retail,PHP,KG
2010-09-15,2010,9,White Onion,Onions (white),52.81,National Capital region,Metropolitan Manila,Metro Manila,Retail,PHP,KG
2010-10-15,2010,10,White Onion,Onions (white),60.3,National Capital region,Metropolitan Manila,Metro Manila,Retail,PHP,KG
2010-11-15,2010,11,White Onion,Onions (white),60.65,National Capital region,Metropolitan Manila,Metro Manila,Retail,PHP,KG
2010-12-15,2010,12,White Onion,Onions (white),57.68,National Capital region,Metropolitan Manila,Metro Manila,Retail,PHP,KG
2012-01-15,2012,1,White Onion,Onions (white),57.91,National Capital region,Metropolitan Manila,Metro Manila,Retail,PHP,KG
2012-02-15,2012,2,White Onion,Onions (white),51.31,National Capital region,Metropolitan Manila,Metro Manila,Retail,PHP,KG
2012-03-15,2012,3,White Onion,Onions (white),48.02,National Capital region,Metropolitan Manila,Metro Manila,Retail,PHP,KG
2012-05-15,2012,5,White Onion,Onions (white),55.05,National Capital region,Metropolitan Manila,Metro Manila,Retail,PHP,KG
2012-06-15,2012,6,White Onion,Onions (white),58.13,National Capital region,Metropolitan Manila,Metro Manila,Retail,PHP,KG
2012-07-15,2012,7,White Onion,Onions (white),68.22,National Capital region,Metropolitan Manila,Metro Manila,Retail,PHP,KG
2012-08-15,2012,8,White Onion,Onions (white),69.11,National Capital region,Metropolitan Manila,Metro Manila,Retail,PHP,KG
2012-09-15,2012,9,White Onion,Onions (white),65.75,National Capital region,Metropolitan Manila,Metro Manila,Retail,PHP,KG
2012-10-15,2012,10,White Onion,Onions (white),61.85,National Capital region,Metropolitan Manila,Metro Manila,Retail,PHP,KG
2012-11-15,2012,11,White Onion,Onions (white),65.42,National Capital region,Metropolitan Manila,Metro Manila,Retail,PHP,KG
2013-01-15,2013,1,White Onion,Onions (white),58.82,National Capital region,Metropolitan Manila,Metro Manila,Retail,PHP,KG
2013-02-15,2013,2,White Onion,Onions (white),50.73,National Capital region,Metropolitan Manila,Metro Manila,Retail,PHP,KG
2013-03-15,2013,3,White Onion,Onions (white),43.74,National Capital region,Metropolitan Manila,Metro Manila,Retail,PHP,KG
2013-04-15,2013,4,White Onion,Onions (white),43.6,National Capital region,Metropolitan Manila,Metro Manila,Retail,PHP,KG
2014-07-15,2014,7,White Onion,Onions (white),50.12,National Capital region,Metropolitan Manila,Metro Manila,Retail,PHP,KG
2017-05-15,2017,5,White Onion,Onions (white),57.09,National Capital region,Metropolitan Manila,Metro Manila,Retail,PHP,KG
2017-06-15,2017,6,White Onion,Onions (white),60.96,National Capital region,Metropolitan Manila,Metro Manila,Retail,PHP,KG
2017-07-15,2017,7,White Onion,Onions (white),58.75,National Capital region,Metropolitan Manila,Metro Manila,Retail,PHP,KG
2017-08-15,2017,8,White Onion,Onions (white),61.68,National Capital region,Metropolitan Manila,Metro Manila,Retail,PHP,KG
2017-09-15,2017,9,White Onion,Onions (white),121.59,National Capital region,Metropolitan Manila,Metro Manila,Retail,PHP,KG
2017-10-15,2017,10,White Onion,Onions (white),77.72,National Capital region,Metropolitan Manila,Metro Manila,Retail,PHP,KG
2017-11-15,2017,11,White Onion,Onions (white),61.91,National Capital region,Metropolitan Manila,Metro Manila,Retail,PHP,KG
2017-12-15,2017,12,White Onion,Onions (white),62.6,National Capital region,Metropolitan Manila,Metro Manila,Retail,PHP,KG
2018-01-15,2018,1,White Onion,Onions (white),63.45,National Capital region,Metropolitan Manila,Metro Manila,Retail,PHP,KG
2018-02-15,2018,2,White Onion,Onions (white),60.56,National Capital region,Metropolitan Manila,Metro Manila,Retail,PHP,KG
2018-03-15,2018,3,White Onion,Onions (white),56.44,National Capital region,Metropolitan Manila,Metro Manila,Retail,PHP,KG
2018-04-15,2018,4,White Onion,Onions (white),60.57,National Capital region,Metropolitan Manila,Metro Manila,Retail,PHP,KG
2018-05-15,2018,5,White Onion,Onions (white),62.06,National Capital region,Metropolitan Manila,Metro Manila,Retail,PHP,KG
2018-06-15,2018,6,White Onion,Onions (white),69.43,National Capital region,Metropolitan Manila,Metro Manila,Retail,PHP,KG
2018-07-15,2018,7,White Onion,Onions (white),79.91,National Capital region,Metropolitan Manila,Metro Manila,Retail,PHP,KG
2018-08-15,2018,8,White Onion,Onions (white),105.97,National Capital region,Metropolitan Manila,Metro Manila,Retail,PHP,KG
2018-09-15,2018,9,White Onion,Onions (white),83.18,National Capital region,Metropolitan Manila,Metro Manila,Retail,PHP,KG
2018-10-15,2018,10,White Onion,Onions (white),64.45,National Capital region,Metropolitan Manila,Metro Manila,Retail,PHP,KG
2018-11-15,2018,11,White Onion,Onions (white),66.6,National Capital region,Metropolitan Manila,Metro Manila,Retail,PHP,KG
2018-12-15,2018,12,White Onion,Onions (white),64.7,National Capital region,Metropolitan Manila,Metro Manila,Retail,PHP,KG
2019-01-15,2019,1,White Onion,Onions (white),62.21,National Capital region,Metropolitan Manila,Metro Manila,Retail,PHP,KG
2019-02-15,2019,2,White Onion,Onions (white),59.52,National Capital region,Metropolitan Manila,Metro Manila,Retail,PHP,KG
2019-03-15,2019,3,White Onion,Onions (white),54.41,National Capital region,Metropolitan Manila,Metro Manila,Retail,PHP,KG
2019-04-15,2019,4,White Onion,Onions (white),54.19,National Capital region,Metropolitan Manila,Metro Manila,Retail,PHP,KG
2019-05-15,2019,5,White Onion,Onions (white),54.19,National Capital region,Metropolitan Manila,Metro Manila,Retail,PHP,KG
2020-05-15,2020,5,White Onion,Onions (white),79.02,National Capital region,Metropolitan Manila,Metro Manila,Retail,PHP,KG
2020-06-15,2020,6,White Onion,Onions (white),76.68,National Capital region,Metropolitan Manila,Metro Manila,Retail,PHP,KG
2020-07-15,2020,7,White Onion,Onions (white),70.81,National Capital region,Metropolitan Manila,Metro Manila,Retail,PHP,KG
2020-08-15,2020,8,White Onion,Onions (white),75.49,National Capital region,Metropolitan Manila,Metro Manila,Retail,PHP,KG
2020-09-15,2020,9,White Onion,Onions (white),90.5,National Capital region,Metropolitan Manila,Metro Manila,Retail,PHP,KG
2020-10-15,2020,10,White Onion,Onions (white),95.61,National Capital region,Metropolitan Manila,Metro Manila,Retail,PHP,KG
2020-11-15,2020,11,White Onion,Onions (white),92.66,National Capital region,Metropolitan Manila,Metro Manila,Retail,PHP,KG
2020-12-15,2020,12,White Onion,Onions (white),91.33,National Capital region,Metropolitan Manila,Metro Manila,Retail,PHP,KG
2021-01-15,2021,1,White Onion,Onions (white),85.92,National Capital region,Metropolitan Manila,Metro Manila,Retail,PHP,KG
2021-02-15,2021,2,White Onion,Onions (white),79.42,National Capital region,Metropolitan Manila,Metro Manila,Retail,PHP,KG
2021-03-15,2021,3,White Onion,Onions (white),71.82,National Capital region,Metropolitan Manila,Metro Manila,Retail,PHP,KG
2021-04-15,2021,4,White Onion,Onions (white),74.4,National Capital region,Metropolitan Manila,Metro Manila,Retail,PHP,KG
2021-05-15,2021,5,White Onion,Onions (white),74.78,National Capital region,Metropolitan Manila,Metro Manila,Retail,PHP,KG
2021-06-15,2021,6,White Onion,Onions (white),77.64,National Capital region,Metropolitan Manila,Metro Manila,Retail,PHP,KG
2021-07-15,2021,7,White Onion,Onions (white),77.22,National Capital region,Metropolitan Manila,Metro Manila,Retail,PHP,KG
2021-08-15,2021,8,White Onion,Onions (white),76.0,National Capital region,Metropolitan Manila,Metro Manila,Retail,PHP,KG
2021-09-15,2021,9,White Onion,Onions (white),76.74,National Capital region,Metropolitan Manila,Metro Manila,Retail,PHP,KG
2021-10-15,2021,10,White Onion,Onions (white),79.36,National Capital region,Metropolitan Manila,Metro Manila,Retail,PHP,KG
2021-11-15,2021,11,White Onion,Onions (white),83.46,National Capital region,Metropolitan Manila,Metro Manila,Retail,PHP,KG
2021-12-15,2021,12,White Onion,Onions (white),78.59,National Capital region,Metropolitan Manila,Metro Manila,Retail,PHP,KG
2022-01-15,2022,1,White Onion,Onions (white),86.36,National Capital region,Metropolitan Manila,Metro Manila,Retail,PHP,KG
2022-02-15,2022,2,White Onion,Onions (white),76.75,National Capital region,Metropolitan Manila,Metro Manila,Retail,PHP,KG
2022-03-15,2022,3,White Onion,Onions (white),66.1,National Capital region,Metropolitan Manila,Metro Manila,Retail,PHP,KG
2022-04-15,2022,4,White Onion,Onions (white),67.55,National Capital region,Metropolitan Manila,Metro Manila,Retail,PHP,KG
2022-05-15,2022,5,White Onion,Onions (white),79.34,National Capital region,Metropolitan Manila,Metro Manila,Retail,PHP,KG
2022-06-15,2022,6,White Onion,Onions (white),93.65,National Capital region,Metropolitan Manila,Metro Manila,Retail,PHP,KG
2022-07-15,2022,7,White Onion,Onions (white),120.87,National Capital region,Metropolitan Manila,Metro Manila,Retail,PHP,KG
2022-08-15,2022,8,White Onion,Onions (white),230.97,National Capital region,Metropolitan Manila,Metro Manila,Retail,PHP,KG
2022-09-15,2022,9,White Onion,Onions (white),312.48,National Capital region,Metropolitan Manila,Metro Manila,Retail,PHP,KG
2022-10-15,2022,10,White Onion,Onions (white),305.21,National Capital region,Metropolitan Manila,Metro Manila,Retail,PHP,KG
2022-11-15,2022,11,White Onion,Onions (white),285.13,National Capital region,Metropolitan Manila,Metro Manila,Retail,PHP,KG
2022-12-15,2022,12,White Onion,Onions (white),281.3,National Capital region,Metropolitan Manila,Metro Manila,Retail,PHP,KG
2023-01-15,2023,1,White Onion,Onions (white),314.59,National Capital region,Metropolitan Manila,Metro Manila,Retail,PHP,KG
2023-02-15,2023,2,White Onion,Onions (white),202.52,National Capital region,Metropolitan Manila,Metro Manila,Retail,PHP,KG
2023-03-15,2023,3,White Onion,Onions (white),119.82,National Capital region,Metropolitan Manila,Metro Manila,Retail,PHP,KG
2023-04-15,2023,4,White Onion,Onions (white),150.28,National Capital region,Metropolitan Manila,Metro Manila,Retail,PHP,KG
2023-05-15,2023,5,White Onion,Onions (white),178.77,National Capital region,Metropolitan Manila,Metro Manila,Retail,PHP,KG
2023-06-15,2023,6,White Onion,Onions (white),168.86,National Capital region,Metropolitan Manila,Metro Manila,Retail,PHP,KG
2023-07-15,2023,7,White Onion,Onions (white),160.49,National Capital region,Metropolitan Manila,Metro Manila,Retail,PHP,KG
2023-08-15,2023,8,White Onion,Onions (white),153.5,National Capital region,Metropolitan Manila,Metro Manila,Retail,PHP,KG
2023-09-15,2023,9,White Onion,Onions (white),139.64,National Capital region,Metropolitan Manila,Metro Manila,Retail,PHP,KG
2023-10-15,2023,10,White Onion,Onions (white),133.08,National Capital region,Metropolitan Manila,Metro Manila,Retail,PHP,KG
2023-11-15,2023,11,White Onion,Onions (white),130.04,National Capital region,Metropolitan Manila,Metro Manila,Retail,PHP,KG
2023-12-15,2023,12,White Onion,Onions (white),129.19,National Capital region,Metropolitan Manila,Metro Manila,Retail,PHP,KG
2024-01-15,2024,1,White Onion,Onions (white),120.82,National Capital region,Metropolitan Manila,Metro Manila,Retail,PHP,KG
2024-02-15,2024,2,White Onion,Onions (white),93.93,National Capital region,Metropolitan Manila,Metro Manila,Retail,PHP,KG
2024-03-15,2024,3,White Onion,Onions (white),81.57,National Capital region,Metropolitan Manila,Metro Manila,Retail,PHP,KG
2024-04-15,2024,4,White Onion,Onions (white),81.8,National Capital region,Metropolitan Manila,Metro Manila,Retail,PHP,KG
2024-05-15,2024,5,White Onion,Onions (white),93.32,National Capital region,Metropolitan Manila,Metro Manila,Retail,PHP,KG
2024-06-15,2024,6,White Onion,Onions (white),95.67,National Capital region,Metropolitan Manila,Metro Manila,Retail,PHP,KG
2024-07-15,2024,7,White Onion,Onions (white),97.79,National Capital region,Metropolitan Manila,Metro Manila,Retail,PHP,KG
2024-08-15,2024,8,White Onion,Onions (white),113.71,National Capital region,Metropolitan Manila,Metro Manila,Retail,PHP,KG
2024-09-15,2024,9,White Onion,Onions (white),129.1,National Capital region,Metropolitan Manila,Metro Manila,Retail,PHP,KG
2024-10-15,2024,10,White Onion,Onions (white),112.39,National Capital region,Metropolitan Manila,Metro Manila,Retail,PHP,KG
2024-11-15,2024,11,White Onion,Onions (white),107.78,National Capital region,Metropolitan Manila,Metro Manila,Retail,PHP,KG
2024-12-15,2024,12,White Onion,Onions (white),115.6,National Capital region,Metropolitan Manila,Metro Manila,Retail,PHP,KG
2025-01-15,2025,1,White Onion,Onions (white),125.17,National Capital region,Metropolitan Manila,Metro Manila,Retail,PHP,KG
2025-02-15,2025,2,White Onion,Onions (white),132.7,National Capital region,Metropolitan Manila,Metro Manila,Retail,PHP,KG
2025-03-15,2025,3,White Onion,Onions (white),110.69,National Capital region,Metropolitan Manila,Metro Manila,Retail,PHP,KG
2025-04-15,2025,4,White Onion,Onions (white),100.64,National Capital region,Metropolitan Manila,Metro Manila,Retail,PHP,KG
2025-05-15,2025,5,White Onion,Onions (white),112.11,National Capital region,Metropolitan Manila,Metro Manila,Retail,PHP,KG
2025-06-15,2025,6,White Onion,Onions (white),112.44,National Capital region,Metropolitan Manila,Metro Manila,Retail,PHP,KG
2025-07-15,2025,7,White Onion,Onions (white),127.72,National Capital region,Metropolitan Manila,Metro Manila,Retail,PHP,KG
2025-08-15,2025,8,White Onion,Onions (white),146.97,National Capital region,Metropolitan Manila,Metro Manila,Retail,PHP,KG
2025-09-15,2025,9,White Onion,Onions (white),136.56,National Capital region,Metropolitan Manila,Metro Manila,Retail,PHP,KG
2025-10-15,2025,10,White Onion,Onions (white),126.7,National Capital region,Metropolitan Manila,Metro Manila,Retail,PHP,KG
2025-11-15,2025,11,White Onion,Onions (white),129.44,National Capital region,Metropolitan Manila,Metro Manila,Retail,PHP,KG
2025-12-15,2025,12,White Onion,Onions (white),140.79,National Capital region,Metropolitan Manila,Metro Manila,Retail,PHP,KG
2026-01-15,2026,1,White Onion,Onions (white),139.39,National Capital region,Metropolitan Manila,Metro Manila,Retail,PHP,KG
2026-02-15,2026,2,White Onion,Onions (white),120.45,National Capital region,Metropolitan Manila,Metro Manila,Retail,PHP,KG
2026-03-15,2026,3,White Onion,Onions (white),108.37,National Capital region,Metropolitan Manila,Metro Manila,Retail,PHP,KG
2026-04-15,2026,4,White Onion,Onions (white),95.72,National Capital region,Metropolitan Manila,Metro Manila,Retail,PHP,KG
2026-05-15,2026,5,White Onion,Onions (white),97.25,National Capital region,Metropolitan Manila,Metro Manila,Retail,PHP,KG
2026-06-15,2026,6,White Onion,Onions (white),103.65,National Capital region,Metropolitan Manila,Metro Manila,Retail,PHP,KG
2008-01-15,2008,1,White Potato,Potatoes (Irish),45.36,National Capital region,Metropolitan Manila,Metro Manila,Retail,PHP,KG
2008-02-15,2008,2,White Potato,Potatoes (Irish),44.79,National Capital region,Metropolitan Manila,Metro Manila,Retail,PHP,KG
2008-03-15,2008,3,White Potato,Potatoes (Irish),39.26,National Capital region,Metropolitan Manila,Metro Manila,Retail,PHP,KG
2008-04-15,2008,4,White Potato,Potatoes (Irish),33.96,National Capital region,Metropolitan Manila,Metro Manila,Retail,PHP,KG
2008-05-15,2008,5,White Potato,Potatoes (Irish),34.39,National Capital region,Metropolitan Manila,Metro Manila,Retail,PHP,KG
2008-06-15,2008,6,White Potato,Potatoes (Irish),34.58,National Capital region,Metropolitan Manila,Metro Manila,Retail,PHP,KG
2008-07-15,2008,7,White Potato,Potatoes (Irish),38.7,National Capital region,Metropolitan Manila,Metro Manila,Retail,PHP,KG
2008-08-15,2008,8,White Potato,Potatoes (Irish),44.05,National Capital region,Metropolitan Manila,Metro Manila,Retail,PHP,KG
2008-09-15,2008,9,White Potato,Potatoes (Irish),49.39,National Capital region,Metropolitan Manila,Metro Manila,Retail,PHP,KG
2008-10-15,2008,10,White Potato,Potatoes (Irish),58.63,National Capital region,Metropolitan Manila,Metro Manila,Retail,PHP,KG
2008-11-15,2008,11,White Potato,Potatoes (Irish),56.65,National Capital region,Metropolitan Manila,Metro Manila,Retail,PHP,KG
2008-12-15,2008,12,White Potato,Potatoes (Irish),46.0,National Capital region,Metropolitan Manila,Metro Manila,Retail,PHP,KG
2009-01-15,2009,1,White Potato,Potatoes (Irish),40.14,National Capital region,Metropolitan Manila,Metro Manila,Retail,PHP,KG
2009-02-15,2009,2,White Potato,Potatoes (Irish),34.57,National Capital region,Metropolitan Manila,Metro Manila,Retail,PHP,KG
2009-03-15,2009,3,White Potato,Potatoes (Irish),33.99,National Capital region,Metropolitan Manila,Metro Manila,Retail,PHP,KG
2009-04-15,2009,4,White Potato,Potatoes (Irish),38.13,National Capital region,Metropolitan Manila,Metro Manila,Retail,PHP,KG
2009-05-15,2009,5,White Potato,Potatoes (Irish),43.66,National Capital region,Metropolitan Manila,Metro Manila,Retail,PHP,KG
2009-06-15,2009,6,White Potato,Potatoes (Irish),48.07,National Capital region,Metropolitan Manila,Metro Manila,Retail,PHP,KG
2009-07-15,2009,7,White Potato,Potatoes (Irish),47.96,National Capital region,Metropolitan Manila,Metro Manila,Retail,PHP,KG
2009-08-15,2009,8,White Potato,Potatoes (Irish),53.44,National Capital region,Metropolitan Manila,Metro Manila,Retail,PHP,KG
2009-09-15,2009,9,White Potato,Potatoes (Irish),57.73,National Capital region,Metropolitan Manila,Metro Manila,Retail,PHP,KG
2009-10-15,2009,10,White Potato,Potatoes (Irish),79.37,National Capital region,Metropolitan Manila,Metro Manila,Retail,PHP,KG
2009-11-15,2009,11,White Potato,Potatoes (Irish),69.41,National Capital region,Metropolitan Manila,Metro Manila,Retail,PHP,KG
2009-12-15,2009,12,White Potato,Potatoes (Irish),80.04,National Capital region,Metropolitan Manila,Metro Manila,Retail,PHP,KG
2010-01-15,2010,1,White Potato,Potatoes (Irish),49.31,National Capital region,Metropolitan Manila,Metro Manila,Retail,PHP,KG
2010-02-15,2010,2,White Potato,Potatoes (Irish),38.44,National Capital region,Metropolitan Manila,Metro Manila,Retail,PHP,KG
2010-03-15,2010,3,White Potato,Potatoes (Irish),33.76,National Capital region,Metropolitan Manila,Metro Manila,Retail,PHP,KG
2010-04-15,2010,4,White Potato,Potatoes (Irish),43.16,National Capital region,Metropolitan Manila,Metro Manila,Retail,PHP,KG
2010-05-15,2010,5,White Potato,Potatoes (Irish),59.5,National Capital region,Metropolitan Manila,Metro Manila,Retail,PHP,KG
2010-06-15,2010,6,White Potato,Potatoes (Irish),62.6,National Capital region,Metropolitan Manila,Metro Manila,Retail,PHP,KG
2010-07-15,2010,7,White Potato,Potatoes (Irish),49.14,National Capital region,Metropolitan Manila,Metro Manila,Retail,PHP,KG
2010-08-15,2010,8,White Potato,Potatoes (Irish),42.75,National Capital region,Metropolitan Manila,Metro Manila,Retail,PHP,KG
2010-09-15,2010,9,White Potato,Potatoes (Irish),41.35,National Capital region,Metropolitan Manila,Metro Manila,Retail,PHP,KG
2010-10-15,2010,10,White Potato,Potatoes (Irish),43.88,National Capital region,Metropolitan Manila,Metro Manila,Retail,PHP,KG
2010-11-15,2010,11,White Potato,Potatoes (Irish),43.66,National Capital region,Metropolitan Manila,Metro Manila,Retail,PHP,KG
2010-12-15,2010,12,White Potato,Potatoes (Irish),58.71,National Capital region,Metropolitan Manila,Metro Manila,Retail,PHP,KG
2012-01-15,2012,1,White Potato,Potatoes (Irish),43.64,National Capital region,Metropolitan Manila,Metro Manila,Retail,PHP,KG
2012-02-15,2012,2,White Potato,Potatoes (Irish),36.82,National Capital region,Metropolitan Manila,Metro Manila,Retail,PHP,KG
2012-03-15,2012,3,White Potato,Potatoes (Irish),36.2,National Capital region,Metropolitan Manila,Metro Manila,Retail,PHP,KG
2012-05-15,2012,5,White Potato,Potatoes (Irish),38.05,National Capital region,Metropolitan Manila,Metro Manila,Retail,PHP,KG
2012-06-15,2012,6,White Potato,Potatoes (Irish),40.24,National Capital region,Metropolitan Manila,Metro Manila,Retail,PHP,KG
2012-07-15,2012,7,White Potato,Potatoes (Irish),49.95,National Capital region,Metropolitan Manila,Metro Manila,Retail,PHP,KG
2012-08-15,2012,8,White Potato,Potatoes (Irish),64.54,National Capital region,Metropolitan Manila,Metro Manila,Retail,PHP,KG
2012-09-15,2012,9,White Potato,Potatoes (Irish),61.66,National Capital region,Metropolitan Manila,Metro Manila,Retail,PHP,KG
2012-10-15,2012,10,White Potato,Potatoes (Irish),69.0,National Capital region,Metropolitan Manila,Metro Manila,Retail,PHP,KG
2012-11-15,2012,11,White Potato,Potatoes (Irish),58.71,National Capital region,Metropolitan Manila,Metro Manila,Retail,PHP,KG
2013-01-15,2013,1,White Potato,Potatoes (Irish),43.05,National Capital region,Metropolitan Manila,Metro Manila,Retail,PHP,KG
2013-02-15,2013,2,White Potato,Potatoes (Irish),40.41,National Capital region,Metropolitan Manila,Metro Manila,Retail,PHP,KG
2013-03-15,2013,3,White Potato,Potatoes (Irish),49.77,National Capital region,Metropolitan Manila,Metro Manila,Retail,PHP,KG
2013-04-15,2013,4,White Potato,Potatoes (Irish),58.66,National Capital region,Metropolitan Manila,Metro Manila,Retail,PHP,KG
2014-07-15,2014,7,White Potato,Potatoes (Irish),47.62,National Capital region,Metropolitan Manila,Metro Manila,Retail,PHP,KG
2017-05-15,2017,5,White Potato,Potatoes (Irish),57.16,National Capital region,Metropolitan Manila,Metro Manila,Retail,PHP,KG
2017-06-15,2017,6,White Potato,Potatoes (Irish),59.38,National Capital region,Metropolitan Manila,Metro Manila,Retail,PHP,KG
2017-07-15,2017,7,White Potato,Potatoes (Irish),58.79,National Capital region,Metropolitan Manila,Metro Manila,Retail,PHP,KG
2017-08-15,2017,8,White Potato,Potatoes (Irish),61.51,National Capital region,Metropolitan Manila,Metro Manila,Retail,PHP,KG
2017-09-15,2017,9,White Potato,Potatoes (Irish),63.51,National Capital region,Metropolitan Manila,Metro Manila,Retail,PHP,KG
2017-10-15,2017,10,White Potato,Potatoes (Irish),65.13,National Capital region,Metropolitan Manila,Metro Manila,Retail,PHP,KG
2017-11-15,2017,11,White Potato,Potatoes (Irish),63.79,National Capital region,Metropolitan Manila,Metro Manila,Retail,PHP,KG
2017-12-15,2017,12,White Potato,Potatoes (Irish),65.61,National Capital region,Metropolitan Manila,Metro Manila,Retail,PHP,KG
2018-01-15,2018,1,White Potato,Potatoes (Irish),68.12,National Capital region,Metropolitan Manila,Metro Manila,Retail,PHP,KG
2018-02-15,2018,2,White Potato,Potatoes (Irish),66.03,National Capital region,Metropolitan Manila,Metro Manila,Retail,PHP,KG
2018-03-15,2018,3,White Potato,Potatoes (Irish),61.94,National Capital region,Metropolitan Manila,Metro Manila,Retail,PHP,KG
2018-04-15,2018,4,White Potato,Potatoes (Irish),58.79,National Capital region,Metropolitan Manila,Metro Manila,Retail,PHP,KG
2018-05-15,2018,5,White Potato,Potatoes (Irish),56.53,National Capital region,Metropolitan Manila,Metro Manila,Retail,PHP,KG
2018-06-15,2018,6,White Potato,Potatoes (Irish),56.6,National Capital region,Metropolitan Manila,Metro Manila,Retail,PHP,KG
2018-07-15,2018,7,White Potato,Potatoes (Irish),57.02,National Capital region,Metropolitan Manila,Metro Manila,Retail,PHP,KG
2018-08-15,2018,8,White Potato,Potatoes (Irish),59.4,National Capital region,Metropolitan Manila,Metro Manila,Retail,PHP,KG
2018-09-15,2018,9,White Potato,Potatoes (Irish),68.51,National Capital region,Metropolitan Manila,Metro Manila,Retail,PHP,KG
2018-10-15,2018,10,White Potato,Potatoes (Irish),73.62,National Capital region,Metropolitan Manila,Metro Manila,Retail,PHP,KG
2018-11-15,2018,11,White Potato,Potatoes (Irish),99.63,National Capital region,Metropolitan Manila,Metro Manila,Retail,PHP,KG
2018-12-15,2018,12,White Potato,Potatoes (Irish),78.38,National Capital region,Metropolitan Manila,Metro Manila,Retail,PHP,KG
2019-01-15,2019,1,White Potato,Potatoes (Irish),67.36,National Capital region,Metropolitan Manila,Metro Manila,Retail,PHP,KG
2019-02-15,2019,2,White Potato,Potatoes (Irish),57.15,National Capital region,Metropolitan Manila,Metro Manila,Retail,PHP,KG
2019-03-15,2019,3,White Potato,Potatoes (Irish),57.48,National Capital region,Metropolitan Manila,Metro Manila,Retail,PHP,KG
2019-04-15,2019,4,White Potato,Potatoes (Irish),61.79,National Capital region,Metropolitan Manila,Metro Manila,Retail,PHP,KG
2019-05-15,2019,5,White Potato,Potatoes (Irish),66.33,National Capital region,Metropolitan Manila,Metro Manila,Retail,PHP,KG
2020-05-15,2020,5,White Potato,Potatoes (Irish),86.16,National Capital region,Metropolitan Manila,Metro Manila,Retail,PHP,KG
2020-06-15,2020,6,White Potato,Potatoes (Irish),83.74,National Capital region,Metropolitan Manila,Metro Manila,Retail,PHP,KG
2020-07-15,2020,7,White Potato,Potatoes (Irish),73.47,National Capital region,Metropolitan Manila,Metro Manila,Retail,PHP,KG
2020-08-15,2020,8,White Potato,Potatoes (Irish),73.4,National Capital region,Metropolitan Manila,Metro Manila,Retail,PHP,KG
2020-09-15,2020,9,White Potato,Potatoes (Irish),68.26,National Capital region,Metropolitan Manila,Metro Manila,Retail,PHP,KG
2020-10-15,2020,10,White Potato,Potatoes (Irish),68.98,National Capital region,Metropolitan Manila,Metro Manila,Retail,PHP,KG
2020-11-15,2020,11,White Potato,Potatoes (Irish),77.18,National Capital region,Metropolitan Manila,Metro Manila,Retail,PHP,KG
2020-12-15,2020,12,White Potato,Potatoes (Irish),94.78,National Capital region,Metropolitan Manila,Metro Manila,Retail,PHP,KG
2021-01-15,2021,1,White Potato,Potatoes (Irish),126.64,National Capital region,Metropolitan Manila,Metro Manila,Retail,PHP,KG
2021-02-15,2021,2,White Potato,Potatoes (Irish),102.96,National Capital region,Metropolitan Manila,Metro Manila,Retail,PHP,KG
2022-01-15,2022,1,White Potato,Potatoes (Irish),80.79,National Capital region,Metropolitan Manila,Metro Manila,Retail,PHP,KG
2022-02-15,2022,2,White Potato,Potatoes (Irish),72.64,National Capital region,Metropolitan Manila,Metro Manila,Retail,PHP,KG
2022-03-15,2022,3,White Potato,Potatoes (Irish),66.23,National Capital region,Metropolitan Manila,Metro Manila,Retail,PHP,KG
2022-04-15,2022,4,White Potato,Potatoes (Irish),67.71,National Capital region,Metropolitan Manila,Metro Manila,Retail,PHP,KG
2022-05-15,2022,5,White Potato,Potatoes (Irish),73.73,National Capital region,Metropolitan Manila,Metro Manila,Retail,PHP,KG
2022-06-15,2022,6,White Potato,Potatoes (Irish),76.7,National Capital region,Metropolitan Manila,Metro Manila,Retail,PHP,KG
2022-07-15,2022,7,White Potato,Potatoes (Irish),80.49,National Capital region,Metropolitan Manila,Metro Manila,Retail,PHP,KG
2022-08-15,2022,8,White Potato,Potatoes (Irish),79.11,National Capital region,Metropolitan Manila,Metro Manila,Retail,PHP,KG
2022-09-15,2022,9,White Potato,Potatoes (Irish),78.47,National Capital region,Metropolitan Manila,Metro Manila,Retail,PHP,KG
2022-10-15,2022,10,White Potato,Potatoes (Irish),89.71,National Capital region,Metropolitan Manila,Metro Manila,Retail,PHP,KG
2022-11-15,2022,11,White Potato,Potatoes (Irish),118.86,National Capital region,Metropolitan Manila,Metro Manila,Retail,PHP,KG
2022-12-15,2022,12,White Potato,Potatoes (Irish),143.93,National Capital region,Metropolitan Manila,Metro Manila,Retail,PHP,KG
2023-01-15,2023,1,White Potato,Potatoes (Irish),140.14,National Capital region,Metropolitan Manila,Metro Manila,Retail,PHP,KG
2023-02-15,2023,2,White Potato,Potatoes (Irish),126.39,National Capital region,Metropolitan Manila,Metro Manila,Retail,PHP,KG
2023-03-15,2023,3,White Potato,Potatoes (Irish),110.64,National Capital region,Metropolitan Manila,Metro Manila,Retail,PHP,KG
2023-04-15,2023,4,White Potato,Potatoes (Irish),106.13,National Capital region,Metropolitan Manila,Metro Manila,Retail,PHP,KG
2023-05-15,2023,5,White Potato,Potatoes (Irish),98.56,National Capital region,Metropolitan Manila,Metro Manila,Retail,PHP,KG
2023-06-15,2023,6,White Potato,Potatoes (Irish),101.73,National Capital region,Metropolitan Manila,Metro Manila,Retail,PHP,KG
2023-07-15,2023,7,White Potato,Potatoes (Irish),113.96,National Capital region,Metropolitan Manila,Metro Manila,Retail,PHP,KG
2023-08-15,2023,8,White Potato,Potatoes (Irish),136.93,National Capital region,Metropolitan Manila,Metro Manila,Retail,PHP,KG
2023-09-15,2023,9,White Potato,Potatoes (Irish),160.99,National Capital region,Metropolitan Manila,Metro Manila,Retail,PHP,KG
2023-10-15,2023,10,White Potato,Potatoes (Irish),195.49,National Capital region,Metropolitan Manila,Metro Manila,Retail,PHP,KG
2023-11-15,2023,11,White Potato,Potatoes (Irish),167.99,National Capital region,Metropolitan Manila,Metro Manila,Retail,PHP,KG
2023-12-15,2023,12,White Potato,Potatoes (Irish),153.03,National Capital region,Metropolitan Manila,Metro Manila,Retail,PHP,KG
2024-01-15,2024,1,White Potato,Potatoes (Irish),130.54,National Capital region,Metropolitan Manila,Metro Manila,Retail,PHP,KG
2024-02-15,2024,2,White Potato,Potatoes (Irish),119.15,National Capital region,Metropolitan Manila,Metro Manila,Retail,PHP,KG
2024-03-15,2024,3,White Potato,Potatoes (Irish),123.13,National Capital region,Metropolitan Manila,Metro Manila,Retail,PHP,KG
2024-04-15,2024,4,White Potato,Potatoes (Irish),114.34,National Capital region,Metropolitan Manila,Metro Manila,Retail,PHP,KG
2024-05-15,2024,5,White Potato,Potatoes (Irish),109.84,National Capital region,Metropolitan Manila,Metro Manila,Retail,PHP,KG
2024-06-15,2024,6,White Potato,Potatoes (Irish),137.65,National Capital region,Metropolitan Manila,Metro Manila,Retail,PHP,KG
2024-07-15,2024,7,White Potato,Potatoes (Irish),117.49,National Capital region,Metropolitan Manila,Metro Manila,Retail,PHP,KG
2024-08-15,2024,8,White Potato,Potatoes (Irish),102.81,National Capital region,Metropolitan Manila,Metro Manila,Retail,PHP,KG
2024-09-15,2024,9,White Potato,Potatoes (Irish),97.8,National Capital region,Metropolitan Manila,Metro Manila,Retail,PHP,KG
2024-10-15,2024,10,White Potato,Potatoes (Irish),96.81,National Capital region,Metropolitan Manila,Metro Manila,Retail,PHP,KG
2024-11-15,2024,11,White Potato,Potatoes (Irish),113.85,National Capital region,Metropolitan Manila,Metro Manila,Retail,PHP,KG
2024-12-15,2024,12,White Potato,Potatoes (Irish),150.78,National Capital region,Metropolitan Manila,Metro Manila,Retail,PHP,KG
2025-01-15,2025,1,White Potato,Potatoes (Irish),166.29,National Capital region,Metropolitan Manila,Metro Manila,Retail,PHP,KG
2025-02-15,2025,2,White Potato,Potatoes (Irish),137.09,National Capital region,Metropolitan Manila,Metro Manila,Retail,PHP,KG
2025-03-15,2025,3,White Potato,Potatoes (Irish),112.86,National Capital region,Metropolitan Manila,Metro Manila,Retail,PHP,KG
2025-04-15,2025,4,White Potato,Potatoes (Irish),95.8,National Capital region,Metropolitan Manila,Metro Manila,Retail,PHP,KG
2025-05-15,2025,5,White Potato,Potatoes (Irish),89.0,National Capital region,Metropolitan Manila,Metro Manila,Retail,PHP,KG
2025-06-15,2025,6,White Potato,Potatoes (Irish),87.74,National Capital region,Metropolitan Manila,Metro Manila,Retail,PHP,KG
2025-07-15,2025,7,White Potato,Potatoes (Irish),87.51,National Capital region,Metropolitan Manila,Metro Manila,Retail,PHP,KG
2025-08-15,2025,8,White Potato,Potatoes (Irish),100.48,National Capital region,Metropolitan Manila,Metro Manila,Retail,PHP,KG
2025-09-15,2025,9,White Potato,Potatoes (Irish),110.26,National Capital region,Metropolitan Manila,Metro Manila,Retail,PHP,KG
2025-10-15,2025,10,White Potato,Potatoes (Irish),132.01,National Capital region,Metropolitan Manila,Metro Manila,Retail,PHP,KG
2025-11-15,2025,11,White Potato,Potatoes (Irish),148.98,National Capital region,Metropolitan Manila,Metro Manila,Retail,PHP,KG
2025-12-15,2025,12,White Potato,Potatoes (Irish),154.08,National Capital region,Metropolitan Manila,Metro Manila,Retail,PHP,KG
2026-01-15,2026,1,White Potato,Potatoes (Irish),152.09,National Capital region,Metropolitan Manila,Metro Manila,Retail,PHP,KG
2026-02-15,2026,2,White Potato,Potatoes (Irish),123.82,National Capital region,Metropolitan Manila,Metro Manila,Retail,PHP,KG
2026-03-15,2026,3,White Potato,Potatoes (Irish),107.16,National Capital region,Metropolitan Manila,Metro Manila,Retail,PHP,KG
2026-04-15,2026,4,White Potato,Potatoes (Irish),102.44,National Capital region,Metropolitan Manila,Metro Manila,Retail,PHP,KG
2026-05-15,2026,5,White Potato,Potatoes (Irish),99.84,National Capital region,Metropolitan Manila,Metro Manila,Retail,PHP,KG
2026-06-15,2026,6,White Potato,Potatoes (Irish),120.02,National Capital region,Metropolitan Manila,Metro Manila,Retail,PHP,KG
