week_start,week_end,commodity,raw_item,specification,unit,raw_unit,weekly_average_price,price_support_families,extraction_method,source_file
2024-01-01,2024-01-05,Ampalaya,Ampalaya 4-5 pcs/kg kg 103.37,,kg,,103.37,,pdfplumber,2024\Weekly-Average-Prices-January-1-5-2024.pdf
2024-01-08,2024-01-12,Ampalaya,Ampalaya 4-5 pcs/kg kg 121.39,,kg,,121.39,,pdfplumber,2024\Weekly-Average-Prices-January-8-12-2024.pdf
2024-01-15,2024-01-19,Ampalaya,Ampalaya 4-5 pcs/kg kg 125.07,,kg,,125.07,,pdfplumber,2024\Weekly-Average-Prices-January-15-19-2024.pdf
2024-01-22,2024-01-26,Ampalaya,Ampalaya 4-5 pcs/kg kg 119.40,,kg,,119.4,,pdfplumber,2024\Weekly-Average-Prices-January-22-26-2024.pdf
2024-01-29,2024-02-02,Ampalaya,Ampalaya 4-5 pcs/kg kg 110.97,,kg,,110.97,,pdfplumber,2024\Weekly-Average-Prices-January-29-February-2-2024.pdf
2024-02-05,2024-02-09,Ampalaya,Ampalaya 4-5 pcs/kg kg 107.02,,kg,,107.02,,pdfplumber,2024\Weekly-Average-Prices-February-5-9-2024.pdf
2024-02-26,2024-03-01,Ampalaya,Ampalaya 4-5 pcs/kg kg 114.58,,kg,,114.58,,pdfplumber,2024\Weekly-Average-Prices-February-26-March-1-2024.pdf
2024-03-04,2024-03-08,Ampalaya,Ampalaya 4-5 pcs/kg kg 122.76,,kg,,122.76,,pdfplumber,2024\Weekly-Average-Prices-March-4-8-2024.pdf
2024-04-15,2024-04-20,Ampalaya,Ampalaya 4-5 pcs/kg kg 117.27,,kg,,117.27,,pdfplumber,2024\Weekly-Average-Prices-April-15-20-2024.pdf
2024-04-22,2024-04-27,Ampalaya,Ampalaya 4-5 pcs/kg kg 114.46,,kg,,114.46,,pdfplumber,2024\Weekly-Average-Prices-April-22-27-2024.pdf
2024-04-29,2024-05-04,Ampalaya,Ampalaya 4-5 pcs/kg kg 114.14,,kg,,114.14,,pdfplumber,2024\Weekly-Average-Prices-April-29-May-4-2024.pdf
2024-05-06,2024-05-11,Ampalaya,Ampalaya 4-5 pcs/kg kg 127.65,,kg,,127.65,,pdfplumber,2024\Weekly-Average-Prices-May-6-11-2024.pdf
2024-05-13,2024-05-18,Ampalaya,Ampalaya 4-5 pcs/kg kg 136.96,,kg,,136.96,,pdfplumber,2024\Weekly-Average-Prices-May-13-18-2024.pdf
2024-05-20,2024-05-25,Ampalaya,Ampalaya 4-5 pcs/kg kg 135.18,,kg,,135.18,,pdfplumber,2024\Weekly-Average-Prices-May-20-25-2024.pdf
2024-06-10,2024-06-15,Ampalaya,Ampalaya 4-5 pcs/kg kg 138.17,,kg,,138.17,,pdfplumber,2024\Weekly-Average-Prices-June-10-15-2024.pdf
2024-06-17,2024-06-22,Ampalaya,Ampalaya 4-5 pcs/kg kg 138.66,,kg,,138.66,,pdfplumber,2024\Weekly-Average-Prices-June-17-22-2024.pdf
2024-06-24,2024-06-29,Ampalaya,Ampalaya 4-5 pcs/kg kg 123.59,,kg,,123.59,,pdfplumber,2024\Weekly-Average-Prices-June-24-29-2024.pdf
2024-07-01,2024-07-06,Ampalaya,Ampalaya 4-5 pcs/kg kg 116.00,,kg,,116.0,,pdfplumber,2024\Weekly-Average-Prices-July-1-6-2024.pdf
2024-07-08,2024-07-13,Ampalaya,Ampalaya 4-5 pcs/kg kg 112.29,,kg,,112.29,,pdfplumber,2024\Weekly-Average-Prices-July-8-13-2024.pdf
2024-07-15,2024-07-20,Ampalaya,Ampalaya 4-5 pcs/kg kg 102.43,,kg,,102.43,,pdfplumber,2024\Weekly-Average-Prices-July-15-20-2024.pdf
2024-07-22,2024-07-27,Ampalaya,Ampalaya 4-5 pcs/kg kg 96.79,,kg,,96.79,,pdfplumber,2024\Weekly-Average-Prices-July-22-27-2024.pdf
2024-07-29,2024-08-03,Ampalaya,Ampalaya 4-5 pcs/kg kg 123.28,,kg,,123.28,,pdfplumber,2024\Weekly-Average-Prices-July-29-August-3-2024.pdf
2024-08-05,2024-08-10,Ampalaya,Ampalaya 4-5 pcs/kg kg 114.93,,kg,,114.93,,pdfplumber,2024\Weekly-Average-Prices-August-5-10-2024.pdf
2024-08-12,2024-08-17,Ampalaya,Ampalaya 4-5 pcs/kg kg 105.68,,kg,,105.68,,pdfplumber,2024\Weekly-Average-Prices-August-12-17-2024.pdf
2024-08-19,2024-08-24,Ampalaya,Ampalaya 4-5 pcs/kg kg 89.32,,kg,,89.32,,pdfplumber,2024\Weekly-Average-Prices-August-19-24-2024.pdf
2024-11-04,2024-11-09,Ampalaya,Ampalaya 4-5 pcs/kg kg 142.56,,kg,,142.56,,pdfplumber,2024\Weekly-Average-Prices-November-4-9-2024.pdf
2024-11-18,2024-11-23,Ampalaya,Ampalaya 4-5 pcs/kg kg 172.44,,kg,,172.44,,pdfplumber,2024\Weekly-Average-Prices-November-18-23-2024.pdf
2025-04-28,2025-05-03,Ampalaya,Ampalaya 4-5 pcs/kg kg 104.23,,kg,,104.23,,pdfplumber,2025\Weekly-Average-Prices-April-28-May-3-2025.pdf
2025-06-09,2025-06-14,Ampalaya,Ampalaya 4-5 pcs/kg kg 100.49,,kg,,100.49,,pdfplumber,2025\Weekly-Average-Prices-June-9-14-2025.pdf
2025-09-15,2025-09-20,Ampalaya,Ampalaya 4-5 pcs/kg kg 121.68,,kg,,121.68,,pdfplumber,2025\Weekly-Average-Prices-September-15-20-2025.pdf
2025-09-22,2025-09-27,Ampalaya,Ampalaya 4-5 pcs/kg kg 143.40,,kg,,143.4,,pdfplumber,2025\Weekly-Average-Prices-September-22-27-2025.pdf
2025-10-13,2025-10-18,Ampalaya,Ampalaya 4-5 pcs/kg kg 139.07,,kg,,139.07,,pdfplumber,2025\Weekly-Average-Prices-October-13-18-2025.pdf
2025-10-27,2025-11-01,Ampalaya,Ampalaya 4-5 pcs/kg kg 114.68,,kg,,114.68,,pdfplumber,2025\Weekly-Average-Prices-October-27-November-1-2025.pdf
2025-11-03,2025-11-08,Ampalaya,Ampalaya 4-5 pcs/kg kg 104.51,,kg,,104.51,,pdfplumber,2025\Weekly-Average-Prices-November-3-8-2025.pdf
2025-12-08,2025-12-13,Ampalaya,Ampalaya 4-5 pcs/kg kg 170.59,,kg,,170.59,,pdfplumber,2025\Weekly-Average-Prices-December-8-13-2025.pdf
2026-01-12,2026-01-17,Ampalaya,Ampalaya 4-5 pcs/kg kg 157.08,,kg,,157.08,,pdfplumber,2026\Weekly-Average-Prices-January-12-17-2026.pdf
2026-01-19,2026-01-24,Ampalaya,Ampalaya 4-5 pcs/kg kg 153.34,,kg,,153.34,,pdfplumber,2026\Weekly-Average-Prices-January-19-24-2026.pdf
2026-04-20,2026-04-25,Ampalaya,Ampalaya 4-5 pcs/kg kg 116.06,,kg,,116.06,,pdfplumber,2026\Weekly-Average-Prices-April-20-25-2026.pdf
2026-04-27,2026-05-02,Ampalaya,Ampalaya 4-5 pcs/kg kg 115.17,,kg,,115.17,,pdfplumber,2026\Weekly-Average-Prices-April-27-May-2-2026.pdf
2026-05-04,2026-05-09,Ampalaya,Ampalaya 4-5 pcs/kg kg 115.97,,kg,,115.97,,pdfplumber,2026\Weekly-Average-Prices-May-4-9-2026.pdf
2026-05-11,2026-05-16,Ampalaya,Ampalaya 4-5 pcs/kg kg 118.32,,kg,,118.32,,pdfplumber,2026\Weekly-Average-Prices-May-11-16-2026.pdf
2026-05-18,2026-05-23,Ampalaya,Ampalaya 4-5 pcs/kg kg 120.88,,kg,,120.88,,pdfplumber,2026\Weekly-Average-Prices-May-18-23-2026.pdf
2026-05-25,2026-05-30,Ampalaya,Ampalaya 4-5 pcs/kg kg 126.60,,kg,,126.6,,pdfplumber,2026\Weekly-Average-Prices-May-25-30-2026.pdf
2026-06-01,2026-06-06,Ampalaya,Ampalaya 4-5 pcs/kg kg 133.19,,kg,,133.19,,pdfplumber,2026\Weekly-Average-Prices-June-1-6-2026.pdf
2026-06-08,2026-06-13,Ampalaya,Ampalaya 4-5 pcs/kg kg 134.91,,kg,,134.91,,pdfplumber,2026\Weekly-Average-Prices-June-8-13-2026.pdf
2026-06-15,2026-06-20,Ampalaya,Ampalaya 4-5 pcs/kg kg 141.18,,kg,,141.18,,pdfplumber,2026\Weekly-Average-Prices-June-15-20-2026.pdf
2026-06-22,2026-06-27,Ampalaya,Ampalaya 4-5 pcs/kg kg 124.75,,kg,,124.75,,pdfplumber,2026\Weekly-Average-Prices-June-22-27-2026.pdf
2026-06-29,2026-07-05,Ampalaya,Ampalaya 4-5 pcs/kg kg 107.12,,kg,,107.12,,pdfplumber,2026\Weekly-Average-Prices-June-29-July-5-2026.pdf
2026-07-06,2026-07-12,Ampalaya,Ampalaya 4-5 pcs/kg kg 114.65,,kg,,114.65,,pdfplumber,2026\Weekly-Average-Prices-July-6-12-2026.pdf
2026-07-13,2026-07-19,Ampalaya,Ampalaya 4-5 pcs/kg kg 109.01,,kg,,109.01,,pdfplumber,2026\Weekly-Average-Prices-July-13-19-2026.pdf
2026-07-20,2026-07-26,Ampalaya,Ampalaya 4-5 pcs/kg kg 107.89,,kg,,107.89,,pdfplumber,2026\Weekly-Average-Prices-July-20-26-2026.pdf
2026-07-27,2026-08-02,Ampalaya,Ampalaya 4-5 pcs/kg kg 101.66,,kg,,101.66,,pdfplumber,2026\Weekly-Average-Prices-July-27-August-2-2026.pdf
2026-08-03,2026-08-09,Ampalaya,Ampalaya 4-5 pcs/kg kg 98.40,,kg,,98.4,,pdfplumber,2026\Weekly-Average-Prices-August-3-9-2026.pdf
2026-08-10,2026-08-16,Ampalaya,Ampalaya 4-5 pcs/kg kg 134.74,,kg,,134.74,,pdfplumber,2026\Weekly-Average-Prices-August-10-16-2026.pdf
2026-08-17,2026-08-23,Ampalaya,Ampalaya 4-5 pcs/kg kg 170.53,,kg,,170.53,,pdfplumber,2026\Weekly-Average-Prices-August-17-23-2026.pdf
2026-08-24,2026-08-30,Ampalaya,Ampalaya 4-5 pcs/kg kg 191.33,,kg,,191.33,,pdfplumber,2026\Weekly-Average-Prices-August-24-30-2026.pdf
2024-01-08,2024-01-12,Cabbage (Rare Ball),Cabbage (Rare Ball) Medium kg 55.85,,kg,,55.85,,pdfplumber,2024\Weekly-Average-Prices-January-8-12-2024.pdf
2024-01-15,2024-01-19,Cabbage (Rare Ball),Cabbage (Rare Ball) Medium kg 55.79,,kg,,55.79,,pdfplumber,2024\Weekly-Average-Prices-January-15-19-2024.pdf
2024-01-22,2024-01-26,Cabbage (Rare Ball),Cabbage (Rare Ball) Medium kg 55.71,,kg,,55.71,,pdfplumber,2024\Weekly-Average-Prices-January-22-26-2024.pdf
2024-01-29,2024-02-02,Cabbage (Rare Ball),Cabbage (Rare Ball) Medium kg 54.75,,kg,,54.75,,pdfplumber,2024\Weekly-Average-Prices-January-29-February-2-2024.pdf
2024-02-05,2024-02-09,Cabbage (Rare Ball),Cabbage (Rare Ball) Medium kg 54.72,,kg,,54.72,,pdfplumber,2024\Weekly-Average-Prices-February-5-9-2024.pdf
2024-02-26,2024-03-01,Cabbage (Rare Ball),Cabbage (Rare Ball) 510 gm - 1 kg/head kg 63.92,,kg,,63.92,,pdfplumber,2024\Weekly-Average-Prices-February-26-March-1-2024.pdf
2024-03-04,2024-03-08,Cabbage (Rare Ball),Cabbage (Rare Ball) 510 gm - 1 kg/head kg 61.98,,kg,,61.98,,pdfplumber,2024\Weekly-Average-Prices-March-4-8-2024.pdf
2024-04-15,2024-04-20,Cabbage (Rare Ball),Cabbage (Rare Ball) 510 gm - 1 kg/head kg 60.15,,kg,,60.15,,pdfplumber,2024\Weekly-Average-Prices-April-15-20-2024.pdf
2024-04-22,2024-04-27,Cabbage (Rare Ball),Cabbage (Rare Ball) 510 gm - 1 kg/head kg 66.07,,kg,,66.07,,pdfplumber,2024\Weekly-Average-Prices-April-22-27-2024.pdf
2024-04-29,2024-05-04,Cabbage (Rare Ball),Cabbage (Rare Ball) 510 gm - 1 kg/head kg 68.38,,kg,,68.38,,pdfplumber,2024\Weekly-Average-Prices-April-29-May-4-2024.pdf
2024-05-06,2024-05-11,Cabbage (Rare Ball),Cabbage (Rare Ball) 510 gm - 1 kg/head kg 67.39,,kg,,67.39,,pdfplumber,2024\Weekly-Average-Prices-May-6-11-2024.pdf
2024-05-13,2024-05-18,Cabbage (Rare Ball),Cabbage (Rare Ball) 510 gm - 1 kg/head kg 63.33,,kg,,63.33,,pdfplumber,2024\Weekly-Average-Prices-May-13-18-2024.pdf
2024-05-20,2024-05-25,Cabbage (Rare Ball),Cabbage (Rare Ball) 510 gm - 1 kg/head kg 64.62,,kg,,64.62,,pdfplumber,2024\Weekly-Average-Prices-May-20-25-2024.pdf
2024-06-10,2024-06-15,Cabbage (Rare Ball),Cabbage (Rare Ball) 510 gm - 1 kg/head kg 71.60,,kg,,71.6,,pdfplumber,2024\Weekly-Average-Prices-June-10-15-2024.pdf
2024-06-17,2024-06-22,Cabbage (Rare Ball),Cabbage (Rare Ball) 510 gm - 1 kg/head kg 71.33,,kg,,71.33,,pdfplumber,2024\Weekly-Average-Prices-June-17-22-2024.pdf
2024-06-24,2024-06-29,Cabbage (Rare Ball),Cabbage (Rare Ball) 510 gm - 1 kg/head kg 76.41,,kg,,76.41,,pdfplumber,2024\Weekly-Average-Prices-June-24-29-2024.pdf
2024-07-01,2024-07-06,Cabbage (Rare Ball),Cabbage (Rare Ball) 510 gm - 1 kg/head kg 78.30,,kg,,78.3,,pdfplumber,2024\Weekly-Average-Prices-July-1-6-2024.pdf
2024-07-08,2024-07-13,Cabbage (Rare Ball),Cabbage (Rare Ball) 510 gm - 1 kg/head kg 74.43,,kg,,74.43,,pdfplumber,2024\Weekly-Average-Prices-July-8-13-2024.pdf
2024-07-15,2024-07-20,Cabbage (Rare Ball),Cabbage (Rare Ball) 510 gm - 1 kg/head kg 68.81,,kg,,68.81,,pdfplumber,2024\Weekly-Average-Prices-July-15-20-2024.pdf
2024-07-22,2024-07-27,Cabbage (Rare Ball),Cabbage (Rare Ball) 510 gm - 1 kg/head kg 67.74,,kg,,67.74,,pdfplumber,2024\Weekly-Average-Prices-July-22-27-2024.pdf
2024-07-29,2024-08-03,Cabbage (Rare Ball),Cabbage (Rare Ball) 510 gm - 1 kg/head kg 68.58,,kg,,68.58,,pdfplumber,2024\Weekly-Average-Prices-July-29-August-3-2024.pdf
2024-08-05,2024-08-10,Cabbage (Rare Ball),Cabbage (Rare Ball) 510 gm - 1 kg/head kg 65.44,,kg,,65.44,,pdfplumber,2024\Weekly-Average-Prices-August-5-10-2024.pdf
2024-08-12,2024-08-17,Cabbage (Rare Ball),Cabbage (Rare Ball) 510 gm - 1 kg/head kg 65.32,,kg,,65.32,,pdfplumber,2024\Weekly-Average-Prices-August-12-17-2024.pdf
2024-08-19,2024-08-24,Cabbage (Rare Ball),Cabbage (Rare Ball) 510 gm - 1 kg/head kg 60.87,,kg,,60.87,,pdfplumber,2024\Weekly-Average-Prices-August-19-24-2024.pdf
2024-11-04,2024-11-09,Cabbage (Rare Ball),Cabbage (Rare Ball) 510 gm - 1 kg/head kg 115.64,,kg,,115.64,,pdfplumber,2024\Weekly-Average-Prices-November-4-9-2024.pdf
2024-11-18,2024-11-23,Cabbage (Rare Ball),Cabbage (Rare Ball) 510 gm - 1 kg/head kg 105.92,,kg,,105.92,,pdfplumber,2024\Weekly-Average-Prices-November-18-23-2024.pdf
2025-04-28,2025-05-03,Cabbage (Rare Ball),Cabbage (Rare Ball) 510 gm - 1 kg/head kg 110.55,,kg,,110.55,,pdfplumber,2025\Weekly-Average-Prices-April-28-May-3-2025.pdf
2025-06-09,2025-06-14,Cabbage (Rare Ball),Cabbage (Rare Ball) 510 gm - 1 kg/head kg 79.06,,kg,,79.06,,pdfplumber,2025\Weekly-Average-Prices-June-9-14-2025.pdf
2025-09-15,2025-09-20,Cabbage (Rare Ball),Cabbage (Rare Ball) 510 gm - 1 kg/head kg 79.01,,kg,,79.01,,pdfplumber,2025\Weekly-Average-Prices-September-15-20-2025.pdf
2025-09-22,2025-09-27,Cabbage (Rare Ball),Cabbage (Rare Ball) 510 gm - 1 kg/head kg 91.65,,kg,,91.65,,pdfplumber,2025\Weekly-Average-Prices-September-22-27-2025.pdf
2025-10-13,2025-10-18,Cabbage (Rare Ball),Cabbage (Rare Ball) 510 gm - 1 kg/head kg 102.01,,kg,,102.01,,pdfplumber,2025\Weekly-Average-Prices-October-13-18-2025.pdf
2025-10-27,2025-11-01,Cabbage (Rare Ball),Cabbage (Rare Ball) 510 gm - 1 kg/head kg 86.20,,kg,,86.2,,pdfplumber,2025\Weekly-Average-Prices-October-27-November-1-2025.pdf
2025-11-03,2025-11-08,Cabbage (Rare Ball),Cabbage (Rare Ball) 510 gm - 1 kg/head kg 81.59,,kg,,81.59,,pdfplumber,2025\Weekly-Average-Prices-November-3-8-2025.pdf
2025-12-08,2025-12-13,Cabbage (Rare Ball),Cabbage (Rare Ball) 510 gm - 1 kg/head kg 85.66,,kg,,85.66,,pdfplumber,2025\Weekly-Average-Prices-December-8-13-2025.pdf
2026-01-12,2026-01-17,Cabbage (Rare Ball),Cabbage (Rare Ball) 510 gm - 1 kg/head kg 93.56,,kg,,93.56,,pdfplumber,2026\Weekly-Average-Prices-January-12-17-2026.pdf
2026-01-19,2026-01-24,Cabbage (Rare Ball),Cabbage (Rare Ball) 510 gm - 1 kg/head kg 88.58,,kg,,88.58,,pdfplumber,2026\Weekly-Average-Prices-January-19-24-2026.pdf
2026-04-20,2026-04-25,Cabbage (Rare Ball),Cabbage (Rare Ball) 510 gm - 1 kg/head kg 65.17,,kg,,65.17,,pdfplumber,2026\Weekly-Average-Prices-April-20-25-2026.pdf
2026-04-27,2026-05-02,Cabbage (Rare Ball),Cabbage (Rare Ball) 510 gm - 1 kg/head kg 63.13,,kg,,63.13,,pdfplumber,2026\Weekly-Average-Prices-April-27-May-2-2026.pdf
2026-05-04,2026-05-09,Cabbage (Rare Ball),Cabbage (Rare Ball) 510 gm - 1 kg/head kg 58.92,,kg,,58.92,,pdfplumber,2026\Weekly-Average-Prices-May-4-9-2026.pdf
2026-05-11,2026-05-16,Cabbage (Rare Ball),Cabbage (Rare Ball) 510 gm - 1 kg/head kg 58.85,,kg,,58.85,,pdfplumber,2026\Weekly-Average-Prices-May-11-16-2026.pdf
2026-05-18,2026-05-23,Cabbage (Rare Ball),Cabbage (Rare Ball) 510 gm - 1 kg/head kg 59.44,,kg,,59.44,,pdfplumber,2026\Weekly-Average-Prices-May-18-23-2026.pdf
2026-05-25,2026-05-30,Cabbage (Rare Ball),Cabbage (Rare Ball) 510 gm - 1 kg/head kg 60.62,,kg,,60.62,,pdfplumber,2026\Weekly-Average-Prices-May-25-30-2026.pdf
2026-06-01,2026-06-06,Cabbage (Rare Ball),Cabbage (Rare Ball) 510 gm - 1 kg/head kg 64.08,,kg,,64.08,,pdfplumber,2026\Weekly-Average-Prices-June-1-6-2026.pdf
2026-06-08,2026-06-13,Cabbage (Rare Ball),Cabbage (Rare Ball) 510 gm - 1 kg/head kg 69.60,,kg,,69.6,,pdfplumber,2026\Weekly-Average-Prices-June-8-13-2026.pdf
2026-06-15,2026-06-20,Cabbage (Rare Ball),Cabbage (Rare Ball) 510 gm - 1 kg/head kg 74.47,,kg,,74.47,,pdfplumber,2026\Weekly-Average-Prices-June-15-20-2026.pdf
2026-06-22,2026-06-27,Cabbage (Rare Ball),Cabbage (Rare Ball) 510 gm - 1 kg/head kg 96.10,,kg,,96.1,,pdfplumber,2026\Weekly-Average-Prices-June-22-27-2026.pdf
2026-06-29,2026-07-05,Cabbage (Rare Ball),Cabbage (Rare Ball) 510 gm - 1 kg/head kg 103.72,,kg,,103.72,,pdfplumber,2026\Weekly-Average-Prices-June-29-July-5-2026.pdf
2026-07-06,2026-07-12,Cabbage (Rare Ball),Cabbage (Rare Ball) 510 gm - 1 kg/head kg 98.94,,kg,,98.94,,pdfplumber,2026\Weekly-Average-Prices-July-6-12-2026.pdf
2026-07-13,2026-07-19,Cabbage (Rare Ball),Cabbage (Rare Ball) 510 gm - 1 kg/head kg 95.31,,kg,,95.31,,pdfplumber,2026\Weekly-Average-Prices-July-13-19-2026.pdf
2026-07-20,2026-07-26,Cabbage (Rare Ball),Cabbage (Rare Ball) 510 gm - 1 kg/head kg 87.13,,kg,,87.13,,pdfplumber,2026\Weekly-Average-Prices-July-20-26-2026.pdf
2026-07-27,2026-08-02,Cabbage (Rare Ball),Cabbage (Rare Ball) 510 gm - 1 kg/head kg 78.66,,kg,,78.66,,pdfplumber,2026\Weekly-Average-Prices-July-27-August-2-2026.pdf
2026-08-03,2026-08-09,Cabbage (Rare Ball),Cabbage (Rare Ball) 510 gm - 1 kg/head kg 74.43,,kg,,74.43,,pdfplumber,2026\Weekly-Average-Prices-August-3-9-2026.pdf
2026-08-10,2026-08-16,Cabbage (Rare Ball),Cabbage (Rare Ball) 510 gm - 1 kg/head kg 99.64,,kg,,99.64,,pdfplumber,2026\Weekly-Average-Prices-August-10-16-2026.pdf
2026-08-17,2026-08-23,Cabbage (Rare Ball),Cabbage (Rare Ball) 510 gm - 1 kg/head kg 96.47,,kg,,96.47,,pdfplumber,2026\Weekly-Average-Prices-August-17-23-2026.pdf
2026-08-24,2026-08-30,Cabbage (Rare Ball),Cabbage (Rare Ball) 510 gm - 1 kg/head kg 116.12,,kg,,116.12,,pdfplumber,2026\Weekly-Average-Prices-August-24-30-2026.pdf
2024-01-01,2024-01-05,Cabbage (Scorpio),Cabbage (Scorpio) 750 gm - 1 kg/head kg 72.28,,kg,,72.28,,pdfplumber,2024\Weekly-Average-Prices-January-1-5-2024.pdf
2024-01-08,2024-01-12,Cabbage (Scorpio),Cabbage (Scorpio) 750 gm - 1 kg/head kg 63.31,,kg,,63.31,,pdfplumber,2024\Weekly-Average-Prices-January-8-12-2024.pdf
2024-01-15,2024-01-19,Cabbage (Scorpio),Cabbage (Scorpio) 750 gm - 1 kg/head kg 65.45,,kg,,65.45,,pdfplumber,2024\Weekly-Average-Prices-January-15-19-2024.pdf
2024-01-22,2024-01-26,Cabbage (Scorpio),Cabbage (Scorpio) 750 gm - 1 kg/head kg 65.87,,kg,,65.87,,pdfplumber,2024\Weekly-Average-Prices-January-22-26-2024.pdf
2024-01-29,2024-02-02,Cabbage (Scorpio),Cabbage (Scorpio) 750 gm - 1 kg/head kg 66.58,,kg,,66.58,,pdfplumber,2024\Weekly-Average-Prices-January-29-February-2-2024.pdf
2024-02-05,2024-02-09,Cabbage (Scorpio),Cabbage (Scorpio) 750 gm - 1 kg/head kg 65.86,,kg,,65.86,,pdfplumber,2024\Weekly-Average-Prices-February-5-9-2024.pdf
2024-02-26,2024-03-01,Cabbage (Scorpio),Cabbage (Scorpio) 750 gm - 1 kg/head kg 71.29,,kg,,71.29,,pdfplumber,2024\Weekly-Average-Prices-February-26-March-1-2024.pdf
2024-03-04,2024-03-08,Cabbage (Scorpio),Cabbage (Scorpio) 750 gm - 1 kg/head kg 69.78,,kg,,69.78,,pdfplumber,2024\Weekly-Average-Prices-March-4-8-2024.pdf
2024-04-15,2024-04-20,Cabbage (Scorpio),Cabbage (Scorpio) 750 gm - 1 kg/head kg 67.16,,kg,,67.16,,pdfplumber,2024\Weekly-Average-Prices-April-15-20-2024.pdf
2024-04-22,2024-04-27,Cabbage (Scorpio),Cabbage (Scorpio) 750 gm - 1 kg/head kg 71.10,,kg,,71.1,,pdfplumber,2024\Weekly-Average-Prices-April-22-27-2024.pdf
2024-04-29,2024-05-04,Cabbage (Scorpio),Cabbage (Scorpio) 750 gm - 1 kg/head kg 72.84,,kg,,72.84,,pdfplumber,2024\Weekly-Average-Prices-April-29-May-4-2024.pdf
2024-05-06,2024-05-11,Cabbage (Scorpio),Cabbage (Scorpio) 750 gm - 1 kg/head kg 69.25,,kg,,69.25,,pdfplumber,2024\Weekly-Average-Prices-May-6-11-2024.pdf
2024-05-13,2024-05-18,Cabbage (Scorpio),Cabbage (Scorpio) 750 gm - 1 kg/head kg 68.75,,kg,,68.75,,pdfplumber,2024\Weekly-Average-Prices-May-13-18-2024.pdf
2024-05-20,2024-05-25,Cabbage (Scorpio),Cabbage (Scorpio) 750 gm - 1 kg/head kg 70.98,,kg,,70.98,,pdfplumber,2024\Weekly-Average-Prices-May-20-25-2024.pdf
2024-06-10,2024-06-15,Cabbage (Scorpio),Cabbage (Scorpio) 750 gm - 1 kg/head kg 77.02,,kg,,77.02,,pdfplumber,2024\Weekly-Average-Prices-June-10-15-2024.pdf
2024-06-17,2024-06-22,Cabbage (Scorpio),Cabbage (Scorpio) 750 gm - 1 kg/head kg 77.55,,kg,,77.55,,pdfplumber,2024\Weekly-Average-Prices-June-17-22-2024.pdf
2024-06-24,2024-06-29,Cabbage (Scorpio),Cabbage (Scorpio) 750 gm - 1 kg/head kg 79.12,,kg,,79.12,,pdfplumber,2024\Weekly-Average-Prices-June-24-29-2024.pdf
2024-07-01,2024-07-06,Cabbage (Scorpio),Cabbage (Scorpio) 750 gm - 1 kg/head kg 82.53,,kg,,82.53,,pdfplumber,2024\Weekly-Average-Prices-July-1-6-2024.pdf
2024-07-08,2024-07-13,Cabbage (Scorpio),Cabbage (Scorpio) 750 gm - 1 kg/head kg 80.48,,kg,,80.48,,pdfplumber,2024\Weekly-Average-Prices-July-8-13-2024.pdf
2024-07-15,2024-07-20,Cabbage (Scorpio),Cabbage (Scorpio) 750 gm - 1 kg/head kg 73.45,,kg,,73.45,,pdfplumber,2024\Weekly-Average-Prices-July-15-20-2024.pdf
2024-07-22,2024-07-27,Cabbage (Scorpio),Cabbage (Scorpio) 750 gm - 1 kg/head kg 73.89,,kg,,73.89,,pdfplumber,2024\Weekly-Average-Prices-July-22-27-2024.pdf
2024-07-29,2024-08-03,Cabbage (Scorpio),Cabbage (Scorpio) 750 gm - 1 kg/head kg 72.56,,kg,,72.56,,pdfplumber,2024\Weekly-Average-Prices-July-29-August-3-2024.pdf
2024-08-05,2024-08-10,Cabbage (Scorpio),Cabbage (Scorpio) 750 gm - 1 kg/head kg 67.62,,kg,,67.62,,pdfplumber,2024\Weekly-Average-Prices-August-5-10-2024.pdf
2024-08-12,2024-08-17,Cabbage (Scorpio),Cabbage (Scorpio) 750 gm - 1 kg/head kg 65.19,,kg,,65.19,,pdfplumber,2024\Weekly-Average-Prices-August-12-17-2024.pdf
2024-08-19,2024-08-24,Cabbage (Scorpio),Cabbage (Scorpio) 750 gm - 1 kg/head kg 66.31,,kg,,66.31,,pdfplumber,2024\Weekly-Average-Prices-August-19-24-2024.pdf
2024-11-04,2024-11-09,Cabbage (Scorpio),Cabbage (Scorpio) 750 gm - 1 kg/head kg 126.16,,kg,,126.16,,pdfplumber,2024\Weekly-Average-Prices-November-4-9-2024.pdf
2024-11-18,2024-11-23,Cabbage (Scorpio),Cabbage (Scorpio) 750 gm - 1 kg/head kg 113.65,,kg,,113.65,,pdfplumber,2024\Weekly-Average-Prices-November-18-23-2024.pdf
2025-04-28,2025-05-03,Cabbage (Scorpio),Cabbage (Scorpio) 750 gm - 1 kg/head kg 119.26,,kg,,119.26,,pdfplumber,2025\Weekly-Average-Prices-April-28-May-3-2025.pdf
2025-06-09,2025-06-14,Cabbage (Scorpio),Cabbage (Scorpio) 750 gm - 1 kg/head kg 98.01,,kg,,98.01,,pdfplumber,2025\Weekly-Average-Prices-June-9-14-2025.pdf
2025-09-15,2025-09-20,Cabbage (Scorpio),Cabbage (Scorpio) 750 gm - 1 kg/head kg 88.60,,kg,,88.6,,pdfplumber,2025\Weekly-Average-Prices-September-15-20-2025.pdf
2025-09-22,2025-09-27,Cabbage (Scorpio),Cabbage (Scorpio) 750 gm - 1 kg/head kg 98.61,,kg,,98.61,,pdfplumber,2025\Weekly-Average-Prices-September-22-27-2025.pdf
2025-10-13,2025-10-18,Cabbage (Scorpio),Cabbage (Scorpio) 750 gm - 1 kg/head kg 103.55,,kg,,103.55,,pdfplumber,2025\Weekly-Average-Prices-October-13-18-2025.pdf
2025-10-27,2025-11-01,Cabbage (Scorpio),Cabbage (Scorpio) 750 gm - 1 kg/head kg 89.25,,kg,,89.25,,pdfplumber,2025\Weekly-Average-Prices-October-27-November-1-2025.pdf
2025-11-03,2025-11-08,Cabbage (Scorpio),Cabbage (Scorpio) 750 gm - 1 kg/head kg 83.53,,kg,,83.53,,pdfplumber,2025\Weekly-Average-Prices-November-3-8-2025.pdf
2025-12-08,2025-12-13,Cabbage (Scorpio),Cabbage (Scorpio) 750 gm - 1 kg/head kg 84.66,,kg,,84.66,,pdfplumber,2025\Weekly-Average-Prices-December-8-13-2025.pdf
2026-01-12,2026-01-17,Cabbage (Scorpio),Cabbage (Scorpio) 750 gm - 1 kg/head kg 90.40,,kg,,90.4,,pdfplumber,2026\Weekly-Average-Prices-January-12-17-2026.pdf
2026-01-19,2026-01-24,Cabbage (Scorpio),Cabbage (Scorpio) 750 gm - 1 kg/head kg 87.35,,kg,,87.35,,pdfplumber,2026\Weekly-Average-Prices-January-19-24-2026.pdf
2026-04-20,2026-04-25,Cabbage (Scorpio),Cabbage (Scorpio) 750 gm - 1 kg/head kg 76.27,,kg,,76.27,,pdfplumber,2026\Weekly-Average-Prices-April-20-25-2026.pdf
2026-04-27,2026-05-02,Cabbage (Scorpio),Cabbage (Scorpio) 750 gm - 1 kg/head kg 76.87,,kg,,76.87,,pdfplumber,2026\Weekly-Average-Prices-April-27-May-2-2026.pdf
2026-05-04,2026-05-09,Cabbage (Scorpio),Cabbage (Scorpio) 750 gm - 1 kg/head kg 67.42,,kg,,67.42,,pdfplumber,2026\Weekly-Average-Prices-May-4-9-2026.pdf
2026-05-11,2026-05-16,Cabbage (Scorpio),Cabbage (Scorpio) 750 gm - 1 kg/head kg 65.33,,kg,,65.33,,pdfplumber,2026\Weekly-Average-Prices-May-11-16-2026.pdf
2026-05-18,2026-05-23,Cabbage (Scorpio),Cabbage (Scorpio) 750 gm - 1 kg/head kg 65.00,,kg,,65.0,,pdfplumber,2026\Weekly-Average-Prices-May-18-23-2026.pdf
2026-05-25,2026-05-30,Cabbage (Scorpio),Cabbage (Scorpio) 750 gm - 1 kg/head kg 66.31,,kg,,66.31,,pdfplumber,2026\Weekly-Average-Prices-May-25-30-2026.pdf
2026-06-01,2026-06-06,Cabbage (Scorpio),Cabbage (Scorpio) 750 gm - 1 kg/head kg 67.43,,kg,,67.43,,pdfplumber,2026\Weekly-Average-Prices-June-1-6-2026.pdf
2026-06-08,2026-06-13,Cabbage (Scorpio),Cabbage (Scorpio) 750 gm - 1 kg/head kg 73.82,,kg,,73.82,,pdfplumber,2026\Weekly-Average-Prices-June-8-13-2026.pdf
2026-06-15,2026-06-20,Cabbage (Scorpio),Cabbage (Scorpio) 750 gm - 1 kg/head kg 78.20,,kg,,78.2,,pdfplumber,2026\Weekly-Average-Prices-June-15-20-2026.pdf
2026-06-22,2026-06-27,Cabbage (Scorpio),Cabbage (Scorpio) 750 gm - 1 kg/head kg 98.55,,kg,,98.55,,pdfplumber,2026\Weekly-Average-Prices-June-22-27-2026.pdf
2026-06-29,2026-07-05,Cabbage (Scorpio),Cabbage (Scorpio) 750 gm - 1 kg/head kg 103.56,,kg,,103.56,,pdfplumber,2026\Weekly-Average-Prices-June-29-July-5-2026.pdf
2026-07-06,2026-07-12,Cabbage (Scorpio),Cabbage (Scorpio) 750 gm - 1 kg/head kg 106.22,,kg,,106.22,,pdfplumber,2026\Weekly-Average-Prices-July-6-12-2026.pdf
2026-07-13,2026-07-19,Cabbage (Scorpio),Cabbage (Scorpio) 750 gm - 1 kg/head kg 95.42,,kg,,95.42,,pdfplumber,2026\Weekly-Average-Prices-July-13-19-2026.pdf
2026-07-20,2026-07-26,Cabbage (Scorpio),Cabbage (Scorpio) 750 gm - 1 kg/head kg 91.14,,kg,,91.14,,pdfplumber,2026\Weekly-Average-Prices-July-20-26-2026.pdf
2026-07-27,2026-08-02,Cabbage (Scorpio),Cabbage (Scorpio) 750 gm - 1 kg/head kg 92.34,,kg,,92.34,,pdfplumber,2026\Weekly-Average-Prices-July-27-August-2-2026.pdf
2026-08-03,2026-08-09,Cabbage (Scorpio),Cabbage (Scorpio) 750 gm - 1 kg/head kg 85.99,,kg,,85.99,,pdfplumber,2026\Weekly-Average-Prices-August-3-9-2026.pdf
2026-08-10,2026-08-16,Cabbage (Scorpio),Cabbage (Scorpio) 750 gm - 1 kg/head kg 94.60,,kg,,94.6,,pdfplumber,2026\Weekly-Average-Prices-August-10-16-2026.pdf
2026-08-17,2026-08-23,Cabbage (Scorpio),Cabbage (Scorpio) 750 gm - 1 kg/head kg 98.69,,kg,,98.69,,pdfplumber,2026\Weekly-Average-Prices-August-17-23-2026.pdf
2026-08-24,2026-08-30,Cabbage (Scorpio),Cabbage (Scorpio) 750 gm - 1 kg/head kg 113.14,,kg,,113.14,,pdfplumber,2026\Weekly-Average-Prices-August-24-30-2026.pdf
2024-01-08,2024-01-12,Cabbage (Wonder Ball),Cabbage (Wonder Ball) Medium kg 52.59,,kg,,52.59,,pdfplumber,2024\Weekly-Average-Prices-January-8-12-2024.pdf
2024-01-15,2024-01-19,Cabbage (Wonder Ball),Cabbage (Wonder Ball) Medium kg 51.48,,kg,,51.48,,pdfplumber,2024\Weekly-Average-Prices-January-15-19-2024.pdf
2024-01-22,2024-01-26,Cabbage (Wonder Ball),Cabbage (Wonder Ball) Medium kg 55.12,,kg,,55.12,,pdfplumber,2024\Weekly-Average-Prices-January-22-26-2024.pdf
2024-01-29,2024-02-02,Cabbage (Wonder Ball),Cabbage (Wonder Ball) Medium kg 57.82,,kg,,57.82,,pdfplumber,2024\Weekly-Average-Prices-January-29-February-2-2024.pdf
2024-02-05,2024-02-09,Cabbage (Wonder Ball),Cabbage (Wonder Ball) Medium kg 56.90,,kg,,56.9,,pdfplumber,2024\Weekly-Average-Prices-February-5-9-2024.pdf
2024-02-26,2024-03-01,Cabbage (Wonder Ball),Cabbage (Wonder Ball) 510 gm - 1 kg/head kg 63.11,,kg,,63.11,,pdfplumber,2024\Weekly-Average-Prices-February-26-March-1-2024.pdf
2024-03-04,2024-03-08,Cabbage (Wonder Ball),Cabbage (Wonder Ball) 510 gm - 1 kg/head kg 64.78,,kg,,64.78,,pdfplumber,2024\Weekly-Average-Prices-March-4-8-2024.pdf
2024-04-15,2024-04-20,Cabbage (Wonder Ball),Cabbage (Wonder Ball) 510 gm - 1 kg/head kg 66.43,,kg,,66.43,,pdfplumber,2024\Weekly-Average-Prices-April-15-20-2024.pdf
2024-04-22,2024-04-27,Cabbage (Wonder Ball),Cabbage (Wonder Ball) 510 gm - 1 kg/head kg 74.28,,kg,,74.28,,pdfplumber,2024\Weekly-Average-Prices-April-22-27-2024.pdf
2024-04-29,2024-05-04,Cabbage (Wonder Ball),Cabbage (Wonder Ball) 510 gm - 1 kg/head kg 73.74,,kg,,73.74,,pdfplumber,2024\Weekly-Average-Prices-April-29-May-4-2024.pdf
2024-05-06,2024-05-11,Cabbage (Wonder Ball),Cabbage (Wonder Ball) 510 gm - 1 kg/head kg 73.15,,kg,,73.15,,pdfplumber,2024\Weekly-Average-Prices-May-6-11-2024.pdf
2024-05-13,2024-05-18,Cabbage (Wonder Ball),Cabbage (Wonder Ball) 510 gm - 1 kg/head kg 71.54,,kg,,71.54,,pdfplumber,2024\Weekly-Average-Prices-May-13-18-2024.pdf
2024-05-20,2024-05-25,Cabbage (Wonder Ball),Cabbage (Wonder Ball) 510 gm - 1 kg/head kg 69.79,,kg,,69.79,,pdfplumber,2024\Weekly-Average-Prices-May-20-25-2024.pdf
2024-06-10,2024-06-15,Cabbage (Wonder Ball),Cabbage (Wonder Ball) 510 gm - 1 kg/head kg 77.54,,kg,,77.54,,pdfplumber,2024\Weekly-Average-Prices-June-10-15-2024.pdf
2024-06-17,2024-06-22,Cabbage (Wonder Ball),Cabbage (Wonder Ball) 510 gm - 1 kg/head kg 76.94,,kg,,76.94,,pdfplumber,2024\Weekly-Average-Prices-June-17-22-2024.pdf
2024-06-24,2024-06-29,Cabbage (Wonder Ball),Cabbage (Wonder Ball) 510 gm - 1 kg/head kg 79.18,,kg,,79.18,,pdfplumber,2024\Weekly-Average-Prices-June-24-29-2024.pdf
2024-07-01,2024-07-06,Cabbage (Wonder Ball),Cabbage (Wonder Ball) 510 gm - 1 kg/head kg 83.28,,kg,,83.28,,pdfplumber,2024\Weekly-Average-Prices-July-1-6-2024.pdf
2024-07-08,2024-07-13,Cabbage (Wonder Ball),Cabbage (Wonder Ball) 510 gm - 1 kg/head kg 78.92,,kg,,78.92,,pdfplumber,2024\Weekly-Average-Prices-July-8-13-2024.pdf
2024-07-15,2024-07-20,Cabbage (Wonder Ball),Cabbage (Wonder Ball) 510 gm - 1 kg/head kg 71.01,,kg,,71.01,,pdfplumber,2024\Weekly-Average-Prices-July-15-20-2024.pdf
2024-07-22,2024-07-27,Cabbage (Wonder Ball),Cabbage (Wonder Ball) 510 gm - 1 kg/head kg 76.19,,kg,,76.19,,pdfplumber,2024\Weekly-Average-Prices-July-22-27-2024.pdf
2024-07-29,2024-08-03,Cabbage (Wonder Ball),Cabbage (Wonder Ball) 510 gm - 1 kg/head kg 75.23,,kg,,75.23,,pdfplumber,2024\Weekly-Average-Prices-July-29-August-3-2024.pdf
2024-08-05,2024-08-10,Cabbage (Wonder Ball),Cabbage (Wonder Ball) 510 gm - 1 kg/head kg 72.90,,kg,,72.9,,pdfplumber,2024\Weekly-Average-Prices-August-5-10-2024.pdf
2024-08-12,2024-08-17,Cabbage (Wonder Ball),Cabbage (Wonder Ball) 510 gm - 1 kg/head kg 72.10,,kg,,72.1,,pdfplumber,2024\Weekly-Average-Prices-August-12-17-2024.pdf
2024-08-19,2024-08-24,Cabbage (Wonder Ball),Cabbage (Wonder Ball) 510 gm - 1 kg/head kg 69.90,,kg,,69.9,,pdfplumber,2024\Weekly-Average-Prices-August-19-24-2024.pdf
2024-11-04,2024-11-09,Cabbage (Wonder Ball),Cabbage (Wonder Ball) 510 gm - 1 kg/head kg 125.13,,kg,,125.13,,pdfplumber,2024\Weekly-Average-Prices-November-4-9-2024.pdf
2024-11-18,2024-11-23,Cabbage (Wonder Ball),Cabbage (Wonder Ball) 510 gm - 1 kg/head kg 111.33,,kg,,111.33,,pdfplumber,2024\Weekly-Average-Prices-November-18-23-2024.pdf
2025-04-28,2025-05-03,Cabbage (Wonder Ball),Cabbage (Wonder Ball) 510 gm - 1 kg/head kg 116.88,,kg,,116.88,,pdfplumber,2025\Weekly-Average-Prices-April-28-May-3-2025.pdf
2025-06-09,2025-06-14,Cabbage (Wonder Ball),Cabbage (Wonder Ball) 510 gm - 1 kg/head kg 91.41,,kg,,91.41,,pdfplumber,2025\Weekly-Average-Prices-June-9-14-2025.pdf
2025-09-15,2025-09-20,Cabbage (Wonder Ball),Cabbage (Wonder Ball) 510 gm - 1 kg/head kg 87.16,,kg,,87.16,,pdfplumber,2025\Weekly-Average-Prices-September-15-20-2025.pdf
2025-09-22,2025-09-27,Cabbage (Wonder Ball),Cabbage (Wonder Ball) 510 gm - 1 kg/head kg 110.12,,kg,,110.12,,pdfplumber,2025\Weekly-Average-Prices-September-22-27-2025.pdf
2025-10-13,2025-10-18,Cabbage (Wonder Ball),Cabbage (Wonder Ball) 510 gm - 1 kg/head kg 99.67,,kg,,99.67,,pdfplumber,2025\Weekly-Average-Prices-October-13-18-2025.pdf
2025-10-27,2025-11-01,Cabbage (Wonder Ball),Cabbage (Wonder Ball) 510 gm - 1 kg/head kg 85.88,,kg,,85.88,,pdfplumber,2025\Weekly-Average-Prices-October-27-November-1-2025.pdf
2025-11-03,2025-11-08,Cabbage (Wonder Ball),Cabbage (Wonder Ball) 510 gm - 1 kg/head kg 82.20,,kg,,82.2,,pdfplumber,2025\Weekly-Average-Prices-November-3-8-2025.pdf
2025-12-08,2025-12-13,Cabbage (Wonder Ball),Cabbage (Wonder Ball) 510 gm - 1 kg/head kg 76.29,,kg,,76.29,,pdfplumber,2025\Weekly-Average-Prices-December-8-13-2025.pdf
2026-01-12,2026-01-17,Cabbage (Wonder Ball),Cabbage (Wonder Ball) 510 gm - 1 kg/head kg 91.13,,kg,,91.13,,pdfplumber,2026\Weekly-Average-Prices-January-12-17-2026.pdf
2026-01-19,2026-01-24,Cabbage (Wonder Ball),Cabbage (Wonder Ball) 510 gm - 1 kg/head kg 89.58,,kg,,89.58,,pdfplumber,2026\Weekly-Average-Prices-January-19-24-2026.pdf
2026-04-20,2026-04-25,Cabbage (Wonder Ball),Cabbage (Wonder Ball) 510 gm - 1 kg/head kg 63.26,,kg,,63.26,,pdfplumber,2026\Weekly-Average-Prices-April-20-25-2026.pdf
2026-04-27,2026-05-02,Cabbage (Wonder Ball),Cabbage (Wonder Ball) 510 gm - 1 kg/head kg 61.79,,kg,,61.79,,pdfplumber,2026\Weekly-Average-Prices-April-27-May-2-2026.pdf
2026-05-04,2026-05-09,Cabbage (Wonder Ball),Cabbage (Wonder Ball) 510 gm - 1 kg/head kg 59.46,,kg,,59.46,,pdfplumber,2026\Weekly-Average-Prices-May-4-9-2026.pdf
2026-05-11,2026-05-16,Cabbage (Wonder Ball),Cabbage (Wonder Ball) 510 gm - 1 kg/head kg 58.82,,kg,,58.82,,pdfplumber,2026\Weekly-Average-Prices-May-11-16-2026.pdf
2026-05-18,2026-05-23,Cabbage (Wonder Ball),Cabbage (Wonder Ball) 510 gm - 1 kg/head kg 58.95,,kg,,58.95,,pdfplumber,2026\Weekly-Average-Prices-May-18-23-2026.pdf
2026-05-25,2026-05-30,Cabbage (Wonder Ball),Cabbage (Wonder Ball) 510 gm - 1 kg/head kg 59.33,,kg,,59.33,,pdfplumber,2026\Weekly-Average-Prices-May-25-30-2026.pdf
2026-06-01,2026-06-06,Cabbage (Wonder Ball),Cabbage (Wonder Ball) 510 gm - 1 kg/head kg 59.45,,kg,,59.45,,pdfplumber,2026\Weekly-Average-Prices-June-1-6-2026.pdf
2026-06-08,2026-06-13,Cabbage (Wonder Ball),Cabbage (Wonder Ball) 510 gm - 1 kg/head kg 65.81,,kg,,65.81,,pdfplumber,2026\Weekly-Average-Prices-June-8-13-2026.pdf
2026-06-15,2026-06-20,Cabbage (Wonder Ball),Cabbage (Wonder Ball) 510 gm - 1 kg/head kg 69.18,,kg,,69.18,,pdfplumber,2026\Weekly-Average-Prices-June-15-20-2026.pdf
2026-06-22,2026-06-27,Cabbage (Wonder Ball),Cabbage (Wonder Ball) 510 gm - 1 kg/head kg 90.26,,kg,,90.26,,pdfplumber,2026\Weekly-Average-Prices-June-22-27-2026.pdf
2026-06-29,2026-07-05,Cabbage (Wonder Ball),Cabbage (Wonder Ball) 510 gm - 1 kg/head kg 97.23,,kg,,97.23,,pdfplumber,2026\Weekly-Average-Prices-June-29-July-5-2026.pdf
2026-07-06,2026-07-12,Cabbage (Wonder Ball),Cabbage (Wonder Ball) 510 gm - 1 kg/head kg 93.68,,kg,,93.68,,pdfplumber,2026\Weekly-Average-Prices-July-6-12-2026.pdf
2026-07-13,2026-07-19,Cabbage (Wonder Ball),Cabbage (Wonder Ball) 510 gm - 1 kg/head kg 84.98,,kg,,84.98,,pdfplumber,2026\Weekly-Average-Prices-July-13-19-2026.pdf
2026-07-20,2026-07-26,Cabbage (Wonder Ball),Cabbage (Wonder Ball) 510 gm - 1 kg/head kg 76.26,,kg,,76.26,,pdfplumber,2026\Weekly-Average-Prices-July-20-26-2026.pdf
2026-07-27,2026-08-02,Cabbage (Wonder Ball),Cabbage (Wonder Ball) 510 gm - 1 kg/head kg 71.55,,kg,,71.55,,pdfplumber,2026\Weekly-Average-Prices-July-27-August-2-2026.pdf
2026-08-03,2026-08-09,Cabbage (Wonder Ball),Cabbage (Wonder Ball) 510 gm - 1 kg/head kg 69.72,,kg,,69.72,,pdfplumber,2026\Weekly-Average-Prices-August-3-9-2026.pdf
2026-08-10,2026-08-16,Cabbage (Wonder Ball),Cabbage (Wonder Ball) 510 gm - 1 kg/head kg 98.75,,kg,,98.75,,pdfplumber,2026\Weekly-Average-Prices-August-10-16-2026.pdf
2026-08-17,2026-08-23,Cabbage (Wonder Ball),Cabbage (Wonder Ball) 510 gm - 1 kg/head kg 93.97,,kg,,93.97,,pdfplumber,2026\Weekly-Average-Prices-August-17-23-2026.pdf
2026-08-24,2026-08-30,Cabbage (Wonder Ball),Cabbage (Wonder Ball) 510 gm - 1 kg/head kg 110.55,,kg,,110.55,,pdfplumber,2026\Weekly-Average-Prices-August-24-30-2026.pdf
2024-01-01,2024-01-05,Carrots,Carrots 8-10 pcs kg 108.46,,kg,,108.46,,pdfplumber,2024\Weekly-Average-Prices-January-1-5-2024.pdf
2024-01-08,2024-01-12,Carrots,Carrots 8-10 pcs kg 93.26,,kg,,93.26,,pdfplumber,2024\Weekly-Average-Prices-January-8-12-2024.pdf
2024-01-15,2024-01-19,Carrots,Carrots 8-10 pcs kg 88.70,,kg,,88.7,,pdfplumber,2024\Weekly-Average-Prices-January-15-19-2024.pdf
2024-01-22,2024-01-26,Carrots,Carrots 8-10 pcs kg 90.39,,kg,,90.39,,pdfplumber,2024\Weekly-Average-Prices-January-22-26-2024.pdf
2024-01-29,2024-02-02,Carrots,Carrots 8-10 pcs kg 91.68,,kg,,91.68,,pdfplumber,2024\Weekly-Average-Prices-January-29-February-2-2024.pdf
2024-02-05,2024-02-09,Carrots,Carrots 8-10 pcs kg 92.90,,kg,,92.9,,pdfplumber,2024\Weekly-Average-Prices-February-5-9-2024.pdf
2024-02-26,2024-03-01,Carrots,Carrots 8-10 pcs/kg kg 114.07,,kg,,114.07,,pdfplumber,2024\Weekly-Average-Prices-February-26-March-1-2024.pdf
2024-03-04,2024-03-08,Carrots,Carrots 8-10 pcs/kg kg 119.79,,kg,,119.79,,pdfplumber,2024\Weekly-Average-Prices-March-4-8-2024.pdf
2024-04-15,2024-04-20,Carrots,Carrots 8-10 pcs/kg kg 98.08,,kg,,98.08,,pdfplumber,2024\Weekly-Average-Prices-April-15-20-2024.pdf
2024-04-22,2024-04-27,Carrots,Carrots 8-10 pcs/kg kg 100.12,,kg,,100.12,,pdfplumber,2024\Weekly-Average-Prices-April-22-27-2024.pdf
2024-04-29,2024-05-04,Carrots,Carrots 8-10 pcs/kg kg 100.20,,kg,,100.2,,pdfplumber,2024\Weekly-Average-Prices-April-29-May-4-2024.pdf
2024-05-06,2024-05-11,Carrots,Carrots 8-10 pcs/kg kg 99.52,,kg,,99.52,,pdfplumber,2024\Weekly-Average-Prices-May-6-11-2024.pdf
2024-05-13,2024-05-18,Carrots,Carrots 8-10 pcs/kg kg 97.76,,kg,,97.76,,pdfplumber,2024\Weekly-Average-Prices-May-13-18-2024.pdf
2024-05-20,2024-05-25,Carrots,Carrots 8-10 pcs/kg kg 95.53,,kg,,95.53,,pdfplumber,2024\Weekly-Average-Prices-May-20-25-2024.pdf
2024-06-10,2024-06-15,Carrots,Carrots 8-10 pcs/kg kg 104.85,,kg,,104.85,,pdfplumber,2024\Weekly-Average-Prices-June-10-15-2024.pdf
2024-06-17,2024-06-22,Carrots,Carrots 8-10 pcs/kg kg 111.87,,kg,,111.87,,pdfplumber,2024\Weekly-Average-Prices-June-17-22-2024.pdf
2024-06-24,2024-06-29,Carrots,Carrots 8-10 pcs/kg kg 117.94,,kg,,117.94,,pdfplumber,2024\Weekly-Average-Prices-June-24-29-2024.pdf
2024-07-01,2024-07-06,Carrots,Carrots 8-10 pcs/kg kg 128.66,,kg,,128.66,,pdfplumber,2024\Weekly-Average-Prices-July-1-6-2024.pdf
2024-07-08,2024-07-13,Carrots,Carrots 8-10 pcs/kg kg 137.54,,kg,,137.54,,pdfplumber,2024\Weekly-Average-Prices-July-8-13-2024.pdf
2024-07-15,2024-07-20,Carrots,Carrots 8-10 pcs/kg kg 144.17,,kg,,144.17,,pdfplumber,2024\Weekly-Average-Prices-July-15-20-2024.pdf
2024-07-22,2024-07-27,Carrots,Carrots 8-10 pcs/kg kg 168.81,,kg,,168.81,,pdfplumber,2024\Weekly-Average-Prices-July-22-27-2024.pdf
2024-07-29,2024-08-03,Carrots,Carrots 8-10 pcs/kg kg 164.23,,kg,,164.23,,pdfplumber,2024\Weekly-Average-Prices-July-29-August-3-2024.pdf
2024-08-05,2024-08-10,Carrots,Carrots 8-10 pcs/kg kg 140.81,,kg,,140.81,,pdfplumber,2024\Weekly-Average-Prices-August-5-10-2024.pdf
2024-08-12,2024-08-17,Carrots,Carrots 8-10 pcs/kg kg 129.02,,kg,,129.02,,pdfplumber,2024\Weekly-Average-Prices-August-12-17-2024.pdf
2024-08-19,2024-08-24,Carrots,Carrots 8-10 pcs/kg kg 119.21,,kg,,119.21,,pdfplumber,2024\Weekly-Average-Prices-August-19-24-2024.pdf
2024-11-04,2024-11-09,Carrots,Carrots 8-10 pcs/kg kg 176.16,,kg,,176.16,,pdfplumber,2024\Weekly-Average-Prices-November-4-9-2024.pdf
2024-11-18,2024-11-23,Carrots,Carrots 8-10 pcs/kg kg 186.49,,kg,,186.49,,pdfplumber,2024\Weekly-Average-Prices-November-18-23-2024.pdf
2025-04-28,2025-05-03,Carrots,Carrots 8-10 pcs/kg kg 85.28,,kg,,85.28,,pdfplumber,2025\Weekly-Average-Prices-April-28-May-3-2025.pdf
2025-06-09,2025-06-14,Carrots,Carrots 8-10 pcs/kg kg 90.33,,kg,,90.33,,pdfplumber,2025\Weekly-Average-Prices-June-9-14-2025.pdf
2025-09-15,2025-09-20,Carrots,Carrots 8-10 pcs/kg kg 259.35,,kg,,259.35,,pdfplumber,2025\Weekly-Average-Prices-September-15-20-2025.pdf
2025-09-22,2025-09-27,Carrots,Carrots 8-10 pcs/kg kg 271.51,,kg,,271.51,,pdfplumber,2025\Weekly-Average-Prices-September-22-27-2025.pdf
2025-10-13,2025-10-18,Carrots,Carrots 8-10 pcs/kg kg 192.03,,kg,,192.03,,pdfplumber,2025\Weekly-Average-Prices-October-13-18-2025.pdf
2025-10-27,2025-11-01,Carrots,Carrots 8-10 pcs/kg kg 159.59,,kg,,159.59,,pdfplumber,2025\Weekly-Average-Prices-October-27-November-1-2025.pdf
2025-11-03,2025-11-08,Carrots,Carrots 8-10 pcs/kg kg 156.09,,kg,,156.09,,pdfplumber,2025\Weekly-Average-Prices-November-3-8-2025.pdf
2025-12-08,2025-12-13,Carrots,Carrots 8-10 pcs/kg kg 122.07,,kg,,122.07,,pdfplumber,2025\Weekly-Average-Prices-December-8-13-2025.pdf
2026-01-12,2026-01-17,Carrots,"Carrots, Local 8-10 pcs/kg kg 102.62",,kg,,102.62,,pdfplumber,2026\Weekly-Average-Prices-January-12-17-2026.pdf
2026-01-19,2026-01-24,Carrots,"Carrots, Local 8-10 pcs/kg kg 98.35",,kg,,98.35,,pdfplumber,2026\Weekly-Average-Prices-January-19-24-2026.pdf
2026-04-20,2026-04-25,Carrots,"Carrots, Local 8-10 pcs/kg kg 157.05",,kg,,157.05,,pdfplumber,2026\Weekly-Average-Prices-April-20-25-2026.pdf
2026-04-27,2026-05-02,Carrots,"Carrots, Local 8-10 pcs/kg kg 150.74",,kg,,150.74,,pdfplumber,2026\Weekly-Average-Prices-April-27-May-2-2026.pdf
2026-05-04,2026-05-09,Carrots,"Carrots, Local 8-10 pcs/kg kg 144.06",,kg,,144.06,,pdfplumber,2026\Weekly-Average-Prices-May-4-9-2026.pdf
2026-05-11,2026-05-16,Carrots,"Carrots, Local 8-10 pcs/kg kg 139.23",,kg,,139.23,,pdfplumber,2026\Weekly-Average-Prices-May-11-16-2026.pdf
2026-05-18,2026-05-23,Carrots,"Carrots, Local 8-10 pcs/kg kg 135.01",,kg,,135.01,,pdfplumber,2026\Weekly-Average-Prices-May-18-23-2026.pdf
2026-05-25,2026-05-30,Carrots,"Carrots, Local 8-10 pcs/kg kg 133.35",,kg,,133.35,,pdfplumber,2026\Weekly-Average-Prices-May-25-30-2026.pdf
2026-06-01,2026-06-06,Carrots,"Carrots, Local 8-10 pcs/kg kg 132.52",,kg,,132.52,,pdfplumber,2026\Weekly-Average-Prices-June-1-6-2026.pdf
2026-06-08,2026-06-13,Carrots,"Carrots, Local 8-10 pcs/kg kg 127.33",,kg,,127.33,,pdfplumber,2026\Weekly-Average-Prices-June-8-13-2026.pdf
2026-06-15,2026-06-20,Carrots,"Carrots, Local 8-10 pcs/kg kg 120.50",,kg,,120.5,,pdfplumber,2026\Weekly-Average-Prices-June-15-20-2026.pdf
2026-06-22,2026-06-27,Carrots,"Carrots, Local 8-10 pcs/kg kg 116.00",,kg,,116.0,,pdfplumber,2026\Weekly-Average-Prices-June-22-27-2026.pdf
2026-06-29,2026-07-05,Carrots,"Carrots, Local 8-10 pcs/kg kg 112.21",,kg,,112.21,,pdfplumber,2026\Weekly-Average-Prices-June-29-July-5-2026.pdf
2026-07-06,2026-07-12,Carrots,"Carrots, Local 8-10 pcs/kg kg 111.26",,kg,,111.26,,pdfplumber,2026\Weekly-Average-Prices-July-6-12-2026.pdf
2026-07-13,2026-07-19,Carrots,"Carrots, Local 8-10 pcs/kg kg 108.38",,kg,,108.38,,pdfplumber,2026\Weekly-Average-Prices-July-13-19-2026.pdf
2026-07-20,2026-07-26,Carrots,"Carrots, Local 8-10 pcs/kg kg 109.74",,kg,,109.74,,pdfplumber,2026\Weekly-Average-Prices-July-20-26-2026.pdf
2026-07-27,2026-08-02,Carrots,"Carrots, Local 8-10 pcs/kg kg 107.70",,kg,,107.7,,pdfplumber,2026\Weekly-Average-Prices-July-27-August-2-2026.pdf
2026-08-03,2026-08-09,Carrots,"Carrots, Local 8-10 pcs/kg kg 104.87",,kg,,104.87,,pdfplumber,2026\Weekly-Average-Prices-August-3-9-2026.pdf
2026-08-10,2026-08-16,Carrots,"Carrots, Local 8-10 pcs/kg kg 113.73",,kg,,113.73,,pdfplumber,2026\Weekly-Average-Prices-August-10-16-2026.pdf
2026-08-17,2026-08-23,Carrots,"Carrots, Local 8-10 pcs/kg kg 114.21",,kg,,114.21,,pdfplumber,2026\Weekly-Average-Prices-August-17-23-2026.pdf
2026-08-24,2026-08-30,Carrots,"Carrots, Local 8-10 pcs/kg kg 111.77",,kg,,111.77,,pdfplumber,2026\Weekly-Average-Prices-August-24-30-2026.pdf
2024-01-01,2024-01-05,Eggplant,Eggplant 3-4 Small Bundles kg 102.53,,kg,,102.53,,pdfplumber,2024\Weekly-Average-Prices-January-1-5-2024.pdf
2024-01-08,2024-01-12,Eggplant,Eggplant 3-4 Small Bundles kg 118.49,,kg,,118.49,,pdfplumber,2024\Weekly-Average-Prices-January-8-12-2024.pdf
2024-01-15,2024-01-19,Eggplant,Eggplant 3-4 Small Bundles kg 119.08,,kg,,119.08,,pdfplumber,2024\Weekly-Average-Prices-January-15-19-2024.pdf
2024-01-22,2024-01-26,Eggplant,Eggplant 3-4 Small Bundles kg 111.90,,kg,,111.9,,pdfplumber,2024\Weekly-Average-Prices-January-22-26-2024.pdf
2024-01-29,2024-02-02,Eggplant,Eggplant 3-4 Small Bundles kg 97.26,,kg,,97.26,,pdfplumber,2024\Weekly-Average-Prices-January-29-February-2-2024.pdf
2024-02-05,2024-02-09,Eggplant,Eggplant 3-4 Small Bundles kg 88.06,,kg,,88.06,,pdfplumber,2024\Weekly-Average-Prices-February-5-9-2024.pdf
2024-02-26,2024-03-01,Eggplant,Eggplant 3-4 Small Bundles kg 80.20,,kg,,80.2,,pdfplumber,2024\Weekly-Average-Prices-February-26-March-1-2024.pdf
2024-03-04,2024-03-08,Eggplant,Eggplant 3-4 Small Bundles kg 81.54,,kg,,81.54,,pdfplumber,2024\Weekly-Average-Prices-March-4-8-2024.pdf
2024-04-15,2024-04-20,Eggplant,Eggplant 3-4 Small Bundles kg 86.98,,kg,,86.98,,pdfplumber,2024\Weekly-Average-Prices-April-15-20-2024.pdf
2024-04-22,2024-04-27,Eggplant,Eggplant 3-4 Small Bundles kg 85.70,,kg,,85.7,,pdfplumber,2024\Weekly-Average-Prices-April-22-27-2024.pdf
2024-04-29,2024-05-04,Eggplant,Eggplant 3-4 Small Bundles kg 83.45,,kg,,83.45,,pdfplumber,2024\Weekly-Average-Prices-April-29-May-4-2024.pdf
2024-05-06,2024-05-11,Eggplant,Eggplant 3-4 Small Bundles kg 89.27,,kg,,89.27,,pdfplumber,2024\Weekly-Average-Prices-May-6-11-2024.pdf
2024-05-13,2024-05-18,Eggplant,Eggplant 3-4 Small Bundles kg 93.40,,kg,,93.4,,pdfplumber,2024\Weekly-Average-Prices-May-13-18-2024.pdf
2024-05-20,2024-05-25,Eggplant,Eggplant 3-4 Small Bundles kg 93.39,,kg,,93.39,,pdfplumber,2024\Weekly-Average-Prices-May-20-25-2024.pdf
2024-06-10,2024-06-15,Eggplant,Eggplant 3-4 Small Bundles kg 92.05,,kg,,92.05,,pdfplumber,2024\Weekly-Average-Prices-June-10-15-2024.pdf
2024-06-17,2024-06-22,Eggplant,Eggplant 3-4 Small Bundles kg 92.68,,kg,,92.68,,pdfplumber,2024\Weekly-Average-Prices-June-17-22-2024.pdf
2024-06-24,2024-06-29,Eggplant,Eggplant 3-4 Small Bundles kg 87.45,,kg,,87.45,,pdfplumber,2024\Weekly-Average-Prices-June-24-29-2024.pdf
2024-07-01,2024-07-06,Eggplant,Eggplant 3-4 Small Bundles kg 85.69,,kg,,85.69,,pdfplumber,2024\Weekly-Average-Prices-July-1-6-2024.pdf
2024-07-08,2024-07-13,Eggplant,Eggplant 3-4 Small Bundles kg 95.86,,kg,,95.86,,pdfplumber,2024\Weekly-Average-Prices-July-8-13-2024.pdf
2024-07-15,2024-07-20,Eggplant,Eggplant 3-4 Small Bundles kg 107.40,,kg,,107.4,,pdfplumber,2024\Weekly-Average-Prices-July-15-20-2024.pdf
2024-07-22,2024-07-27,Eggplant,Eggplant 3-4 Small Bundles kg 114.49,,kg,,114.49,,pdfplumber,2024\Weekly-Average-Prices-July-22-27-2024.pdf
2024-07-29,2024-08-03,Eggplant,Eggplant 3-4 Small Bundles kg 135.05,,kg,,135.05,,pdfplumber,2024\Weekly-Average-Prices-July-29-August-3-2024.pdf
2024-08-05,2024-08-10,Eggplant,Eggplant 3-4 Small Bundles kg 136.64,,kg,,136.64,,pdfplumber,2024\Weekly-Average-Prices-August-5-10-2024.pdf
2024-08-12,2024-08-17,Eggplant,Eggplant 3-4 Small Bundles kg 140.87,,kg,,140.87,,pdfplumber,2024\Weekly-Average-Prices-August-12-17-2024.pdf
2024-08-19,2024-08-24,Eggplant,Eggplant 3-4 Small Bundles kg 99.81,,kg,,99.81,,pdfplumber,2024\Weekly-Average-Prices-August-19-24-2024.pdf
2024-11-04,2024-11-09,Eggplant,Eggplant 3-4 Small Bundles kg 132.86,,kg,,132.86,,pdfplumber,2024\Weekly-Average-Prices-November-4-9-2024.pdf
2024-11-18,2024-11-23,Eggplant,Eggplant 3-4 Small Bundles kg 191.54,,kg,,191.54,,pdfplumber,2024\Weekly-Average-Prices-November-18-23-2024.pdf
2025-04-28,2025-05-03,Eggplant,Eggplant 3-4 Small Bundles kg 108.05,,kg,,108.05,,pdfplumber,2025\Weekly-Average-Prices-April-28-May-3-2025.pdf
2025-06-09,2025-06-14,Eggplant,Eggplant 3-4 Small Bundles kg 87.43,,kg,,87.43,,pdfplumber,2025\Weekly-Average-Prices-June-9-14-2025.pdf
2025-09-15,2025-09-20,Eggplant,Eggplant 3-4 Small Bundles kg 91.87,,kg,,91.87,,pdfplumber,2025\Weekly-Average-Prices-September-15-20-2025.pdf
2025-09-22,2025-09-27,Eggplant,Eggplant 3-4 Small Bundles kg 114.66,,kg,,114.66,,pdfplumber,2025\Weekly-Average-Prices-September-22-27-2025.pdf
2025-10-13,2025-10-18,Eggplant,Eggplant 3-4 Small Bundles kg 136.82,,kg,,136.82,,pdfplumber,2025\Weekly-Average-Prices-October-13-18-2025.pdf
2025-10-27,2025-11-01,Eggplant,Eggplant 3-4 Small Bundles kg 107.00,,kg,,107.0,,pdfplumber,2025\Weekly-Average-Prices-October-27-November-1-2025.pdf
2025-11-03,2025-11-08,Eggplant,Eggplant 3-4 Small Bundles kg 99.23,,kg,,99.23,,pdfplumber,2025\Weekly-Average-Prices-November-3-8-2025.pdf
2025-12-08,2025-12-13,Eggplant,Eggplant 3-4 Small Bundles kg 166.21,,kg,,166.21,,pdfplumber,2025\Weekly-Average-Prices-December-8-13-2025.pdf
2026-01-12,2026-01-17,Eggplant,Eggplant 3-4 Small Bundles kg 131.64,,kg,,131.64,,pdfplumber,2026\Weekly-Average-Prices-January-12-17-2026.pdf
2026-01-19,2026-01-24,Eggplant,Eggplant 3-4 Small Bundles kg 122.00,,kg,,122.0,,pdfplumber,2026\Weekly-Average-Prices-January-19-24-2026.pdf
2026-04-20,2026-04-25,Eggplant,Eggplant 3-4 Small Bundles kg 76.69,,kg,,76.69,,pdfplumber,2026\Weekly-Average-Prices-April-20-25-2026.pdf
2026-04-27,2026-05-02,Eggplant,Eggplant 3-4 Small Bundles kg 78.34,,kg,,78.34,,pdfplumber,2026\Weekly-Average-Prices-April-27-May-2-2026.pdf
2026-05-04,2026-05-09,Eggplant,Eggplant 3-4 Small Bundles kg 81.73,,kg,,81.73,,pdfplumber,2026\Weekly-Average-Prices-May-4-9-2026.pdf
2026-05-11,2026-05-16,Eggplant,Eggplant 3-4 Small Bundles kg 84.59,,kg,,84.59,,pdfplumber,2026\Weekly-Average-Prices-May-11-16-2026.pdf
2026-05-18,2026-05-23,Eggplant,Eggplant 3-4 Small Bundles kg 89.02,,kg,,89.02,,pdfplumber,2026\Weekly-Average-Prices-May-18-23-2026.pdf
2026-05-25,2026-05-30,Eggplant,Eggplant 3-4 Small Bundles kg 88.08,,kg,,88.08,,pdfplumber,2026\Weekly-Average-Prices-May-25-30-2026.pdf
2026-06-01,2026-06-06,Eggplant,Eggplant 3-4 Small Bundles kg 86.93,,kg,,86.93,,pdfplumber,2026\Weekly-Average-Prices-June-1-6-2026.pdf
2026-06-08,2026-06-13,Eggplant,Eggplant 3-4 Small Bundles kg 91.02,,kg,,91.02,,pdfplumber,2026\Weekly-Average-Prices-June-8-13-2026.pdf
2026-06-15,2026-06-20,Eggplant,Eggplant 3-4 Small Bundles kg 88.99,,kg,,88.99,,pdfplumber,2026\Weekly-Average-Prices-June-15-20-2026.pdf
2026-06-22,2026-06-27,Eggplant,Eggplant 3-4 Small Bundles kg 101.89,,kg,,101.89,,pdfplumber,2026\Weekly-Average-Prices-June-22-27-2026.pdf
2026-06-29,2026-07-05,Eggplant,Eggplant 3-4 Small Bundles kg 91.81,,kg,,91.81,,pdfplumber,2026\Weekly-Average-Prices-June-29-July-5-2026.pdf
2026-07-06,2026-07-12,Eggplant,Eggplant 3-4 Small Bundles kg 89.24,,kg,,89.24,,pdfplumber,2026\Weekly-Average-Prices-July-6-12-2026.pdf
2026-07-13,2026-07-19,Eggplant,Eggplant 3-4 Small Bundles kg 98.49,,kg,,98.49,,pdfplumber,2026\Weekly-Average-Prices-July-13-19-2026.pdf
2026-07-20,2026-07-26,Eggplant,Eggplant 3-4 Small Bundles kg 116.63,,kg,,116.63,,pdfplumber,2026\Weekly-Average-Prices-July-20-26-2026.pdf
2026-07-27,2026-08-02,Eggplant,Eggplant 3-4 Small Bundles kg 115.56,,kg,,115.56,,pdfplumber,2026\Weekly-Average-Prices-July-27-August-2-2026.pdf
2026-08-03,2026-08-09,Eggplant,Eggplant 3-4 Small Bundles kg 110.28,,kg,,110.28,,pdfplumber,2026\Weekly-Average-Prices-August-3-9-2026.pdf
2026-08-10,2026-08-16,Eggplant,Eggplant 3-4 Small Bundles kg 137.34,,kg,,137.34,,pdfplumber,2026\Weekly-Average-Prices-August-10-16-2026.pdf
2026-08-17,2026-08-23,Eggplant,Eggplant 3-4 Small Bundles kg 178.81,,kg,,178.81,,pdfplumber,2026\Weekly-Average-Prices-August-17-23-2026.pdf
2026-08-24,2026-08-30,Eggplant,Eggplant 3-4 Small Bundles kg 200.08,,kg,,200.08,,pdfplumber,2026\Weekly-Average-Prices-August-24-30-2026.pdf
2024-01-01,2024-01-05,Garlic (Imported),Garlic (Imported) kg 148.77,,kg,,148.77,,pdfplumber,2024\Weekly-Average-Prices-January-1-5-2024.pdf
2024-01-08,2024-01-12,Garlic (Imported),Garlic (Imported) kg 148.20,,kg,,148.2,,pdfplumber,2024\Weekly-Average-Prices-January-8-12-2024.pdf
2024-01-15,2024-01-19,Garlic (Imported),Garlic (Imported) kg 148.18,,kg,,148.18,,pdfplumber,2024\Weekly-Average-Prices-January-15-19-2024.pdf
2024-01-22,2024-01-26,Garlic (Imported),Garlic (Imported) kg 147.94,,kg,,147.94,,pdfplumber,2024\Weekly-Average-Prices-January-22-26-2024.pdf
2024-01-29,2024-02-02,Garlic (Imported),Garlic (Imported) kg 147.81,,kg,,147.81,,pdfplumber,2024\Weekly-Average-Prices-January-29-February-2-2024.pdf
2024-02-05,2024-02-09,Garlic (Imported),Garlic (Imported) kg 145.84,,kg,,145.84,,pdfplumber,2024\Weekly-Average-Prices-February-5-9-2024.pdf
2024-02-26,2024-03-01,Garlic (Imported),Garlic (Imported) kg 145.14,,kg,,145.14,,pdfplumber,2024\Weekly-Average-Prices-February-26-March-1-2024.pdf
2024-03-04,2024-03-08,Garlic (Imported),Garlic (Imported) kg 145.22,,kg,,145.22,,pdfplumber,2024\Weekly-Average-Prices-March-4-8-2024.pdf
2024-04-15,2024-04-20,Garlic (Imported),Garlic (Imported) kg 152.85,,kg,,152.85,,pdfplumber,2024\Weekly-Average-Prices-April-15-20-2024.pdf
2024-04-22,2024-04-27,Garlic (Imported),Garlic (Imported) kg 152.17,,kg,,152.17,,pdfplumber,2024\Weekly-Average-Prices-April-22-27-2024.pdf
2024-04-29,2024-05-04,Garlic (Imported),Garlic (Imported) kg 154.21,,kg,,154.21,,pdfplumber,2024\Weekly-Average-Prices-April-29-May-4-2024.pdf
2024-05-06,2024-05-11,Garlic (Imported),Garlic (Imported) kg 156.29,,kg,,156.29,,pdfplumber,2024\Weekly-Average-Prices-May-6-11-2024.pdf
2024-05-13,2024-05-18,Garlic (Imported),Garlic (Imported) kg 156.23,,kg,,156.23,,pdfplumber,2024\Weekly-Average-Prices-May-13-18-2024.pdf
2024-05-20,2024-05-25,Garlic (Imported),Garlic (Imported) kg 157.31,,kg,,157.31,,pdfplumber,2024\Weekly-Average-Prices-May-20-25-2024.pdf
2024-06-10,2024-06-15,Garlic (Imported),Garlic (Imported) kg 156.18,,kg,,156.18,,pdfplumber,2024\Weekly-Average-Prices-June-10-15-2024.pdf
2024-06-17,2024-06-22,Garlic (Imported),Garlic (Imported) kg 156.78,,kg,,156.78,,pdfplumber,2024\Weekly-Average-Prices-June-17-22-2024.pdf
2024-06-24,2024-06-29,Garlic (Imported),Garlic (Imported) kg 155.98,,kg,,155.98,,pdfplumber,2024\Weekly-Average-Prices-June-24-29-2024.pdf
2024-07-01,2024-07-06,Garlic (Imported),Garlic (Imported) kg 155.21,,kg,,155.21,,pdfplumber,2024\Weekly-Average-Prices-July-1-6-2024.pdf
2024-07-08,2024-07-13,Garlic (Imported),Garlic (Imported) kg 154.43,,kg,,154.43,,pdfplumber,2024\Weekly-Average-Prices-July-8-13-2024.pdf
2024-07-15,2024-07-20,Garlic (Imported),Garlic (Imported) kg 153.59,,kg,,153.59,,pdfplumber,2024\Weekly-Average-Prices-July-15-20-2024.pdf
2024-07-22,2024-07-27,Garlic (Imported),Garlic (Imported) kg 153.20,,kg,,153.2,,pdfplumber,2024\Weekly-Average-Prices-July-22-27-2024.pdf
2024-07-29,2024-08-03,Garlic (Imported),Garlic (Imported) kg 154.28,,kg,,154.28,,pdfplumber,2024\Weekly-Average-Prices-July-29-August-3-2024.pdf
2024-08-05,2024-08-10,Garlic (Imported),Garlic (Imported) kg 154.54,,kg,,154.54,,pdfplumber,2024\Weekly-Average-Prices-August-5-10-2024.pdf
2024-08-12,2024-08-17,Garlic (Imported),Garlic (Imported) kg 153.07,,kg,,153.07,,pdfplumber,2024\Weekly-Average-Prices-August-12-17-2024.pdf
2024-08-19,2024-08-24,Garlic (Imported),Garlic (Imported) kg 151.56,,kg,,151.56,,pdfplumber,2024\Weekly-Average-Prices-August-19-24-2024.pdf
2024-11-04,2024-11-09,Garlic (Imported),Garlic (Imported) kg 152.94,,kg,,152.94,,pdfplumber,2024\Weekly-Average-Prices-November-4-9-2024.pdf
2024-11-18,2024-11-23,Garlic (Imported),Garlic (Imported) kg 156.11,,kg,,156.11,,pdfplumber,2024\Weekly-Average-Prices-November-18-23-2024.pdf
2025-04-28,2025-05-03,Garlic (Imported),Garlic (Imported) kg 156.93,,kg,,156.93,,pdfplumber,2025\Weekly-Average-Prices-April-28-May-3-2025.pdf
2025-06-09,2025-06-14,Garlic (Imported),Garlic (Imported) kg 157.79,,kg,,157.79,,pdfplumber,2025\Weekly-Average-Prices-June-9-14-2025.pdf
2025-09-15,2025-09-20,Garlic (Imported),Garlic (Imported) kg 154.65,,kg,,154.65,,pdfplumber,2025\Weekly-Average-Prices-September-15-20-2025.pdf
2025-09-22,2025-09-27,Garlic (Imported),Garlic (Imported) kg 155.47,,kg,,155.47,,pdfplumber,2025\Weekly-Average-Prices-September-22-27-2025.pdf
2025-10-13,2025-10-18,Garlic (Imported),Garlic (Imported) kg 150.94,,kg,,150.94,,pdfplumber,2025\Weekly-Average-Prices-October-13-18-2025.pdf
2025-10-27,2025-11-01,Garlic (Imported),Garlic (Imported) kg 149.85,,kg,,149.85,,pdfplumber,2025\Weekly-Average-Prices-October-27-November-1-2025.pdf
2025-11-03,2025-11-08,Garlic (Imported),Garlic (Imported) kg 151.27,,kg,,151.27,,pdfplumber,2025\Weekly-Average-Prices-November-3-8-2025.pdf
2025-12-08,2025-12-13,Garlic (Imported),Garlic (Imported) kg 153.02,,kg,,153.02,,pdfplumber,2025\Weekly-Average-Prices-December-8-13-2025.pdf
2026-01-12,2026-01-17,Garlic (Imported),"Garlic, Imported kg 154.96",,kg,,154.96,,pdfplumber,2026\Weekly-Average-Prices-January-12-17-2026.pdf
2026-01-19,2026-01-24,Garlic (Imported),"Garlic, Imported kg 153.85",,kg,,153.85,,pdfplumber,2026\Weekly-Average-Prices-January-19-24-2026.pdf
2026-04-20,2026-04-25,Garlic (Imported),"Garlic, Imported kg 147.87",,kg,,147.87,,pdfplumber,2026\Weekly-Average-Prices-April-20-25-2026.pdf
2026-04-27,2026-05-02,Garlic (Imported),"Garlic, Imported kg 147.35",,kg,,147.35,,pdfplumber,2026\Weekly-Average-Prices-April-27-May-2-2026.pdf
2026-05-04,2026-05-09,Garlic (Imported),"Garlic, Imported kg 146.23",,kg,,146.23,,pdfplumber,2026\Weekly-Average-Prices-May-4-9-2026.pdf
2026-05-11,2026-05-16,Garlic (Imported),"Garlic, Imported kg 146.79",,kg,,146.79,,pdfplumber,2026\Weekly-Average-Prices-May-11-16-2026.pdf
2026-05-18,2026-05-23,Garlic (Imported),"Garlic, Imported kg 146.35",,kg,,146.35,,pdfplumber,2026\Weekly-Average-Prices-May-18-23-2026.pdf
2026-05-25,2026-05-30,Garlic (Imported),"Garlic, Imported kg 146.03",,kg,,146.03,,pdfplumber,2026\Weekly-Average-Prices-May-25-30-2026.pdf
2026-06-01,2026-06-06,Garlic (Imported),"Garlic, Imported kg 146.22",,kg,,146.22,,pdfplumber,2026\Weekly-Average-Prices-June-1-6-2026.pdf
2026-06-08,2026-06-13,Garlic (Imported),"Garlic, Imported kg 146.22",,kg,,146.22,,pdfplumber,2026\Weekly-Average-Prices-June-8-13-2026.pdf
2026-06-15,2026-06-20,Garlic (Imported),"Garlic, Imported kg 146.81",,kg,,146.81,,pdfplumber,2026\Weekly-Average-Prices-June-15-20-2026.pdf
2026-06-22,2026-06-27,Garlic (Imported),"Garlic, Imported kg 145.93",,kg,,145.93,,pdfplumber,2026\Weekly-Average-Prices-June-22-27-2026.pdf
2026-06-29,2026-07-05,Garlic (Imported),"Garlic, Imported kg 147.40",,kg,,147.4,,pdfplumber,2026\Weekly-Average-Prices-June-29-July-5-2026.pdf
2026-07-06,2026-07-12,Garlic (Imported),"Garlic, Imported kg 148.35",,kg,,148.35,,pdfplumber,2026\Weekly-Average-Prices-July-6-12-2026.pdf
2026-07-13,2026-07-19,Garlic (Imported),"Garlic, Imported kg 148.01",,kg,,148.01,,pdfplumber,2026\Weekly-Average-Prices-July-13-19-2026.pdf
2026-07-20,2026-07-26,Garlic (Imported),"Garlic, Imported kg 147.81",,kg,,147.81,,pdfplumber,2026\Weekly-Average-Prices-July-20-26-2026.pdf
2026-07-27,2026-08-02,Garlic (Imported),"Garlic, Imported kg 149.70",,kg,,149.7,,pdfplumber,2026\Weekly-Average-Prices-July-27-August-2-2026.pdf
2026-08-03,2026-08-09,Garlic (Imported),"Garlic, Imported kg 148.15",,kg,,148.15,,pdfplumber,2026\Weekly-Average-Prices-August-3-9-2026.pdf
2026-08-10,2026-08-16,Garlic (Imported),"Garlic, Imported kg 148.58",,kg,,148.58,,pdfplumber,2026\Weekly-Average-Prices-August-10-16-2026.pdf
2026-08-17,2026-08-23,Garlic (Imported),"Garlic, Imported kg 150.02",,kg,,150.02,,pdfplumber,2026\Weekly-Average-Prices-August-17-23-2026.pdf
2026-08-24,2026-08-30,Garlic (Imported),"Garlic, Imported kg 150.25",,kg,,150.25,,pdfplumber,2026\Weekly-Average-Prices-August-24-30-2026.pdf
2024-01-01,2024-01-05,Garlic (Native),Garlic (Native) kg 475.00,,kg,,475.0,,pdfplumber,2024\Weekly-Average-Prices-January-1-5-2024.pdf
2024-01-08,2024-01-12,Garlic (Native),Garlic (Native) kg 450.00,,kg,,450.0,,pdfplumber,2024\Weekly-Average-Prices-January-8-12-2024.pdf
2024-01-15,2024-01-19,Garlic (Native),Garlic (Native) kg 456.25,,kg,,456.25,,pdfplumber,2024\Weekly-Average-Prices-January-15-19-2024.pdf
2024-01-22,2024-01-26,Garlic (Native),Garlic (Native) kg 500.00,,kg,,500.0,,pdfplumber,2024\Weekly-Average-Prices-January-22-26-2024.pdf
2024-01-29,2024-02-02,Garlic (Native),Garlic (Native) kg 462.50,,kg,,462.5,,pdfplumber,2024\Weekly-Average-Prices-January-29-February-2-2024.pdf
2024-02-05,2024-02-09,Garlic (Native),Garlic (Native) kg 435.71,,kg,,435.71,,pdfplumber,2024\Weekly-Average-Prices-February-5-9-2024.pdf
2024-02-26,2024-03-01,Garlic (Native),Garlic (Native) kg 431.25,,kg,,431.25,,pdfplumber,2024\Weekly-Average-Prices-February-26-March-1-2024.pdf
2024-03-04,2024-03-08,Garlic (Native),Garlic (Native) kg 445.45,,kg,,445.45,,pdfplumber,2024\Weekly-Average-Prices-March-4-8-2024.pdf
2024-04-15,2024-04-20,Garlic (Native),Garlic (Native) kg 402.73,,kg,,402.73,,pdfplumber,2024\Weekly-Average-Prices-April-15-20-2024.pdf
2024-04-22,2024-04-27,Garlic (Native),Garlic (Native) kg 375.15,,kg,,375.15,,pdfplumber,2024\Weekly-Average-Prices-April-22-27-2024.pdf
2024-04-29,2024-05-04,Garlic (Native),Garlic (Native) kg 414.62,,kg,,414.62,,pdfplumber,2024\Weekly-Average-Prices-April-29-May-4-2024.pdf
2024-05-06,2024-05-11,Garlic (Native),Garlic (Native) kg 420.83,,kg,,420.83,,pdfplumber,2024\Weekly-Average-Prices-May-6-11-2024.pdf
2024-05-13,2024-05-18,Garlic (Native),Garlic (Native) kg 423.81,,kg,,423.81,,pdfplumber,2024\Weekly-Average-Prices-May-13-18-2024.pdf
2024-05-20,2024-05-25,Garlic (Native),Garlic (Native) kg 387.50,,kg,,387.5,,pdfplumber,2024\Weekly-Average-Prices-May-20-25-2024.pdf
2024-06-10,2024-06-15,Garlic (Native),Garlic (Native) kg 419.35,,kg,,419.35,,pdfplumber,2024\Weekly-Average-Prices-June-10-15-2024.pdf
2024-06-17,2024-06-22,Garlic (Native),Garlic (Native) kg 418.18,,kg,,418.18,,pdfplumber,2024\Weekly-Average-Prices-June-17-22-2024.pdf
2024-06-24,2024-06-29,Garlic (Native),Garlic (Native) kg 425.00,,kg,,425.0,,pdfplumber,2024\Weekly-Average-Prices-June-24-29-2024.pdf
2024-07-01,2024-07-06,Garlic (Native),Garlic (Native) kg 424.00,,kg,,424.0,,pdfplumber,2024\Weekly-Average-Prices-July-1-6-2024.pdf
2024-07-08,2024-07-13,Garlic (Native),Garlic (Native) kg 424.00,,kg,,424.0,,pdfplumber,2024\Weekly-Average-Prices-July-8-13-2024.pdf
2024-07-15,2024-07-20,Garlic (Native),Garlic (Native) kg 417.86,,kg,,417.86,,pdfplumber,2024\Weekly-Average-Prices-July-15-20-2024.pdf
2024-07-22,2024-07-27,Garlic (Native),Garlic (Native) kg 416.67,,kg,,416.67,,pdfplumber,2024\Weekly-Average-Prices-July-22-27-2024.pdf
2024-07-29,2024-08-03,Garlic (Native),Garlic (Native) kg 400.00,,kg,,400.0,,pdfplumber,2024\Weekly-Average-Prices-July-29-August-3-2024.pdf
2024-08-05,2024-08-10,Garlic (Native),Garlic (Native) kg 421.05,,kg,,421.05,,pdfplumber,2024\Weekly-Average-Prices-August-5-10-2024.pdf
2024-08-12,2024-08-17,Garlic (Native),Garlic (Native) kg 421.74,,kg,,421.74,,pdfplumber,2024\Weekly-Average-Prices-August-12-17-2024.pdf
2024-08-19,2024-08-24,Garlic (Native),Garlic (Native) kg 428.57,,kg,,428.57,,pdfplumber,2024\Weekly-Average-Prices-August-19-24-2024.pdf
2024-11-04,2024-11-09,Garlic (Native),Garlic (Native) kg 407.89,,kg,,407.89,,pdfplumber,2024\Weekly-Average-Prices-November-4-9-2024.pdf
2024-11-18,2024-11-23,Garlic (Native),Garlic (Native) kg 407.32,,kg,,407.32,,pdfplumber,2024\Weekly-Average-Prices-November-18-23-2024.pdf
2025-04-28,2025-05-03,Garlic (Native),Garlic (Native) kg 410.00,,kg,,410.0,,pdfplumber,2025\Weekly-Average-Prices-April-28-May-3-2025.pdf
2025-06-09,2025-06-14,Garlic (Native),Garlic (Native) kg 414.29,,kg,,414.29,,pdfplumber,2025\Weekly-Average-Prices-June-9-14-2025.pdf
2025-09-15,2025-09-20,Garlic (Native),Garlic (Native) kg 396.88,,kg,,396.88,,pdfplumber,2025\Weekly-Average-Prices-September-15-20-2025.pdf
2025-09-22,2025-09-27,Garlic (Native),Garlic (Native) kg 356.43,,kg,,356.43,,pdfplumber,2025\Weekly-Average-Prices-September-22-27-2025.pdf
2025-10-13,2025-10-18,Garlic (Native),Garlic (Native) kg 390.91,,kg,,390.91,,pdfplumber,2025\Weekly-Average-Prices-October-13-18-2025.pdf
2025-10-27,2025-11-01,Garlic (Native),Garlic (Native) kg 420.51,,kg,,420.51,,pdfplumber,2025\Weekly-Average-Prices-October-27-November-1-2025.pdf
2025-11-03,2025-11-08,Garlic (Native),Garlic (Native) kg 414.10,,kg,,414.1,,pdfplumber,2025\Weekly-Average-Prices-November-3-8-2025.pdf
2025-12-08,2025-12-13,Garlic (Native),Garlic (Native) kg 409.09,,kg,,409.09,,pdfplumber,2025\Weekly-Average-Prices-December-8-13-2025.pdf
2026-01-12,2026-01-17,Garlic (Native),"Garlic, Native/Local kg 383.33",,kg,,383.33,,pdfplumber,2026\Weekly-Average-Prices-January-12-17-2026.pdf
2026-01-19,2026-01-24,Garlic (Native),"Garlic, Native/Local kg 392.31",,kg,,392.31,,pdfplumber,2026\Weekly-Average-Prices-January-19-24-2026.pdf
2026-04-20,2026-04-25,Garlic (Native),"Garlic, Native/Local kg 396.54",,kg,,396.54,,pdfplumber,2026\Weekly-Average-Prices-April-20-25-2026.pdf
2026-04-27,2026-05-02,Garlic (Native),"Garlic, Native/Local kg 375.00",,kg,,375.0,,pdfplumber,2026\Weekly-Average-Prices-April-27-May-2-2026.pdf
2026-05-04,2026-05-09,Garlic (Native),"Garlic, Native/Local kg 375.68",,kg,,375.68,,pdfplumber,2026\Weekly-Average-Prices-May-4-9-2026.pdf
2026-05-11,2026-05-16,Garlic (Native),"Garlic, Native/Local kg 400.00",,kg,,400.0,,pdfplumber,2026\Weekly-Average-Prices-May-11-16-2026.pdf
2026-05-18,2026-05-23,Garlic (Native),"Garlic, Native/Local kg 400.00",,kg,,400.0,,pdfplumber,2026\Weekly-Average-Prices-May-18-23-2026.pdf
2026-05-25,2026-05-30,Garlic (Native),"Garlic, Native/Local kg 386.36",,kg,,386.36,,pdfplumber,2026\Weekly-Average-Prices-May-25-30-2026.pdf
2026-06-01,2026-06-06,Garlic (Native),"Garlic, Native/Local kg 403.85",,kg,,403.85,,pdfplumber,2026\Weekly-Average-Prices-June-1-6-2026.pdf
2026-06-08,2026-06-13,Garlic (Native),"Garlic, Native/Local kg 377.08",,kg,,377.08,,pdfplumber,2026\Weekly-Average-Prices-June-8-13-2026.pdf
2026-06-15,2026-06-20,Garlic (Native),"Garlic, Native/Local kg 393.33",,kg,,393.33,,pdfplumber,2026\Weekly-Average-Prices-June-15-20-2026.pdf
2026-06-22,2026-06-27,Garlic (Native),"Garlic, Native/Local kg 376.83",,kg,,376.83,,pdfplumber,2026\Weekly-Average-Prices-June-22-27-2026.pdf
2026-06-29,2026-07-05,Garlic (Native),"Garlic, Native/Local kg 366.15",,kg,,366.15,,pdfplumber,2026\Weekly-Average-Prices-June-29-July-5-2026.pdf
2026-07-06,2026-07-12,Garlic (Native),"Garlic, Native/Local kg 349.57",,kg,,349.57,,pdfplumber,2026\Weekly-Average-Prices-July-6-12-2026.pdf
2026-07-13,2026-07-19,Garlic (Native),"Garlic, Native/Local kg 351.04",,kg,,351.04,,pdfplumber,2026\Weekly-Average-Prices-July-13-19-2026.pdf
2026-07-20,2026-07-26,Garlic (Native),"Garlic, Native/Local kg 360.59",,kg,,360.59,,pdfplumber,2026\Weekly-Average-Prices-July-20-26-2026.pdf
2026-07-27,2026-08-02,Garlic (Native),"Garlic, Native/Local kg 361.39",,kg,,361.39,,pdfplumber,2026\Weekly-Average-Prices-July-27-August-2-2026.pdf
2026-08-03,2026-08-09,Garlic (Native),"Garlic, Native/Local kg 355.61",,kg,,355.61,,pdfplumber,2026\Weekly-Average-Prices-August-3-9-2026.pdf
2026-08-10,2026-08-16,Garlic (Native),"Garlic, Native/Local kg 352.00",,kg,,352.0,,pdfplumber,2026\Weekly-Average-Prices-August-10-16-2026.pdf
2026-08-17,2026-08-23,Garlic (Native),"Garlic, Native/Local kg 356.00",,kg,,356.0,,pdfplumber,2026\Weekly-Average-Prices-August-17-23-2026.pdf
2026-08-24,2026-08-30,Garlic (Native),"Garlic, Native/Local kg 345.74",,kg,,345.74,,pdfplumber,2026\Weekly-Average-Prices-August-24-30-2026.pdf
2024-01-01,2024-01-05,Ginger,Ginger kg 152.12,,kg,,152.12,,pdfplumber,2024\Weekly-Average-Prices-January-1-5-2024.pdf
2024-01-08,2024-01-12,Ginger,Ginger kg 153.15,,kg,,153.15,,pdfplumber,2024\Weekly-Average-Prices-January-8-12-2024.pdf
2024-01-15,2024-01-19,Ginger,Ginger kg 144.22,,kg,,144.22,,pdfplumber,2024\Weekly-Average-Prices-January-15-19-2024.pdf
2024-01-22,2024-01-26,Ginger,Ginger kg 140.93,,kg,,140.93,,pdfplumber,2024\Weekly-Average-Prices-January-22-26-2024.pdf
2024-01-29,2024-02-02,Ginger,Ginger kg 139.00,,kg,,139.0,,pdfplumber,2024\Weekly-Average-Prices-January-29-February-2-2024.pdf
2024-02-05,2024-02-09,Ginger,Ginger kg 136.23,,kg,,136.23,,pdfplumber,2024\Weekly-Average-Prices-February-5-9-2024.pdf
2024-02-26,2024-03-01,Ginger,Ginger kg 132.62,,kg,,132.62,,pdfplumber,2024\Weekly-Average-Prices-February-26-March-1-2024.pdf
2024-03-04,2024-03-08,Ginger,Ginger kg 131.49,,kg,,131.49,,pdfplumber,2024\Weekly-Average-Prices-March-4-8-2024.pdf
2024-04-15,2024-04-20,Ginger,Ginger kg 145.78,,kg,,145.78,,pdfplumber,2024\Weekly-Average-Prices-April-15-20-2024.pdf
2024-04-22,2024-04-27,Ginger,Ginger kg 158.81,,kg,,158.81,,pdfplumber,2024\Weekly-Average-Prices-April-22-27-2024.pdf
2024-04-29,2024-05-04,Ginger,Ginger kg 190.29,,kg,,190.29,,pdfplumber,2024\Weekly-Average-Prices-April-29-May-4-2024.pdf
2024-05-06,2024-05-11,Ginger,Ginger kg 201.46,,kg,,201.46,,pdfplumber,2024\Weekly-Average-Prices-May-6-11-2024.pdf
2024-05-13,2024-05-18,Ginger,Ginger kg 211.67,,kg,,211.67,,pdfplumber,2024\Weekly-Average-Prices-May-13-18-2024.pdf
2024-05-20,2024-05-25,Ginger,Ginger kg 219.51,,kg,,219.51,,pdfplumber,2024\Weekly-Average-Prices-May-20-25-2024.pdf
2024-06-10,2024-06-15,Ginger,Ginger kg 258.24,,kg,,258.24,,pdfplumber,2024\Weekly-Average-Prices-June-10-15-2024.pdf
2024-06-17,2024-06-22,Ginger,Ginger kg 246.73,,kg,,246.73,,pdfplumber,2024\Weekly-Average-Prices-June-17-22-2024.pdf
2024-06-24,2024-06-29,Ginger,Ginger kg 238.58,,kg,,238.58,,pdfplumber,2024\Weekly-Average-Prices-June-24-29-2024.pdf
2024-07-01,2024-07-06,Ginger,"Ginger Fairly well-matured, Medium (150-300 gm) kg 240.71",,kg,,240.71,,pdfplumber,2024\Weekly-Average-Prices-July-1-6-2024.pdf
2024-07-08,2024-07-13,Ginger,"Ginger Fairly well-matured, Medium (150-300 gm) kg 236.49",,kg,,236.49,,pdfplumber,2024\Weekly-Average-Prices-July-8-13-2024.pdf
2024-07-15,2024-07-20,Ginger,"Ginger Fairly well-matured, Medium (150-300 gm) kg 224.17",,kg,,224.17,,pdfplumber,2024\Weekly-Average-Prices-July-15-20-2024.pdf
2024-07-22,2024-07-27,Ginger,"Ginger Fairly well-matured, Medium (150-300 gm) kg 220.72",,kg,,220.72,,pdfplumber,2024\Weekly-Average-Prices-July-22-27-2024.pdf
2024-07-29,2024-08-03,Ginger,"Ginger Fairly well-matured, Medium (150-300 gm) kg 227.02",,kg,,227.02,,pdfplumber,2024\Weekly-Average-Prices-July-29-August-3-2024.pdf
2024-08-05,2024-08-10,Ginger,"Ginger Fairly well-matured, Medium (150-300 gm) kg 226.56",,kg,,226.56,,pdfplumber,2024\Weekly-Average-Prices-August-5-10-2024.pdf
2024-08-12,2024-08-17,Ginger,"Ginger Fairly well-matured, Medium (150-300 gm) kg 223.26",,kg,,223.26,,pdfplumber,2024\Weekly-Average-Prices-August-12-17-2024.pdf
2024-08-19,2024-08-24,Ginger,"Ginger Fairly well-matured, Medium (150-300 gm) kg 226.37",,kg,,226.37,,pdfplumber,2024\Weekly-Average-Prices-August-19-24-2024.pdf
2024-11-04,2024-11-09,Ginger,"Ginger Fairly well-matured, Medium (150-300 gm) kg 221.83",,kg,,221.83,,pdfplumber,2024\Weekly-Average-Prices-November-4-9-2024.pdf
2024-11-18,2024-11-23,Ginger,"Ginger Fairly well-matured, Medium (150-300 gm) kg 249.49",,kg,,249.49,,pdfplumber,2024\Weekly-Average-Prices-November-18-23-2024.pdf
2025-04-28,2025-05-03,Ginger,"Ginger Fairly well-matured, Medium (150-300 gm) kg 184.84",,kg,,184.84,,pdfplumber,2025\Weekly-Average-Prices-April-28-May-3-2025.pdf
2025-06-09,2025-06-14,Ginger,"Ginger Fairly well-matured, Medium (150-300 gm) kg 213.78",,kg,,213.78,,pdfplumber,2025\Weekly-Average-Prices-June-9-14-2025.pdf
2025-09-15,2025-09-20,Ginger,"Ginger Fairly well-matured, Medium (150-300 gm) kg 203.10",,kg,,203.1,,pdfplumber,2025\Weekly-Average-Prices-September-15-20-2025.pdf
2025-09-22,2025-09-27,Ginger,"Ginger Fairly well-matured, Medium (150-300 gm) kg 200.91",,kg,,200.91,,pdfplumber,2025\Weekly-Average-Prices-September-22-27-2025.pdf
2025-10-13,2025-10-18,Ginger,"Ginger Fairly well-matured, Medium (150-300 gm) kg 195.11",,kg,,195.11,,pdfplumber,2025\Weekly-Average-Prices-October-13-18-2025.pdf
2025-10-27,2025-11-01,Ginger,"Ginger Fairly well-matured, Medium (150-300 gm) kg 197.34",,kg,,197.34,,pdfplumber,2025\Weekly-Average-Prices-October-27-November-1-2025.pdf
2025-11-03,2025-11-08,Ginger,"Ginger Fairly well-matured, Medium (150-300 gm) kg 194.98",,kg,,194.98,,pdfplumber,2025\Weekly-Average-Prices-November-3-8-2025.pdf
2025-12-08,2025-12-13,Ginger,"Ginger Fairly well-matured, Medium (150-300 gm) kg 173.05",,kg,,173.05,,pdfplumber,2025\Weekly-Average-Prices-December-8-13-2025.pdf
2026-01-12,2026-01-17,Ginger,"Ginger, Local Fairly well-matured, Medium (150-300 gm) kg 161.85",,kg,,161.85,,pdfplumber,2026\Weekly-Average-Prices-January-12-17-2026.pdf
2026-01-19,2026-01-24,Ginger,"Ginger, Local Fairly well-matured, Medium (150-300 gm) kg 160.22",,kg,,160.22,,pdfplumber,2026\Weekly-Average-Prices-January-19-24-2026.pdf
2026-04-20,2026-04-25,Ginger,"Ginger, Local Fairly well-matured, Medium (150-300 gm) kg 156.76",,kg,,156.76,,pdfplumber,2026\Weekly-Average-Prices-April-20-25-2026.pdf
2026-04-27,2026-05-02,Ginger,"Ginger, Local Fairly well-matured, Medium (150-300 gm) kg 159.07",,kg,,159.07,,pdfplumber,2026\Weekly-Average-Prices-April-27-May-2-2026.pdf
2026-05-04,2026-05-09,Ginger,"Ginger, Local Fairly well-matured, Medium (150-300 gm) kg 164.78",,kg,,164.78,,pdfplumber,2026\Weekly-Average-Prices-May-4-9-2026.pdf
2026-05-11,2026-05-16,Ginger,"Ginger, Local Fairly well-matured, Medium (150-300 gm) kg 166.48",,kg,,166.48,,pdfplumber,2026\Weekly-Average-Prices-May-11-16-2026.pdf
2026-05-18,2026-05-23,Ginger,"Ginger, Local Fairly well-matured, Medium (150-300 gm) kg 171.53",,kg,,171.53,,pdfplumber,2026\Weekly-Average-Prices-May-18-23-2026.pdf
2026-05-25,2026-05-30,Ginger,"Ginger, Local Fairly well-matured, Medium (150-300 gm) kg 172.08",,kg,,172.08,,pdfplumber,2026\Weekly-Average-Prices-May-25-30-2026.pdf
2026-06-01,2026-06-06,Ginger,"Ginger, Local Fairly well-matured, Medium (150-300 gm) kg 173.11",,kg,,173.11,,pdfplumber,2026\Weekly-Average-Prices-June-1-6-2026.pdf
2026-06-08,2026-06-13,Ginger,"Ginger, Local Fairly well-matured, Medium (150-300 gm) kg 173.67",,kg,,173.67,,pdfplumber,2026\Weekly-Average-Prices-June-8-13-2026.pdf
2026-06-15,2026-06-20,Ginger,"Ginger, Local Fairly well-matured, Medium (150-300 gm) kg 176.63",,kg,,176.63,,pdfplumber,2026\Weekly-Average-Prices-June-15-20-2026.pdf
2026-06-22,2026-06-27,Ginger,"Ginger, Local Fairly well-matured, Medium (150-300 gm) kg 179.54",,kg,,179.54,,pdfplumber,2026\Weekly-Average-Prices-June-22-27-2026.pdf
2026-06-29,2026-07-05,Ginger,"Ginger, Local Fairly well-matured, Medium (150-300 gm) kg 177.13",,kg,,177.13,,pdfplumber,2026\Weekly-Average-Prices-June-29-July-5-2026.pdf
2026-07-06,2026-07-12,Ginger,"Ginger, Local Fairly well-matured, Medium (150-300 gm) kg 174.83",,kg,,174.83,,pdfplumber,2026\Weekly-Average-Prices-July-6-12-2026.pdf
2026-07-13,2026-07-19,Ginger,"Ginger, Local Fairly well-matured, Medium (150-300 gm) kg 176.09",,kg,,176.09,,pdfplumber,2026\Weekly-Average-Prices-July-13-19-2026.pdf
2026-07-20,2026-07-26,Ginger,"Ginger, Local Fairly well-matured, Medium (150-300 gm) kg 175.77",,kg,,175.77,,pdfplumber,2026\Weekly-Average-Prices-July-20-26-2026.pdf
2026-07-27,2026-08-02,Ginger,"Ginger, Local Fairly well-matured, Medium (150-300 gm) kg 177.48",,kg,,177.48,,pdfplumber,2026\Weekly-Average-Prices-July-27-August-2-2026.pdf
2026-08-03,2026-08-09,Ginger,"Ginger, Local Fairly well-matured, Medium (150-300 gm) kg 176.74",,kg,,176.74,,pdfplumber,2026\Weekly-Average-Prices-August-3-9-2026.pdf
2026-08-10,2026-08-16,Ginger,"Ginger, Local Fairly well-matured, Medium (150-300 gm) kg 180.75",,kg,,180.75,,pdfplumber,2026\Weekly-Average-Prices-August-10-16-2026.pdf
2026-08-17,2026-08-23,Ginger,"Ginger, Local kg 184.96",,kg,,184.96,,pdfplumber,2026\Weekly-Average-Prices-August-17-23-2026.pdf
2026-08-24,2026-08-30,Ginger,"Ginger, Local Fairly well-matured, Medium (150-300 gm) kg 185.75",,kg,,185.75,,pdfplumber,2026\Weekly-Average-Prices-August-24-30-2026.pdf
2024-01-01,2024-01-05,Pechay (Baguio),Pechay (Baguio) kg 69.28,,kg,,69.28,,pdfplumber,2024\Weekly-Average-Prices-January-1-5-2024.pdf
2024-01-08,2024-01-12,Pechay (Baguio),Pechay (Baguio) kg 61.77,,kg,,61.77,,pdfplumber,2024\Weekly-Average-Prices-January-8-12-2024.pdf
2024-01-15,2024-01-19,Pechay (Baguio),Pechay (Baguio) kg 61.34,,kg,,61.34,,pdfplumber,2024\Weekly-Average-Prices-January-15-19-2024.pdf
2024-01-22,2024-01-26,Pechay (Baguio),Pechay (Baguio) kg 61.57,,kg,,61.57,,pdfplumber,2024\Weekly-Average-Prices-January-22-26-2024.pdf
2024-01-29,2024-02-02,Pechay (Baguio),Pechay (Baguio) kg 61.10,,kg,,61.1,,pdfplumber,2024\Weekly-Average-Prices-January-29-February-2-2024.pdf
2024-02-05,2024-02-09,Pechay (Baguio),Pechay (Baguio) kg 60.21,,kg,,60.21,,pdfplumber,2024\Weekly-Average-Prices-February-5-9-2024.pdf
2024-02-26,2024-03-01,Pechay (Baguio),Pechay (Baguio) kg 63.03,,kg,,63.03,,pdfplumber,2024\Weekly-Average-Prices-February-26-March-1-2024.pdf
2024-03-04,2024-03-08,Pechay (Baguio),Pechay (Baguio) kg 63.34,,kg,,63.34,,pdfplumber,2024\Weekly-Average-Prices-March-4-8-2024.pdf
2024-04-15,2024-04-20,Pechay (Baguio),Pechay (Baguio) kg 65.52,,kg,,65.52,,pdfplumber,2024\Weekly-Average-Prices-April-15-20-2024.pdf
2024-04-22,2024-04-27,Pechay (Baguio),Pechay (Baguio) kg 66.00,,kg,,66.0,,pdfplumber,2024\Weekly-Average-Prices-April-22-27-2024.pdf
2024-04-29,2024-05-04,Pechay (Baguio),Pechay (Baguio) kg 68.93,,kg,,68.93,,pdfplumber,2024\Weekly-Average-Prices-April-29-May-4-2024.pdf
2024-05-06,2024-05-11,Pechay (Baguio),Pechay (Baguio) kg 70.12,,kg,,70.12,,pdfplumber,2024\Weekly-Average-Prices-May-6-11-2024.pdf
2024-05-13,2024-05-18,Pechay (Baguio),Pechay (Baguio) kg 71.58,,kg,,71.58,,pdfplumber,2024\Weekly-Average-Prices-May-13-18-2024.pdf
2024-05-20,2024-05-25,Pechay (Baguio),Pechay (Baguio) kg 80.06,,kg,,80.06,,pdfplumber,2024\Weekly-Average-Prices-May-20-25-2024.pdf
2024-06-10,2024-06-15,Pechay (Baguio),Pechay (Baguio) kg 115.72,,kg,,115.72,,pdfplumber,2024\Weekly-Average-Prices-June-10-15-2024.pdf
2024-06-17,2024-06-22,Pechay (Baguio),Pechay (Baguio) kg 112.32,,kg,,112.32,,pdfplumber,2024\Weekly-Average-Prices-June-17-22-2024.pdf
2024-06-24,2024-06-29,Pechay (Baguio),Pechay (Baguio) kg 103.92,,kg,,103.92,,pdfplumber,2024\Weekly-Average-Prices-June-24-29-2024.pdf
2024-07-01,2024-07-06,Pechay (Baguio),Pechay (Baguio) kg 93.17,,kg,,93.17,,pdfplumber,2024\Weekly-Average-Prices-July-1-6-2024.pdf
2024-07-08,2024-07-13,Pechay (Baguio),Pechay (Baguio) kg 85.51,,kg,,85.51,,pdfplumber,2024\Weekly-Average-Prices-July-8-13-2024.pdf
2024-07-15,2024-07-20,Pechay (Baguio),Pechay (Baguio) kg 78.31,,kg,,78.31,,pdfplumber,2024\Weekly-Average-Prices-July-15-20-2024.pdf
2024-07-22,2024-07-27,Pechay (Baguio),Pechay (Baguio) kg 76.49,,kg,,76.49,,pdfplumber,2024\Weekly-Average-Prices-July-22-27-2024.pdf
2024-07-29,2024-08-03,Pechay (Baguio),Pechay (Baguio) kg 80.41,,kg,,80.41,,pdfplumber,2024\Weekly-Average-Prices-July-29-August-3-2024.pdf
2024-08-05,2024-08-10,Pechay (Baguio),Pechay (Baguio) kg 74.34,,kg,,74.34,,pdfplumber,2024\Weekly-Average-Prices-August-5-10-2024.pdf
2024-08-12,2024-08-17,Pechay (Baguio),Pechay (Baguio) kg 70.67,,kg,,70.67,,pdfplumber,2024\Weekly-Average-Prices-August-12-17-2024.pdf
2024-08-19,2024-08-24,Pechay (Baguio),Pechay (Baguio) kg 70.56,,kg,,70.56,,pdfplumber,2024\Weekly-Average-Prices-August-19-24-2024.pdf
2024-11-04,2024-11-09,Pechay (Baguio),Pechay (Baguio) kg 120.94,,kg,,120.94,,pdfplumber,2024\Weekly-Average-Prices-November-4-9-2024.pdf
2024-11-18,2024-11-23,Pechay (Baguio),Pechay (Baguio) kg 97.54,,kg,,97.54,,pdfplumber,2024\Weekly-Average-Prices-November-18-23-2024.pdf
2025-04-28,2025-05-03,Pechay (Baguio),Pechay (Baguio) kg 89.71,,kg,,89.71,,pdfplumber,2025\Weekly-Average-Prices-April-28-May-3-2025.pdf
2025-06-09,2025-06-14,Pechay (Baguio),Pechay (Baguio) kg 80.61,,kg,,80.61,,pdfplumber,2025\Weekly-Average-Prices-June-9-14-2025.pdf
2025-09-15,2025-09-20,Pechay (Baguio),Pechay (Baguio) kg 78.05,,kg,,78.05,,pdfplumber,2025\Weekly-Average-Prices-September-15-20-2025.pdf
2025-09-22,2025-09-27,Pechay (Baguio),Pechay (Baguio) kg 82.87,,kg,,82.87,,pdfplumber,2025\Weekly-Average-Prices-September-22-27-2025.pdf
2025-10-13,2025-10-18,Pechay (Baguio),Pechay (Baguio) kg 76.76,,kg,,76.76,,pdfplumber,2025\Weekly-Average-Prices-October-13-18-2025.pdf
2025-10-27,2025-11-01,Pechay (Baguio),Pechay (Baguio) kg 75.65,,kg,,75.65,,pdfplumber,2025\Weekly-Average-Prices-October-27-November-1-2025.pdf
2025-11-03,2025-11-08,Pechay (Baguio),Pechay (Baguio) kg 77.61,,kg,,77.61,,pdfplumber,2025\Weekly-Average-Prices-November-3-8-2025.pdf
2025-12-08,2025-12-13,Pechay (Baguio),Pechay (Baguio) kg 86.11,,kg,,86.11,,pdfplumber,2025\Weekly-Average-Prices-December-8-13-2025.pdf
2026-01-12,2026-01-17,Pechay (Baguio),Pechay Baguio kg 94.61,,kg,,94.61,,pdfplumber,2026\Weekly-Average-Prices-January-12-17-2026.pdf
2026-01-19,2026-01-24,Pechay (Baguio),Pechay Baguio kg 90.65,,kg,,90.65,,pdfplumber,2026\Weekly-Average-Prices-January-19-24-2026.pdf
2026-04-20,2026-04-25,Pechay (Baguio),Pechay Baguio kg 74.98,,kg,,74.98,,pdfplumber,2026\Weekly-Average-Prices-April-20-25-2026.pdf
2026-04-27,2026-05-02,Pechay (Baguio),Pechay Baguio kg 74.16,,kg,,74.16,,pdfplumber,2026\Weekly-Average-Prices-April-27-May-2-2026.pdf
2026-05-04,2026-05-09,Pechay (Baguio),Pechay Baguio kg 75.25,,kg,,75.25,,pdfplumber,2026\Weekly-Average-Prices-May-4-9-2026.pdf
2026-05-11,2026-05-16,Pechay (Baguio),Pechay Baguio kg 74.59,,kg,,74.59,,pdfplumber,2026\Weekly-Average-Prices-May-11-16-2026.pdf
2026-05-18,2026-05-23,Pechay (Baguio),Pechay Baguio kg 75.98,,kg,,75.98,,pdfplumber,2026\Weekly-Average-Prices-May-18-23-2026.pdf
2026-05-25,2026-05-30,Pechay (Baguio),Pechay Baguio kg 76.92,,kg,,76.92,,pdfplumber,2026\Weekly-Average-Prices-May-25-30-2026.pdf
2026-06-01,2026-06-06,Pechay (Baguio),Pechay Baguio kg 77.42,,kg,,77.42,,pdfplumber,2026\Weekly-Average-Prices-June-1-6-2026.pdf
2026-06-08,2026-06-13,Pechay (Baguio),Pechay Baguio kg 81.73,,kg,,81.73,,pdfplumber,2026\Weekly-Average-Prices-June-8-13-2026.pdf
2026-06-15,2026-06-20,Pechay (Baguio),Pechay Baguio kg 83.20,,kg,,83.2,,pdfplumber,2026\Weekly-Average-Prices-June-15-20-2026.pdf
2026-06-22,2026-06-27,Pechay (Baguio),Pechay Baguio kg 84.23,,kg,,84.23,,pdfplumber,2026\Weekly-Average-Prices-June-22-27-2026.pdf
2026-06-29,2026-07-05,Pechay (Baguio),Pechay Baguio kg 84.36,,kg,,84.36,,pdfplumber,2026\Weekly-Average-Prices-June-29-July-5-2026.pdf
2026-07-06,2026-07-12,Pechay (Baguio),Pechay Baguio kg 85.34,,kg,,85.34,,pdfplumber,2026\Weekly-Average-Prices-July-6-12-2026.pdf
2026-07-13,2026-07-19,Pechay (Baguio),Pechay Baguio kg 84.60,,kg,,84.6,,pdfplumber,2026\Weekly-Average-Prices-July-13-19-2026.pdf
2026-07-20,2026-07-26,Pechay (Baguio),Pechay Baguio kg 83.10,,kg,,83.1,,pdfplumber,2026\Weekly-Average-Prices-July-20-26-2026.pdf
2026-07-27,2026-08-02,Pechay (Baguio),Pechay Baguio kg 81.24,,kg,,81.24,,pdfplumber,2026\Weekly-Average-Prices-July-27-August-2-2026.pdf
2026-08-03,2026-08-09,Pechay (Baguio),Pechay Baguio kg 79.32,,kg,,79.32,,pdfplumber,2026\Weekly-Average-Prices-August-3-9-2026.pdf
2026-08-10,2026-08-16,Pechay (Baguio),Pechay Baguio kg 99.76,,kg,,99.76,,pdfplumber,2026\Weekly-Average-Prices-August-10-16-2026.pdf
2026-08-17,2026-08-23,Pechay (Baguio),Pechay Baguio kg 108.92,,kg,,108.92,,pdfplumber,2026\Weekly-Average-Prices-August-17-23-2026.pdf
2026-08-24,2026-08-30,Pechay (Baguio),Pechay Baguio kg 124.10,,kg,,124.1,,pdfplumber,2026\Weekly-Average-Prices-August-24-30-2026.pdf
2024-01-01,2024-01-05,Pechay (Native),Pechay (Native) 3-4 Small Bundles kg 74.26,,kg,,74.26,,pdfplumber,2024\Weekly-Average-Prices-January-1-5-2024.pdf
2024-01-08,2024-01-12,Pechay (Native),Pechay (Native) 3-4 Small Bundles kg 68.76,,kg,,68.76,,pdfplumber,2024\Weekly-Average-Prices-January-8-12-2024.pdf
2024-01-15,2024-01-19,Pechay (Native),Pechay (Native) 3-4 Small Bundles kg 69.71,,kg,,69.71,,pdfplumber,2024\Weekly-Average-Prices-January-15-19-2024.pdf
2024-01-22,2024-01-26,Pechay (Native),Pechay (Native) 3-4 Small Bundles kg 69.80,,kg,,69.8,,pdfplumber,2024\Weekly-Average-Prices-January-22-26-2024.pdf
2024-01-29,2024-02-02,Pechay (Native),Pechay (Native) 3-4 Small Bundles kg 65.53,,kg,,65.53,,pdfplumber,2024\Weekly-Average-Prices-January-29-February-2-2024.pdf
2024-02-05,2024-02-09,Pechay (Native),Pechay (Native) 3-4 Small Bundles kg 64.19,,kg,,64.19,,pdfplumber,2024\Weekly-Average-Prices-February-5-9-2024.pdf
2024-02-26,2024-03-01,Pechay (Native),Pechay (Native) 3-4 Small Bundles kg 59.75,,kg,,59.75,,pdfplumber,2024\Weekly-Average-Prices-February-26-March-1-2024.pdf
2024-03-04,2024-03-08,Pechay (Native),Pechay (Native) 3-4 Small Bundles kg 59.78,,kg,,59.78,,pdfplumber,2024\Weekly-Average-Prices-March-4-8-2024.pdf
2024-04-15,2024-04-20,Pechay (Native),Pechay (Native) 3-4 Small Bundles kg 74.66,,kg,,74.66,,pdfplumber,2024\Weekly-Average-Prices-April-15-20-2024.pdf
2024-04-22,2024-04-27,Pechay (Native),Pechay (Native) 3-4 Small Bundles kg 71.35,,kg,,71.35,,pdfplumber,2024\Weekly-Average-Prices-April-22-27-2024.pdf
2024-04-29,2024-05-04,Pechay (Native),Pechay (Native) 3-4 Small Bundles kg 68.57,,kg,,68.57,,pdfplumber,2024\Weekly-Average-Prices-April-29-May-4-2024.pdf
2024-05-06,2024-05-11,Pechay (Native),Pechay (Native) 3-4 Small Bundles kg 71.23,,kg,,71.23,,pdfplumber,2024\Weekly-Average-Prices-May-6-11-2024.pdf
2024-05-13,2024-05-18,Pechay (Native),Pechay (Native) 3-4 Small Bundles kg 74.07,,kg,,74.07,,pdfplumber,2024\Weekly-Average-Prices-May-13-18-2024.pdf
2024-05-20,2024-05-25,Pechay (Native),Pechay (Native) 3-4 Small Bundles kg 87.73,,kg,,87.73,,pdfplumber,2024\Weekly-Average-Prices-May-20-25-2024.pdf
2024-06-10,2024-06-15,Pechay (Native),Pechay (Native) 3-4 Small Bundles kg 165.66,,kg,,165.66,,pdfplumber,2024\Weekly-Average-Prices-June-10-15-2024.pdf
2024-06-17,2024-06-22,Pechay (Native),Pechay (Native) 3-4 Small Bundles kg 159.60,,kg,,159.6,,pdfplumber,2024\Weekly-Average-Prices-June-17-22-2024.pdf
2024-06-24,2024-06-29,Pechay (Native),Pechay (Native) 3-4 Small Bundles kg 133.52,,kg,,133.52,,pdfplumber,2024\Weekly-Average-Prices-June-24-29-2024.pdf
2024-07-01,2024-07-06,Pechay (Native),Pechay (Native) 3-4 Small Bundles kg 92.38,,kg,,92.38,,pdfplumber,2024\Weekly-Average-Prices-July-1-6-2024.pdf
2024-07-08,2024-07-13,Pechay (Native),Pechay (Native) 3-4 Small Bundles kg 75.98,,kg,,75.98,,pdfplumber,2024\Weekly-Average-Prices-July-8-13-2024.pdf
2024-07-15,2024-07-20,Pechay (Native),Pechay (Native) 3-4 Small Bundles kg 67.35,,kg,,67.35,,pdfplumber,2024\Weekly-Average-Prices-July-15-20-2024.pdf
2024-07-22,2024-07-27,Pechay (Native),Pechay (Native) 3-4 Small Bundles kg 83.53,,kg,,83.53,,pdfplumber,2024\Weekly-Average-Prices-July-22-27-2024.pdf
2024-07-29,2024-08-03,Pechay (Native),Pechay (Native) 3-4 Small Bundles kg 131.89,,kg,,131.89,,pdfplumber,2024\Weekly-Average-Prices-July-29-August-3-2024.pdf
2024-08-05,2024-08-10,Pechay (Native),Pechay (Native) 3-4 Small Bundles kg 129.49,,kg,,129.49,,pdfplumber,2024\Weekly-Average-Prices-August-5-10-2024.pdf
2024-08-12,2024-08-17,Pechay (Native),Pechay (Native) 3-4 Small Bundles kg 98.65,,kg,,98.65,,pdfplumber,2024\Weekly-Average-Prices-August-12-17-2024.pdf
2024-08-19,2024-08-24,Pechay (Native),Pechay (Native) 3-4 Small Bundles kg 87.21,,kg,,87.21,,pdfplumber,2024\Weekly-Average-Prices-August-19-24-2024.pdf
2024-11-04,2024-11-09,Pechay (Native),Pechay (Native) 3-4 Small Bundles kg 127.81,,kg,,127.81,,pdfplumber,2024\Weekly-Average-Prices-November-4-9-2024.pdf
2024-11-18,2024-11-23,Pechay (Native),Pechay (Native) 3-4 Small Bundles kg 109.32,,kg,,109.32,,pdfplumber,2024\Weekly-Average-Prices-November-18-23-2024.pdf
2025-04-28,2025-05-03,Pechay (Native),Pechay (Native) 3-4 Small Bundles kg 91.73,,kg,,91.73,,pdfplumber,2025\Weekly-Average-Prices-April-28-May-3-2025.pdf
2025-06-09,2025-06-14,Pechay (Native),Pechay (Native) 3-4 Small Bundles kg 88.68,,kg,,88.68,,pdfplumber,2025\Weekly-Average-Prices-June-9-14-2025.pdf
2025-09-15,2025-09-20,Pechay (Native),Pechay (Native) 3-4 Small Bundles kg 92.85,,kg,,92.85,,pdfplumber,2025\Weekly-Average-Prices-September-15-20-2025.pdf
2025-09-22,2025-09-27,Pechay (Native),Pechay (Native) 3-4 Small Bundles kg 99.33,,kg,,99.33,,pdfplumber,2025\Weekly-Average-Prices-September-22-27-2025.pdf
2025-10-13,2025-10-18,Pechay (Native),Pechay (Native) 3-4 Small Bundles kg 123.65,,kg,,123.65,,pdfplumber,2025\Weekly-Average-Prices-October-13-18-2025.pdf
2025-10-27,2025-11-01,Pechay (Native),Pechay (Native) 3-4 Small Bundles kg 102.73,,kg,,102.73,,pdfplumber,2025\Weekly-Average-Prices-October-27-November-1-2025.pdf
2025-11-03,2025-11-08,Pechay (Native),Pechay (Native) 3-4 Small Bundles kg 101.35,,kg,,101.35,,pdfplumber,2025\Weekly-Average-Prices-November-3-8-2025.pdf
2025-12-08,2025-12-13,Pechay (Native),Pechay (Native) 3-4 Small Bundles kg 118.20,,kg,,118.2,,pdfplumber,2025\Weekly-Average-Prices-December-8-13-2025.pdf
2026-01-12,2026-01-17,Pechay (Native),Native Pechay 3-4 Small Bundles kg 81.62,,kg,,81.62,,pdfplumber,2026\Weekly-Average-Prices-January-12-17-2026.pdf
2026-01-19,2026-01-24,Pechay (Native),Native Pechay 3-4 Small Bundles kg 76.78,,kg,,76.78,,pdfplumber,2026\Weekly-Average-Prices-January-19-24-2026.pdf
2026-04-20,2026-04-25,Pechay (Native),Native Pechay 3-4 Small Bundles kg 74.42,,kg,,74.42,,pdfplumber,2026\Weekly-Average-Prices-April-20-25-2026.pdf
2026-04-27,2026-05-02,Pechay (Native),Native Pechay 3-4 Small Bundles kg 76.76,,kg,,76.76,,pdfplumber,2026\Weekly-Average-Prices-April-27-May-2-2026.pdf
2026-05-04,2026-05-09,Pechay (Native),Native Pechay 3-4 Small Bundles kg 77.15,,kg,,77.15,,pdfplumber,2026\Weekly-Average-Prices-May-4-9-2026.pdf
2026-05-11,2026-05-16,Pechay (Native),Native Pechay 3-4 Small Bundles kg 78.55,,kg,,78.55,,pdfplumber,2026\Weekly-Average-Prices-May-11-16-2026.pdf
2026-05-18,2026-05-23,Pechay (Native),Native Pechay 3-4 Small Bundles kg 80.96,,kg,,80.96,,pdfplumber,2026\Weekly-Average-Prices-May-18-23-2026.pdf
2026-05-25,2026-05-30,Pechay (Native),Native Pechay 3-4 Small Bundles kg 86.08,,kg,,86.08,,pdfplumber,2026\Weekly-Average-Prices-May-25-30-2026.pdf
2026-06-01,2026-06-06,Pechay (Native),Native Pechay 3-4 Small Bundles kg 101.46,,kg,,101.46,,pdfplumber,2026\Weekly-Average-Prices-June-1-6-2026.pdf
2026-06-08,2026-06-13,Pechay (Native),Native Pechay 3-4 Small Bundles kg 113.67,,kg,,113.67,,pdfplumber,2026\Weekly-Average-Prices-June-8-13-2026.pdf
2026-06-15,2026-06-20,Pechay (Native),Native Pechay 3-4 Small Bundles kg 124.38,,kg,,124.38,,pdfplumber,2026\Weekly-Average-Prices-June-15-20-2026.pdf
2026-06-22,2026-06-27,Pechay (Native),Native Pechay 3-4 Small Bundles kg 113.91,,kg,,113.91,,pdfplumber,2026\Weekly-Average-Prices-June-22-27-2026.pdf
2026-06-29,2026-07-05,Pechay (Native),Native Pechay 3-4 Small Bundles kg 103.55,,kg,,103.55,,pdfplumber,2026\Weekly-Average-Prices-June-29-July-5-2026.pdf
2026-07-06,2026-07-12,Pechay (Native),Native Pechay 3-4 Small Bundles kg 96.73,,kg,,96.73,,pdfplumber,2026\Weekly-Average-Prices-July-6-12-2026.pdf
2026-07-13,2026-07-19,Pechay (Native),Native Pechay 3-4 Small Bundles kg 92.04,,kg,,92.04,,pdfplumber,2026\Weekly-Average-Prices-July-13-19-2026.pdf
2026-07-20,2026-07-26,Pechay (Native),Native Pechay 3-4 Small Bundles kg 93.32,,kg,,93.32,,pdfplumber,2026\Weekly-Average-Prices-July-20-26-2026.pdf
2026-07-27,2026-08-02,Pechay (Native),Native Pechay 3-4 Small Bundles kg 95.51,,kg,,95.51,,pdfplumber,2026\Weekly-Average-Prices-July-27-August-2-2026.pdf
2026-08-03,2026-08-09,Pechay (Native),Native Pechay 3-4 Small Bundles kg 101.91,,kg,,101.91,,pdfplumber,2026\Weekly-Average-Prices-August-3-9-2026.pdf
2026-08-10,2026-08-16,Pechay (Native),Native Pechay 3-4 Small Bundles kg 154.01,,kg,,154.01,,pdfplumber,2026\Weekly-Average-Prices-August-10-16-2026.pdf
2026-08-17,2026-08-23,Pechay (Native),Native Pechay 3-4 Small Bundles kg 233.39,,kg,,233.39,,pdfplumber,2026\Weekly-Average-Prices-August-17-23-2026.pdf
2026-08-24,2026-08-30,Pechay (Native),Native Pechay 3-4 Small Bundles kg 236.97,,kg,,236.97,,pdfplumber,2026\Weekly-Average-Prices-August-24-30-2026.pdf
2024-01-01,2024-01-05,Red Onion,Red Onion 13-15 pcs/kg kg 174.30,,kg,,174.3,,pdfplumber,2024\Weekly-Average-Prices-January-1-5-2024.pdf
2024-01-08,2024-01-12,Red Onion,Red Onion 13-15 pcs/kg kg 159.87,,kg,,159.87,,pdfplumber,2024\Weekly-Average-Prices-January-8-12-2024.pdf
2024-01-15,2024-01-19,Red Onion,Red Onion 13-15 pcs/kg kg 148.12,,kg,,148.12,,pdfplumber,2024\Weekly-Average-Prices-January-15-19-2024.pdf
2024-01-22,2024-01-26,Red Onion,Red Onion 13-15 pcs/kg kg 139.44,,kg,,139.44,,pdfplumber,2024\Weekly-Average-Prices-January-22-26-2024.pdf
2024-01-29,2024-02-02,Red Onion,Red Onion 13-15 pcs/kg kg 132.12,,kg,,132.12,,pdfplumber,2024\Weekly-Average-Prices-January-29-February-2-2024.pdf
2024-02-05,2024-02-09,Red Onion,Red Onion 13-15 pcs/kg kg 117.56,,kg,,117.56,,pdfplumber,2024\Weekly-Average-Prices-February-5-9-2024.pdf
2024-02-26,2024-03-01,Red Onion,Red Onion 13-15 pcs/kg kg 90.59,,kg,,90.59,,pdfplumber,2024\Weekly-Average-Prices-February-26-March-1-2024.pdf
2024-03-04,2024-03-08,Red Onion,Red Onion 13-15 pcs/kg kg 89.96,,kg,,89.96,,pdfplumber,2024\Weekly-Average-Prices-March-4-8-2024.pdf
2024-04-15,2024-04-20,Red Onion,Red Onion 13-15 pcs/kg kg 90.14,,kg,,90.14,,pdfplumber,2024\Weekly-Average-Prices-April-15-20-2024.pdf
2024-04-22,2024-04-27,Red Onion,Red Onion 13-15 pcs/kg kg 91.16,,kg,,91.16,,pdfplumber,2024\Weekly-Average-Prices-April-22-27-2024.pdf
2024-04-29,2024-05-04,Red Onion,Red Onion 13-15 pcs/kg kg 94.22,,kg,,94.22,,pdfplumber,2024\Weekly-Average-Prices-April-29-May-4-2024.pdf
2024-05-06,2024-05-11,Red Onion,Red Onion 13-15 pcs/kg kg 102.58,,kg,,102.58,,pdfplumber,2024\Weekly-Average-Prices-May-6-11-2024.pdf
2024-05-13,2024-05-18,Red Onion,Red Onion 13-15 pcs/kg kg 105.86,,kg,,105.86,,pdfplumber,2024\Weekly-Average-Prices-May-13-18-2024.pdf
2024-05-20,2024-05-25,Red Onion,Red Onion 13-15 pcs/kg kg 106.54,,kg,,106.54,,pdfplumber,2024\Weekly-Average-Prices-May-20-25-2024.pdf
2024-06-10,2024-06-15,Red Onion,Red Onion 13-15 pcs/kg kg 107.86,,kg,,107.86,,pdfplumber,2024\Weekly-Average-Prices-June-10-15-2024.pdf
2024-06-17,2024-06-22,Red Onion,Red Onion 13-15 pcs/kg kg 108.17,,kg,,108.17,,pdfplumber,2024\Weekly-Average-Prices-June-17-22-2024.pdf
2024-06-24,2024-06-29,Red Onion,Red Onion 13-15 pcs/kg kg 108.02,,kg,,108.02,,pdfplumber,2024\Weekly-Average-Prices-June-24-29-2024.pdf
2024-07-01,2024-07-06,Red Onion,Red Onion 13-15 pcs/kg kg 107.81,,kg,,107.81,,pdfplumber,2024\Weekly-Average-Prices-July-1-6-2024.pdf
2024-07-08,2024-07-13,Red Onion,Red Onion 13-15 pcs/kg kg 108.29,,kg,,108.29,,pdfplumber,2024\Weekly-Average-Prices-July-8-13-2024.pdf
2024-07-15,2024-07-20,Red Onion,Red Onion 13-15 pcs/kg kg 109.13,,kg,,109.13,,pdfplumber,2024\Weekly-Average-Prices-July-15-20-2024.pdf
2024-07-22,2024-07-27,Red Onion,Red Onion 13-15 pcs/kg kg 108.45,,kg,,108.45,,pdfplumber,2024\Weekly-Average-Prices-July-22-27-2024.pdf
2024-07-29,2024-08-03,Red Onion,Red Onion 13-15 pcs/kg kg 109.29,,kg,,109.29,,pdfplumber,2024\Weekly-Average-Prices-July-29-August-3-2024.pdf
2024-08-05,2024-08-10,Red Onion,Red Onion 13-15 pcs/kg kg 109.54,,kg,,109.54,,pdfplumber,2024\Weekly-Average-Prices-August-5-10-2024.pdf
2024-08-12,2024-08-17,Red Onion,Red Onion 13-15 pcs/kg kg 110.47,,kg,,110.47,,pdfplumber,2024\Weekly-Average-Prices-August-12-17-2024.pdf
2024-08-19,2024-08-24,Red Onion,Red Onion 13-15 pcs/kg kg 109.79,,kg,,109.79,,pdfplumber,2024\Weekly-Average-Prices-August-19-24-2024.pdf
2024-11-04,2024-11-09,Red Onion,Red Onion 13-15 pcs/kg kg 107.96,,kg,,107.96,,pdfplumber,2024\Weekly-Average-Prices-November-4-9-2024.pdf
2024-11-18,2024-11-23,Red Onion,Red Onion 13-15 pcs/kg kg 109.47,,kg,,109.47,,pdfplumber,2024\Weekly-Average-Prices-November-18-23-2024.pdf
2025-04-28,2025-05-03,Red Onion,Red Onion 13-15 pcs/kg kg 118.31,,kg,,118.31,,pdfplumber,2025\Weekly-Average-Prices-April-28-May-3-2025.pdf
2025-06-09,2025-06-14,Red Onion,Red Onion 13-15 pcs/kg kg 131.76,,kg,,131.76,,pdfplumber,2025\Weekly-Average-Prices-June-9-14-2025.pdf
2025-09-15,2025-09-20,Red Onion,Red Onion 13-15 pcs/kg kg 156.31,,kg,,156.31,,pdfplumber,2025\Weekly-Average-Prices-September-15-20-2025.pdf
2025-09-22,2025-09-27,Red Onion,Red Onion 13-15 pcs/kg kg 155.30,,kg,,155.3,,pdfplumber,2025\Weekly-Average-Prices-September-22-27-2025.pdf
2025-10-13,2025-10-18,Red Onion,Red Onion 13-15 pcs/kg kg 154.56,,kg,,154.56,,pdfplumber,2025\Weekly-Average-Prices-October-13-18-2025.pdf
2025-10-27,2025-11-01,Red Onion,Red Onion 13-15 pcs/kg kg 154.63,,kg,,154.63,,pdfplumber,2025\Weekly-Average-Prices-October-27-November-1-2025.pdf
2025-11-03,2025-11-08,Red Onion,Red Onion 13-15 pcs/kg kg 167.76,,kg,,167.76,,pdfplumber,2025\Weekly-Average-Prices-November-3-8-2025.pdf
2025-12-08,2025-12-13,Red Onion,Red Onion 13-15 pcs/kg kg 281.15,,kg,,281.15,,pdfplumber,2025\Weekly-Average-Prices-December-8-13-2025.pdf
2026-01-12,2026-01-17,Red Onion,"Red Onion, Local 13-15 pcs/kg kg 181.57",,kg,,181.57,,pdfplumber,2026\Weekly-Average-Prices-January-12-17-2026.pdf
2026-01-19,2026-01-24,Red Onion,"Red Onion, Local 13-15 pcs/kg kg 170.77",,kg,,170.77,,pdfplumber,2026\Weekly-Average-Prices-January-19-24-2026.pdf
2026-04-20,2026-04-25,Red Onion,"Red Onion, Local 13-15 pcs/kg kg 97.39",,kg,,97.39,,pdfplumber,2026\Weekly-Average-Prices-April-20-25-2026.pdf
2026-04-27,2026-05-02,Red Onion,"Red Onion, Local 13-15 pcs/kg kg 95.68",,kg,,95.68,,pdfplumber,2026\Weekly-Average-Prices-April-27-May-2-2026.pdf
2026-05-04,2026-05-09,Red Onion,"Red Onion, Local 13-15 pcs/kg kg 95.10",,kg,,95.1,,pdfplumber,2026\Weekly-Average-Prices-May-4-9-2026.pdf
2026-05-11,2026-05-16,Red Onion,"Red Onion, Local 13-15 pcs/kg kg 94.99",,kg,,94.99,,pdfplumber,2026\Weekly-Average-Prices-May-11-16-2026.pdf
2026-05-18,2026-05-23,Red Onion,"Red Onion, Local 13-15 pcs/kg kg 98.85",,kg,,98.85,,pdfplumber,2026\Weekly-Average-Prices-May-18-23-2026.pdf
2026-05-25,2026-05-30,Red Onion,"Red Onion, Local 13-15 pcs/kg kg 102.01",,kg,,102.01,,pdfplumber,2026\Weekly-Average-Prices-May-25-30-2026.pdf
2026-06-01,2026-06-06,Red Onion,"Red Onion, Local 13-15 pcs/kg kg 104.07",,kg,,104.07,,pdfplumber,2026\Weekly-Average-Prices-June-1-6-2026.pdf
2026-06-08,2026-06-13,Red Onion,"Red Onion, Local 13-15 pcs/kg kg 105.39",,kg,,105.39,,pdfplumber,2026\Weekly-Average-Prices-June-8-13-2026.pdf
2026-06-15,2026-06-20,Red Onion,"Red Onion, Local 13-15 pcs/kg kg 106.56",,kg,,106.56,,pdfplumber,2026\Weekly-Average-Prices-June-15-20-2026.pdf
2026-06-22,2026-06-27,Red Onion,"Red Onion, Local 13-15 pcs/kg kg 107.06",,kg,,107.06,,pdfplumber,2026\Weekly-Average-Prices-June-22-27-2026.pdf
2026-06-29,2026-07-05,Red Onion,"Red Onion, Local 13-15 pcs/kg kg 106.73",,kg,,106.73,,pdfplumber,2026\Weekly-Average-Prices-June-29-July-5-2026.pdf
2026-07-06,2026-07-12,Red Onion,"Red Onion, Local 13-15 pcs/kg kg 106.94",,kg,,106.94,,pdfplumber,2026\Weekly-Average-Prices-July-6-12-2026.pdf
2026-07-13,2026-07-19,Red Onion,"Red Onion, Local 13-15 pcs/kg kg 107.17",,kg,,107.17,,pdfplumber,2026\Weekly-Average-Prices-July-13-19-2026.pdf
2026-07-20,2026-07-26,Red Onion,"Red Onion, Local 13-15 pcs/kg kg 107.53",,kg,,107.53,,pdfplumber,2026\Weekly-Average-Prices-July-20-26-2026.pdf
2026-07-27,2026-08-02,Red Onion,"Red Onion, Local 13-15 pcs/kg kg 108.39",,kg,,108.39,,pdfplumber,2026\Weekly-Average-Prices-July-27-August-2-2026.pdf
2026-08-03,2026-08-09,Red Onion,"Red Onion, Local 13-15 pcs/kg kg 106.99",,kg,,106.99,,pdfplumber,2026\Weekly-Average-Prices-August-3-9-2026.pdf
2026-08-10,2026-08-16,Red Onion,"Red Onion, Local 13-15 pcs/kg kg 109.79",,kg,,109.79,,pdfplumber,2026\Weekly-Average-Prices-August-10-16-2026.pdf
2026-08-17,2026-08-23,Red Onion,"Red Onion, Local 13-15 pcs/kg kg 111.43",,kg,,111.43,,pdfplumber,2026\Weekly-Average-Prices-August-17-23-2026.pdf
2026-08-24,2026-08-30,Red Onion,"Red Onion, Local 13-15 pcs/kg kg 115.02",,kg,,115.02,,pdfplumber,2026\Weekly-Average-Prices-August-24-30-2026.pdf
2024-01-01,2024-01-05,Red Onion (Imported),Red Onion (Imported) kg 145.08,,kg,,145.08,,pdfplumber,2024\Weekly-Average-Prices-January-1-5-2024.pdf
2024-01-08,2024-01-12,Red Onion (Imported),Red Onion (Imported) kg 140.60,,kg,,140.6,,pdfplumber,2024\Weekly-Average-Prices-January-8-12-2024.pdf
2024-01-15,2024-01-19,Red Onion (Imported),Red Onion (Imported) kg 128.00,,kg,,128.0,,pdfplumber,2024\Weekly-Average-Prices-January-15-19-2024.pdf
2024-01-22,2024-01-26,Red Onion (Imported),Red Onion (Imported) kg 109.32,,kg,,109.32,,pdfplumber,2024\Weekly-Average-Prices-January-22-26-2024.pdf
2024-01-29,2024-02-02,Red Onion (Imported),Red Onion (Imported) kg 108.18,,kg,,108.18,,pdfplumber,2024\Weekly-Average-Prices-January-29-February-2-2024.pdf
2024-02-05,2024-02-09,Red Onion (Imported),Red Onion (Imported) kg 104.48,,kg,,104.48,,pdfplumber,2024\Weekly-Average-Prices-February-5-9-2024.pdf
2024-02-26,2024-03-01,Red Onion (Imported),Red Onion (Imported) kg 95.88,,kg,,95.88,,pdfplumber,2024\Weekly-Average-Prices-February-26-March-1-2024.pdf
2024-03-04,2024-03-08,Red Onion (Imported),Red Onion (Imported) kg 93.18,,kg,,93.18,,pdfplumber,2024\Weekly-Average-Prices-March-4-8-2024.pdf
2025-10-13,2025-10-18,Red Onion (Imported),Red Onion (Imported)b kg 117.14,,kg,,117.14,,pdfplumber,2025\Weekly-Average-Prices-October-13-18-2025.pdf
2025-10-27,2025-11-01,Red Onion (Imported),Red Onion (Imported)b kg 117.33,,kg,,117.33,,pdfplumber,2025\Weekly-Average-Prices-October-27-November-1-2025.pdf
2025-11-03,2025-11-08,Red Onion (Imported),Red Onion (Imported)b kg 127.12,,kg,,127.12,,pdfplumber,2025\Weekly-Average-Prices-November-3-8-2025.pdf
2025-12-08,2025-12-13,Red Onion (Imported),Red Onion (Imported)b kg 213.87,,kg,,213.87,,pdfplumber,2025\Weekly-Average-Prices-December-8-13-2025.pdf
2026-01-12,2026-01-17,Red Onion (Imported),"Red Onion, Imported kg 156.08",,kg,,156.08,,pdfplumber,2026\Weekly-Average-Prices-January-12-17-2026.pdf
2026-01-19,2026-01-24,Red Onion (Imported),"Red Onion, Imported kg 150.18",,kg,,150.18,,pdfplumber,2026\Weekly-Average-Prices-January-19-24-2026.pdf
2026-04-20,2026-04-25,Red Onion (Imported),"Red Onion, Imported kg 87.69",,kg,,87.69,,pdfplumber,2026\Weekly-Average-Prices-April-20-25-2026.pdf
2026-04-27,2026-05-02,Red Onion (Imported),"Red Onion, Imported kg 86.19",,kg,,86.19,,pdfplumber,2026\Weekly-Average-Prices-April-27-May-2-2026.pdf
2026-05-04,2026-05-09,Red Onion (Imported),"Red Onion, Imported kg 88.75",,kg,,88.75,,pdfplumber,2026\Weekly-Average-Prices-May-4-9-2026.pdf
2026-05-11,2026-05-16,Red Onion (Imported),"Red Onion, Imported kg 86.76",,kg,,86.76,,pdfplumber,2026\Weekly-Average-Prices-May-11-16-2026.pdf
2026-05-18,2026-05-23,Red Onion (Imported),"Red Onion, Imported kg 93.33",,kg,,93.33,,pdfplumber,2026\Weekly-Average-Prices-May-18-23-2026.pdf
2026-05-25,2026-05-30,Red Onion (Imported),"Red Onion, Imported kg 90.00",,kg,,90.0,,pdfplumber,2026\Weekly-Average-Prices-May-25-30-2026.pdf
2026-06-01,2026-06-06,Red Onion (Imported),"Red Onion, Imported kg 90.00",,kg,,90.0,,pdfplumber,2026\Weekly-Average-Prices-June-1-6-2026.pdf
2026-06-08,2026-06-13,Red Onion (Imported),"Red Onion, Imported kg 88.00",,kg,,88.0,,pdfplumber,2026\Weekly-Average-Prices-June-8-13-2026.pdf
2026-06-15,2026-06-20,Red Onion (Imported),"Red Onion, Imported kg 88.57",,kg,,88.57,,pdfplumber,2026\Weekly-Average-Prices-June-15-20-2026.pdf
2026-06-29,2026-07-05,Red Onion (Imported),"Red Onion, Imported kg 88.00",,kg,,88.0,,pdfplumber,2026\Weekly-Average-Prices-June-29-July-5-2026.pdf
2026-07-06,2026-07-12,Red Onion (Imported),"Red Onion, Imported kg 88.00",,kg,,88.0,,pdfplumber,2026\Weekly-Average-Prices-July-6-12-2026.pdf
2026-07-13,2026-07-19,Red Onion (Imported),"Red Onion, Imported kg 88.00",,kg,,88.0,,pdfplumber,2026\Weekly-Average-Prices-July-13-19-2026.pdf
2026-07-20,2026-07-26,Red Onion (Imported),"Red Onion, Imported kg 88.00",,kg,,88.0,,pdfplumber,2026\Weekly-Average-Prices-July-20-26-2026.pdf
2026-07-27,2026-08-02,Red Onion (Imported),"Red Onion, Imported kg 88.00",,kg,,88.0,,pdfplumber,2026\Weekly-Average-Prices-July-27-August-2-2026.pdf
2026-08-03,2026-08-09,Red Onion (Imported),"Red Onion, Imported kg 88.57",,kg,,88.57,,pdfplumber,2026\Weekly-Average-Prices-August-3-9-2026.pdf
2026-08-10,2026-08-16,Red Onion (Imported),"Red Onion, Imported kg 88.33",,kg,,88.33,,pdfplumber,2026\Weekly-Average-Prices-August-10-16-2026.pdf
2026-08-17,2026-08-23,Red Onion (Imported),"Red Onion, Imported kg 90.00",,kg,,90.0,,pdfplumber,2026\Weekly-Average-Prices-August-17-23-2026.pdf
2026-08-24,2026-08-30,Red Onion (Imported),"Red Onion, Imported kg 90.00",,kg,,90.0,,pdfplumber,2026\Weekly-Average-Prices-August-24-30-2026.pdf
2024-01-01,2024-01-05,Sitao,Sitao 3-4 Small Bundles kg 112.64,,kg,,112.64,,pdfplumber,2024\Weekly-Average-Prices-January-1-5-2024.pdf
2024-01-08,2024-01-12,Sitao,Sitao 3-4 Small Bundles kg 114.26,,kg,,114.26,,pdfplumber,2024\Weekly-Average-Prices-January-8-12-2024.pdf
2024-01-15,2024-01-19,Sitao,Sitao 3-4 Small Bundles kg 113.18,,kg,,113.18,,pdfplumber,2024\Weekly-Average-Prices-January-15-19-2024.pdf
2024-01-22,2024-01-26,Sitao,Sitao 3-4 Small Bundles kg 112.53,,kg,,112.53,,pdfplumber,2024\Weekly-Average-Prices-January-22-26-2024.pdf
2024-01-29,2024-02-02,Sitao,Sitao 3-4 Small Bundles kg 106.56,,kg,,106.56,,pdfplumber,2024\Weekly-Average-Prices-January-29-February-2-2024.pdf
2024-02-05,2024-02-09,Sitao,Sitao 3-4 Small Bundles kg 100.86,,kg,,100.86,,pdfplumber,2024\Weekly-Average-Prices-February-5-9-2024.pdf
2024-02-26,2024-03-01,Sitao,Sitao 3-4 Small Bundles kg 107.29,,kg,,107.29,,pdfplumber,2024\Weekly-Average-Prices-February-26-March-1-2024.pdf
2024-03-04,2024-03-08,Sitao,Sitao 3-4 Small Bundles kg 118.03,,kg,,118.03,,pdfplumber,2024\Weekly-Average-Prices-March-4-8-2024.pdf
2024-04-15,2024-04-20,Sitao,Sitao 3-4 Small Bundles kg 106.31,,kg,,106.31,,pdfplumber,2024\Weekly-Average-Prices-April-15-20-2024.pdf
2024-04-22,2024-04-27,Sitao,Sitao 3-4 Small Bundles kg 106.06,,kg,,106.06,,pdfplumber,2024\Weekly-Average-Prices-April-22-27-2024.pdf
2024-04-29,2024-05-04,Sitao,Sitao 3-4 Small Bundles kg 109.19,,kg,,109.19,,pdfplumber,2024\Weekly-Average-Prices-April-29-May-4-2024.pdf
2024-05-06,2024-05-11,Sitao,Sitao 3-4 Small Bundles kg 117.92,,kg,,117.92,,pdfplumber,2024\Weekly-Average-Prices-May-6-11-2024.pdf
2024-05-13,2024-05-18,Sitao,Sitao 3-4 Small Bundles kg 128.27,,kg,,128.27,,pdfplumber,2024\Weekly-Average-Prices-May-13-18-2024.pdf
2024-05-20,2024-05-25,Sitao,Sitao 3-4 Small Bundles kg 121.95,,kg,,121.95,,pdfplumber,2024\Weekly-Average-Prices-May-20-25-2024.pdf
2024-06-10,2024-06-15,Sitao,Sitao 3-4 Small Bundles kg 118.77,,kg,,118.77,,pdfplumber,2024\Weekly-Average-Prices-June-10-15-2024.pdf
2024-06-17,2024-06-22,Sitao,Sitao 3-4 Small Bundles kg 118.04,,kg,,118.04,,pdfplumber,2024\Weekly-Average-Prices-June-17-22-2024.pdf
2024-06-24,2024-06-29,Sitao,Sitao 3-4 Small Bundles kg 120.51,,kg,,120.51,,pdfplumber,2024\Weekly-Average-Prices-June-24-29-2024.pdf
2024-07-01,2024-07-06,Sitao,Sitao 3-4 Small Bundles kg 125.51,,kg,,125.51,,pdfplumber,2024\Weekly-Average-Prices-July-1-6-2024.pdf
2024-07-08,2024-07-13,Sitao,Sitao 3-4 Small Bundles kg 118.18,,kg,,118.18,,pdfplumber,2024\Weekly-Average-Prices-July-8-13-2024.pdf
2024-07-15,2024-07-20,Sitao,Sitao 3-4 Small Bundles kg 106.23,,kg,,106.23,,pdfplumber,2024\Weekly-Average-Prices-July-15-20-2024.pdf
2024-07-22,2024-07-27,Sitao,Sitao 3-4 Small Bundles kg 104.82,,kg,,104.82,,pdfplumber,2024\Weekly-Average-Prices-July-22-27-2024.pdf
2024-07-29,2024-08-03,Sitao,Sitao 3-4 Small Bundles kg 115.97,,kg,,115.97,,pdfplumber,2024\Weekly-Average-Prices-July-29-August-3-2024.pdf
2024-08-05,2024-08-10,Sitao,Sitao 3-4 Small Bundles kg 109.91,,kg,,109.91,,pdfplumber,2024\Weekly-Average-Prices-August-5-10-2024.pdf
2024-08-12,2024-08-17,Sitao,Sitao 3-4 Small Bundles kg 104.84,,kg,,104.84,,pdfplumber,2024\Weekly-Average-Prices-August-12-17-2024.pdf
2024-08-19,2024-08-24,Sitao,Sitao 3-4 Small Bundles kg 92.67,,kg,,92.67,,pdfplumber,2024\Weekly-Average-Prices-August-19-24-2024.pdf
2024-11-04,2024-11-09,Sitao,Sitao 3-4 Small Bundles kg 136.28,,kg,,136.28,,pdfplumber,2024\Weekly-Average-Prices-November-4-9-2024.pdf
2024-11-18,2024-11-23,Sitao,Sitao 3-4 Small Bundles kg 128.08,,kg,,128.08,,pdfplumber,2024\Weekly-Average-Prices-November-18-23-2024.pdf
2025-04-28,2025-05-03,Sitao,Sitao 3-4 Small Bundles kg 105.31,,kg,,105.31,,pdfplumber,2025\Weekly-Average-Prices-April-28-May-3-2025.pdf
2025-06-09,2025-06-14,Sitao,Sitao 3-4 Small Bundles kg 118.99,,kg,,118.99,,pdfplumber,2025\Weekly-Average-Prices-June-9-14-2025.pdf
2025-09-15,2025-09-20,Sitao,Sitao 3-4 Small Bundles kg 110.01,,kg,,110.01,,pdfplumber,2025\Weekly-Average-Prices-September-15-20-2025.pdf
2025-09-22,2025-09-27,Sitao,Sitao 3-4 Small Bundles kg 114.80,,kg,,114.8,,pdfplumber,2025\Weekly-Average-Prices-September-22-27-2025.pdf
2025-10-13,2025-10-18,Sitao,Sitao 3-4 Small Bundles kg 112.20,,kg,,112.2,,pdfplumber,2025\Weekly-Average-Prices-October-13-18-2025.pdf
2025-10-27,2025-11-01,Sitao,Sitao 3-4 Small Bundles kg 106.33,,kg,,106.33,,pdfplumber,2025\Weekly-Average-Prices-October-27-November-1-2025.pdf
2025-11-03,2025-11-08,Sitao,Sitao 3-4 Small Bundles kg 105.67,,kg,,105.67,,pdfplumber,2025\Weekly-Average-Prices-November-3-8-2025.pdf
2025-12-08,2025-12-13,Sitao,Sitao 3-4 Small Bundles kg 152.11,,kg,,152.11,,pdfplumber,2025\Weekly-Average-Prices-December-8-13-2025.pdf
2026-01-12,2026-01-17,Sitao,Pole Sitao 3-4 Small Bundles kg 145.61,,kg,,145.61,,pdfplumber,2026\Weekly-Average-Prices-January-12-17-2026.pdf
2026-01-19,2026-01-24,Sitao,Pole Sitao 3-4 Small Bundles kg 144.34,,kg,,144.34,,pdfplumber,2026\Weekly-Average-Prices-January-19-24-2026.pdf
2026-04-20,2026-04-25,Sitao,Pole Sitao 3-4 Small Bundles kg 103.29,,kg,,103.29,,pdfplumber,2026\Weekly-Average-Prices-April-20-25-2026.pdf
2026-04-27,2026-05-02,Sitao,Pole Sitao 3-4 Small Bundles kg 100.90,,kg,,100.9,,pdfplumber,2026\Weekly-Average-Prices-April-27-May-2-2026.pdf
2026-05-04,2026-05-09,Sitao,Pole Sitao 3-4 Small Bundles kg 102.90,,kg,,102.9,,pdfplumber,2026\Weekly-Average-Prices-May-4-9-2026.pdf
2026-05-11,2026-05-16,Sitao,Pole Sitao 3-4 Small Bundles kg 107.37,,kg,,107.37,,pdfplumber,2026\Weekly-Average-Prices-May-11-16-2026.pdf
2026-05-18,2026-05-23,Sitao,Pole Sitao 3-4 Small Bundles kg 110.85,,kg,,110.85,,pdfplumber,2026\Weekly-Average-Prices-May-18-23-2026.pdf
2026-05-25,2026-05-30,Sitao,Pole Sitao 3-4 Small Bundles kg 117.26,,kg,,117.26,,pdfplumber,2026\Weekly-Average-Prices-May-25-30-2026.pdf
2026-06-01,2026-06-06,Sitao,Pole Sitao 3-4 Small Bundles kg 120.51,,kg,,120.51,,pdfplumber,2026\Weekly-Average-Prices-June-1-6-2026.pdf
2026-06-08,2026-06-13,Sitao,Pole Sitao 3-4 Small Bundles kg 175.36,,kg,,175.36,,pdfplumber,2026\Weekly-Average-Prices-June-8-13-2026.pdf
2026-06-15,2026-06-20,Sitao,Pole Sitao 3-4 Small Bundles kg 135.34,,kg,,135.34,,pdfplumber,2026\Weekly-Average-Prices-June-15-20-2026.pdf
2026-06-22,2026-06-27,Sitao,Pole Sitao 3-4 Small Bundles kg 112.81,,kg,,112.81,,pdfplumber,2026\Weekly-Average-Prices-June-22-27-2026.pdf
2026-06-29,2026-07-05,Sitao,Pole Sitao 3-4 Small Bundles kg 130.42,,kg,,130.42,,pdfplumber,2026\Weekly-Average-Prices-June-29-July-5-2026.pdf
2026-07-06,2026-07-12,Sitao,Pole Sitao 3-4 Small Bundles kg 133.15,,kg,,133.15,,pdfplumber,2026\Weekly-Average-Prices-July-6-12-2026.pdf
2026-07-13,2026-07-19,Sitao,Pole Sitao 3-4 Small Bundles kg 120.17,,kg,,120.17,,pdfplumber,2026\Weekly-Average-Prices-July-13-19-2026.pdf
2026-07-20,2026-07-26,Sitao,Pole Sitao 3-4 Small Bundles kg 116.80,,kg,,116.8,,pdfplumber,2026\Weekly-Average-Prices-July-20-26-2026.pdf
2026-07-27,2026-08-02,Sitao,Pole Sitao 3-4 Small Bundles kg 111.18,,kg,,111.18,,pdfplumber,2026\Weekly-Average-Prices-July-27-August-2-2026.pdf
2026-08-03,2026-08-09,Sitao,Pole Sitao 3-4 Small Bundles kg 114.66,,kg,,114.66,,pdfplumber,2026\Weekly-Average-Prices-August-3-9-2026.pdf
2026-08-10,2026-08-16,Sitao,Pole Sitao 3-4 Small Bundles kg 150.46,,kg,,150.46,,pdfplumber,2026\Weekly-Average-Prices-August-10-16-2026.pdf
2026-08-17,2026-08-23,Sitao,Pole Sitao 3-4 Small Bundles kg 167.96,,kg,,167.96,,pdfplumber,2026\Weekly-Average-Prices-August-17-23-2026.pdf
2026-08-24,2026-08-30,Sitao,Pole Sitao 3-4 Small Bundles kg 175.99,,kg,,175.99,,pdfplumber,2026\Weekly-Average-Prices-August-24-30-2026.pdf
2024-01-01,2024-01-05,Squash,Squash Suprema Variety kg 53.16,,kg,,53.16,,pdfplumber,2024\Weekly-Average-Prices-January-1-5-2024.pdf
2024-01-08,2024-01-12,Squash,Squash Suprema Variety kg 50.10,,kg,,50.1,,pdfplumber,2024\Weekly-Average-Prices-January-8-12-2024.pdf
2024-01-15,2024-01-19,Squash,Squash Suprema Variety kg 51.15,,kg,,51.15,,pdfplumber,2024\Weekly-Average-Prices-January-15-19-2024.pdf
2024-01-22,2024-01-26,Squash,Squash Suprema Variety kg 49.86,,kg,,49.86,,pdfplumber,2024\Weekly-Average-Prices-January-22-26-2024.pdf
2024-01-29,2024-02-02,Squash,Squash Suprema Variety kg 50.12,,kg,,50.12,,pdfplumber,2024\Weekly-Average-Prices-January-29-February-2-2024.pdf
2024-02-05,2024-02-09,Squash,Squash Suprema Variety kg 49.73,,kg,,49.73,,pdfplumber,2024\Weekly-Average-Prices-February-5-9-2024.pdf
2024-02-26,2024-03-01,Squash,Squash Suprema Variety kg 48.37,,kg,,48.37,,pdfplumber,2024\Weekly-Average-Prices-February-26-March-1-2024.pdf
2024-03-04,2024-03-08,Squash,Squash Suprema Variety kg 47.68,,kg,,47.68,,pdfplumber,2024\Weekly-Average-Prices-March-4-8-2024.pdf
2024-04-15,2024-04-20,Squash,Squash Suprema Variety kg 49.46,,kg,,49.46,,pdfplumber,2024\Weekly-Average-Prices-April-15-20-2024.pdf
2024-04-22,2024-04-27,Squash,Squash Suprema Variety kg 49.47,,kg,,49.47,,pdfplumber,2024\Weekly-Average-Prices-April-22-27-2024.pdf
2024-04-29,2024-05-04,Squash,Squash Suprema Variety kg 50.62,,kg,,50.62,,pdfplumber,2024\Weekly-Average-Prices-April-29-May-4-2024.pdf
2024-05-06,2024-05-11,Squash,Squash Suprema Variety kg 51.36,,kg,,51.36,,pdfplumber,2024\Weekly-Average-Prices-May-6-11-2024.pdf
2024-05-13,2024-05-18,Squash,Squash Suprema Variety kg 51.65,,kg,,51.65,,pdfplumber,2024\Weekly-Average-Prices-May-13-18-2024.pdf
2024-05-20,2024-05-25,Squash,Squash Suprema Variety kg 55.27,,kg,,55.27,,pdfplumber,2024\Weekly-Average-Prices-May-20-25-2024.pdf
2024-06-10,2024-06-15,Squash,Squash Suprema Variety kg 69.35,,kg,,69.35,,pdfplumber,2024\Weekly-Average-Prices-June-10-15-2024.pdf
2024-06-17,2024-06-22,Squash,Squash Suprema Variety kg 68.97,,kg,,68.97,,pdfplumber,2024\Weekly-Average-Prices-June-17-22-2024.pdf
2024-06-24,2024-06-29,Squash,Squash Suprema Variety kg 66.83,,kg,,66.83,,pdfplumber,2024\Weekly-Average-Prices-June-24-29-2024.pdf
2024-07-01,2024-07-06,Squash,Squash Suprema Variety kg 65.47,,kg,,65.47,,pdfplumber,2024\Weekly-Average-Prices-July-1-6-2024.pdf
2024-07-08,2024-07-13,Squash,Squash Suprema Variety kg 65.37,,kg,,65.37,,pdfplumber,2024\Weekly-Average-Prices-July-8-13-2024.pdf
2024-07-15,2024-07-20,Squash,Squash Suprema Variety kg 64.08,,kg,,64.08,,pdfplumber,2024\Weekly-Average-Prices-July-15-20-2024.pdf
2024-07-22,2024-07-27,Squash,Squash Suprema Variety kg 64.19,,kg,,64.19,,pdfplumber,2024\Weekly-Average-Prices-July-22-27-2024.pdf
2024-07-29,2024-08-03,Squash,Squash Suprema Variety kg 64.44,,kg,,64.44,,pdfplumber,2024\Weekly-Average-Prices-July-29-August-3-2024.pdf
2024-08-05,2024-08-10,Squash,Squash Suprema Variety kg 63.58,,kg,,63.58,,pdfplumber,2024\Weekly-Average-Prices-August-5-10-2024.pdf
2024-08-12,2024-08-17,Squash,Squash Suprema Variety kg 60.99,,kg,,60.99,,pdfplumber,2024\Weekly-Average-Prices-August-12-17-2024.pdf
2024-08-19,2024-08-24,Squash,Squash Suprema Variety kg 58.93,,kg,,58.93,,pdfplumber,2024\Weekly-Average-Prices-August-19-24-2024.pdf
2024-11-04,2024-11-09,Squash,Squash Suprema Variety kg 50.13,,kg,,50.13,,pdfplumber,2024\Weekly-Average-Prices-November-4-9-2024.pdf
2024-11-18,2024-11-23,Squash,Squash Suprema Variety kg 51.16,,kg,,51.16,,pdfplumber,2024\Weekly-Average-Prices-November-18-23-2024.pdf
2025-04-28,2025-05-03,Squash,Squash Suprema Variety kg 50.01,,kg,,50.01,,pdfplumber,2025\Weekly-Average-Prices-April-28-May-3-2025.pdf
2025-06-09,2025-06-14,Squash,Squash Suprema Variety kg 50.64,,kg,,50.64,,pdfplumber,2025\Weekly-Average-Prices-June-9-14-2025.pdf
2025-09-15,2025-09-20,Squash,Squash Suprema Variety kg 80.01,,kg,,80.01,,pdfplumber,2025\Weekly-Average-Prices-September-15-20-2025.pdf
2025-09-22,2025-09-27,Squash,Squash Suprema Variety kg 86.99,,kg,,86.99,,pdfplumber,2025\Weekly-Average-Prices-September-22-27-2025.pdf
2025-10-13,2025-10-18,Squash,Squash Suprema Variety kg 74.37,,kg,,74.37,,pdfplumber,2025\Weekly-Average-Prices-October-13-18-2025.pdf
2025-10-27,2025-11-01,Squash,Squash Suprema Variety kg 70.07,,kg,,70.07,,pdfplumber,2025\Weekly-Average-Prices-October-27-November-1-2025.pdf
2025-11-03,2025-11-08,Squash,Squash Suprema Variety kg 66.53,,kg,,66.53,,pdfplumber,2025\Weekly-Average-Prices-November-3-8-2025.pdf
2025-12-08,2025-12-13,Squash,Squash Suprema Variety kg 58.65,,kg,,58.65,,pdfplumber,2025\Weekly-Average-Prices-December-8-13-2025.pdf
2026-01-12,2026-01-17,Squash,Squash Suprema Variety kg 60.36,,kg,,60.36,,pdfplumber,2026\Weekly-Average-Prices-January-12-17-2026.pdf
2026-01-19,2026-01-24,Squash,Squash Suprema Variety kg 60.58,,kg,,60.58,,pdfplumber,2026\Weekly-Average-Prices-January-19-24-2026.pdf
2026-04-20,2026-04-25,Squash,Squash Suprema Variety kg 66.32,,kg,,66.32,,pdfplumber,2026\Weekly-Average-Prices-April-20-25-2026.pdf
2026-04-27,2026-05-02,Squash,Squash Suprema Variety kg 65.15,,kg,,65.15,,pdfplumber,2026\Weekly-Average-Prices-April-27-May-2-2026.pdf
2026-05-04,2026-05-09,Squash,Squash Suprema Variety kg 64.49,,kg,,64.49,,pdfplumber,2026\Weekly-Average-Prices-May-4-9-2026.pdf
2026-05-11,2026-05-16,Squash,Squash Suprema Variety kg 63.82,,kg,,63.82,,pdfplumber,2026\Weekly-Average-Prices-May-11-16-2026.pdf
2026-05-18,2026-05-23,Squash,Squash Suprema Variety kg 63.25,,kg,,63.25,,pdfplumber,2026\Weekly-Average-Prices-May-18-23-2026.pdf
2026-05-25,2026-05-30,Squash,Squash Suprema Variety kg 63.46,,kg,,63.46,,pdfplumber,2026\Weekly-Average-Prices-May-25-30-2026.pdf
2026-06-01,2026-06-06,Squash,Squash Suprema Variety kg 63.57,,kg,,63.57,,pdfplumber,2026\Weekly-Average-Prices-June-1-6-2026.pdf
2026-06-08,2026-06-13,Squash,Squash Suprema Variety kg 65.01,,kg,,65.01,,pdfplumber,2026\Weekly-Average-Prices-June-8-13-2026.pdf
2026-06-15,2026-06-20,Squash,Squash Suprema Variety kg 65.88,,kg,,65.88,,pdfplumber,2026\Weekly-Average-Prices-June-15-20-2026.pdf
2026-06-22,2026-06-27,Squash,Squash Suprema Variety kg 67.05,,kg,,67.05,,pdfplumber,2026\Weekly-Average-Prices-June-22-27-2026.pdf
2026-06-29,2026-07-05,Squash,Squash Suprema Variety kg 67.27,,kg,,67.27,,pdfplumber,2026\Weekly-Average-Prices-June-29-July-5-2026.pdf
2026-07-06,2026-07-12,Squash,Squash Suprema Variety kg 67.99,,kg,,67.99,,pdfplumber,2026\Weekly-Average-Prices-July-6-12-2026.pdf
2026-07-13,2026-07-19,Squash,Squash Suprema Variety kg 67.20,,kg,,67.2,,pdfplumber,2026\Weekly-Average-Prices-July-13-19-2026.pdf
2026-07-20,2026-07-26,Squash,Squash Suprema Variety kg 66.73,,kg,,66.73,,pdfplumber,2026\Weekly-Average-Prices-July-20-26-2026.pdf
2026-07-27,2026-08-02,Squash,Squash Suprema Variety kg 66.63,,kg,,66.63,,pdfplumber,2026\Weekly-Average-Prices-July-27-August-2-2026.pdf
2026-08-03,2026-08-09,Squash,Squash Suprema Variety kg 64.92,,kg,,64.92,,pdfplumber,2026\Weekly-Average-Prices-August-3-9-2026.pdf
2026-08-10,2026-08-16,Squash,Squash Suprema Variety kg 67.06,,kg,,67.06,,pdfplumber,2026\Weekly-Average-Prices-August-10-16-2026.pdf
2026-08-17,2026-08-23,Squash,Squash Suprema Variety kg 67.58,,kg,,67.58,,pdfplumber,2026\Weekly-Average-Prices-August-17-23-2026.pdf
2026-08-24,2026-08-30,Squash,Squash Suprema Variety kg 67.27,,kg,,67.27,,pdfplumber,2026\Weekly-Average-Prices-August-24-30-2026.pdf
2024-01-01,2024-01-05,Tomato,Tomato 15-18 pcs/kg kg 71.62,,kg,,71.62,,pdfplumber,2024\Weekly-Average-Prices-January-1-5-2024.pdf
2024-01-08,2024-01-12,Tomato,Tomato 15-18 pcs/kg kg 68.00,,kg,,68.0,,pdfplumber,2024\Weekly-Average-Prices-January-8-12-2024.pdf
2024-01-15,2024-01-19,Tomato,Tomato 15-18 pcs/kg kg 77.09,,kg,,77.09,,pdfplumber,2024\Weekly-Average-Prices-January-15-19-2024.pdf
2024-01-22,2024-01-26,Tomato,Tomato 15-18 pcs/kg kg 116.98,,kg,,116.98,,pdfplumber,2024\Weekly-Average-Prices-January-22-26-2024.pdf
2024-01-29,2024-02-02,Tomato,Tomato 15-18 pcs/kg kg 123.64,,kg,,123.64,,pdfplumber,2024\Weekly-Average-Prices-January-29-February-2-2024.pdf
2024-02-05,2024-02-09,Tomato,Tomato 15-18 pcs/kg kg 122.42,,kg,,122.42,,pdfplumber,2024\Weekly-Average-Prices-February-5-9-2024.pdf
2024-02-26,2024-03-01,Tomato,Tomato 15-18 pcs/kg kg 94.26,,kg,,94.26,,pdfplumber,2024\Weekly-Average-Prices-February-26-March-1-2024.pdf
2024-03-04,2024-03-08,Tomato,Tomato 15-18 pcs/kg kg 81.99,,kg,,81.99,,pdfplumber,2024\Weekly-Average-Prices-March-4-8-2024.pdf
2024-04-15,2024-04-20,Tomato,Tomato 15-18 pcs/kg kg 62.48,,kg,,62.48,,pdfplumber,2024\Weekly-Average-Prices-April-15-20-2024.pdf
2024-04-22,2024-04-27,Tomato,Tomato 15-18 pcs/kg kg 64.45,,kg,,64.45,,pdfplumber,2024\Weekly-Average-Prices-April-22-27-2024.pdf
2024-04-29,2024-05-04,Tomato,Tomato 15-18 pcs/kg kg 63.56,,kg,,63.56,,pdfplumber,2024\Weekly-Average-Prices-April-29-May-4-2024.pdf
2024-05-06,2024-05-11,Tomato,Tomato 15-18 pcs/kg kg 63.37,,kg,,63.37,,pdfplumber,2024\Weekly-Average-Prices-May-6-11-2024.pdf
2024-05-13,2024-05-18,Tomato,Tomato 15-18 pcs/kg kg 62.87,,kg,,62.87,,pdfplumber,2024\Weekly-Average-Prices-May-13-18-2024.pdf
2024-05-20,2024-05-25,Tomato,Tomato 15-18 pcs/kg kg 73.18,,kg,,73.18,,pdfplumber,2024\Weekly-Average-Prices-May-20-25-2024.pdf
2024-06-10,2024-06-15,Tomato,Tomato 15-18 pcs/kg kg 81.88,,kg,,81.88,,pdfplumber,2024\Weekly-Average-Prices-June-10-15-2024.pdf
2024-06-17,2024-06-22,Tomato,Tomato 15-18 pcs/kg kg 107.67,,kg,,107.67,,pdfplumber,2024\Weekly-Average-Prices-June-17-22-2024.pdf
2024-06-24,2024-06-29,Tomato,Tomato 15-18 pcs/kg kg 129.73,,kg,,129.73,,pdfplumber,2024\Weekly-Average-Prices-June-24-29-2024.pdf
2024-07-01,2024-07-06,Tomato,Tomato 15-18 pcs/kg kg 159.91,,kg,,159.91,,pdfplumber,2024\Weekly-Average-Prices-July-1-6-2024.pdf
2024-07-08,2024-07-13,Tomato,Tomato 15-18 pcs/kg kg 177.40,,kg,,177.4,,pdfplumber,2024\Weekly-Average-Prices-July-8-13-2024.pdf
2024-07-15,2024-07-20,Tomato,Tomato 15-18 pcs/kg kg 189.39,,kg,,189.39,,pdfplumber,2024\Weekly-Average-Prices-July-15-20-2024.pdf
2024-07-22,2024-07-27,Tomato,Tomato 15-18 pcs/kg kg 180.58,,kg,,180.58,,pdfplumber,2024\Weekly-Average-Prices-July-22-27-2024.pdf
2024-07-29,2024-08-03,Tomato,Tomato 15-18 pcs/kg kg 175.86,,kg,,175.86,,pdfplumber,2024\Weekly-Average-Prices-July-29-August-3-2024.pdf
2024-08-05,2024-08-10,Tomato,Tomato 15-18 pcs/kg kg 127.07,,kg,,127.07,,pdfplumber,2024\Weekly-Average-Prices-August-5-10-2024.pdf
2024-08-12,2024-08-17,Tomato,Tomato 15-18 pcs/kg kg 88.92,,kg,,88.92,,pdfplumber,2024\Weekly-Average-Prices-August-12-17-2024.pdf
2024-08-19,2024-08-24,Tomato,Tomato 15-18 pcs/kg kg 82.32,,kg,,82.32,,pdfplumber,2024\Weekly-Average-Prices-August-19-24-2024.pdf
2024-11-04,2024-11-09,Tomato,Tomato 15-18 pcs/kg kg 155.47,,kg,,155.47,,pdfplumber,2024\Weekly-Average-Prices-November-4-9-2024.pdf
2024-11-18,2024-11-23,Tomato,Tomato 15-18 pcs/kg kg 190.96,,kg,,190.96,,pdfplumber,2024\Weekly-Average-Prices-November-18-23-2024.pdf
2025-04-28,2025-05-03,Tomato,Tomato 15-18 pcs/kg kg 66.97,,kg,,66.97,,pdfplumber,2025\Weekly-Average-Prices-April-28-May-3-2025.pdf
2025-06-09,2025-06-14,Tomato,Tomato 15-18 pcs/kg kg 70.02,,kg,,70.02,,pdfplumber,2025\Weekly-Average-Prices-June-9-14-2025.pdf
2025-09-15,2025-09-20,Tomato,Tomato 15-18 pcs/kg kg 121.33,,kg,,121.33,,pdfplumber,2025\Weekly-Average-Prices-September-15-20-2025.pdf
2025-09-22,2025-09-27,Tomato,Tomato 15-18 pcs/kg kg 165.29,,kg,,165.29,,pdfplumber,2025\Weekly-Average-Prices-September-22-27-2025.pdf
2025-10-13,2025-10-18,Tomato,Tomato 15-18 pcs/kg kg 132.36,,kg,,132.36,,pdfplumber,2025\Weekly-Average-Prices-October-13-18-2025.pdf
2025-10-27,2025-11-01,Tomato,Tomato 15-18 pcs/kg kg 120.36,,kg,,120.36,,pdfplumber,2025\Weekly-Average-Prices-October-27-November-1-2025.pdf
2025-11-03,2025-11-08,Tomato,Tomato 15-18 pcs/kg kg 114.41,,kg,,114.41,,pdfplumber,2025\Weekly-Average-Prices-November-3-8-2025.pdf
2025-12-08,2025-12-13,Tomato,Tomato 15-18 pcs/kg kg 139.29,,kg,,139.29,,pdfplumber,2025\Weekly-Average-Prices-December-8-13-2025.pdf
2026-01-12,2026-01-17,Tomato,Tomato 15-18 pcs/kg kg 161.50,,kg,,161.5,,pdfplumber,2026\Weekly-Average-Prices-January-12-17-2026.pdf
2026-01-19,2026-01-24,Tomato,Tomato 15-18 pcs/kg kg 126.63,,kg,,126.63,,pdfplumber,2026\Weekly-Average-Prices-January-19-24-2026.pdf
2026-04-20,2026-04-25,Tomato,Tomato 15-18 pcs/kg kg 62.82,,kg,,62.82,,pdfplumber,2026\Weekly-Average-Prices-April-20-25-2026.pdf
2026-04-27,2026-05-02,Tomato,Tomato 15-18 pcs/kg kg 62.73,,kg,,62.73,,pdfplumber,2026\Weekly-Average-Prices-April-27-May-2-2026.pdf
2026-05-04,2026-05-09,Tomato,Tomato 15-18 pcs/kg kg 62.61,,kg,,62.61,,pdfplumber,2026\Weekly-Average-Prices-May-4-9-2026.pdf
2026-05-11,2026-05-16,Tomato,Tomato 15-18 pcs/kg kg 62.24,,kg,,62.24,,pdfplumber,2026\Weekly-Average-Prices-May-11-16-2026.pdf
2026-05-18,2026-05-23,Tomato,Tomato 15-18 pcs/kg kg 63.92,,kg,,63.92,,pdfplumber,2026\Weekly-Average-Prices-May-18-23-2026.pdf
2026-05-25,2026-05-30,Tomato,Tomato 15-18 pcs/kg kg 67.38,,kg,,67.38,,pdfplumber,2026\Weekly-Average-Prices-May-25-30-2026.pdf
2026-06-01,2026-06-06,Tomato,Tomato 15-18 pcs/kg kg 67.67,,kg,,67.67,,pdfplumber,2026\Weekly-Average-Prices-June-1-6-2026.pdf
2026-06-08,2026-06-13,Tomato,Tomato 15-18 pcs/kg kg 70.01,,kg,,70.01,,pdfplumber,2026\Weekly-Average-Prices-June-8-13-2026.pdf
2026-06-15,2026-06-20,Tomato,Tomato 15-18 pcs/kg kg 71.85,,kg,,71.85,,pdfplumber,2026\Weekly-Average-Prices-June-15-20-2026.pdf
2026-06-22,2026-06-27,Tomato,Tomato 15-18 pcs/kg kg 72.51,,kg,,72.51,,pdfplumber,2026\Weekly-Average-Prices-June-22-27-2026.pdf
2026-06-29,2026-07-05,Tomato,Tomato 15-18 pcs/kg kg 82.12,,kg,,82.12,,pdfplumber,2026\Weekly-Average-Prices-June-29-July-5-2026.pdf
2026-07-06,2026-07-12,Tomato,Tomato 15-18 pcs/kg kg 118.95,,kg,,118.95,,pdfplumber,2026\Weekly-Average-Prices-July-6-12-2026.pdf
2026-07-13,2026-07-19,Tomato,Tomato 15-18 pcs/kg kg 116.38,,kg,,116.38,,pdfplumber,2026\Weekly-Average-Prices-July-13-19-2026.pdf
2026-07-20,2026-07-26,Tomato,Tomato 15-18 pcs/kg kg 118.16,,kg,,118.16,,pdfplumber,2026\Weekly-Average-Prices-July-20-26-2026.pdf
2026-07-27,2026-08-02,Tomato,Tomato 15-18 pcs/kg kg 112.00,,kg,,112.0,,pdfplumber,2026\Weekly-Average-Prices-July-27-August-2-2026.pdf
2026-08-03,2026-08-09,Tomato,Tomato 15-18 pcs/kg kg 107.92,,kg,,107.92,,pdfplumber,2026\Weekly-Average-Prices-August-3-9-2026.pdf
2026-08-10,2026-08-16,Tomato,Tomato 15-18 pcs/kg kg 115.89,,kg,,115.89,,pdfplumber,2026\Weekly-Average-Prices-August-10-16-2026.pdf
2026-08-17,2026-08-23,Tomato,Tomato 15-18 pcs/kg kg 112.80,,kg,,112.8,,pdfplumber,2026\Weekly-Average-Prices-August-17-23-2026.pdf
2026-08-24,2026-08-30,Tomato,Tomato 15-18 pcs/kg kg 105.03,,kg,,105.03,,pdfplumber,2026\Weekly-Average-Prices-August-24-30-2026.pdf
2024-01-01,2024-01-05,White Onion,White Onion kg 117.21,,kg,,117.21,,pdfplumber,2024\Weekly-Average-Prices-January-1-5-2024.pdf
2024-01-08,2024-01-12,White Onion,White Onion kg 110.96,,kg,,110.96,,pdfplumber,2024\Weekly-Average-Prices-January-8-12-2024.pdf
2024-01-15,2024-01-19,White Onion,White Onion kg 108.83,,kg,,108.83,,pdfplumber,2024\Weekly-Average-Prices-January-15-19-2024.pdf
2024-01-22,2024-01-26,White Onion,White Onion kg 97.55,,kg,,97.55,,pdfplumber,2024\Weekly-Average-Prices-January-22-26-2024.pdf
2024-01-29,2024-02-02,White Onion,White Onion kg 91.78,,kg,,91.78,,pdfplumber,2024\Weekly-Average-Prices-January-29-February-2-2024.pdf
2024-02-05,2024-02-09,White Onion,White Onion kg 86.66,,kg,,86.66,,pdfplumber,2024\Weekly-Average-Prices-February-5-9-2024.pdf
2024-02-26,2024-03-01,White Onion,White Onion kg 79.40,,kg,,79.4,,pdfplumber,2024\Weekly-Average-Prices-February-26-March-1-2024.pdf
2024-03-04,2024-03-08,White Onion,White Onion kg 78.67,,kg,,78.67,,pdfplumber,2024\Weekly-Average-Prices-March-4-8-2024.pdf
2024-04-15,2024-04-20,White Onion,White Onion kg 80.37,,kg,,80.37,,pdfplumber,2024\Weekly-Average-Prices-April-15-20-2024.pdf
2024-04-22,2024-04-27,White Onion,White Onion kg 82.46,,kg,,82.46,,pdfplumber,2024\Weekly-Average-Prices-April-22-27-2024.pdf
2024-04-29,2024-05-04,White Onion,White Onion kg 85.04,,kg,,85.04,,pdfplumber,2024\Weekly-Average-Prices-April-29-May-4-2024.pdf
2024-05-06,2024-05-11,White Onion,White Onion kg 90.39,,kg,,90.39,,pdfplumber,2024\Weekly-Average-Prices-May-6-11-2024.pdf
2024-05-13,2024-05-18,White Onion,White Onion kg 93.98,,kg,,93.98,,pdfplumber,2024\Weekly-Average-Prices-May-13-18-2024.pdf
2024-05-20,2024-05-25,White Onion,White Onion kg 93.60,,kg,,93.6,,pdfplumber,2024\Weekly-Average-Prices-May-20-25-2024.pdf
2024-06-10,2024-06-15,White Onion,White Onion kg 94.48,,kg,,94.48,,pdfplumber,2024\Weekly-Average-Prices-June-10-15-2024.pdf
2024-06-17,2024-06-22,White Onion,White Onion kg 94.71,,kg,,94.71,,pdfplumber,2024\Weekly-Average-Prices-June-17-22-2024.pdf
2024-06-24,2024-06-29,White Onion,White Onion kg 94.75,,kg,,94.75,,pdfplumber,2024\Weekly-Average-Prices-June-24-29-2024.pdf
2024-07-01,2024-07-06,White Onion,White Onion kg 93.77,,kg,,93.77,,pdfplumber,2024\Weekly-Average-Prices-July-1-6-2024.pdf
2024-07-08,2024-07-13,White Onion,White Onion kg 95.43,,kg,,95.43,,pdfplumber,2024\Weekly-Average-Prices-July-8-13-2024.pdf
2024-07-15,2024-07-20,White Onion,White Onion kg 98.35,,kg,,98.35,,pdfplumber,2024\Weekly-Average-Prices-July-15-20-2024.pdf
2024-07-22,2024-07-27,White Onion,White Onion kg 99.73,,kg,,99.73,,pdfplumber,2024\Weekly-Average-Prices-July-22-27-2024.pdf
2024-07-29,2024-08-03,White Onion,White Onion kg 102.50,,kg,,102.5,,pdfplumber,2024\Weekly-Average-Prices-July-29-August-3-2024.pdf
2024-08-05,2024-08-10,White Onion,White Onion kg 105.62,,kg,,105.62,,pdfplumber,2024\Weekly-Average-Prices-August-5-10-2024.pdf
2024-08-12,2024-08-17,White Onion,White Onion kg 108.88,,kg,,108.88,,pdfplumber,2024\Weekly-Average-Prices-August-12-17-2024.pdf
2024-08-19,2024-08-24,White Onion,White Onion kg 111.36,,kg,,111.36,,pdfplumber,2024\Weekly-Average-Prices-August-19-24-2024.pdf
2024-11-04,2024-11-09,White Onion,White Onion kg 115.57,,kg,,115.57,,pdfplumber,2024\Weekly-Average-Prices-November-4-9-2024.pdf
2024-11-18,2024-11-23,White Onion,White Onion kg 106.42,,kg,,106.42,,pdfplumber,2024\Weekly-Average-Prices-November-18-23-2024.pdf
2025-04-28,2025-05-03,White Onion,White Onion kg 102.66,,kg,,102.66,,pdfplumber,2025\Weekly-Average-Prices-April-28-May-3-2025.pdf
2025-06-09,2025-06-14,White Onion,White Onion kg 107.51,,kg,,107.51,,pdfplumber,2025\Weekly-Average-Prices-June-9-14-2025.pdf
2025-09-15,2025-09-20,White Onion,White Onion kg 145.79,,kg,,145.79,,pdfplumber,2025\Weekly-Average-Prices-September-15-20-2025.pdf
2025-10-13,2025-10-18,White Onion,White Onion kg 144.00,,kg,,144.0,,pdfplumber,2025\Weekly-Average-Prices-October-13-18-2025.pdf
2025-11-03,2025-11-08,White Onion,White Onion kg 100.00,,kg,,100.0,,pdfplumber,2025\Weekly-Average-Prices-November-3-8-2025.pdf
2026-04-20,2026-04-25,White Onion,"White Onion, Local kg 90.96",,kg,,90.96,,pdfplumber,2026\Weekly-Average-Prices-April-20-25-2026.pdf
2026-04-27,2026-05-02,White Onion,"White Onion, Local kg 89.69",,kg,,89.69,,pdfplumber,2026\Weekly-Average-Prices-April-27-May-2-2026.pdf
2026-05-04,2026-05-09,White Onion,"White Onion, Local kg 90.02",,kg,,90.02,,pdfplumber,2026\Weekly-Average-Prices-May-4-9-2026.pdf
2026-05-11,2026-05-16,White Onion,"White Onion, Local kg 90.33",,kg,,90.33,,pdfplumber,2026\Weekly-Average-Prices-May-11-16-2026.pdf
2026-05-18,2026-05-23,White Onion,"White Onion, Local kg 95.01",,kg,,95.01,,pdfplumber,2026\Weekly-Average-Prices-May-18-23-2026.pdf
2026-05-25,2026-05-30,White Onion,"White Onion, Local kg 96.66",,kg,,96.66,,pdfplumber,2026\Weekly-Average-Prices-May-25-30-2026.pdf
2026-06-01,2026-06-06,White Onion,"White Onion, Local kg 98.03",,kg,,98.03,,pdfplumber,2026\Weekly-Average-Prices-June-1-6-2026.pdf
2026-06-08,2026-06-13,White Onion,"White Onion, Local kg 98.70",,kg,,98.7,,pdfplumber,2026\Weekly-Average-Prices-June-8-13-2026.pdf
2026-06-15,2026-06-20,White Onion,"White Onion, Local kg 99.70",,kg,,99.7,,pdfplumber,2026\Weekly-Average-Prices-June-15-20-2026.pdf
2026-06-22,2026-06-27,White Onion,"White Onion, Local kg 101.08",,kg,,101.08,,pdfplumber,2026\Weekly-Average-Prices-June-22-27-2026.pdf
2026-06-29,2026-07-05,White Onion,"White Onion, Local kg 101.30",,kg,,101.3,,pdfplumber,2026\Weekly-Average-Prices-June-29-July-5-2026.pdf
2026-07-06,2026-07-12,White Onion,"White Onion, Local kg 102.40",,kg,,102.4,,pdfplumber,2026\Weekly-Average-Prices-July-6-12-2026.pdf
2026-07-13,2026-07-19,White Onion,"White Onion, Local kg 102.30",,kg,,102.3,,pdfplumber,2026\Weekly-Average-Prices-July-13-19-2026.pdf
2026-07-20,2026-07-26,White Onion,"White Onion, Local kg 103.07",,kg,,103.07,,pdfplumber,2026\Weekly-Average-Prices-July-20-26-2026.pdf
2026-07-27,2026-08-02,White Onion,"White Onion, Local kg 104.49",,kg,,104.49,,pdfplumber,2026\Weekly-Average-Prices-July-27-August-2-2026.pdf
2026-08-03,2026-08-09,White Onion,"White Onion, Local kg 104.37",,kg,,104.37,,pdfplumber,2026\Weekly-Average-Prices-August-3-9-2026.pdf
2026-08-10,2026-08-16,White Onion,"White Onion, Local kg 112.90",,kg,,112.9,,pdfplumber,2026\Weekly-Average-Prices-August-10-16-2026.pdf
2026-08-17,2026-08-23,White Onion,"White Onion, Local kg 121.71",,kg,,121.71,,pdfplumber,2026\Weekly-Average-Prices-August-17-23-2026.pdf
2026-08-24,2026-08-30,White Onion,"White Onion, Local kg 128.94",,kg,,128.94,,pdfplumber,2026\Weekly-Average-Prices-August-24-30-2026.pdf
2024-01-01,2024-01-05,White Onion (Imported),White Onion (Imported) kg 121.81,,kg,,121.81,,pdfplumber,2024\Weekly-Average-Prices-January-1-5-2024.pdf
2024-01-08,2024-01-12,White Onion (Imported),White Onion (Imported) kg 120.07,,kg,,120.07,,pdfplumber,2024\Weekly-Average-Prices-January-8-12-2024.pdf
2024-01-15,2024-01-19,White Onion (Imported),White Onion (Imported) kg 116.04,,kg,,116.04,,pdfplumber,2024\Weekly-Average-Prices-January-15-19-2024.pdf
2024-01-22,2024-01-26,White Onion (Imported),White Onion (Imported) kg 110.47,,kg,,110.47,,pdfplumber,2024\Weekly-Average-Prices-January-22-26-2024.pdf
2024-01-29,2024-02-02,White Onion (Imported),White Onion (Imported) kg 105.97,,kg,,105.97,,pdfplumber,2024\Weekly-Average-Prices-January-29-February-2-2024.pdf
2024-02-05,2024-02-09,White Onion (Imported),White Onion (Imported) kg 103.55,,kg,,103.55,,pdfplumber,2024\Weekly-Average-Prices-February-5-9-2024.pdf
2024-02-26,2024-03-01,White Onion (Imported),White Onion (Imported) kg 98.02,,kg,,98.02,,pdfplumber,2024\Weekly-Average-Prices-February-26-March-1-2024.pdf
2024-03-04,2024-03-08,White Onion (Imported),White Onion (Imported) kg 102.56,,kg,,102.56,,pdfplumber,2024\Weekly-Average-Prices-March-4-8-2024.pdf
2024-04-15,2024-04-20,White Onion (Imported),White Onion (Imported) kg 93.33,,kg,,93.33,,pdfplumber,2024\Weekly-Average-Prices-April-15-20-2024.pdf
2024-04-22,2024-04-27,White Onion (Imported),White Onion (Imported) kg 100.00,,kg,,100.0,,pdfplumber,2024\Weekly-Average-Prices-April-22-27-2024.pdf
2024-04-29,2024-05-04,White Onion (Imported),White Onion (Imported) kg 100.00,,kg,,100.0,,pdfplumber,2024\Weekly-Average-Prices-April-29-May-4-2024.pdf
2024-05-06,2024-05-11,White Onion (Imported),White Onion (Imported) kg 100.00,,kg,,100.0,,pdfplumber,2024\Weekly-Average-Prices-May-6-11-2024.pdf
2024-07-22,2024-07-27,White Onion (Imported),White Onion (Imported) kg 120.00,,kg,,120.0,,pdfplumber,2024\Weekly-Average-Prices-July-22-27-2024.pdf
2024-07-29,2024-08-03,White Onion (Imported),White Onion (Imported) kg 100.00,,kg,,100.0,,pdfplumber,2024\Weekly-Average-Prices-July-29-August-3-2024.pdf
2024-08-19,2024-08-24,White Onion (Imported),White Onion (Imported) kg 132.50,,kg,,132.5,,pdfplumber,2024\Weekly-Average-Prices-August-19-24-2024.pdf
2024-11-04,2024-11-09,White Onion (Imported),White Onion (Imported) kg 108.83,,kg,,108.83,,pdfplumber,2024\Weekly-Average-Prices-November-4-9-2024.pdf
2024-11-18,2024-11-23,White Onion (Imported),White Onion (Imported) kg 108.48,,kg,,108.48,,pdfplumber,2024\Weekly-Average-Prices-November-18-23-2024.pdf
2025-04-28,2025-05-03,White Onion (Imported),White Onion (Imported) kg 120.16,,kg,,120.16,,pdfplumber,2025\Weekly-Average-Prices-April-28-May-3-2025.pdf
2025-06-09,2025-06-14,White Onion (Imported),White Onion (Imported) kg 140.00,,kg,,140.0,,pdfplumber,2025\Weekly-Average-Prices-June-9-14-2025.pdf
2025-09-15,2025-09-20,White Onion (Imported),White Onion (Imported) kg 133.17,,kg,,133.17,,pdfplumber,2025\Weekly-Average-Prices-September-15-20-2025.pdf
2025-09-22,2025-09-27,White Onion (Imported),White Onion (Imported) kg 134.82,,kg,,134.82,,pdfplumber,2025\Weekly-Average-Prices-September-22-27-2025.pdf
2025-10-13,2025-10-18,White Onion (Imported),White Onion (Imported) kg 125.85,,kg,,125.85,,pdfplumber,2025\Weekly-Average-Prices-October-13-18-2025.pdf
2025-10-27,2025-11-01,White Onion (Imported),White Onion (Imported) kg 120.71,,kg,,120.71,,pdfplumber,2025\Weekly-Average-Prices-October-27-November-1-2025.pdf
2025-11-03,2025-11-08,White Onion (Imported),White Onion (Imported) kg 120.05,,kg,,120.05,,pdfplumber,2025\Weekly-Average-Prices-November-3-8-2025.pdf
2025-12-08,2025-12-13,White Onion (Imported),White Onion (Imported) kg 137.01,,kg,,137.01,,pdfplumber,2025\Weekly-Average-Prices-December-8-13-2025.pdf
2026-01-12,2026-01-17,White Onion (Imported),"White Onion, Imported kg 132.31",,kg,,132.31,,pdfplumber,2026\Weekly-Average-Prices-January-12-17-2026.pdf
2026-01-19,2026-01-24,White Onion (Imported),"White Onion, Imported kg 131.05",,kg,,131.05,,pdfplumber,2026\Weekly-Average-Prices-January-19-24-2026.pdf
2026-04-20,2026-04-25,White Onion (Imported),"White Onion, Imported kg 93.00",,kg,,93.0,,pdfplumber,2026\Weekly-Average-Prices-April-20-25-2026.pdf
2026-04-27,2026-05-02,White Onion (Imported),"White Onion, Imported kg 97.62",,kg,,97.62,,pdfplumber,2026\Weekly-Average-Prices-April-27-May-2-2026.pdf
2026-05-04,2026-05-09,White Onion (Imported),"White Onion, Imported kg 94.29",,kg,,94.29,,pdfplumber,2026\Weekly-Average-Prices-May-4-9-2026.pdf
2026-05-11,2026-05-16,White Onion (Imported),"White Onion, Imported kg 90.32",,kg,,90.32,,pdfplumber,2026\Weekly-Average-Prices-May-11-16-2026.pdf
2026-05-18,2026-05-23,White Onion (Imported),"White Onion, Imported kg 96.11",,kg,,96.11,,pdfplumber,2026\Weekly-Average-Prices-May-18-23-2026.pdf
2026-05-25,2026-05-30,White Onion (Imported),"White Onion, Imported kg 97.50",,kg,,97.5,,pdfplumber,2026\Weekly-Average-Prices-May-25-30-2026.pdf
2026-06-01,2026-06-06,White Onion (Imported),"White Onion, Imported kg 103.00",,kg,,103.0,,pdfplumber,2026\Weekly-Average-Prices-June-1-6-2026.pdf
2026-06-08,2026-06-13,White Onion (Imported),"White Onion, Imported kg 114.00",,kg,,114.0,,pdfplumber,2026\Weekly-Average-Prices-June-8-13-2026.pdf
2026-06-22,2026-06-27,White Onion (Imported),"White Onion, Imported kg 141.71",,kg,,141.71,,pdfplumber,2026\Weekly-Average-Prices-June-22-27-2026.pdf
2026-06-29,2026-07-05,White Onion (Imported),"White Onion, Imported kg 139.87",,kg,,139.87,,pdfplumber,2026\Weekly-Average-Prices-June-29-July-5-2026.pdf
2026-07-06,2026-07-12,White Onion (Imported),"White Onion, Imported kg 135.71",,kg,,135.71,,pdfplumber,2026\Weekly-Average-Prices-July-6-12-2026.pdf
2026-07-13,2026-07-19,White Onion (Imported),"White Onion, Imported kg 135.00",,kg,,135.0,,pdfplumber,2026\Weekly-Average-Prices-July-13-19-2026.pdf
2026-07-20,2026-07-26,White Onion (Imported),"White Onion, Imported kg 135.67",,kg,,135.67,,pdfplumber,2026\Weekly-Average-Prices-July-20-26-2026.pdf
2026-07-27,2026-08-02,White Onion (Imported),"White Onion, Imported kg 134.52",,kg,,134.52,,pdfplumber,2026\Weekly-Average-Prices-July-27-August-2-2026.pdf
2026-08-03,2026-08-09,White Onion (Imported),"White Onion, Imported kg 129.50",,kg,,129.5,,pdfplumber,2026\Weekly-Average-Prices-August-3-9-2026.pdf
2026-08-10,2026-08-16,White Onion (Imported),"White Onion, Imported kg 135.71",,kg,,135.71,,pdfplumber,2026\Weekly-Average-Prices-August-10-16-2026.pdf
2026-08-17,2026-08-23,White Onion (Imported),"White Onion, Imported kg 130.00",,kg,,130.0,,pdfplumber,2026\Weekly-Average-Prices-August-17-23-2026.pdf
2024-01-01,2024-01-05,White Potato,White Potato 10-12 pcs kg 138.98,,kg,,138.98,,pdfplumber,2024\Weekly-Average-Prices-January-1-5-2024.pdf
2024-01-08,2024-01-12,White Potato,White Potato 10-12 pcs kg 130.49,,kg,,130.49,,pdfplumber,2024\Weekly-Average-Prices-January-8-12-2024.pdf
2024-01-15,2024-01-19,White Potato,White Potato 10-12 pcs kg 125.05,,kg,,125.05,,pdfplumber,2024\Weekly-Average-Prices-January-15-19-2024.pdf
2024-01-22,2024-01-26,White Potato,White Potato 10-12 pcs kg 117.44,,kg,,117.44,,pdfplumber,2024\Weekly-Average-Prices-January-22-26-2024.pdf
2024-01-29,2024-02-02,White Potato,White Potato 10-12 pcs kg 113.80,,kg,,113.8,,pdfplumber,2024\Weekly-Average-Prices-January-29-February-2-2024.pdf
2024-02-05,2024-02-09,White Potato,White Potato 10-12 pcs kg 112.53,,kg,,112.53,,pdfplumber,2024\Weekly-Average-Prices-February-5-9-2024.pdf
2024-02-26,2024-03-01,White Potato,White Potato 10-12 pcs/kg kg 121.35,,kg,,121.35,,pdfplumber,2024\Weekly-Average-Prices-February-26-March-1-2024.pdf
2024-03-04,2024-03-08,White Potato,White Potato 10-12 pcs/kg kg 122.91,,kg,,122.91,,pdfplumber,2024\Weekly-Average-Prices-March-4-8-2024.pdf
2024-04-15,2024-04-20,White Potato,White Potato 10-12 pcs/kg kg 109.07,,kg,,109.07,,pdfplumber,2024\Weekly-Average-Prices-April-15-20-2024.pdf
2024-04-22,2024-04-27,White Potato,White Potato 10-12 pcs/kg kg 105.42,,kg,,105.42,,pdfplumber,2024\Weekly-Average-Prices-April-22-27-2024.pdf
2024-04-29,2024-05-04,White Potato,White Potato 10-12 pcs/kg kg 105.08,,kg,,105.08,,pdfplumber,2024\Weekly-Average-Prices-April-29-May-4-2024.pdf
2024-05-06,2024-05-11,White Potato,White Potato 10-12 pcs/kg kg 107.24,,kg,,107.24,,pdfplumber,2024\Weekly-Average-Prices-May-6-11-2024.pdf
2024-05-13,2024-05-18,White Potato,White Potato 10-12 pcs/kg kg 106.11,,kg,,106.11,,pdfplumber,2024\Weekly-Average-Prices-May-13-18-2024.pdf
2024-05-20,2024-05-25,White Potato,White Potato 10-12 pcs/kg kg 106.04,,kg,,106.04,,pdfplumber,2024\Weekly-Average-Prices-May-20-25-2024.pdf
2024-06-10,2024-06-15,White Potato,White Potato 10-12 pcs/kg kg 133.00,,kg,,133.0,,pdfplumber,2024\Weekly-Average-Prices-June-10-15-2024.pdf
2024-06-17,2024-06-22,White Potato,White Potato 10-12 pcs/kg kg 134.57,,kg,,134.57,,pdfplumber,2024\Weekly-Average-Prices-June-17-22-2024.pdf
2024-06-24,2024-06-29,White Potato,White Potato 10-12 pcs/kg kg 127.50,,kg,,127.5,,pdfplumber,2024\Weekly-Average-Prices-June-24-29-2024.pdf
2024-07-01,2024-07-06,White Potato,White Potato 10-12 pcs/kg kg 122.49,,kg,,122.49,,pdfplumber,2024\Weekly-Average-Prices-July-1-6-2024.pdf
2024-07-08,2024-07-13,White Potato,White Potato 10-12 pcs/kg kg 116.24,,kg,,116.24,,pdfplumber,2024\Weekly-Average-Prices-July-8-13-2024.pdf
2024-07-15,2024-07-20,White Potato,White Potato 10-12 pcs/kg kg 110.38,,kg,,110.38,,pdfplumber,2024\Weekly-Average-Prices-July-15-20-2024.pdf
2024-07-22,2024-07-27,White Potato,White Potato 10-12 pcs/kg kg 110.77,,kg,,110.77,,pdfplumber,2024\Weekly-Average-Prices-July-22-27-2024.pdf
2024-07-29,2024-08-03,White Potato,White Potato 10-12 pcs/kg kg 116.98,,kg,,116.98,,pdfplumber,2024\Weekly-Average-Prices-July-29-August-3-2024.pdf
2024-08-05,2024-08-10,White Potato,White Potato 10-12 pcs/kg kg 106.39,,kg,,106.39,,pdfplumber,2024\Weekly-Average-Prices-August-5-10-2024.pdf
2024-08-12,2024-08-17,White Potato,White Potato 10-12 pcs/kg kg 99.30,,kg,,99.3,,pdfplumber,2024\Weekly-Average-Prices-August-12-17-2024.pdf
2024-08-19,2024-08-24,White Potato,White Potato 10-12 pcs/kg kg 94.99,,kg,,94.99,,pdfplumber,2024\Weekly-Average-Prices-August-19-24-2024.pdf
2024-11-04,2024-11-09,White Potato,White Potato 10-12 pcs/kg kg 103.42,,kg,,103.42,,pdfplumber,2024\Weekly-Average-Prices-November-4-9-2024.pdf
2024-11-18,2024-11-23,White Potato,White Potato 10-12 pcs/kg kg 114.37,,kg,,114.37,,pdfplumber,2024\Weekly-Average-Prices-November-18-23-2024.pdf
2025-04-28,2025-05-03,White Potato,White Potato 10-12 pcs/kg kg 93.82,,kg,,93.82,,pdfplumber,2025\Weekly-Average-Prices-April-28-May-3-2025.pdf
2025-06-09,2025-06-14,White Potato,White Potato 10-12 pcs/kg kg 85.23,,kg,,85.23,,pdfplumber,2025\Weekly-Average-Prices-June-9-14-2025.pdf
2025-09-15,2025-09-20,White Potato,White Potato 10-12 pcs/kg kg 102.56,,kg,,102.56,,pdfplumber,2025\Weekly-Average-Prices-September-15-20-2025.pdf
2025-09-22,2025-09-27,White Potato,White Potato 10-12 pcs/kg kg 117.03,,kg,,117.03,,pdfplumber,2025\Weekly-Average-Prices-September-22-27-2025.pdf
2025-10-13,2025-10-18,White Potato,White Potato 10-12 pcs/kg kg 135.16,,kg,,135.16,,pdfplumber,2025\Weekly-Average-Prices-October-13-18-2025.pdf
2025-10-27,2025-11-01,White Potato,White Potato 10-12 pcs/kg kg 135.21,,kg,,135.21,,pdfplumber,2025\Weekly-Average-Prices-October-27-November-1-2025.pdf
2025-11-03,2025-11-08,White Potato,White Potato 10-12 pcs/kg kg 137.77,,kg,,137.77,,pdfplumber,2025\Weekly-Average-Prices-November-3-8-2025.pdf
2025-12-08,2025-12-13,White Potato,White Potato 10-12 pcs/kg kg 150.68,,kg,,150.68,,pdfplumber,2025\Weekly-Average-Prices-December-8-13-2025.pdf
2026-01-12,2026-01-17,White Potato,"White Potato, Local 10-12 pcs/kg kg 154.99",,kg,,154.99,,pdfplumber,2026\Weekly-Average-Prices-January-12-17-2026.pdf
2026-01-19,2026-01-24,White Potato,"White Potato, Local 10-12 pcs/kg kg 148.82",,kg,,148.82,,pdfplumber,2026\Weekly-Average-Prices-January-19-24-2026.pdf
2026-04-20,2026-04-25,White Potato,"White Potato, Local 10-12 pcs/kg kg 97.47",,kg,,97.47,,pdfplumber,2026\Weekly-Average-Prices-April-20-25-2026.pdf
2026-04-27,2026-05-02,White Potato,"White Potato, Local 10-12 pcs/kg kg 95.94",,kg,,95.94,,pdfplumber,2026\Weekly-Average-Prices-April-27-May-2-2026.pdf
2026-05-04,2026-05-09,White Potato,"White Potato, Local 10-12 pcs/kg kg 95.81",,kg,,95.81,,pdfplumber,2026\Weekly-Average-Prices-May-4-9-2026.pdf
2026-05-11,2026-05-16,White Potato,"White Potato, Local 10-12 pcs/kg kg 97.04",,kg,,97.04,,pdfplumber,2026\Weekly-Average-Prices-May-11-16-2026.pdf
2026-05-18,2026-05-23,White Potato,"White Potato, Local 10-12 pcs/kg kg 97.29",,kg,,97.29,,pdfplumber,2026\Weekly-Average-Prices-May-18-23-2026.pdf
2026-05-25,2026-05-30,White Potato,"White Potato, Local 10-12 pcs/kg kg 96.97",,kg,,96.97,,pdfplumber,2026\Weekly-Average-Prices-May-25-30-2026.pdf
2026-06-01,2026-06-06,White Potato,"White Potato, Local 10-12 pcs/kg kg 102.99",,kg,,102.99,,pdfplumber,2026\Weekly-Average-Prices-June-1-6-2026.pdf
2026-06-08,2026-06-13,White Potato,"White Potato, Local 10-12 pcs/kg kg 117.04",,kg,,117.04,,pdfplumber,2026\Weekly-Average-Prices-June-8-13-2026.pdf
2026-06-15,2026-06-20,White Potato,"White Potato, Local 10-12 pcs/kg kg 121.72",,kg,,121.72,,pdfplumber,2026\Weekly-Average-Prices-June-15-20-2026.pdf
2026-06-22,2026-06-27,White Potato,"White Potato, Local 10-12 pcs/kg kg 119.38",,kg,,119.38,,pdfplumber,2026\Weekly-Average-Prices-June-22-27-2026.pdf
2026-06-29,2026-07-05,White Potato,"White Potato, Local 10-12 pcs/kg kg 121.21",,kg,,121.21,,pdfplumber,2026\Weekly-Average-Prices-June-29-July-5-2026.pdf
2026-07-06,2026-07-12,White Potato,"White Potato, Local 10-12 pcs/kg kg 125.97",,kg,,125.97,,pdfplumber,2026\Weekly-Average-Prices-July-6-12-2026.pdf
2026-07-13,2026-07-19,White Potato,"White Potato, Local 10-12 pcs/kg kg 131.78",,kg,,131.78,,pdfplumber,2026\Weekly-Average-Prices-July-13-19-2026.pdf
2026-07-20,2026-07-26,White Potato,"White Potato, Local 10-12 pcs/kg kg 131.59",,kg,,131.59,,pdfplumber,2026\Weekly-Average-Prices-July-20-26-2026.pdf
2026-07-27,2026-08-02,White Potato,"White Potato, Local 10-12 pcs/kg kg 125.96",,kg,,125.96,,pdfplumber,2026\Weekly-Average-Prices-July-27-August-2-2026.pdf
2026-08-03,2026-08-09,White Potato,"White Potato, Local 10-12 pcs/kg kg 125.25",,kg,,125.25,,pdfplumber,2026\Weekly-Average-Prices-August-3-9-2026.pdf
2026-08-10,2026-08-16,White Potato,"White Potato, Local 10-12 pcs/kg kg 147.91",,kg,,147.91,,pdfplumber,2026\Weekly-Average-Prices-August-10-16-2026.pdf
2026-08-17,2026-08-23,White Potato,"White Potato, Local 10-12 pcs/kg kg 146.18",,kg,,146.18,,pdfplumber,2026\Weekly-Average-Prices-August-17-23-2026.pdf
2026-08-24,2026-08-30,White Potato,"White Potato, Local 10-12 pcs/kg kg 143.15",,kg,,143.15,,pdfplumber,2026\Weekly-Average-Prices-August-24-30-2026.pdf
