week_start,week_end,raw_item,unit,weekly_average_price,source_file
"April 15, 2024","April 20, 2024",Special Blue Tag,kg,60.16,Weekly-Average-Prices-April-15-20-2024.pdf
"April 15, 2024","April 20, 2024",Premium Yellow Tag,kg,57.11,Weekly-Average-Prices-April-15-20-2024.pdf
"April 15, 2024","April 20, 2024",Well Milled White Tag,kg,52.6,Weekly-Average-Prices-April-15-20-2024.pdf
"April 15, 2024","April 20, 2024",Regular Milled White Tag,kg,49.89,Weekly-Average-Prices-April-15-20-2024.pdf
"April 15, 2024","April 20, 2024",Special Blue Tag,kg,61.04,Weekly-Average-Prices-April-15-20-2024.pdf
"April 15, 2024","April 20, 2024",Premium Yellow Tag,kg,55.12,Weekly-Average-Prices-April-15-20-2024.pdf
"April 15, 2024","April 20, 2024",Well Milled White Tag,kg,51.89,Weekly-Average-Prices-April-15-20-2024.pdf
"April 15, 2024","April 20, 2024",Regular Milled White Tag,kg,48.96,Weekly-Average-Prices-April-15-20-2024.pdf
"April 15, 2024","April 20, 2024",CORN Corn (White) Glutinous,kg,74.4,Weekly-Average-Prices-April-15-20-2024.pdf
"April 15, 2024","April 20, 2024",Corn (Yellow) Japanese,kg,64.89,Weekly-Average-Prices-April-15-20-2024.pdf
"April 15, 2024","April 20, 2024",FISH Bangus Medium (3-4pcs/kg),kg,187.95,Weekly-Average-Prices-April-15-20-2024.pdf
"April 15, 2024","April 20, 2024",Tilapia Medium (5-6pcs/kg),kg,139.83,Weekly-Average-Prices-April-15-20-2024.pdf
"April 15, 2024","April 20, 2024",Galunggong (Local) Medium (12-14pcs/kg),kg,205.38,Weekly-Average-Prices-April-15-20-2024.pdf
"April 15, 2024","April 20, 2024",Galunggong (Imported) Medium (12-14pcs/kg) kg n/a Alumahan Medium (4-6pcs/kg),kg,299.7,Weekly-Average-Prices-April-15-20-2024.pdf
"April 15, 2024","April 20, 2024",Bonito,kg,198.86,Weekly-Average-Prices-April-15-20-2024.pdf
"April 15, 2024","April 20, 2024",Salmon Head,kg,202.2,Weekly-Average-Prices-April-15-20-2024.pdf
"April 15, 2024","April 20, 2024",Sardines (Tamban),kg,163.42,Weekly-Average-Prices-April-15-20-2024.pdf
"April 15, 2024","April 20, 2024",Squid Medium,kg,357.2,Weekly-Average-Prices-April-15-20-2024.pdf
"April 15, 2024","April 20, 2024",Yellow-Fin Tuna (Tambakol),kg,216.78,Weekly-Average-Prices-April-15-20-2024.pdf
"April 15, 2024","April 20, 2024",LIVESTOCK & POULTRY PRODUCTS Beef Rump Lean Meat/Tapadera,kg,443.3,Weekly-Average-Prices-April-15-20-2024.pdf
"April 15, 2024","April 20, 2024",Beef Brisket Meat with Bones,kg,387.45,Weekly-Average-Prices-April-15-20-2024.pdf
"April 15, 2024","April 20, 2024",Pork Ham Kasim,kg,334.86,Weekly-Average-Prices-April-15-20-2024.pdf
"April 15, 2024","April 20, 2024",Pork Belly Liempo,kg,378.06,Weekly-Average-Prices-April-15-20-2024.pdf
"April 15, 2024","April 20, 2024",Whole Chicken Fully Dressed,kg,177.75,Weekly-Average-Prices-April-15-20-2024.pdf
"April 15, 2024","April 20, 2024",Chicken Egg Medium size,pc,7.04,Weekly-Average-Prices-April-15-20-2024.pdf
"April 15, 2024","April 20, 2024",Ampalaya 4-5 pcs/kg,kg,117.27,Weekly-Average-Prices-April-15-20-2024.pdf
"April 15, 2024","April 20, 2024",Sitao 3-4 Small Bundles,kg,106.31,Weekly-Average-Prices-April-15-20-2024.pdf
"April 15, 2024","April 20, 2024",Pechay (Native) 3-4 Small Bundles,kg,74.66,Weekly-Average-Prices-April-15-20-2024.pdf
"April 15, 2024","April 20, 2024",Squash Suprema Variety,kg,49.46,Weekly-Average-Prices-April-15-20-2024.pdf
"April 15, 2024","April 20, 2024",Eggplant 3-4 Small Bundles,kg,86.98,Weekly-Average-Prices-April-15-20-2024.pdf
"April 15, 2024","April 20, 2024",Tomato 15-18 pcs/kg,kg,62.48,Weekly-Average-Prices-April-15-20-2024.pdf
"April 15, 2024","April 20, 2024",Bell Pepper (Green) Medium (151-250gm/pc),kg,227.11,Weekly-Average-Prices-April-15-20-2024.pdf
"April 15, 2024","April 20, 2024",Bell Pepper (Red) Medium (151-250gm/pc),kg,224.51,Weekly-Average-Prices-April-15-20-2024.pdf
"April 15, 2024","April 20, 2024",Broccoli,kg,175.73,Weekly-Average-Prices-April-15-20-2024.pdf
"April 15, 2024","April 20, 2024",Cabbage (Rare Ball) 510 gm - 1 kg/head,kg,60.15,Weekly-Average-Prices-April-15-20-2024.pdf
"April 15, 2024","April 20, 2024",Cabbage (Scorpio) 750 gm - 1 kg/head,kg,67.16,Weekly-Average-Prices-April-15-20-2024.pdf
"April 15, 2024","April 20, 2024",Cabbage (Wonder Ball) 510 gm - 1 kg/head,kg,66.43,Weekly-Average-Prices-April-15-20-2024.pdf
"April 15, 2024","April 20, 2024",Carrots 8-10 pcs/kg,kg,98.08,Weekly-Average-Prices-April-15-20-2024.pdf
"April 15, 2024","April 20, 2024",Habitchuelas (Baguio Beans),kg,97.98,Weekly-Average-Prices-April-15-20-2024.pdf
"April 15, 2024","April 20, 2024",White Potato 10-12 pcs/kg,kg,109.07,Weekly-Average-Prices-April-15-20-2024.pdf
"April 15, 2024","April 20, 2024",Pechay (Baguio),kg,65.52,Weekly-Average-Prices-April-15-20-2024.pdf
"April 15, 2024","April 20, 2024",Chayote,kg,51.63,Weekly-Average-Prices-April-15-20-2024.pdf
"April 15, 2024","April 20, 2024",Red Onion 13-15 pcs/kg,kg,90.14,Weekly-Average-Prices-April-15-20-2024.pdf
"April 15, 2024","April 20, 2024",Red Onion (Imported) kg n/a White Onion,kg,80.37,Weekly-Average-Prices-April-15-20-2024.pdf
"April 15, 2024","April 20, 2024",White Onion (Imported),kg,93.33,Weekly-Average-Prices-April-15-20-2024.pdf
"April 15, 2024","April 20, 2024",Garlic (Imported),kg,152.85,Weekly-Average-Prices-April-15-20-2024.pdf
"April 15, 2024","April 20, 2024",Garlic (Native),kg,402.73,Weekly-Average-Prices-April-15-20-2024.pdf
"April 15, 2024","April 20, 2024",Ginger,kg,145.78,Weekly-Average-Prices-April-15-20-2024.pdf
"April 15, 2024","April 20, 2024",Chilli (Labuyo),kg,162.62,Weekly-Average-Prices-April-15-20-2024.pdf
"April 15, 2024","April 20, 2024",Calamansi,kg,78.41,Weekly-Average-Prices-April-15-20-2024.pdf
"April 15, 2024","April 20, 2024",Banana (Lakatan) 8-10 pcs/kg,kg,105.23,Weekly-Average-Prices-April-15-20-2024.pdf
"April 15, 2024","April 20, 2024",Banana (Latundan) 10-12 pcs/kg,kg,73.08,Weekly-Average-Prices-April-15-20-2024.pdf
"April 15, 2024","April 20, 2024",Papaya 2-3 pcs/kg,kg,63.82,Weekly-Average-Prices-April-15-20-2024.pdf
"April 15, 2024","April 20, 2024",Mango (Carabao) 3-4 pcs/kg,kg,141.65,Weekly-Average-Prices-April-15-20-2024.pdf
"April 15, 2024","April 20, 2024",Sugar (Refined),kg,84.78,Weekly-Average-Prices-April-15-20-2024.pdf
"April 15, 2024","April 20, 2024",Sugar (Washed),kg,76.79,Weekly-Average-Prices-April-15-20-2024.pdf
"April 15, 2024","April 20, 2024",Sugar (Brown),kg,75.2,Weekly-Average-Prices-April-15-20-2024.pdf
"April 15, 2024","April 20, 2024",Cooking Oil (Palm) 350 ml/bottle,ml,30.59,Weekly-Average-Prices-April-15-20-2024.pdf
"April 15, 2024","April 20, 2024",Cooking Oil (Palm) 1 Liter/bottle,L,80.38,Weekly-Average-Prices-April-15-20-2024.pdf
"April 15, 2024","April 20, 2024",Cooking Oil (Coconut) 350 ml/bottle,ml,32.57,Weekly-Average-Prices-April-15-20-2024.pdf
"April 15, 2024","April 20, 2024",Cooking Oil (Coconut) 1 Liter/bottle,L,84.39,Weekly-Average-Prices-April-15-20-2024.pdf
"April 22, 2024","April 27, 2024",Special Blue Tag,kg,60.29,Weekly-Average-Prices-April-22-27-2024.pdf
"April 22, 2024","April 27, 2024",Premium Yellow Tag,kg,57.2,Weekly-Average-Prices-April-22-27-2024.pdf
"April 22, 2024","April 27, 2024",Well Milled White Tag,kg,52.6,Weekly-Average-Prices-April-22-27-2024.pdf
"April 22, 2024","April 27, 2024",Regular Milled White Tag,kg,49.65,Weekly-Average-Prices-April-22-27-2024.pdf
"April 22, 2024","April 27, 2024",Special Blue Tag,kg,60.93,Weekly-Average-Prices-April-22-27-2024.pdf
"April 22, 2024","April 27, 2024",Premium Yellow Tag,kg,55.12,Weekly-Average-Prices-April-22-27-2024.pdf
"April 22, 2024","April 27, 2024",Well Milled White Tag,kg,51.81,Weekly-Average-Prices-April-22-27-2024.pdf
"April 22, 2024","April 27, 2024",Regular Milled White Tag,kg,49.44,Weekly-Average-Prices-April-22-27-2024.pdf
"April 22, 2024","April 27, 2024",CORN Corn (White) Glutinous,kg,70.98,Weekly-Average-Prices-April-22-27-2024.pdf
"April 22, 2024","April 27, 2024",Corn (Yellow) Japanese,kg,64.78,Weekly-Average-Prices-April-22-27-2024.pdf
"April 22, 2024","April 27, 2024",FISH Bangus Medium (3-4pcs/kg),kg,187.6,Weekly-Average-Prices-April-22-27-2024.pdf
"April 22, 2024","April 27, 2024",Tilapia Medium (5-6pcs/kg),kg,138.3,Weekly-Average-Prices-April-22-27-2024.pdf
"April 22, 2024","April 27, 2024",Galunggong (Local) Medium (12-14pcs/kg),kg,205.01,Weekly-Average-Prices-April-22-27-2024.pdf
"April 22, 2024","April 27, 2024",Galunggong (Imported) Medium (12-14pcs/kg) kg n/a Alumahan Medium (4-6pcs/kg),kg,309.87,Weekly-Average-Prices-April-22-27-2024.pdf
"April 22, 2024","April 27, 2024",Bonito,kg,188.48,Weekly-Average-Prices-April-22-27-2024.pdf
"April 22, 2024","April 27, 2024",Salmon Head,kg,196.07,Weekly-Average-Prices-April-22-27-2024.pdf
"April 22, 2024","April 27, 2024",Sardines (Tamban),kg,142.89,Weekly-Average-Prices-April-22-27-2024.pdf
"April 22, 2024","April 27, 2024",Squid Medium,kg,365.38,Weekly-Average-Prices-April-22-27-2024.pdf
"April 22, 2024","April 27, 2024",Yellow-Fin Tuna (Tambakol),kg,203.26,Weekly-Average-Prices-April-22-27-2024.pdf
"April 22, 2024","April 27, 2024",LIVESTOCK & POULTRY PRODUCTS Beef Rump Lean Meat/Tapadera,kg,443.76,Weekly-Average-Prices-April-22-27-2024.pdf
"April 22, 2024","April 27, 2024",Beef Brisket Meat with Bones,kg,388.8,Weekly-Average-Prices-April-22-27-2024.pdf
"April 22, 2024","April 27, 2024",Pork Ham Kasim,kg,333.7,Weekly-Average-Prices-April-22-27-2024.pdf
"April 22, 2024","April 27, 2024",Pork Belly Liempo,kg,377.26,Weekly-Average-Prices-April-22-27-2024.pdf
"April 22, 2024","April 27, 2024",Whole Chicken Fully Dressed,kg,175.9,Weekly-Average-Prices-April-22-27-2024.pdf
"April 22, 2024","April 27, 2024",Chicken Egg Medium size,pc,7.11,Weekly-Average-Prices-April-22-27-2024.pdf
"April 22, 2024","April 27, 2024",Ampalaya 4-5 pcs/kg,kg,114.46,Weekly-Average-Prices-April-22-27-2024.pdf
"April 22, 2024","April 27, 2024",Sitao 3-4 Small Bundles,kg,106.06,Weekly-Average-Prices-April-22-27-2024.pdf
"April 22, 2024","April 27, 2024",Pechay (Native) 3-4 Small Bundles,kg,71.35,Weekly-Average-Prices-April-22-27-2024.pdf
"April 22, 2024","April 27, 2024",Squash Suprema Variety,kg,49.47,Weekly-Average-Prices-April-22-27-2024.pdf
"April 22, 2024","April 27, 2024",Eggplant 3-4 Small Bundles,kg,85.7,Weekly-Average-Prices-April-22-27-2024.pdf
"April 22, 2024","April 27, 2024",Tomato 15-18 pcs/kg,kg,64.45,Weekly-Average-Prices-April-22-27-2024.pdf
"April 22, 2024","April 27, 2024",Bell Pepper (Green) Medium (151-250gm/pc),kg,245.63,Weekly-Average-Prices-April-22-27-2024.pdf
"April 22, 2024","April 27, 2024",Bell Pepper (Red) Medium (151-250gm/pc),kg,232.49,Weekly-Average-Prices-April-22-27-2024.pdf
"April 22, 2024","April 27, 2024",Broccoli,kg,192.91,Weekly-Average-Prices-April-22-27-2024.pdf
"April 22, 2024","April 27, 2024",Cabbage (Rare Ball) 510 gm - 1 kg/head,kg,66.07,Weekly-Average-Prices-April-22-27-2024.pdf
"April 22, 2024","April 27, 2024",Cabbage (Scorpio) 750 gm - 1 kg/head,kg,71.1,Weekly-Average-Prices-April-22-27-2024.pdf
"April 22, 2024","April 27, 2024",Cabbage (Wonder Ball) 510 gm - 1 kg/head,kg,74.28,Weekly-Average-Prices-April-22-27-2024.pdf
"April 22, 2024","April 27, 2024",Carrots 8-10 pcs/kg,kg,100.12,Weekly-Average-Prices-April-22-27-2024.pdf
"April 22, 2024","April 27, 2024",Habitchuelas (Baguio Beans),kg,103.39,Weekly-Average-Prices-April-22-27-2024.pdf
"April 22, 2024","April 27, 2024",White Potato 10-12 pcs/kg,kg,105.42,Weekly-Average-Prices-April-22-27-2024.pdf
"April 22, 2024","April 27, 2024",Pechay (Baguio),kg,66.0,Weekly-Average-Prices-April-22-27-2024.pdf
"April 22, 2024","April 27, 2024",Chayote,kg,52.58,Weekly-Average-Prices-April-22-27-2024.pdf
"April 22, 2024","April 27, 2024",Red Onion 13-15 pcs/kg,kg,91.16,Weekly-Average-Prices-April-22-27-2024.pdf
"April 22, 2024","April 27, 2024",Red Onion (Imported) kg n/a White Onion,kg,82.46,Weekly-Average-Prices-April-22-27-2024.pdf
"April 22, 2024","April 27, 2024",White Onion (Imported),kg,100.0,Weekly-Average-Prices-April-22-27-2024.pdf
"April 22, 2024","April 27, 2024",Garlic (Imported),kg,152.17,Weekly-Average-Prices-April-22-27-2024.pdf
"April 22, 2024","April 27, 2024",Garlic (Native),kg,375.15,Weekly-Average-Prices-April-22-27-2024.pdf
"April 22, 2024","April 27, 2024",Ginger,kg,158.81,Weekly-Average-Prices-April-22-27-2024.pdf
"April 22, 2024","April 27, 2024",Chilli (Labuyo),kg,150.08,Weekly-Average-Prices-April-22-27-2024.pdf
"April 22, 2024","April 27, 2024",Calamansi,kg,81.29,Weekly-Average-Prices-April-22-27-2024.pdf
"April 22, 2024","April 27, 2024",Banana (Lakatan) 8-10 pcs/kg,kg,104.29,Weekly-Average-Prices-April-22-27-2024.pdf
"April 22, 2024","April 27, 2024",Banana (Latundan) 10-12 pcs/kg,kg,71.73,Weekly-Average-Prices-April-22-27-2024.pdf
"April 22, 2024","April 27, 2024",Papaya 2-3 pcs/kg,kg,62.85,Weekly-Average-Prices-April-22-27-2024.pdf
"April 22, 2024","April 27, 2024",Mango (Carabao) 3-4 pcs/kg,kg,139.18,Weekly-Average-Prices-April-22-27-2024.pdf
"April 22, 2024","April 27, 2024",Sugar (Refined),kg,84.59,Weekly-Average-Prices-April-22-27-2024.pdf
"April 22, 2024","April 27, 2024",Sugar (Washed),kg,76.6,Weekly-Average-Prices-April-22-27-2024.pdf
"April 22, 2024","April 27, 2024",Sugar (Brown),kg,75.07,Weekly-Average-Prices-April-22-27-2024.pdf
"April 22, 2024","April 27, 2024",Cooking Oil (Palm) 350 ml/bottle,ml,30.88,Weekly-Average-Prices-April-22-27-2024.pdf
"April 22, 2024","April 27, 2024",Cooking Oil (Palm) 1 Liter/bottle,L,80.46,Weekly-Average-Prices-April-22-27-2024.pdf
"April 22, 2024","April 27, 2024",Cooking Oil (Coconut) 350 ml/bottle,ml,32.89,Weekly-Average-Prices-April-22-27-2024.pdf
"April 22, 2024","April 27, 2024",Cooking Oil (Coconut) 1 Liter/bottle,L,84.7,Weekly-Average-Prices-April-22-27-2024.pdf
"April 29, 2024","May 4, 2024",Special Blue Tag,kg,60.55,Weekly-Average-Prices-April-29-May-4-2024.pdf
"April 29, 2024","May 4, 2024",Premium Yellow Tag,kg,57.32,Weekly-Average-Prices-April-29-May-4-2024.pdf
"April 29, 2024","May 4, 2024",Well Milled White Tag,kg,52.66,Weekly-Average-Prices-April-29-May-4-2024.pdf
"April 29, 2024","May 4, 2024",Regular Milled White Tag,kg,49.85,Weekly-Average-Prices-April-29-May-4-2024.pdf
"April 29, 2024","May 4, 2024",Special Blue Tag,kg,60.81,Weekly-Average-Prices-April-29-May-4-2024.pdf
"April 29, 2024","May 4, 2024",Premium Yellow Tag,kg,55.06,Weekly-Average-Prices-April-29-May-4-2024.pdf
"April 29, 2024","May 4, 2024",Well Milled White Tag,kg,51.63,Weekly-Average-Prices-April-29-May-4-2024.pdf
"April 29, 2024","May 4, 2024",Regular Milled White Tag,kg,49.81,Weekly-Average-Prices-April-29-May-4-2024.pdf
"April 29, 2024","May 4, 2024",CORN Corn (White) Glutinous,kg,69.89,Weekly-Average-Prices-April-29-May-4-2024.pdf
"April 29, 2024","May 4, 2024",Corn (Yellow) Japanese,kg,65.02,Weekly-Average-Prices-April-29-May-4-2024.pdf
"April 29, 2024","May 4, 2024","Corn Grits (White, Food Grade)",kg,72.62,Weekly-Average-Prices-April-29-May-4-2024.pdf
"April 29, 2024","May 4, 2024","Corn Grits (Yellow, Food Grade)",kg,46.67,Weekly-Average-Prices-April-29-May-4-2024.pdf
"April 29, 2024","May 4, 2024","Corn Cracked (Yellow, Feed Grade)",kg,45.43,Weekly-Average-Prices-April-29-May-4-2024.pdf
"April 29, 2024","May 4, 2024",Corn Grits (Feed Grade),kg,49.04,Weekly-Average-Prices-April-29-May-4-2024.pdf
"April 29, 2024","May 4, 2024",FISH Bangus Large,kg,212.81,Weekly-Average-Prices-April-29-May-4-2024.pdf
"April 29, 2024","May 4, 2024",Bangus Medium (3-4pcs/kg),kg,187.29,Weekly-Average-Prices-April-29-May-4-2024.pdf
"April 29, 2024","May 4, 2024",Tilapia Medium (5-6pcs/kg),kg,138.23,Weekly-Average-Prices-April-29-May-4-2024.pdf
"April 29, 2024","May 4, 2024",Galunggong (Local) Medium (12-14pcs/kg),kg,205.47,Weekly-Average-Prices-April-29-May-4-2024.pdf
"April 29, 2024","May 4, 2024",Galunggong (Imported) Medium (12-14pcs/kg),kg,200.0,Weekly-Average-Prices-April-29-May-4-2024.pdf
"April 29, 2024","May 4, 2024",Alumahan Medium (4-6pcs/kg),kg,308.49,Weekly-Average-Prices-April-29-May-4-2024.pdf
"April 29, 2024","May 4, 2024",Bonito,kg,188.48,Weekly-Average-Prices-April-29-May-4-2024.pdf
"April 29, 2024","May 4, 2024",Salmon Head,kg,196.07,Weekly-Average-Prices-April-29-May-4-2024.pdf
"April 29, 2024","May 4, 2024",Sardines (Tamban),kg,142.89,Weekly-Average-Prices-April-29-May-4-2024.pdf
"April 29, 2024","May 4, 2024",Squid Medium,kg,365.38,Weekly-Average-Prices-April-29-May-4-2024.pdf
"April 29, 2024","May 4, 2024",Yellow-Fin Tuna (Tambakol),kg,203.26,Weekly-Average-Prices-April-29-May-4-2024.pdf
"April 29, 2024","May 4, 2024",LIVESTOCK & POULTRY PRODUCTS Beef Rump Lean Meat/ Tapadera,kg,443.47,Weekly-Average-Prices-April-29-May-4-2024.pdf
"April 29, 2024","May 4, 2024",Beef Brisket Meat with Bones,kg,386.92,Weekly-Average-Prices-April-29-May-4-2024.pdf
"April 29, 2024","May 4, 2024",Pork Ham Kasim,kg,334.68,Weekly-Average-Prices-April-29-May-4-2024.pdf
"April 29, 2024","May 4, 2024",Pork Belly Liempo,kg,377.47,Weekly-Average-Prices-April-29-May-4-2024.pdf
"April 29, 2024","May 4, 2024",Whole Chicken Fully Dressed,kg,176.33,Weekly-Average-Prices-April-29-May-4-2024.pdf
"April 29, 2024","May 4, 2024","Chicken Egg (White, Pewee) 41-45 grams/pc",pc,4.84,Weekly-Average-Prices-April-29-May-4-2024.pdf
"April 29, 2024","May 4, 2024","Chicken Egg (White, Extra Small) 46-50 grams/pc",pc,5.37,Weekly-Average-Prices-April-29-May-4-2024.pdf
"April 29, 2024","May 4, 2024","Chicken Egg (White, Small) 51-55 grams/pc",pc,5.9,Weekly-Average-Prices-April-29-May-4-2024.pdf
"April 29, 2024","May 4, 2024","Chicken Egg (White, Medium) 56-60 grams/pc",pc,7.0,Weekly-Average-Prices-April-29-May-4-2024.pdf
"April 29, 2024","May 4, 2024","Chicken Egg (White, Large) 61-65 grams/pc",pc,7.72,Weekly-Average-Prices-April-29-May-4-2024.pdf
"April 29, 2024","May 4, 2024","Chicken Egg (White, Extra Large) 66-70 grams/pc",pc,8.55,Weekly-Average-Prices-April-29-May-4-2024.pdf
"April 29, 2024","May 4, 2024","Chicken Egg (White, Jumbo) 71> grams/pc",pc,10.7,Weekly-Average-Prices-April-29-May-4-2024.pdf
"April 29, 2024","May 4, 2024","Chicken Egg (Brown, Medium) Medium",pc,8.42,Weekly-Average-Prices-April-29-May-4-2024.pdf
"April 29, 2024","May 4, 2024","Chicken Egg (Brown, Large) Large",pc,9.08,Weekly-Average-Prices-April-29-May-4-2024.pdf
"April 29, 2024","May 4, 2024","Chicken Egg (Brown, Extra Large) Extra Large",pc,10.06,Weekly-Average-Prices-April-29-May-4-2024.pdf
"April 29, 2024","May 4, 2024",Ampalaya 4-5 pcs/kg,kg,114.14,Weekly-Average-Prices-April-29-May-4-2024.pdf
"April 29, 2024","May 4, 2024",Sitao 3-4 Small Bundles,kg,109.19,Weekly-Average-Prices-April-29-May-4-2024.pdf
"April 29, 2024","May 4, 2024",Pechay (Native) 3-4 Small Bundles,kg,68.57,Weekly-Average-Prices-April-29-May-4-2024.pdf
"April 29, 2024","May 4, 2024",Squash Suprema Variety,kg,50.62,Weekly-Average-Prices-April-29-May-4-2024.pdf
"April 29, 2024","May 4, 2024",Eggplant 3-4 Small Bundles,kg,83.45,Weekly-Average-Prices-April-29-May-4-2024.pdf
"April 29, 2024","May 4, 2024",Tomato 15-18 pcs/kg,kg,63.56,Weekly-Average-Prices-April-29-May-4-2024.pdf
"April 29, 2024","May 4, 2024",Bell Pepper (Green) Medium (151-250gm/pc),kg,250.46,Weekly-Average-Prices-April-29-May-4-2024.pdf
"April 29, 2024","May 4, 2024",Bell Pepper (Red) Medium (151-250gm/pc),kg,239.14,Weekly-Average-Prices-April-29-May-4-2024.pdf
"April 29, 2024","May 4, 2024",Broccoli,kg,201.07,Weekly-Average-Prices-April-29-May-4-2024.pdf
"April 29, 2024","May 4, 2024",Cabbage (Rare Ball) 510 gm - 1 kg/head,kg,68.38,Weekly-Average-Prices-April-29-May-4-2024.pdf
"April 29, 2024","May 4, 2024",Cabbage (Scorpio) 750 gm - 1 kg/head,kg,72.84,Weekly-Average-Prices-April-29-May-4-2024.pdf
"April 29, 2024","May 4, 2024",Cabbage (Wonder Ball) 510 gm - 1 kg/head,kg,73.74,Weekly-Average-Prices-April-29-May-4-2024.pdf
"April 29, 2024","May 4, 2024",Carrots 8-10 pcs/kg,kg,100.2,Weekly-Average-Prices-April-29-May-4-2024.pdf
"April 29, 2024","May 4, 2024",Habichuelas (Baguio Beans),kg,126.54,Weekly-Average-Prices-April-29-May-4-2024.pdf
"April 29, 2024","May 4, 2024",White Potato 10-12 pcs/kg,kg,105.08,Weekly-Average-Prices-April-29-May-4-2024.pdf
"April 29, 2024","May 4, 2024",Pechay (Baguio),kg,68.93,Weekly-Average-Prices-April-29-May-4-2024.pdf
"April 29, 2024","May 4, 2024",Chayote,kg,58.53,Weekly-Average-Prices-April-29-May-4-2024.pdf
"April 29, 2024","May 4, 2024",Red Onion 13-15 pcs/kg,kg,94.22,Weekly-Average-Prices-April-29-May-4-2024.pdf
"April 29, 2024","May 4, 2024",Red Onion (Imported) kg n/a White Onion,kg,85.04,Weekly-Average-Prices-April-29-May-4-2024.pdf
"April 29, 2024","May 4, 2024",White Onion (Imported),kg,100.0,Weekly-Average-Prices-April-29-May-4-2024.pdf
"April 29, 2024","May 4, 2024",Garlic (Imported),kg,154.21,Weekly-Average-Prices-April-29-May-4-2024.pdf
"April 29, 2024","May 4, 2024",Garlic (Native),kg,414.62,Weekly-Average-Prices-April-29-May-4-2024.pdf
"April 29, 2024","May 4, 2024",Ginger,kg,190.29,Weekly-Average-Prices-April-29-May-4-2024.pdf
"April 29, 2024","May 4, 2024",Chilli (Red),kg,154.43,Weekly-Average-Prices-April-29-May-4-2024.pdf
"April 29, 2024","May 4, 2024",Calamansi,kg,83.84,Weekly-Average-Prices-April-29-May-4-2024.pdf
"April 29, 2024","May 4, 2024",Banana (Lakatan) 8-10 pcs/kg,kg,104.57,Weekly-Average-Prices-April-29-May-4-2024.pdf
"April 29, 2024","May 4, 2024",Banana (Latundan) 10-12 pcs/kg,kg,71.93,Weekly-Average-Prices-April-29-May-4-2024.pdf
"April 29, 2024","May 4, 2024",Papaya 2-3 pcs/kg,kg,62.39,Weekly-Average-Prices-April-29-May-4-2024.pdf
"April 29, 2024","May 4, 2024",Mango (Carabao) 3-4 pcs/kg,kg,136.34,Weekly-Average-Prices-April-29-May-4-2024.pdf
"April 29, 2024","May 4, 2024",Sugar (Refined),kg,84.6,Weekly-Average-Prices-April-29-May-4-2024.pdf
"April 29, 2024","May 4, 2024",Sugar (Washed),kg,76.78,Weekly-Average-Prices-April-29-May-4-2024.pdf
"April 29, 2024","May 4, 2024",Sugar (Brown),kg,75.14,Weekly-Average-Prices-April-29-May-4-2024.pdf
"April 29, 2024","May 4, 2024",Cooking Oil (Palm) 350 ml/bottle,ml,31.13,Weekly-Average-Prices-April-29-May-4-2024.pdf
"April 29, 2024","May 4, 2024",Cooking Oil (Palm) 1 Liter/bottle,L,80.83,Weekly-Average-Prices-April-29-May-4-2024.pdf
"April 29, 2024","May 4, 2024",Cooking Oil (Coconut) 350 ml/bottle,ml,33.05,Weekly-Average-Prices-April-29-May-4-2024.pdf
"April 29, 2024","May 4, 2024",Cooking Oil (Coconut) 1 Liter/bottle,L,84.95,Weekly-Average-Prices-April-29-May-4-2024.pdf
"August 12, 2024","August 17, 2024",Special Blue Tag,kg,60.07,Weekly-Average-Prices-August-12-17-2024.pdf
"August 12, 2024","August 17, 2024",Premium Yellow Tag,kg,56.43,Weekly-Average-Prices-August-12-17-2024.pdf
"August 12, 2024","August 17, 2024",Well Milled White Tag,kg,52.97,Weekly-Average-Prices-August-12-17-2024.pdf
"August 12, 2024","August 17, 2024",Regular Milled White Tag,kg,48.17,Weekly-Average-Prices-August-12-17-2024.pdf
"August 12, 2024","August 17, 2024",Special Blue Tag,kg,59.95,Weekly-Average-Prices-August-12-17-2024.pdf
"August 12, 2024","August 17, 2024",Premium Yellow Tag,kg,54.34,Weekly-Average-Prices-August-12-17-2024.pdf
"August 12, 2024","August 17, 2024",Well Milled White Tag,kg,50.46,Weekly-Average-Prices-August-12-17-2024.pdf
"August 12, 2024","August 17, 2024",Regular Milled White Tag,kg,48.13,Weekly-Average-Prices-August-12-17-2024.pdf
"August 12, 2024","August 17, 2024","CORN Corn (White) Cob, Glutinous",kg,80.18,Weekly-Average-Prices-August-12-17-2024.pdf
"August 12, 2024","August 17, 2024","Corn (Yellow) Cob, Sweet Corn",kg,67.91,Weekly-Average-Prices-August-12-17-2024.pdf
"August 12, 2024","August 17, 2024","Corn Grits (White, Food Grade) kg n/a Corn Grits (Yellow, Food Grade) kg n/a Corn Cracked (Yellow, Feed Grade)",kg,51.93,Weekly-Average-Prices-August-12-17-2024.pdf
"August 12, 2024","August 17, 2024",Corn Grits (Feed Grade),kg,40.34,Weekly-Average-Prices-August-12-17-2024.pdf
"August 12, 2024","August 17, 2024",FISH Bangus Large,kg,212.71,Weekly-Average-Prices-August-12-17-2024.pdf
"August 12, 2024","August 17, 2024",Bangus Medium (3-4pcs/kg),kg,188.33,Weekly-Average-Prices-August-12-17-2024.pdf
"August 12, 2024","August 17, 2024",Tilapia Medium (5-6pcs/kg),kg,140.06,Weekly-Average-Prices-August-12-17-2024.pdf
"August 12, 2024","August 17, 2024","Galunggong (Local) Male, Medium (12-14pcs/kg)",kg,236.14,Weekly-Average-Prices-August-12-17-2024.pdf
"August 12, 2024","August 17, 2024","Galunggong (Imported) Male, Medium (12-14pcs/kg)",kg,200.0,Weekly-Average-Prices-August-12-17-2024.pdf
"August 12, 2024","August 17, 2024",Alumahan Medium (4-6pcs/kg),kg,303.05,Weekly-Average-Prices-August-12-17-2024.pdf
"August 12, 2024","August 17, 2024",Bonito kg n/a Salmon Head,kg,196.15,Weekly-Average-Prices-August-12-17-2024.pdf
"August 12, 2024","August 17, 2024",Sardines (Tamban),kg,146.88,Weekly-Average-Prices-August-12-17-2024.pdf
"August 12, 2024","August 17, 2024",Squid Medium,kg,390.38,Weekly-Average-Prices-August-12-17-2024.pdf
"August 12, 2024","August 17, 2024",Yellow-Fin Tuna (Tambakol),kg,210.16,Weekly-Average-Prices-August-12-17-2024.pdf
"August 12, 2024","August 17, 2024",LIVESTOCK & POULTRY PRODUCTS Beef Rump Lean Meat/ Tapadera,kg,443.08,Weekly-Average-Prices-August-12-17-2024.pdf
"August 12, 2024","August 17, 2024",Beef Brisket Meat with Bones,kg,385.22,Weekly-Average-Prices-August-12-17-2024.pdf
"August 12, 2024","August 17, 2024",Pork Ham Kasim,kg,326.87,Weekly-Average-Prices-August-12-17-2024.pdf
"August 12, 2024","August 17, 2024",Pork Belly Liempo,kg,369.97,Weekly-Average-Prices-August-12-17-2024.pdf
"August 12, 2024","August 17, 2024",Whole Chicken Fully Dressed,kg,210.28,Weekly-Average-Prices-August-12-17-2024.pdf
"August 12, 2024","August 17, 2024","Chicken Egg (White, Pewee) 41-45 grams/pc",pc,6.2,Weekly-Average-Prices-August-12-17-2024.pdf
"August 12, 2024","August 17, 2024","Chicken Egg (White, Extra Small) 46-50 grams/pc",pc,7.11,Weekly-Average-Prices-August-12-17-2024.pdf
"August 12, 2024","August 17, 2024","Chicken Egg (White, Small) 51-55 grams/pc",pc,7.35,Weekly-Average-Prices-August-12-17-2024.pdf
"August 12, 2024","August 17, 2024","Chicken Egg (White, Medium) 56-60 grams/pc",pc,7.93,Weekly-Average-Prices-August-12-17-2024.pdf
"August 12, 2024","August 17, 2024","Chicken Egg (White, Large) 61-65 grams/pc",pc,8.58,Weekly-Average-Prices-August-12-17-2024.pdf
"August 12, 2024","August 17, 2024","Chicken Egg (White, Extra Large) 66-70 grams/pc",pc,9.09,Weekly-Average-Prices-August-12-17-2024.pdf
"August 12, 2024","August 17, 2024","Chicken Egg (White, Jumbo) 71> grams/pc",pc,9.53,Weekly-Average-Prices-August-12-17-2024.pdf
"August 12, 2024","August 17, 2024","Chicken Egg (Brown, Medium) Medium",pc,9.73,Weekly-Average-Prices-August-12-17-2024.pdf
"August 12, 2024","August 17, 2024","Chicken Egg (Brown, Large) Large",pc,9.64,Weekly-Average-Prices-August-12-17-2024.pdf
"August 12, 2024","August 17, 2024",Ampalaya 4-5 pcs/kg,kg,105.68,Weekly-Average-Prices-August-12-17-2024.pdf
"August 12, 2024","August 17, 2024",Sitao 3-4 Small Bundles,kg,104.84,Weekly-Average-Prices-August-12-17-2024.pdf
"August 12, 2024","August 17, 2024",Pechay (Native) 3-4 Small Bundles,kg,98.65,Weekly-Average-Prices-August-12-17-2024.pdf
"August 12, 2024","August 17, 2024",Squash Suprema Variety,kg,60.99,Weekly-Average-Prices-August-12-17-2024.pdf
"August 12, 2024","August 17, 2024",Eggplant 3-4 Small Bundles,kg,140.87,Weekly-Average-Prices-August-12-17-2024.pdf
"August 12, 2024","August 17, 2024",Tomato 15-18 pcs/kg,kg,88.92,Weekly-Average-Prices-August-12-17-2024.pdf
"August 12, 2024","August 17, 2024",Bell Pepper (Green) Medium (151-250gm/pc),kg,265.88,Weekly-Average-Prices-August-12-17-2024.pdf
"August 12, 2024","August 17, 2024",Bell Pepper (Red) Medium (151-250gm/pc),kg,273.73,Weekly-Average-Prices-August-12-17-2024.pdf
"August 12, 2024","August 17, 2024",Broccoli Medium (8-10 cm diameter/bunch hd),kg,318.16,Weekly-Average-Prices-August-12-17-2024.pdf
"August 12, 2024","August 17, 2024",Cabbage (Rare Ball) 510 gm - 1 kg/head,kg,65.32,Weekly-Average-Prices-August-12-17-2024.pdf
"August 12, 2024","August 17, 2024",Cabbage (Scorpio) 750 gm - 1 kg/head,kg,65.19,Weekly-Average-Prices-August-12-17-2024.pdf
"August 12, 2024","August 17, 2024",Cabbage (Wonder Ball) 510 gm - 1 kg/head,kg,72.1,Weekly-Average-Prices-August-12-17-2024.pdf
"August 12, 2024","August 17, 2024",Carrots 8-10 pcs/kg,kg,129.02,Weekly-Average-Prices-August-12-17-2024.pdf
"August 12, 2024","August 17, 2024",Habichuelas (Baguio Beans),kg,102.69,Weekly-Average-Prices-August-12-17-2024.pdf
"August 12, 2024","August 17, 2024",White Potato 10-12 pcs/kg,kg,99.3,Weekly-Average-Prices-August-12-17-2024.pdf
"August 12, 2024","August 17, 2024",Pechay (Baguio),kg,70.67,Weekly-Average-Prices-August-12-17-2024.pdf
"August 12, 2024","August 17, 2024",Chayote Medium (301-400 g),kg,54.27,Weekly-Average-Prices-August-12-17-2024.pdf
"August 12, 2024","August 17, 2024",Red Onion 13-15 pcs/kg,kg,110.47,Weekly-Average-Prices-August-12-17-2024.pdf
"August 12, 2024","August 17, 2024",Red Onion (Imported) kg n/a White Onion,kg,108.88,Weekly-Average-Prices-August-12-17-2024.pdf
"August 12, 2024","August 17, 2024",White Onion (Imported) kg n/a Garlic (Imported),kg,153.07,Weekly-Average-Prices-August-12-17-2024.pdf
"August 12, 2024","August 17, 2024",Garlic (Native),kg,421.74,Weekly-Average-Prices-August-12-17-2024.pdf
"August 12, 2024","August 17, 2024","Ginger Fairly well-matured, Medium (150-300 gm)",kg,223.26,Weekly-Average-Prices-August-12-17-2024.pdf
"August 12, 2024","August 17, 2024",Chilli (Red),kg,197.24,Weekly-Average-Prices-August-12-17-2024.pdf
"August 12, 2024","August 17, 2024",Calamansi,kg,114.88,Weekly-Average-Prices-August-12-17-2024.pdf
"August 12, 2024","August 17, 2024",Banana (Lakatan) 8-10 pcs/kg,kg,106.5,Weekly-Average-Prices-August-12-17-2024.pdf
"August 12, 2024","August 17, 2024",Banana (Latundan) 10-12 pcs/kg,kg,75.41,Weekly-Average-Prices-August-12-17-2024.pdf
"August 12, 2024","August 17, 2024","Papaya Solo Variety, Ripe, 2-3 pcs/kg",kg,65.74,Weekly-Average-Prices-August-12-17-2024.pdf
"August 12, 2024","August 17, 2024","Mango (Carabao) Ripe, 3-4 pcs/kg",kg,193.22,Weekly-Average-Prices-August-12-17-2024.pdf
"August 12, 2024","August 17, 2024",Sugar (Refined),kg,84.27,Weekly-Average-Prices-August-12-17-2024.pdf
"August 12, 2024","August 17, 2024",Sugar (Washed),kg,76.05,Weekly-Average-Prices-August-12-17-2024.pdf
"August 12, 2024","August 17, 2024",Sugar (Brown),kg,74.74,Weekly-Average-Prices-August-12-17-2024.pdf
"August 12, 2024","August 17, 2024",Cooking Oil (Palm) 350 ml/bottle,ml,31.49,Weekly-Average-Prices-August-12-17-2024.pdf
"August 12, 2024","August 17, 2024",Cooking Oil (Palm) 1 Liter/bottle,L,82.17,Weekly-Average-Prices-August-12-17-2024.pdf
"August 12, 2024","August 17, 2024",Cooking Oil (Coconut) 350 ml/bottle,ml,33.88,Weekly-Average-Prices-August-12-17-2024.pdf
"August 12, 2024","August 17, 2024",Cooking Oil (Coconut) 1 Liter/bottle,L,88.38,Weekly-Average-Prices-August-12-17-2024.pdf
"August 19, 2024","August 24, 2024",Special Blue Tag,kg,60.24,Weekly-Average-Prices-August-19-24-2024.pdf
"August 19, 2024","August 24, 2024",Premium Yellow Tag,kg,56.85,Weekly-Average-Prices-August-19-24-2024.pdf
"August 19, 2024","August 24, 2024",Well Milled White Tag,kg,53.04,Weekly-Average-Prices-August-19-24-2024.pdf
"August 19, 2024","August 24, 2024",Regular Milled White Tag,kg,47.08,Weekly-Average-Prices-August-19-24-2024.pdf
"August 19, 2024","August 24, 2024",Special Blue Tag,kg,60.12,Weekly-Average-Prices-August-19-24-2024.pdf
"August 19, 2024","August 24, 2024",Premium Yellow Tag,kg,54.41,Weekly-Average-Prices-August-19-24-2024.pdf
"August 19, 2024","August 24, 2024",Well Milled White Tag,kg,50.74,Weekly-Average-Prices-August-19-24-2024.pdf
"August 19, 2024","August 24, 2024",Regular Milled White Tag,kg,47.58,Weekly-Average-Prices-August-19-24-2024.pdf
"August 19, 2024","August 24, 2024","CORN Corn (White) Cob, Glutinous",kg,79.0,Weekly-Average-Prices-August-19-24-2024.pdf
"August 19, 2024","August 24, 2024","Corn (Yellow) Cob, Sweet Corn",kg,67.13,Weekly-Average-Prices-August-19-24-2024.pdf
"August 19, 2024","August 24, 2024","Corn Grits (White, Food Grade)",kg,58.0,Weekly-Average-Prices-August-19-24-2024.pdf
"August 19, 2024","August 24, 2024","Corn Grits (Yellow, Food Grade) kg n/a Corn Cracked (Yellow, Feed Grade)",kg,52.0,Weekly-Average-Prices-August-19-24-2024.pdf
"August 19, 2024","August 24, 2024",Corn Grits (Feed Grade),kg,40.24,Weekly-Average-Prices-August-19-24-2024.pdf
"August 19, 2024","August 24, 2024",FISH Bangus Large,kg,213.86,Weekly-Average-Prices-August-19-24-2024.pdf
"August 19, 2024","August 24, 2024",Bangus Medium (3-4pcs/kg),kg,187.67,Weekly-Average-Prices-August-19-24-2024.pdf
"August 19, 2024","August 24, 2024",Tilapia Medium (5-6pcs/kg),kg,141.04,Weekly-Average-Prices-August-19-24-2024.pdf
"August 19, 2024","August 24, 2024","Galunggong (Local) Male, Medium (12-14pcs/kg)",kg,234.41,Weekly-Average-Prices-August-19-24-2024.pdf
"August 19, 2024","August 24, 2024","Galunggong (Imported) Male, Medium (12-14pcs/kg) kg n/a Alumahan Medium (4-6pcs/kg)",kg,305.98,Weekly-Average-Prices-August-19-24-2024.pdf
"August 19, 2024","August 24, 2024",Bonito kg n/a Salmon Head,kg,196.3,Weekly-Average-Prices-August-19-24-2024.pdf
"August 19, 2024","August 24, 2024",Sardines (Tamban),kg,146.27,Weekly-Average-Prices-August-19-24-2024.pdf
"August 19, 2024","August 24, 2024",Squid Medium,kg,388.63,Weekly-Average-Prices-August-19-24-2024.pdf
"August 19, 2024","August 24, 2024",Yellow-Fin Tuna (Tambakol),kg,209.42,Weekly-Average-Prices-August-19-24-2024.pdf
"August 19, 2024","August 24, 2024",LIVESTOCK & POULTRY PRODUCTS Beef Rump Lean Meat/ Tapadera,kg,445.08,Weekly-Average-Prices-August-19-24-2024.pdf
"August 19, 2024","August 24, 2024",Beef Brisket Meat with Bones,kg,387.44,Weekly-Average-Prices-August-19-24-2024.pdf
"August 19, 2024","August 24, 2024",Pork Ham Kasim,kg,322.2,Weekly-Average-Prices-August-19-24-2024.pdf
"August 19, 2024","August 24, 2024",Pork Belly Liempo,kg,365.98,Weekly-Average-Prices-August-19-24-2024.pdf
"August 19, 2024","August 24, 2024",Whole Chicken Fully Dressed,kg,210.98,Weekly-Average-Prices-August-19-24-2024.pdf
"August 19, 2024","August 24, 2024","Chicken Egg (White, Pewee) 41-45 grams/pc",pc,6.17,Weekly-Average-Prices-August-19-24-2024.pdf
"August 19, 2024","August 24, 2024","Chicken Egg (White, Extra Small) 46-50 grams/pc",pc,7.1,Weekly-Average-Prices-August-19-24-2024.pdf
"August 19, 2024","August 24, 2024","Chicken Egg (White, Small) 51-55 grams/pc",pc,7.42,Weekly-Average-Prices-August-19-24-2024.pdf
"August 19, 2024","August 24, 2024","Chicken Egg (White, Medium) 56-60 grams/pc",pc,8.0,Weekly-Average-Prices-August-19-24-2024.pdf
"August 19, 2024","August 24, 2024","Chicken Egg (White, Large) 61-65 grams/pc",pc,8.64,Weekly-Average-Prices-August-19-24-2024.pdf
"August 19, 2024","August 24, 2024","Chicken Egg (White, Extra Large) 66-70 grams/pc",pc,9.13,Weekly-Average-Prices-August-19-24-2024.pdf
"August 19, 2024","August 24, 2024","Chicken Egg (White, Jumbo) 71> grams/pc",pc,9.68,Weekly-Average-Prices-August-19-24-2024.pdf
"August 19, 2024","August 24, 2024","Chicken Egg (Brown, Medium) Medium",pc,10.3,Weekly-Average-Prices-August-19-24-2024.pdf
"August 19, 2024","August 24, 2024","Chicken Egg (Brown, Large) Large",pc,9.63,Weekly-Average-Prices-August-19-24-2024.pdf
"August 19, 2024","August 24, 2024",Ampalaya 4-5 pcs/kg,kg,89.32,Weekly-Average-Prices-August-19-24-2024.pdf
"August 19, 2024","August 24, 2024",Sitao 3-4 Small Bundles,kg,92.67,Weekly-Average-Prices-August-19-24-2024.pdf
"August 19, 2024","August 24, 2024",Pechay (Native) 3-4 Small Bundles,kg,87.21,Weekly-Average-Prices-August-19-24-2024.pdf
"August 19, 2024","August 24, 2024",Squash Suprema Variety,kg,58.93,Weekly-Average-Prices-August-19-24-2024.pdf
"August 19, 2024","August 24, 2024",Eggplant 3-4 Small Bundles,kg,99.81,Weekly-Average-Prices-August-19-24-2024.pdf
"August 19, 2024","August 24, 2024",Tomato 15-18 pcs/kg,kg,82.32,Weekly-Average-Prices-August-19-24-2024.pdf
"August 19, 2024","August 24, 2024",Bell Pepper (Green) Medium (151-250gm/pc),kg,249.04,Weekly-Average-Prices-August-19-24-2024.pdf
"August 19, 2024","August 24, 2024",Bell Pepper (Red) Medium (151-250gm/pc),kg,252.45,Weekly-Average-Prices-August-19-24-2024.pdf
"August 19, 2024","August 24, 2024",Broccoli Medium (8-10 cm diameter/bunch hd),kg,249.18,Weekly-Average-Prices-August-19-24-2024.pdf
"August 19, 2024","August 24, 2024",Cabbage (Rare Ball) 510 gm - 1 kg/head,kg,60.87,Weekly-Average-Prices-August-19-24-2024.pdf
"August 19, 2024","August 24, 2024",Cabbage (Scorpio) 750 gm - 1 kg/head,kg,66.31,Weekly-Average-Prices-August-19-24-2024.pdf
"August 19, 2024","August 24, 2024",Cabbage (Wonder Ball) 510 gm - 1 kg/head,kg,69.9,Weekly-Average-Prices-August-19-24-2024.pdf
"August 19, 2024","August 24, 2024",Carrots 8-10 pcs/kg,kg,119.21,Weekly-Average-Prices-August-19-24-2024.pdf
"August 19, 2024","August 24, 2024",Habichuelas (Baguio Beans),kg,125.01,Weekly-Average-Prices-August-19-24-2024.pdf
"August 19, 2024","August 24, 2024",White Potato 10-12 pcs/kg,kg,94.99,Weekly-Average-Prices-August-19-24-2024.pdf
"August 19, 2024","August 24, 2024",Pechay (Baguio),kg,70.56,Weekly-Average-Prices-August-19-24-2024.pdf
"August 19, 2024","August 24, 2024",Chayote Medium (301-400 g),kg,55.43,Weekly-Average-Prices-August-19-24-2024.pdf
"August 19, 2024","August 24, 2024",Red Onion 13-15 pcs/kg,kg,109.79,Weekly-Average-Prices-August-19-24-2024.pdf
"August 19, 2024","August 24, 2024",Red Onion (Imported) kg n/a White Onion,kg,111.36,Weekly-Average-Prices-August-19-24-2024.pdf
"August 19, 2024","August 24, 2024",White Onion (Imported),kg,132.5,Weekly-Average-Prices-August-19-24-2024.pdf
"August 19, 2024","August 24, 2024",Garlic (Imported),kg,151.56,Weekly-Average-Prices-August-19-24-2024.pdf
"August 19, 2024","August 24, 2024",Garlic (Native),kg,428.57,Weekly-Average-Prices-August-19-24-2024.pdf
"August 19, 2024","August 24, 2024","Ginger Fairly well-matured, Medium (150-300 gm)",kg,226.37,Weekly-Average-Prices-August-19-24-2024.pdf
"August 19, 2024","August 24, 2024",Chilli (Red),kg,205.46,Weekly-Average-Prices-August-19-24-2024.pdf
"August 19, 2024","August 24, 2024",Calamansi,kg,104.47,Weekly-Average-Prices-August-19-24-2024.pdf
"August 19, 2024","August 24, 2024",Banana (Lakatan) 8-10 pcs/kg,kg,107.11,Weekly-Average-Prices-August-19-24-2024.pdf
"August 19, 2024","August 24, 2024",Banana (Latundan) 10-12 pcs/kg,kg,75.51,Weekly-Average-Prices-August-19-24-2024.pdf
"August 19, 2024","August 24, 2024","Papaya Solo Variety, Ripe, 2-3 pcs/kg",kg,67.07,Weekly-Average-Prices-August-19-24-2024.pdf
"August 19, 2024","August 24, 2024","Mango (Carabao) Ripe, 3-4 pcs/kg",kg,220.84,Weekly-Average-Prices-August-19-24-2024.pdf
"August 19, 2024","August 24, 2024",Sugar (Refined),kg,84.35,Weekly-Average-Prices-August-19-24-2024.pdf
"August 19, 2024","August 24, 2024",Sugar (Washed),kg,76.26,Weekly-Average-Prices-August-19-24-2024.pdf
"August 19, 2024","August 24, 2024",Sugar (Brown),kg,74.67,Weekly-Average-Prices-August-19-24-2024.pdf
"August 19, 2024","August 24, 2024",Cooking Oil (Palm) 350 ml/bottle,ml,31.52,Weekly-Average-Prices-August-19-24-2024.pdf
"August 19, 2024","August 24, 2024",Cooking Oil (Palm) 1 Liter/bottle,L,82.2,Weekly-Average-Prices-August-19-24-2024.pdf
"August 19, 2024","August 24, 2024",Cooking Oil (Coconut) 350 ml/bottle,ml,34.73,Weekly-Average-Prices-August-19-24-2024.pdf
"August 19, 2024","August 24, 2024",Cooking Oil (Coconut) 1 Liter/bottle,L,89.92,Weekly-Average-Prices-August-19-24-2024.pdf
"August 5, 2024","August 10, 2024",Special Blue Tag,kg,59.99,Weekly-Average-Prices-August-5-10-2024.pdf
"August 5, 2024","August 10, 2024",Premium Yellow Tag,kg,56.42,Weekly-Average-Prices-August-5-10-2024.pdf
"August 5, 2024","August 10, 2024",Well Milled White Tag,kg,52.6,Weekly-Average-Prices-August-5-10-2024.pdf
"August 5, 2024","August 10, 2024",Regular Milled White Tag,kg,47.44,Weekly-Average-Prices-August-5-10-2024.pdf
"August 5, 2024","August 10, 2024",Special Blue Tag,kg,59.83,Weekly-Average-Prices-August-5-10-2024.pdf
"August 5, 2024","August 10, 2024",Premium Yellow Tag,kg,54.43,Weekly-Average-Prices-August-5-10-2024.pdf
"August 5, 2024","August 10, 2024",Well Milled White Tag,kg,50.43,Weekly-Average-Prices-August-5-10-2024.pdf
"August 5, 2024","August 10, 2024",Regular Milled White Tag,kg,47.93,Weekly-Average-Prices-August-5-10-2024.pdf
"August 5, 2024","August 10, 2024","CORN Corn (White) Cob, Glutinous",kg,77.36,Weekly-Average-Prices-August-5-10-2024.pdf
"August 5, 2024","August 10, 2024","Corn (Yellow) Cob, Sweet Corn",kg,69.39,Weekly-Average-Prices-August-5-10-2024.pdf
"August 5, 2024","August 10, 2024","Corn Grits (White, Food Grade) kg n/a Corn Grits (Yellow, Food Grade) kg n/a Corn Cracked (Yellow, Feed Grade)",kg,51.63,Weekly-Average-Prices-August-5-10-2024.pdf
"August 5, 2024","August 10, 2024",Corn Grits (Feed Grade),kg,40.32,Weekly-Average-Prices-August-5-10-2024.pdf
"August 5, 2024","August 10, 2024",FISH Bangus Large,kg,213.86,Weekly-Average-Prices-August-5-10-2024.pdf
"August 5, 2024","August 10, 2024",Bangus Medium (3-4pcs/kg),kg,188.29,Weekly-Average-Prices-August-5-10-2024.pdf
"August 5, 2024","August 10, 2024",Tilapia Medium (5-6pcs/kg),kg,139.89,Weekly-Average-Prices-August-5-10-2024.pdf
"August 5, 2024","August 10, 2024","Galunggong (Local) Male, Medium (12-14pcs/kg)",kg,233.78,Weekly-Average-Prices-August-5-10-2024.pdf
"August 5, 2024","August 10, 2024","Galunggong (Imported) Male, Medium (12-14pcs/kg) kg n/a Alumahan Medium (4-6pcs/kg)",kg,306.89,Weekly-Average-Prices-August-5-10-2024.pdf
"August 5, 2024","August 10, 2024",Bonito kg n/a Salmon Head,kg,194.41,Weekly-Average-Prices-August-5-10-2024.pdf
"August 5, 2024","August 10, 2024",Sardines (Tamban),kg,145.56,Weekly-Average-Prices-August-5-10-2024.pdf
"August 5, 2024","August 10, 2024",Squid Medium,kg,392.4,Weekly-Average-Prices-August-5-10-2024.pdf
"August 5, 2024","August 10, 2024",Yellow-Fin Tuna (Tambakol),kg,213.35,Weekly-Average-Prices-August-5-10-2024.pdf
"August 5, 2024","August 10, 2024",LIVESTOCK & POULTRY PRODUCTS Beef Rump Lean Meat/ Tapadera,kg,444.03,Weekly-Average-Prices-August-5-10-2024.pdf
"August 5, 2024","August 10, 2024",Beef Brisket Meat with Bones,kg,385.89,Weekly-Average-Prices-August-5-10-2024.pdf
"August 5, 2024","August 10, 2024",Pork Ham Kasim,kg,331.65,Weekly-Average-Prices-August-5-10-2024.pdf
"August 5, 2024","August 10, 2024",Pork Belly Liempo,kg,372.64,Weekly-Average-Prices-August-5-10-2024.pdf
"August 5, 2024","August 10, 2024",Whole Chicken Fully Dressed,kg,206.61,Weekly-Average-Prices-August-5-10-2024.pdf
"August 5, 2024","August 10, 2024","Chicken Egg (White, Pewee) 41-45 grams/pc",pc,5.73,Weekly-Average-Prices-August-5-10-2024.pdf
"August 5, 2024","August 10, 2024","Chicken Egg (White, Extra Small) 46-50 grams/pc",pc,6.89,Weekly-Average-Prices-August-5-10-2024.pdf
"August 5, 2024","August 10, 2024","Chicken Egg (White, Small) 51-55 grams/pc",pc,7.18,Weekly-Average-Prices-August-5-10-2024.pdf
"August 5, 2024","August 10, 2024","Chicken Egg (White, Medium) 56-60 grams/pc",pc,7.88,Weekly-Average-Prices-August-5-10-2024.pdf
"August 5, 2024","August 10, 2024","Chicken Egg (White, Large) 61-65 grams/pc",pc,8.53,Weekly-Average-Prices-August-5-10-2024.pdf
"August 5, 2024","August 10, 2024","Chicken Egg (White, Extra Large) 66-70 grams/pc",pc,9.11,Weekly-Average-Prices-August-5-10-2024.pdf
"August 5, 2024","August 10, 2024","Chicken Egg (White, Jumbo) 71> grams/pc",pc,9.62,Weekly-Average-Prices-August-5-10-2024.pdf
"August 5, 2024","August 10, 2024","Chicken Egg (Brown, Medium) Medium",pc,9.79,Weekly-Average-Prices-August-5-10-2024.pdf
"August 5, 2024","August 10, 2024","Chicken Egg (Brown, Large) Large",pc,9.07,Weekly-Average-Prices-August-5-10-2024.pdf
"August 5, 2024","August 10, 2024",Ampalaya 4-5 pcs/kg,kg,114.93,Weekly-Average-Prices-August-5-10-2024.pdf
"August 5, 2024","August 10, 2024",Sitao 3-4 Small Bundles,kg,109.91,Weekly-Average-Prices-August-5-10-2024.pdf
"August 5, 2024","August 10, 2024",Pechay (Native) 3-4 Small Bundles,kg,129.49,Weekly-Average-Prices-August-5-10-2024.pdf
"August 5, 2024","August 10, 2024",Squash Suprema Variety,kg,63.58,Weekly-Average-Prices-August-5-10-2024.pdf
"August 5, 2024","August 10, 2024",Eggplant 3-4 Small Bundles,kg,136.64,Weekly-Average-Prices-August-5-10-2024.pdf
"August 5, 2024","August 10, 2024",Tomato 15-18 pcs/kg,kg,127.07,Weekly-Average-Prices-August-5-10-2024.pdf
"August 5, 2024","August 10, 2024",Bell Pepper (Green) Medium (151-250gm/pc),kg,279.15,Weekly-Average-Prices-August-5-10-2024.pdf
"August 5, 2024","August 10, 2024",Bell Pepper (Red) Medium (151-250gm/pc),kg,288.13,Weekly-Average-Prices-August-5-10-2024.pdf
"August 5, 2024","August 10, 2024",Broccoli Medium (8-10 cm diameter/bunch hd),kg,311.95,Weekly-Average-Prices-August-5-10-2024.pdf
"August 5, 2024","August 10, 2024",Cabbage (Rare Ball) 510 gm - 1 kg/head,kg,65.44,Weekly-Average-Prices-August-5-10-2024.pdf
"August 5, 2024","August 10, 2024",Cabbage (Scorpio) 750 gm - 1 kg/head,kg,67.62,Weekly-Average-Prices-August-5-10-2024.pdf
"August 5, 2024","August 10, 2024",Cabbage (Wonder Ball) 510 gm - 1 kg/head,kg,72.9,Weekly-Average-Prices-August-5-10-2024.pdf
"August 5, 2024","August 10, 2024",Carrots 8-10 pcs/kg,kg,140.81,Weekly-Average-Prices-August-5-10-2024.pdf
"August 5, 2024","August 10, 2024",Habichuelas (Baguio Beans),kg,116.27,Weekly-Average-Prices-August-5-10-2024.pdf
"August 5, 2024","August 10, 2024",White Potato 10-12 pcs/kg,kg,106.39,Weekly-Average-Prices-August-5-10-2024.pdf
"August 5, 2024","August 10, 2024",Pechay (Baguio),kg,74.34,Weekly-Average-Prices-August-5-10-2024.pdf
"August 5, 2024","August 10, 2024",Chayote Medium (301-400 g),kg,56.61,Weekly-Average-Prices-August-5-10-2024.pdf
"August 5, 2024","August 10, 2024",Red Onion 13-15 pcs/kg,kg,109.54,Weekly-Average-Prices-August-5-10-2024.pdf
"August 5, 2024","August 10, 2024",Red Onion (Imported) kg n/a White Onion,kg,105.62,Weekly-Average-Prices-August-5-10-2024.pdf
"August 5, 2024","August 10, 2024",White Onion (Imported) kg n/a Garlic (Imported),kg,154.54,Weekly-Average-Prices-August-5-10-2024.pdf
"August 5, 2024","August 10, 2024",Garlic (Native),kg,421.05,Weekly-Average-Prices-August-5-10-2024.pdf
"August 5, 2024","August 10, 2024","Ginger Fairly well-matured, Medium (150-300 gm)",kg,226.56,Weekly-Average-Prices-August-5-10-2024.pdf
"August 5, 2024","August 10, 2024",Chilli (Red),kg,186.98,Weekly-Average-Prices-August-5-10-2024.pdf
"August 5, 2024","August 10, 2024",Calamansi,kg,125.45,Weekly-Average-Prices-August-5-10-2024.pdf
"August 5, 2024","August 10, 2024",Banana (Lakatan) 8-10 pcs/kg,kg,105.97,Weekly-Average-Prices-August-5-10-2024.pdf
"August 5, 2024","August 10, 2024",Banana (Latundan) 10-12 pcs/kg,kg,72.84,Weekly-Average-Prices-August-5-10-2024.pdf
"August 5, 2024","August 10, 2024","Papaya Solo Variety, Ripe, 2-3 pcs/kg",kg,63.95,Weekly-Average-Prices-August-5-10-2024.pdf
"August 5, 2024","August 10, 2024","Mango (Carabao) Ripe, 3-4 pcs/kg",kg,182.83,Weekly-Average-Prices-August-5-10-2024.pdf
"August 5, 2024","August 10, 2024",Sugar (Refined),kg,84.2,Weekly-Average-Prices-August-5-10-2024.pdf
"August 5, 2024","August 10, 2024",Sugar (Washed),kg,76.0,Weekly-Average-Prices-August-5-10-2024.pdf
"August 5, 2024","August 10, 2024",Sugar (Brown),kg,74.63,Weekly-Average-Prices-August-5-10-2024.pdf
"August 5, 2024","August 10, 2024",Cooking Oil (Palm) 350 ml/bottle,ml,31.38,Weekly-Average-Prices-August-5-10-2024.pdf
"August 5, 2024","August 10, 2024",Cooking Oil (Palm) 1 Liter/bottle,L,81.53,Weekly-Average-Prices-August-5-10-2024.pdf
"August 5, 2024","August 10, 2024",Cooking Oil (Coconut) 350 ml/bottle,ml,33.87,Weekly-Average-Prices-August-5-10-2024.pdf
"August 5, 2024","August 10, 2024",Cooking Oil (Coconut) 1 Liter/bottle,L,88.49,Weekly-Average-Prices-August-5-10-2024.pdf
"February 26, 2024","March 1, 2024",Special Blue Tag,kg,60.99,Weekly-Average-Prices-February-26-March-1-2024.pdf
"February 26, 2024","March 1, 2024",Premium Yellow Tag,kg,58.12,Weekly-Average-Prices-February-26-March-1-2024.pdf
"February 26, 2024","March 1, 2024",Well Milled White Tag,kg,53.35,Weekly-Average-Prices-February-26-March-1-2024.pdf
"February 26, 2024","March 1, 2024",Regular Milled White Tag,kg,50.8,Weekly-Average-Prices-February-26-March-1-2024.pdf
"February 26, 2024","March 1, 2024",Special Blue Tag,kg,61.06,Weekly-Average-Prices-February-26-March-1-2024.pdf
"February 26, 2024","March 1, 2024",Premium Yellow Tag,kg,55.29,Weekly-Average-Prices-February-26-March-1-2024.pdf
"February 26, 2024","March 1, 2024",Well Milled White Tag,kg,52.26,Weekly-Average-Prices-February-26-March-1-2024.pdf
"February 26, 2024","March 1, 2024",Regular Milled White Tag,kg,49.79,Weekly-Average-Prices-February-26-March-1-2024.pdf
"February 26, 2024","March 1, 2024",CORN Corn (White) Glutinous,kg,78.45,Weekly-Average-Prices-February-26-March-1-2024.pdf
"February 26, 2024","March 1, 2024",Corn (Yellow) Japanese,kg,63.56,Weekly-Average-Prices-February-26-March-1-2024.pdf
"February 26, 2024","March 1, 2024",FISH Bangus Large,kg,220.72,Weekly-Average-Prices-February-26-March-1-2024.pdf
"February 26, 2024","March 1, 2024",Bangus Medium (3-4pcs/kg),kg,192.53,Weekly-Average-Prices-February-26-March-1-2024.pdf
"February 26, 2024","March 1, 2024",Tilapia Medium (5-6pcs/kg),kg,142.05,Weekly-Average-Prices-February-26-March-1-2024.pdf
"February 26, 2024","March 1, 2024",Galunggong (Local) Medium (12-14pcs/kg),kg,249.32,Weekly-Average-Prices-February-26-March-1-2024.pdf
"February 26, 2024","March 1, 2024",Galunggong (Imported) Medium (12-14pcs/kg),kg,218.61,Weekly-Average-Prices-February-26-March-1-2024.pdf
"February 26, 2024","March 1, 2024",Alumahan Medium (4-6pcs/kg),kg,310.44,Weekly-Average-Prices-February-26-March-1-2024.pdf
"February 26, 2024","March 1, 2024",LIVESTOCK & POULTRY PRODUCTS Beef Rump Lean Meat/Tapadera,kg,440.96,Weekly-Average-Prices-February-26-March-1-2024.pdf
"February 26, 2024","March 1, 2024",Beef Brisket Meat w/ Bones,kg,384.69,Weekly-Average-Prices-February-26-March-1-2024.pdf
"February 26, 2024","March 1, 2024",Pork Ham Kasim,kg,328.35,Weekly-Average-Prices-February-26-March-1-2024.pdf
"February 26, 2024","March 1, 2024",Pork Belly Liempo,kg,375.36,Weekly-Average-Prices-February-26-March-1-2024.pdf
"February 26, 2024","March 1, 2024",Whole Chicken Fully Dressed,kg,179.74,Weekly-Average-Prices-February-26-March-1-2024.pdf
"February 26, 2024","March 1, 2024",Chicken Egg Medium size,pc,7.37,Weekly-Average-Prices-February-26-March-1-2024.pdf
"February 26, 2024","March 1, 2024",Ampalaya 4-5 pcs/kg,kg,114.58,Weekly-Average-Prices-February-26-March-1-2024.pdf
"February 26, 2024","March 1, 2024",Sitao 3-4 Small Bundles,kg,107.29,Weekly-Average-Prices-February-26-March-1-2024.pdf
"February 26, 2024","March 1, 2024",Pechay (Native) 3-4 Small Bundles,kg,59.75,Weekly-Average-Prices-February-26-March-1-2024.pdf
"February 26, 2024","March 1, 2024",Squash Suprema Variety,kg,48.37,Weekly-Average-Prices-February-26-March-1-2024.pdf
"February 26, 2024","March 1, 2024",Eggplant 3-4 Small Bundles,kg,80.2,Weekly-Average-Prices-February-26-March-1-2024.pdf
"February 26, 2024","March 1, 2024",Tomato 15-18 pcs/kg,kg,94.26,Weekly-Average-Prices-February-26-March-1-2024.pdf
"February 26, 2024","March 1, 2024",Bell Pepper (Green) Medium (151-250gm/pc),kg,224.5,Weekly-Average-Prices-February-26-March-1-2024.pdf
"February 26, 2024","March 1, 2024",Bell Pepper (Red) Medium (151-250gm/pc),kg,218.87,Weekly-Average-Prices-February-26-March-1-2024.pdf
"February 26, 2024","March 1, 2024",Cabbage (Rare Ball) 510 gm - 1 kg/head,kg,63.92,Weekly-Average-Prices-February-26-March-1-2024.pdf
"February 26, 2024","March 1, 2024",Cabbage (Scorpio) 750 gm - 1 kg/head,kg,71.29,Weekly-Average-Prices-February-26-March-1-2024.pdf
"February 26, 2024","March 1, 2024",Cabbage (Wonder Ball) 510 gm - 1 kg/head,kg,63.11,Weekly-Average-Prices-February-26-March-1-2024.pdf
"February 26, 2024","March 1, 2024",Carrots 8-10 pcs/kg,kg,114.07,Weekly-Average-Prices-February-26-March-1-2024.pdf
"February 26, 2024","March 1, 2024",Habitchuelas (Baguio Beans),kg,97.17,Weekly-Average-Prices-February-26-March-1-2024.pdf
"February 26, 2024","March 1, 2024",White Potato 10-12 pcs/kg,kg,121.35,Weekly-Average-Prices-February-26-March-1-2024.pdf
"February 26, 2024","March 1, 2024",Pechay (Baguio),kg,63.03,Weekly-Average-Prices-February-26-March-1-2024.pdf
"February 26, 2024","March 1, 2024",Chayote,kg,47.66,Weekly-Average-Prices-February-26-March-1-2024.pdf
"February 26, 2024","March 1, 2024",Red Onion 13-15 pcs/kg,kg,90.59,Weekly-Average-Prices-February-26-March-1-2024.pdf
"February 26, 2024","March 1, 2024",Red Onion (Imported),kg,95.88,Weekly-Average-Prices-February-26-March-1-2024.pdf
"February 26, 2024","March 1, 2024",White Onion,kg,79.4,Weekly-Average-Prices-February-26-March-1-2024.pdf
"February 26, 2024","March 1, 2024",White Onion (Imported),kg,98.02,Weekly-Average-Prices-February-26-March-1-2024.pdf
"February 26, 2024","March 1, 2024",Garlic (Imported),kg,145.14,Weekly-Average-Prices-February-26-March-1-2024.pdf
"February 26, 2024","March 1, 2024",Garlic (Native),kg,431.25,Weekly-Average-Prices-February-26-March-1-2024.pdf
"February 26, 2024","March 1, 2024",Ginger,kg,132.62,Weekly-Average-Prices-February-26-March-1-2024.pdf
"February 26, 2024","March 1, 2024",Chilli (Labuyo),kg,155.64,Weekly-Average-Prices-February-26-March-1-2024.pdf
"February 26, 2024","March 1, 2024",Calamansi,kg,96.77,Weekly-Average-Prices-February-26-March-1-2024.pdf
"February 26, 2024","March 1, 2024",Banana (Lakatan) 8-10 pcs/kg,kg,104.12,Weekly-Average-Prices-February-26-March-1-2024.pdf
"February 26, 2024","March 1, 2024",Banana (Latundan) 10-12 pcs/kg,kg,72.28,Weekly-Average-Prices-February-26-March-1-2024.pdf
"February 26, 2024","March 1, 2024",Papaya 2-3 pcs/kg,kg,65.46,Weekly-Average-Prices-February-26-March-1-2024.pdf
"February 26, 2024","March 1, 2024",Mango (Carabao) 3-4 pcs/kg,kg,175.3,Weekly-Average-Prices-February-26-March-1-2024.pdf
"February 26, 2024","March 1, 2024",Sugar (Refined),kg,84.16,Weekly-Average-Prices-February-26-March-1-2024.pdf
"February 26, 2024","March 1, 2024",Sugar (Washed),kg,78.42,Weekly-Average-Prices-February-26-March-1-2024.pdf
"February 26, 2024","March 1, 2024",Sugar (Brown),kg,76.87,Weekly-Average-Prices-February-26-March-1-2024.pdf
"February 26, 2024","March 1, 2024",Cooking Oil (Palm) 350 ml/bottle,ml,29.94,Weekly-Average-Prices-February-26-March-1-2024.pdf
"February 26, 2024","March 1, 2024",Cooking Oil (Palm) 1 Liter/bottle,L,77.04,Weekly-Average-Prices-February-26-March-1-2024.pdf
"February 26, 2024","March 1, 2024",Cooking Oil (Coconut) 350 ml/bottle,ml,32.74,Weekly-Average-Prices-February-26-March-1-2024.pdf
"February 26, 2024","March 1, 2024",Cooking Oil (Coconut) 1 Liter/bottle,L,80.55,Weekly-Average-Prices-February-26-March-1-2024.pdf
"February 5, 2024","February 9, 2024",Special Blue Tag,kg,61.06,Weekly-Average-Prices-February-5-9-2024.pdf
"February 5, 2024","February 9, 2024",Premium Yellow Tag,kg,57.95,Weekly-Average-Prices-February-5-9-2024.pdf
"February 5, 2024","February 9, 2024",Well Milled White Tag,kg,52.83,Weekly-Average-Prices-February-5-9-2024.pdf
"February 5, 2024","February 9, 2024",Special Blue Tag,kg,61.19,Weekly-Average-Prices-February-5-9-2024.pdf
"February 5, 2024","February 9, 2024",Premium Yellow Tag,kg,55.21,Weekly-Average-Prices-February-5-9-2024.pdf
"February 5, 2024","February 9, 2024",Well Milled White Tag,kg,52.05,Weekly-Average-Prices-February-5-9-2024.pdf
"February 5, 2024","February 9, 2024",Regular Milled White Tag,kg,50.96,Weekly-Average-Prices-February-5-9-2024.pdf
"February 5, 2024","February 9, 2024",GRAINS Corn (White) Glutinous,kg,84.15,Weekly-Average-Prices-February-5-9-2024.pdf
"February 5, 2024","February 9, 2024",Corn (Yellow) Japanese,kg,63.73,Weekly-Average-Prices-February-5-9-2024.pdf
"February 5, 2024","February 9, 2024",FISH Bangus Medium (3-4pcs/kg),kg,194.22,Weekly-Average-Prices-February-5-9-2024.pdf
"February 5, 2024","February 9, 2024",Bangus Large,kg,228.52,Weekly-Average-Prices-February-5-9-2024.pdf
"February 5, 2024","February 9, 2024",Tilapia Medium (5-6pcs/kg),kg,142.79,Weekly-Average-Prices-February-5-9-2024.pdf
"February 5, 2024","February 9, 2024",Galunggong (Local) Medium (12-14pcs/kg),kg,259.92,Weekly-Average-Prices-February-5-9-2024.pdf
"February 5, 2024","February 9, 2024",Galunggong (Imported) Medium (12-14pcs/kg),kg,228.97,Weekly-Average-Prices-February-5-9-2024.pdf
"February 5, 2024","February 9, 2024",Alumahan Medium (4-6pcs/kg),kg,328.38,Weekly-Average-Prices-February-5-9-2024.pdf
"February 5, 2024","February 9, 2024",LIVESTOCK & POULTRY PRODUCTS Beef Rump Lean Meat/Tapadera,kg,442.9,Weekly-Average-Prices-February-5-9-2024.pdf
"February 5, 2024","February 9, 2024",Beef Brisket Meat w/ Bones,kg,385.1,Weekly-Average-Prices-February-5-9-2024.pdf
"February 5, 2024","February 9, 2024",Pork Ham Kasim,kg,318.12,Weekly-Average-Prices-February-5-9-2024.pdf
"February 5, 2024","February 9, 2024",Pork Belly Liempo,kg,364.81,Weekly-Average-Prices-February-5-9-2024.pdf
"February 5, 2024","February 9, 2024",Whole Chicken Fully Dressed,kg,180.35,Weekly-Average-Prices-February-5-9-2024.pdf
"February 5, 2024","February 9, 2024",Chicken Egg Medium size,pc,7.71,Weekly-Average-Prices-February-5-9-2024.pdf
"February 5, 2024","February 9, 2024",Ampalaya 4-5 pcs/kg,kg,107.02,Weekly-Average-Prices-February-5-9-2024.pdf
"February 5, 2024","February 9, 2024",Sitao 3-4 Small Bundles,kg,100.86,Weekly-Average-Prices-February-5-9-2024.pdf
"February 5, 2024","February 9, 2024",Pechay (Native) 3-4 Small Bundles,kg,64.19,Weekly-Average-Prices-February-5-9-2024.pdf
"February 5, 2024","February 9, 2024",Squash Suprema Variety,kg,49.73,Weekly-Average-Prices-February-5-9-2024.pdf
"February 5, 2024","February 9, 2024",Eggplant 3-4 Small Bundles,kg,88.06,Weekly-Average-Prices-February-5-9-2024.pdf
"February 5, 2024","February 9, 2024",Tomato 15-18 pcs/kg,kg,122.42,Weekly-Average-Prices-February-5-9-2024.pdf
"February 5, 2024","February 9, 2024",Cabbage (Scorpio) 750 gm - 1 kg/head,kg,65.86,Weekly-Average-Prices-February-5-9-2024.pdf
"February 5, 2024","February 9, 2024",Cabbage (Rare Ball) Medium,kg,54.72,Weekly-Average-Prices-February-5-9-2024.pdf
"February 5, 2024","February 9, 2024",Cabbage (Wonder Ball) Medium,kg,56.9,Weekly-Average-Prices-February-5-9-2024.pdf
"February 5, 2024","February 9, 2024",Carrots 8-10 pcs,kg,92.9,Weekly-Average-Prices-February-5-9-2024.pdf
"February 5, 2024","February 9, 2024",Habitchuelas (Baguio Beans),kg,98.51,Weekly-Average-Prices-February-5-9-2024.pdf
"February 5, 2024","February 9, 2024",White Potato 10-12 pcs,kg,112.53,Weekly-Average-Prices-February-5-9-2024.pdf
"February 5, 2024","February 9, 2024",Pechay (Baguio),kg,60.21,Weekly-Average-Prices-February-5-9-2024.pdf
"February 5, 2024","February 9, 2024",Chayote,kg,59.35,Weekly-Average-Prices-February-5-9-2024.pdf
"February 5, 2024","February 9, 2024",Red Onion 13-15 pcs/kg,kg,117.56,Weekly-Average-Prices-February-5-9-2024.pdf
"February 5, 2024","February 9, 2024",Red Onion (Imported),kg,104.48,Weekly-Average-Prices-February-5-9-2024.pdf
"February 5, 2024","February 9, 2024",White Onion,kg,86.66,Weekly-Average-Prices-February-5-9-2024.pdf
"February 5, 2024","February 9, 2024",White Onion (Imported),kg,103.55,Weekly-Average-Prices-February-5-9-2024.pdf
"February 5, 2024","February 9, 2024",Garlic (Imported),kg,145.84,Weekly-Average-Prices-February-5-9-2024.pdf
"February 5, 2024","February 9, 2024",Garlic (Native),kg,435.71,Weekly-Average-Prices-February-5-9-2024.pdf
"February 5, 2024","February 9, 2024",Ginger,kg,136.23,Weekly-Average-Prices-February-5-9-2024.pdf
"February 5, 2024","February 9, 2024",Chilli (Labuyo),kg,257.67,Weekly-Average-Prices-February-5-9-2024.pdf
"February 5, 2024","February 9, 2024",Calamansi,kg,106.43,Weekly-Average-Prices-February-5-9-2024.pdf
"February 5, 2024","February 9, 2024",Banana (Lakatan) 8-10 pcs/kg,kg,104.08,Weekly-Average-Prices-February-5-9-2024.pdf
"February 5, 2024","February 9, 2024",Banana (Latundan) 10-12 pcs/kg,kg,70.99,Weekly-Average-Prices-February-5-9-2024.pdf
"February 5, 2024","February 9, 2024",Papaya 2-3 pcs/kg,kg,66.34,Weekly-Average-Prices-February-5-9-2024.pdf
"February 5, 2024","February 9, 2024",Mango (Carabao) 3-4 pcs/kg,kg,170.48,Weekly-Average-Prices-February-5-9-2024.pdf
"February 5, 2024","February 9, 2024",Sugar (Refined),kg,84.76,Weekly-Average-Prices-February-5-9-2024.pdf
"February 5, 2024","February 9, 2024",Sugar (Washed),kg,78.5,Weekly-Average-Prices-February-5-9-2024.pdf
"February 5, 2024","February 9, 2024",Sugar (Brown),kg,76.79,Weekly-Average-Prices-February-5-9-2024.pdf
"February 5, 2024","February 9, 2024",Cooking Oil (Palm) 350 ml/bottle,ml,30.31,Weekly-Average-Prices-February-5-9-2024.pdf
"February 5, 2024","February 9, 2024",Cooking Oil (Palm) 1 Liter/bottle,L,77.18,Weekly-Average-Prices-February-5-9-2024.pdf
"February 5, 2024","February 9, 2024",Cooking Oil (Coconut) 350 ml/bottle,ml,32.57,Weekly-Average-Prices-February-5-9-2024.pdf
"February 5, 2024","February 9, 2024",Cooking Oil (Coconut) 1 Liter/bottle,L,79.94,Weekly-Average-Prices-February-5-9-2024.pdf
"January 1, 2024","January 5, 2024",Special Blue Tag,kg,61.04,Weekly-Average-Prices-January-1-5-2024.pdf
"January 1, 2024","January 5, 2024",Premium Yellow Tag,kg,57.45,Weekly-Average-Prices-January-1-5-2024.pdf
"January 1, 2024","January 5, 2024",Well Milled White Tag,kg,53.67,Weekly-Average-Prices-January-1-5-2024.pdf
"January 1, 2024","January 5, 2024",Special Blue Tag,kg,61.05,Weekly-Average-Prices-January-1-5-2024.pdf
"January 1, 2024","January 5, 2024",Premium Yellow Tag,kg,55.02,Weekly-Average-Prices-January-1-5-2024.pdf
"January 1, 2024","January 5, 2024",Well Milled White Tag,kg,50.9,Weekly-Average-Prices-January-1-5-2024.pdf
"January 1, 2024","January 5, 2024",Regular Milled White Tag,kg,51.83,Weekly-Average-Prices-January-1-5-2024.pdf
"January 1, 2024","January 5, 2024",GRAINS Corn (White) Glutinous,kg,88.64,Weekly-Average-Prices-January-1-5-2024.pdf
"January 1, 2024","January 5, 2024",Corn (Yellow) Japanese,kg,67.84,Weekly-Average-Prices-January-1-5-2024.pdf
"January 1, 2024","January 5, 2024",FISH Bangus Medium (3-4pcs/kg),kg,196.53,Weekly-Average-Prices-January-1-5-2024.pdf
"January 1, 2024","January 5, 2024",Bangus Large,kg,231.14,Weekly-Average-Prices-January-1-5-2024.pdf
"January 1, 2024","January 5, 2024",Tilapia Medium (5-6pcs/kg),kg,141.74,Weekly-Average-Prices-January-1-5-2024.pdf
"January 1, 2024","January 5, 2024",Galunggong (Local) Medium (12-14pcs/kg),kg,270.85,Weekly-Average-Prices-January-1-5-2024.pdf
"January 1, 2024","January 5, 2024",Galunggong (Imported) Medium (12-14pcs/kg),kg,225.85,Weekly-Average-Prices-January-1-5-2024.pdf
"January 1, 2024","January 5, 2024",Alumahan Medium (4-6pcs/kg),kg,311.79,Weekly-Average-Prices-January-1-5-2024.pdf
"January 1, 2024","January 5, 2024",LIVESTOCK & POULTRY PRODUCTS Beef Rump Lean Meat/Tapadera,kg,439.42,Weekly-Average-Prices-January-1-5-2024.pdf
"January 1, 2024","January 5, 2024",Beef Brisket Meat w/ Bones,kg,382.52,Weekly-Average-Prices-January-1-5-2024.pdf
"January 1, 2024","January 5, 2024",Pork Ham Kasim,kg,311.96,Weekly-Average-Prices-January-1-5-2024.pdf
"January 1, 2024","January 5, 2024",Pork Belly Liempo,kg,356.4,Weekly-Average-Prices-January-1-5-2024.pdf
"January 1, 2024","January 5, 2024",Whole Chicken Fully Dressed,kg,176.98,Weekly-Average-Prices-January-1-5-2024.pdf
"January 1, 2024","January 5, 2024",Chicken Egg Medium size,pc,8.08,Weekly-Average-Prices-January-1-5-2024.pdf
"January 1, 2024","January 5, 2024",Ampalaya 4-5 pcs/kg,kg,103.37,Weekly-Average-Prices-January-1-5-2024.pdf
"January 1, 2024","January 5, 2024",Sitao 3-4 Small Bundles,kg,112.64,Weekly-Average-Prices-January-1-5-2024.pdf
"January 1, 2024","January 5, 2024",Pechay (Native) 3-4 Small Bundles,kg,74.26,Weekly-Average-Prices-January-1-5-2024.pdf
"January 1, 2024","January 5, 2024",Squash Suprema Variety,kg,53.16,Weekly-Average-Prices-January-1-5-2024.pdf
"January 1, 2024","January 5, 2024",Eggplant 3-4 Small Bundles,kg,102.53,Weekly-Average-Prices-January-1-5-2024.pdf
"January 1, 2024","January 5, 2024",Tomato 15-18 pcs/kg,kg,71.62,Weekly-Average-Prices-January-1-5-2024.pdf
"January 1, 2024","January 5, 2024",Cabbage (Scorpio) 750 gm - 1 kg/head,kg,72.28,Weekly-Average-Prices-January-1-5-2024.pdf
"January 1, 2024","January 5, 2024",Cabbage (Rare Ball) Medium kg n/a Cabbage (Wonder Ball) Medium kg n/a Carrots 8-10 pcs,kg,108.46,Weekly-Average-Prices-January-1-5-2024.pdf
"January 1, 2024","January 5, 2024",Habitchuelas (Baguio Beans),kg,117.29,Weekly-Average-Prices-January-1-5-2024.pdf
"January 1, 2024","January 5, 2024",White Potato 10-12 pcs,kg,138.98,Weekly-Average-Prices-January-1-5-2024.pdf
"January 1, 2024","January 5, 2024",Pechay (Baguio),kg,69.28,Weekly-Average-Prices-January-1-5-2024.pdf
"January 1, 2024","January 5, 2024",Chayote,kg,51.46,Weekly-Average-Prices-January-1-5-2024.pdf
"January 1, 2024","January 5, 2024",Red Onion 13-15 pcs/kg,kg,174.3,Weekly-Average-Prices-January-1-5-2024.pdf
"January 1, 2024","January 5, 2024",Red Onion (Imported),kg,145.08,Weekly-Average-Prices-January-1-5-2024.pdf
"January 1, 2024","January 5, 2024",White Onion,kg,117.21,Weekly-Average-Prices-January-1-5-2024.pdf
"January 1, 2024","January 5, 2024",White Onion (Imported),kg,121.81,Weekly-Average-Prices-January-1-5-2024.pdf
"January 1, 2024","January 5, 2024",Garlic (Imported),kg,148.77,Weekly-Average-Prices-January-1-5-2024.pdf
"January 1, 2024","January 5, 2024",Garlic (Native),kg,475.0,Weekly-Average-Prices-January-1-5-2024.pdf
"January 1, 2024","January 5, 2024",Ginger,kg,152.12,Weekly-Average-Prices-January-1-5-2024.pdf
"January 1, 2024","January 5, 2024",Chilli (Labuyo),kg,254.38,Weekly-Average-Prices-January-1-5-2024.pdf
"January 1, 2024","January 5, 2024",Calamansi,kg,87.32,Weekly-Average-Prices-January-1-5-2024.pdf
"January 1, 2024","January 5, 2024",Banana (Lakatan) 8-10 pcs/kg,kg,102.0,Weekly-Average-Prices-January-1-5-2024.pdf
"January 1, 2024","January 5, 2024",Banana (Latundan) 10-12 pcs/kg,kg,70.67,Weekly-Average-Prices-January-1-5-2024.pdf
"January 1, 2024","January 5, 2024",Papaya 2-3 pcs/kg,kg,66.73,Weekly-Average-Prices-January-1-5-2024.pdf
"January 1, 2024","January 5, 2024",Mango (Carabao) 3-4 pcs/kg,kg,200.98,Weekly-Average-Prices-January-1-5-2024.pdf
"January 1, 2024","January 5, 2024",Sugar (Refined),kg,86.38,Weekly-Average-Prices-January-1-5-2024.pdf
"January 1, 2024","January 5, 2024",Sugar (Washed),kg,80.48,Weekly-Average-Prices-January-1-5-2024.pdf
"January 1, 2024","January 5, 2024",Sugar (Brown),kg,78.34,Weekly-Average-Prices-January-1-5-2024.pdf
"January 1, 2024","January 5, 2024",Cooking Oil (Palm) 350 ml/bottle,ml,30.54,Weekly-Average-Prices-January-1-5-2024.pdf
"January 1, 2024","January 5, 2024",Cooking Oil (Palm) 1 Liter/bottle,L,77.18,Weekly-Average-Prices-January-1-5-2024.pdf
"January 1, 2024","January 5, 2024",Cooking Oil (Coconut) 350 ml/bottle,ml,32.83,Weekly-Average-Prices-January-1-5-2024.pdf
"January 1, 2024","January 5, 2024",Cooking Oil (Coconut) 1 Liter/bottle,L,80.65,Weekly-Average-Prices-January-1-5-2024.pdf
"January 15, 2024","January 19, 2024",Special Blue Tag,kg,61.19,Weekly-Average-Prices-January-15-19-2024.pdf
"January 15, 2024","January 19, 2024",Premium Yellow Tag,kg,57.92,Weekly-Average-Prices-January-15-19-2024.pdf
"January 15, 2024","January 19, 2024",Well Milled White Tag,kg,54.15,Weekly-Average-Prices-January-15-19-2024.pdf
"January 15, 2024","January 19, 2024",Special Blue Tag,kg,61.38,Weekly-Average-Prices-January-15-19-2024.pdf
"January 15, 2024","January 19, 2024",Premium Yellow Tag,kg,55.21,Weekly-Average-Prices-January-15-19-2024.pdf
"January 15, 2024","January 19, 2024",Well Milled White Tag,kg,52.14,Weekly-Average-Prices-January-15-19-2024.pdf
"January 15, 2024","January 19, 2024",Regular Milled White Tag,kg,49.92,Weekly-Average-Prices-January-15-19-2024.pdf
"January 15, 2024","January 19, 2024",GRAINS Corn (White) Glutinous,kg,79.79,Weekly-Average-Prices-January-15-19-2024.pdf
"January 15, 2024","January 19, 2024",Corn (Yellow) Japanese,kg,66.0,Weekly-Average-Prices-January-15-19-2024.pdf
"January 15, 2024","January 19, 2024",FISH Bangus Medium (3-4pcs/kg),kg,193.62,Weekly-Average-Prices-January-15-19-2024.pdf
"January 15, 2024","January 19, 2024",Bangus Large,kg,229.28,Weekly-Average-Prices-January-15-19-2024.pdf
"January 15, 2024","January 19, 2024",Tilapia Medium (5-6pcs/kg),kg,142.81,Weekly-Average-Prices-January-15-19-2024.pdf
"January 15, 2024","January 19, 2024",Galunggong (Local) Medium (12-14pcs/kg),kg,265.64,Weekly-Average-Prices-January-15-19-2024.pdf
"January 15, 2024","January 19, 2024",Galunggong (Imported) Medium (12-14pcs/kg),kg,223.25,Weekly-Average-Prices-January-15-19-2024.pdf
"January 15, 2024","January 19, 2024",Alumahan Medium (4-6pcs/kg),kg,326.26,Weekly-Average-Prices-January-15-19-2024.pdf
"January 15, 2024","January 19, 2024",LIVESTOCK & POULTRY PRODUCTS Beef Rump Lean Meat/Tapadera,kg,440.47,Weekly-Average-Prices-January-15-19-2024.pdf
"January 15, 2024","January 19, 2024",Beef Brisket Meat w/ Bones,kg,385.16,Weekly-Average-Prices-January-15-19-2024.pdf
"January 15, 2024","January 19, 2024",Pork Ham Kasim,kg,310.38,Weekly-Average-Prices-January-15-19-2024.pdf
"January 15, 2024","January 19, 2024",Pork Belly Liempo,kg,356.76,Weekly-Average-Prices-January-15-19-2024.pdf
"January 15, 2024","January 19, 2024",Whole Chicken Fully Dressed,kg,176.39,Weekly-Average-Prices-January-15-19-2024.pdf
"January 15, 2024","January 19, 2024",Chicken Egg Medium size,pc,7.95,Weekly-Average-Prices-January-15-19-2024.pdf
"January 15, 2024","January 19, 2024",Ampalaya 4-5 pcs/kg,kg,125.07,Weekly-Average-Prices-January-15-19-2024.pdf
"January 15, 2024","January 19, 2024",Sitao 3-4 Small Bundles,kg,113.18,Weekly-Average-Prices-January-15-19-2024.pdf
"January 15, 2024","January 19, 2024",Pechay (Native) 3-4 Small Bundles,kg,69.71,Weekly-Average-Prices-January-15-19-2024.pdf
"January 15, 2024","January 19, 2024",Squash Suprema Variety,kg,51.15,Weekly-Average-Prices-January-15-19-2024.pdf
"January 15, 2024","January 19, 2024",Eggplant 3-4 Small Bundles,kg,119.08,Weekly-Average-Prices-January-15-19-2024.pdf
"January 15, 2024","January 19, 2024",Tomato 15-18 pcs/kg,kg,77.09,Weekly-Average-Prices-January-15-19-2024.pdf
"January 15, 2024","January 19, 2024",Cabbage (Scorpio) 750 gm - 1 kg/head,kg,65.45,Weekly-Average-Prices-January-15-19-2024.pdf
"January 15, 2024","January 19, 2024",Cabbage (Rare Ball) Medium,kg,55.79,Weekly-Average-Prices-January-15-19-2024.pdf
"January 15, 2024","January 19, 2024",Cabbage (Wonder Ball) Medium,kg,51.48,Weekly-Average-Prices-January-15-19-2024.pdf
"January 15, 2024","January 19, 2024",Carrots 8-10 pcs,kg,88.7,Weekly-Average-Prices-January-15-19-2024.pdf
"January 15, 2024","January 19, 2024",Habitchuelas (Baguio Beans),kg,103.57,Weekly-Average-Prices-January-15-19-2024.pdf
"January 15, 2024","January 19, 2024",White Potato 10-12 pcs,kg,125.05,Weekly-Average-Prices-January-15-19-2024.pdf
"January 15, 2024","January 19, 2024",Pechay (Baguio),kg,61.34,Weekly-Average-Prices-January-15-19-2024.pdf
"January 15, 2024","January 19, 2024",Chayote,kg,52.21,Weekly-Average-Prices-January-15-19-2024.pdf
"January 15, 2024","January 19, 2024",Red Onion 13-15 pcs/kg,kg,148.12,Weekly-Average-Prices-January-15-19-2024.pdf
"January 15, 2024","January 19, 2024",Red Onion (Imported),kg,128.0,Weekly-Average-Prices-January-15-19-2024.pdf
"January 15, 2024","January 19, 2024",White Onion,kg,108.83,Weekly-Average-Prices-January-15-19-2024.pdf
"January 15, 2024","January 19, 2024",White Onion (Imported),kg,116.04,Weekly-Average-Prices-January-15-19-2024.pdf
"January 15, 2024","January 19, 2024",Garlic (Imported),kg,148.18,Weekly-Average-Prices-January-15-19-2024.pdf
"January 15, 2024","January 19, 2024",Garlic (Native),kg,456.25,Weekly-Average-Prices-January-15-19-2024.pdf
"January 15, 2024","January 19, 2024",Ginger,kg,144.22,Weekly-Average-Prices-January-15-19-2024.pdf
"January 15, 2024","January 19, 2024",Chilli (Labuyo),kg,267.51,Weekly-Average-Prices-January-15-19-2024.pdf
"January 15, 2024","January 19, 2024",Calamansi,kg,81.24,Weekly-Average-Prices-January-15-19-2024.pdf
"January 15, 2024","January 19, 2024",Banana (Lakatan) 8-10 pcs/kg,kg,104.31,Weekly-Average-Prices-January-15-19-2024.pdf
"January 15, 2024","January 19, 2024",Banana (Latundan) 10-12 pcs/kg,kg,70.42,Weekly-Average-Prices-January-15-19-2024.pdf
"January 15, 2024","January 19, 2024",Papaya 2-3 pcs/kg,kg,65.76,Weekly-Average-Prices-January-15-19-2024.pdf
"January 15, 2024","January 19, 2024",Mango (Carabao) 3-4 pcs/kg,kg,184.39,Weekly-Average-Prices-January-15-19-2024.pdf
"January 15, 2024","January 19, 2024",Sugar (Refined),kg,85.9,Weekly-Average-Prices-January-15-19-2024.pdf
"January 15, 2024","January 19, 2024",Sugar (Washed),kg,80.23,Weekly-Average-Prices-January-15-19-2024.pdf
"January 15, 2024","January 19, 2024",Sugar (Brown),kg,78.09,Weekly-Average-Prices-January-15-19-2024.pdf
"January 15, 2024","January 19, 2024",Cooking Oil (Palm) 350 ml/bottle,ml,30.62,Weekly-Average-Prices-January-15-19-2024.pdf
"January 15, 2024","January 19, 2024",Cooking Oil (Palm) 1 Liter/bottle,L,77.72,Weekly-Average-Prices-January-15-19-2024.pdf
"January 15, 2024","January 19, 2024",Cooking Oil (Coconut) 350 ml/bottle,ml,32.54,Weekly-Average-Prices-January-15-19-2024.pdf
"January 15, 2024","January 19, 2024",Cooking Oil (Coconut) 1 Liter/bottle,L,80.76,Weekly-Average-Prices-January-15-19-2024.pdf
"January 22, 2024","January 26, 2024",Special Blue Tag,kg,61.0,Weekly-Average-Prices-January-22-26-2024.pdf
"January 22, 2024","January 26, 2024",Premium Yellow Tag,kg,58.01,Weekly-Average-Prices-January-22-26-2024.pdf
"January 22, 2024","January 26, 2024",Well Milled White Tag,kg,53.46,Weekly-Average-Prices-January-22-26-2024.pdf
"January 22, 2024","January 26, 2024",Special Blue Tag,kg,61.32,Weekly-Average-Prices-January-22-26-2024.pdf
"January 22, 2024","January 26, 2024",Premium Yellow Tag,kg,55.18,Weekly-Average-Prices-January-22-26-2024.pdf
"January 22, 2024","January 26, 2024",Well Milled White Tag,kg,52.04,Weekly-Average-Prices-January-22-26-2024.pdf
"January 22, 2024","January 26, 2024",Regular Milled White Tag,kg,50.12,Weekly-Average-Prices-January-22-26-2024.pdf
"January 22, 2024","January 26, 2024",GRAINS Corn (White) Glutinous,kg,82.08,Weekly-Average-Prices-January-22-26-2024.pdf
"January 22, 2024","January 26, 2024",Corn (Yellow) Japanese,kg,64.9,Weekly-Average-Prices-January-22-26-2024.pdf
"January 22, 2024","January 26, 2024",FISH Bangus Medium (3-4pcs/kg),kg,194.45,Weekly-Average-Prices-January-22-26-2024.pdf
"January 22, 2024","January 26, 2024",Bangus Large,kg,228.6,Weekly-Average-Prices-January-22-26-2024.pdf
"January 22, 2024","January 26, 2024",Tilapia Medium (5-6pcs/kg),kg,143.43,Weekly-Average-Prices-January-22-26-2024.pdf
"January 22, 2024","January 26, 2024",Galunggong (Local) Medium (12-14pcs/kg),kg,261.99,Weekly-Average-Prices-January-22-26-2024.pdf
"January 22, 2024","January 26, 2024",Galunggong (Imported) Medium (12-14pcs/kg),kg,233.17,Weekly-Average-Prices-January-22-26-2024.pdf
"January 22, 2024","January 26, 2024",Alumahan Medium (4-6pcs/kg),kg,325.04,Weekly-Average-Prices-January-22-26-2024.pdf
"January 22, 2024","January 26, 2024",LIVESTOCK & POULTRY PRODUCTS Beef Rump Lean Meat/Tapadera,kg,440.79,Weekly-Average-Prices-January-22-26-2024.pdf
"January 22, 2024","January 26, 2024",Beef Brisket Meat w/ Bones,kg,384.85,Weekly-Average-Prices-January-22-26-2024.pdf
"January 22, 2024","January 26, 2024",Pork Ham Kasim,kg,311.84,Weekly-Average-Prices-January-22-26-2024.pdf
"January 22, 2024","January 26, 2024",Pork Belly Liempo,kg,359.57,Weekly-Average-Prices-January-22-26-2024.pdf
"January 22, 2024","January 26, 2024",Whole Chicken Fully Dressed,kg,179.82,Weekly-Average-Prices-January-22-26-2024.pdf
"January 22, 2024","January 26, 2024",Chicken Egg Medium,pc,7.95,Weekly-Average-Prices-January-22-26-2024.pdf
"January 22, 2024","January 26, 2024",Ampalaya 4-5 pcs/kg,kg,119.4,Weekly-Average-Prices-January-22-26-2024.pdf
"January 22, 2024","January 26, 2024",Sitao 3-4 Small Bundles,kg,112.53,Weekly-Average-Prices-January-22-26-2024.pdf
"January 22, 2024","January 26, 2024",Pechay (Native) 3-4 Small Bundles,kg,69.8,Weekly-Average-Prices-January-22-26-2024.pdf
"January 22, 2024","January 26, 2024",Squash Suprema Variety,kg,49.86,Weekly-Average-Prices-January-22-26-2024.pdf
"January 22, 2024","January 26, 2024",Eggplant 3-4 Small Bundles,kg,111.9,Weekly-Average-Prices-January-22-26-2024.pdf
"January 22, 2024","January 26, 2024",Tomato 15-18 pcs/kg,kg,116.98,Weekly-Average-Prices-January-22-26-2024.pdf
"January 22, 2024","January 26, 2024",Cabbage (Scorpio) 750 gm - 1 kg/head,kg,65.87,Weekly-Average-Prices-January-22-26-2024.pdf
"January 22, 2024","January 26, 2024",Cabbage (Rare Ball) Medium,kg,55.71,Weekly-Average-Prices-January-22-26-2024.pdf
"January 22, 2024","January 26, 2024",Cabbage (Wonder Ball) Medium,kg,55.12,Weekly-Average-Prices-January-22-26-2024.pdf
"January 22, 2024","January 26, 2024",Carrots 8-10 pcs,kg,90.39,Weekly-Average-Prices-January-22-26-2024.pdf
"January 22, 2024","January 26, 2024",Habitchuelas (Baguio Beans),kg,106.46,Weekly-Average-Prices-January-22-26-2024.pdf
"January 22, 2024","January 26, 2024",White Potato 10-12 pcs,kg,117.44,Weekly-Average-Prices-January-22-26-2024.pdf
"January 22, 2024","January 26, 2024",Pechay (Baguio),kg,61.57,Weekly-Average-Prices-January-22-26-2024.pdf
"January 22, 2024","January 26, 2024",Chayote,kg,57.49,Weekly-Average-Prices-January-22-26-2024.pdf
"January 22, 2024","January 26, 2024",Red Onion 13-15 pcs/kg,kg,139.44,Weekly-Average-Prices-January-22-26-2024.pdf
"January 22, 2024","January 26, 2024",Red Onion (Imported),kg,109.32,Weekly-Average-Prices-January-22-26-2024.pdf
"January 22, 2024","January 26, 2024",White Onion,kg,97.55,Weekly-Average-Prices-January-22-26-2024.pdf
"January 22, 2024","January 26, 2024",White Onion (Imported),kg,110.47,Weekly-Average-Prices-January-22-26-2024.pdf
"January 22, 2024","January 26, 2024",Garlic (Imported),kg,147.94,Weekly-Average-Prices-January-22-26-2024.pdf
"January 22, 2024","January 26, 2024",Garlic (Native),kg,500.0,Weekly-Average-Prices-January-22-26-2024.pdf
"January 22, 2024","January 26, 2024",Ginger,kg,140.93,Weekly-Average-Prices-January-22-26-2024.pdf
"January 22, 2024","January 26, 2024",Chilli (Labuyo),kg,273.46,Weekly-Average-Prices-January-22-26-2024.pdf
"January 22, 2024","January 26, 2024",Calamansi,kg,85.78,Weekly-Average-Prices-January-22-26-2024.pdf
"January 22, 2024","January 26, 2024",Banana (Lakatan) 8-10 pcs/kg,kg,104.43,Weekly-Average-Prices-January-22-26-2024.pdf
"January 22, 2024","January 26, 2024",Banana (Latundan) 10-12 pcs/kg,kg,70.09,Weekly-Average-Prices-January-22-26-2024.pdf
"January 22, 2024","January 26, 2024",Papaya 2-3 pcs/kg,kg,65.76,Weekly-Average-Prices-January-22-26-2024.pdf
"January 22, 2024","January 26, 2024",Mango (Carabao) 3-4 pcs/kg,kg,180.23,Weekly-Average-Prices-January-22-26-2024.pdf
"January 22, 2024","January 26, 2024",Sugar (Refined),kg,85.65,Weekly-Average-Prices-January-22-26-2024.pdf
"January 22, 2024","January 26, 2024",Sugar (Washed),kg,79.91,Weekly-Average-Prices-January-22-26-2024.pdf
"January 22, 2024","January 26, 2024",Sugar (Brown),kg,77.44,Weekly-Average-Prices-January-22-26-2024.pdf
"January 22, 2024","January 26, 2024",Cooking Oil (Palm) 350 ml/bottle,ml,30.52,Weekly-Average-Prices-January-22-26-2024.pdf
"January 22, 2024","January 26, 2024",Cooking Oil (Palm) 1 Liter/bottle,L,77.76,Weekly-Average-Prices-January-22-26-2024.pdf
"January 22, 2024","January 26, 2024",Cooking Oil (Coconut) 350 ml/bottle,ml,32.51,Weekly-Average-Prices-January-22-26-2024.pdf
"January 22, 2024","January 26, 2024",Cooking Oil (Coconut) 1 Liter/bottle,L,80.73,Weekly-Average-Prices-January-22-26-2024.pdf
"January 29, 2024","February 2, 2024",Special Blue Tag,kg,61.21,Weekly-Average-Prices-January-29-February-2-2024.pdf
"January 29, 2024","February 2, 2024",Premium Yellow Tag,kg,58.03,Weekly-Average-Prices-January-29-February-2-2024.pdf
"January 29, 2024","February 2, 2024",Well Milled White Tag,kg,52.69,Weekly-Average-Prices-January-29-February-2-2024.pdf
"January 29, 2024","February 2, 2024",Special Blue Tag,kg,61.25,Weekly-Average-Prices-January-29-February-2-2024.pdf
"January 29, 2024","February 2, 2024",Premium Yellow Tag,kg,55.33,Weekly-Average-Prices-January-29-February-2-2024.pdf
"January 29, 2024","February 2, 2024",Well Milled White Tag,kg,52.09,Weekly-Average-Prices-January-29-February-2-2024.pdf
"January 29, 2024","February 2, 2024",Regular Milled White Tag,kg,50.55,Weekly-Average-Prices-January-29-February-2-2024.pdf
"January 29, 2024","February 2, 2024",GRAINS Corn (White) Glutinous,kg,80.96,Weekly-Average-Prices-January-29-February-2-2024.pdf
"January 29, 2024","February 2, 2024",Corn (Yellow) Japanese,kg,64.99,Weekly-Average-Prices-January-29-February-2-2024.pdf
"January 29, 2024","February 2, 2024",FISH Bangus Medium (3-4pcs/kg),kg,195.08,Weekly-Average-Prices-January-29-February-2-2024.pdf
"January 29, 2024","February 2, 2024",Bangus Large,kg,228.53,Weekly-Average-Prices-January-29-February-2-2024.pdf
"January 29, 2024","February 2, 2024",Tilapia Medium (5-6pcs/kg),kg,143.09,Weekly-Average-Prices-January-29-February-2-2024.pdf
"January 29, 2024","February 2, 2024",Galunggong (Local) Medium (12-14pcs/kg),kg,259.15,Weekly-Average-Prices-January-29-February-2-2024.pdf
"January 29, 2024","February 2, 2024",Galunggong (Imported) Medium (12-14pcs/kg),kg,232.29,Weekly-Average-Prices-January-29-February-2-2024.pdf
"January 29, 2024","February 2, 2024",Alumahan Medium (4-6pcs/kg),kg,336.12,Weekly-Average-Prices-January-29-February-2-2024.pdf
"January 29, 2024","February 2, 2024",LIVESTOCK & POULTRY PRODUCTS Beef Rump Lean Meat/Tapadera,kg,442.35,Weekly-Average-Prices-January-29-February-2-2024.pdf
"January 29, 2024","February 2, 2024",Beef Brisket Meat w/ Bones,kg,384.9,Weekly-Average-Prices-January-29-February-2-2024.pdf
"January 29, 2024","February 2, 2024",Pork Ham Kasim,kg,312.34,Weekly-Average-Prices-January-29-February-2-2024.pdf
"January 29, 2024","February 2, 2024",Pork Belly Liempo,kg,362.03,Weekly-Average-Prices-January-29-February-2-2024.pdf
"January 29, 2024","February 2, 2024",Whole Chicken Fully Dressed,kg,180.86,Weekly-Average-Prices-January-29-February-2-2024.pdf
"January 29, 2024","February 2, 2024",Chicken Egg Medium size,pc,7.8,Weekly-Average-Prices-January-29-February-2-2024.pdf
"January 29, 2024","February 2, 2024",Ampalaya 4-5 pcs/kg,kg,110.97,Weekly-Average-Prices-January-29-February-2-2024.pdf
"January 29, 2024","February 2, 2024",Sitao 3-4 Small Bundles,kg,106.56,Weekly-Average-Prices-January-29-February-2-2024.pdf
"January 29, 2024","February 2, 2024",Pechay (Native) 3-4 Small Bundles,kg,65.53,Weekly-Average-Prices-January-29-February-2-2024.pdf
"January 29, 2024","February 2, 2024",Squash Suprema Variety,kg,50.12,Weekly-Average-Prices-January-29-February-2-2024.pdf
"January 29, 2024","February 2, 2024",Eggplant 3-4 Small Bundles,kg,97.26,Weekly-Average-Prices-January-29-February-2-2024.pdf
"January 29, 2024","February 2, 2024",Tomato 15-18 pcs/kg,kg,123.64,Weekly-Average-Prices-January-29-February-2-2024.pdf
"January 29, 2024","February 2, 2024",Cabbage (Scorpio) 750 gm - 1 kg/head,kg,66.58,Weekly-Average-Prices-January-29-February-2-2024.pdf
"January 29, 2024","February 2, 2024",Cabbage (Rare Ball) Medium,kg,54.75,Weekly-Average-Prices-January-29-February-2-2024.pdf
"January 29, 2024","February 2, 2024",Cabbage (Wonder Ball) Medium,kg,57.82,Weekly-Average-Prices-January-29-February-2-2024.pdf
"January 29, 2024","February 2, 2024",Carrots 8-10 pcs,kg,91.68,Weekly-Average-Prices-January-29-February-2-2024.pdf
"January 29, 2024","February 2, 2024",Habitchuelas (Baguio Beans),kg,100.75,Weekly-Average-Prices-January-29-February-2-2024.pdf
"January 29, 2024","February 2, 2024",White Potato 10-12 pcs,kg,113.8,Weekly-Average-Prices-January-29-February-2-2024.pdf
"January 29, 2024","February 2, 2024",Pechay (Baguio),kg,61.1,Weekly-Average-Prices-January-29-February-2-2024.pdf
"January 29, 2024","February 2, 2024",Chayote,kg,58.22,Weekly-Average-Prices-January-29-February-2-2024.pdf
"January 29, 2024","February 2, 2024",Red Onion 13-15 pcs/kg,kg,132.12,Weekly-Average-Prices-January-29-February-2-2024.pdf
"January 29, 2024","February 2, 2024",Red Onion (Imported),kg,108.18,Weekly-Average-Prices-January-29-February-2-2024.pdf
"January 29, 2024","February 2, 2024",White Onion,kg,91.78,Weekly-Average-Prices-January-29-February-2-2024.pdf
"January 29, 2024","February 2, 2024",White Onion (Imported),kg,105.97,Weekly-Average-Prices-January-29-February-2-2024.pdf
"January 29, 2024","February 2, 2024",Garlic (Imported),kg,147.81,Weekly-Average-Prices-January-29-February-2-2024.pdf
"January 29, 2024","February 2, 2024",Garlic (Native),kg,462.5,Weekly-Average-Prices-January-29-February-2-2024.pdf
"January 29, 2024","February 2, 2024",Ginger,kg,139.0,Weekly-Average-Prices-January-29-February-2-2024.pdf
"January 29, 2024","February 2, 2024",Chilli (Labuyo),kg,267.9,Weekly-Average-Prices-January-29-February-2-2024.pdf
"January 29, 2024","February 2, 2024",Calamansi,kg,88.39,Weekly-Average-Prices-January-29-February-2-2024.pdf
"January 29, 2024","February 2, 2024",Banana (Lakatan) 8-10 pcs/kg,kg,104.37,Weekly-Average-Prices-January-29-February-2-2024.pdf
"January 29, 2024","February 2, 2024",Banana (Latundan) 10-12 pcs/kg,kg,71.23,Weekly-Average-Prices-January-29-February-2-2024.pdf
"January 29, 2024","February 2, 2024",Papaya 2-3 pcs/kg,kg,64.96,Weekly-Average-Prices-January-29-February-2-2024.pdf
"January 29, 2024","February 2, 2024",Mango (Carabao) 3-4 pcs/kg,kg,171.17,Weekly-Average-Prices-January-29-February-2-2024.pdf
"January 29, 2024","February 2, 2024",Sugar (Refined),kg,85.4,Weekly-Average-Prices-January-29-February-2-2024.pdf
"January 29, 2024","February 2, 2024",Sugar (Washed),kg,79.17,Weekly-Average-Prices-January-29-February-2-2024.pdf
"January 29, 2024","February 2, 2024",Sugar (Brown),kg,77.21,Weekly-Average-Prices-January-29-February-2-2024.pdf
"January 29, 2024","February 2, 2024",Cooking Oil (Palm) 350 ml/bottle,ml,30.09,Weekly-Average-Prices-January-29-February-2-2024.pdf
"January 29, 2024","February 2, 2024",Cooking Oil (Palm) 1 Liter/bottle,L,77.28,Weekly-Average-Prices-January-29-February-2-2024.pdf
"January 29, 2024","February 2, 2024",Cooking Oil (Coconut) 350 ml/bottle,ml,32.43,Weekly-Average-Prices-January-29-February-2-2024.pdf
"January 29, 2024","February 2, 2024",Cooking Oil (Coconut) 1 Liter/bottle,L,80.05,Weekly-Average-Prices-January-29-February-2-2024.pdf
"January 8, 2024","January 12, 2024",Special Blue Tag,kg,61.01,Weekly-Average-Prices-January-8-12-2024.pdf
"January 8, 2024","January 12, 2024",Premium Yellow Tag,kg,57.85,Weekly-Average-Prices-January-8-12-2024.pdf
"January 8, 2024","January 12, 2024",Well Milled White Tag,kg,53.61,Weekly-Average-Prices-January-8-12-2024.pdf
"January 8, 2024","January 12, 2024",Special Blue Tag,kg,61.27,Weekly-Average-Prices-January-8-12-2024.pdf
"January 8, 2024","January 12, 2024",Premium Yellow Tag,kg,55.27,Weekly-Average-Prices-January-8-12-2024.pdf
"January 8, 2024","January 12, 2024",Well Milled White Tag,kg,51.96,Weekly-Average-Prices-January-8-12-2024.pdf
"January 8, 2024","January 12, 2024",Regular Milled White Tag,kg,49.96,Weekly-Average-Prices-January-8-12-2024.pdf
"January 8, 2024","January 12, 2024",GRAINS Corn (White) Glutinous,kg,83.81,Weekly-Average-Prices-January-8-12-2024.pdf
"January 8, 2024","January 12, 2024",Corn (Yellow) Japanese,kg,66.93,Weekly-Average-Prices-January-8-12-2024.pdf
"January 8, 2024","January 12, 2024",FISH Bangus Medium (3-4pcs/kg),kg,195.34,Weekly-Average-Prices-January-8-12-2024.pdf
"January 8, 2024","January 12, 2024",Bangus Large,kg,231.69,Weekly-Average-Prices-January-8-12-2024.pdf
"January 8, 2024","January 12, 2024",Tilapia Medium (5-6pcs/kg),kg,142.7,Weekly-Average-Prices-January-8-12-2024.pdf
"January 8, 2024","January 12, 2024",Galunggong (Local) Medium (12-14pcs/kg),kg,263.62,Weekly-Average-Prices-January-8-12-2024.pdf
"January 8, 2024","January 12, 2024",Galunggong (Imported) Medium (12-14pcs/kg),kg,222.89,Weekly-Average-Prices-January-8-12-2024.pdf
"January 8, 2024","January 12, 2024",Alumahan Medium (4-6pcs/kg),kg,321.97,Weekly-Average-Prices-January-8-12-2024.pdf
"January 8, 2024","January 12, 2024",LIVESTOCK & POULTRY PRODUCTS Beef Rump Lean Meat/Tapadera,kg,441.15,Weekly-Average-Prices-January-8-12-2024.pdf
"January 8, 2024","January 12, 2024",Beef Brisket Meat w/ Bones,kg,383.47,Weekly-Average-Prices-January-8-12-2024.pdf
"January 8, 2024","January 12, 2024",Pork Ham Kasim,kg,310.83,Weekly-Average-Prices-January-8-12-2024.pdf
"January 8, 2024","January 12, 2024",Pork Belly Liempo,kg,356.51,Weekly-Average-Prices-January-8-12-2024.pdf
"January 8, 2024","January 12, 2024",Whole Chicken Fully Dressed,kg,174.95,Weekly-Average-Prices-January-8-12-2024.pdf
"January 8, 2024","January 12, 2024",Chicken Egg Medium size,pc,8.07,Weekly-Average-Prices-January-8-12-2024.pdf
"January 8, 2024","January 12, 2024",Ampalaya 4-5 pcs/kg,kg,121.39,Weekly-Average-Prices-January-8-12-2024.pdf
"January 8, 2024","January 12, 2024",Sitao 3-4 Small Bundles,kg,114.26,Weekly-Average-Prices-January-8-12-2024.pdf
"January 8, 2024","January 12, 2024",Pechay (Native) 3-4 Small Bundles,kg,68.76,Weekly-Average-Prices-January-8-12-2024.pdf
"January 8, 2024","January 12, 2024",Squash Suprema Variety,kg,50.1,Weekly-Average-Prices-January-8-12-2024.pdf
"January 8, 2024","January 12, 2024",Eggplant 3-4 Small Bundles,kg,118.49,Weekly-Average-Prices-January-8-12-2024.pdf
"January 8, 2024","January 12, 2024",Tomato 15-18 pcs/kg,kg,68.0,Weekly-Average-Prices-January-8-12-2024.pdf
"January 8, 2024","January 12, 2024",Cabbage (Scorpio) 750 gm - 1 kg/head,kg,63.31,Weekly-Average-Prices-January-8-12-2024.pdf
"January 8, 2024","January 12, 2024",Cabbage (Rare Ball) Medium,kg,55.85,Weekly-Average-Prices-January-8-12-2024.pdf
"January 8, 2024","January 12, 2024",Cabbage (Wonder Ball) Medium,kg,52.59,Weekly-Average-Prices-January-8-12-2024.pdf
"January 8, 2024","January 12, 2024",Carrots 8-10 pcs,kg,93.26,Weekly-Average-Prices-January-8-12-2024.pdf
"January 8, 2024","January 12, 2024",Habitchuelas (Baguio Beans),kg,99.73,Weekly-Average-Prices-January-8-12-2024.pdf
"January 8, 2024","January 12, 2024",White Potato 10-12 pcs,kg,130.49,Weekly-Average-Prices-January-8-12-2024.pdf
"January 8, 2024","January 12, 2024",Pechay (Baguio),kg,61.77,Weekly-Average-Prices-January-8-12-2024.pdf
"January 8, 2024","January 12, 2024",Chayote,kg,46.24,Weekly-Average-Prices-January-8-12-2024.pdf
"January 8, 2024","January 12, 2024",Red Onion 13-15 pcs/kg,kg,159.87,Weekly-Average-Prices-January-8-12-2024.pdf
"January 8, 2024","January 12, 2024",Red Onion (Imported),kg,140.6,Weekly-Average-Prices-January-8-12-2024.pdf
"January 8, 2024","January 12, 2024",White Onion,kg,110.96,Weekly-Average-Prices-January-8-12-2024.pdf
"January 8, 2024","January 12, 2024",White Onion (Imported),kg,120.07,Weekly-Average-Prices-January-8-12-2024.pdf
"January 8, 2024","January 12, 2024",Garlic (Imported),kg,148.2,Weekly-Average-Prices-January-8-12-2024.pdf
"January 8, 2024","January 12, 2024",Garlic (Native),kg,450.0,Weekly-Average-Prices-January-8-12-2024.pdf
"January 8, 2024","January 12, 2024",Ginger,kg,153.15,Weekly-Average-Prices-January-8-12-2024.pdf
"January 8, 2024","January 12, 2024",Chilli (Labuyo),kg,247.9,Weekly-Average-Prices-January-8-12-2024.pdf
"January 8, 2024","January 12, 2024",Calamansi,kg,83.2,Weekly-Average-Prices-January-8-12-2024.pdf
"January 8, 2024","January 12, 2024",Banana (Lakatan) 8-10 pcs/kg,kg,104.84,Weekly-Average-Prices-January-8-12-2024.pdf
"January 8, 2024","January 12, 2024",Banana (Latundan) 10-12 pcs/kg,kg,70.99,Weekly-Average-Prices-January-8-12-2024.pdf
"January 8, 2024","January 12, 2024",Papaya 2-3 pcs/kg,kg,66.17,Weekly-Average-Prices-January-8-12-2024.pdf
"January 8, 2024","January 12, 2024",Mango (Carabao) 3-4 pcs/kg,kg,192.02,Weekly-Average-Prices-January-8-12-2024.pdf
"January 8, 2024","January 12, 2024",Sugar (Refined),kg,85.84,Weekly-Average-Prices-January-8-12-2024.pdf
"January 8, 2024","January 12, 2024",Sugar (Washed),kg,80.45,Weekly-Average-Prices-January-8-12-2024.pdf
"January 8, 2024","January 12, 2024",Sugar (Brown),kg,78.52,Weekly-Average-Prices-January-8-12-2024.pdf
"January 8, 2024","January 12, 2024",Cooking Oil (Palm) 350 ml/bottle,ml,30.61,Weekly-Average-Prices-January-8-12-2024.pdf
"January 8, 2024","January 12, 2024",Cooking Oil (Palm) 1 Liter/bottle,L,77.76,Weekly-Average-Prices-January-8-12-2024.pdf
"January 8, 2024","January 12, 2024",Cooking Oil (Coconut) 350 ml/bottle,ml,32.64,Weekly-Average-Prices-January-8-12-2024.pdf
"January 8, 2024","January 12, 2024",Cooking Oil (Coconut) 1 Liter/bottle,L,80.95,Weekly-Average-Prices-January-8-12-2024.pdf
"July 1, 2024","July 6, 2024",Special Blue Tag,kg,60.36,Weekly-Average-Prices-July-1-6-2024.pdf
"July 1, 2024","July 6, 2024",Premium Yellow Tag,kg,56.97,Weekly-Average-Prices-July-1-6-2024.pdf
"July 1, 2024","July 6, 2024",Well Milled White Tag,kg,53.45,Weekly-Average-Prices-July-1-6-2024.pdf
"July 1, 2024","July 6, 2024",Regular Milled White Tag,kg,49.22,Weekly-Average-Prices-July-1-6-2024.pdf
"July 1, 2024","July 6, 2024",Special Blue Tag,kg,60.69,Weekly-Average-Prices-July-1-6-2024.pdf
"July 1, 2024","July 6, 2024",Premium Yellow Tag,kg,54.79,Weekly-Average-Prices-July-1-6-2024.pdf
"July 1, 2024","July 6, 2024",Well Milled White Tag,kg,51.25,Weekly-Average-Prices-July-1-6-2024.pdf
"July 1, 2024","July 6, 2024",Regular Milled White Tag,kg,49.16,Weekly-Average-Prices-July-1-6-2024.pdf
"July 1, 2024","July 6, 2024","CORN Corn (White) Cob, Glutinous",kg,72.33,Weekly-Average-Prices-July-1-6-2024.pdf
"July 1, 2024","July 6, 2024","Corn (Yellow) Cob, Sweet Corn",kg,66.5,Weekly-Average-Prices-July-1-6-2024.pdf
"July 1, 2024","July 6, 2024","Corn Grits (White, Food Grade) kg n/a Corn Grits (Yellow, Food Grade) kg n/a Corn Cracked (Yellow, Feed Grade)",kg,51.38,Weekly-Average-Prices-July-1-6-2024.pdf
"July 1, 2024","July 6, 2024",Corn Grits (Feed Grade),kg,40.97,Weekly-Average-Prices-July-1-6-2024.pdf
"July 1, 2024","July 6, 2024",FISH Bangus Large,kg,210.13,Weekly-Average-Prices-July-1-6-2024.pdf
"July 1, 2024","July 6, 2024",Bangus Medium (3-4pcs/kg),kg,185.88,Weekly-Average-Prices-July-1-6-2024.pdf
"July 1, 2024","July 6, 2024",Tilapia Medium (5-6pcs/kg),kg,137.35,Weekly-Average-Prices-July-1-6-2024.pdf
"July 1, 2024","July 6, 2024","Galunggong (Local) Male, Medium (12-14pcs/kg)",kg,222.66,Weekly-Average-Prices-July-1-6-2024.pdf
"July 1, 2024","July 6, 2024","Galunggong (Imported) Male, Medium (12-14pcs/kg) kg n/a Alumahan Medium (4-6pcs/kg)",kg,300.74,Weekly-Average-Prices-July-1-6-2024.pdf
"July 1, 2024","July 6, 2024",Bonito kg n/a Salmon Head,kg,197.61,Weekly-Average-Prices-July-1-6-2024.pdf
"July 1, 2024","July 6, 2024",Sardines (Tamban),kg,148.08,Weekly-Average-Prices-July-1-6-2024.pdf
"July 1, 2024","July 6, 2024",Squid Medium,kg,390.19,Weekly-Average-Prices-July-1-6-2024.pdf
"July 1, 2024","July 6, 2024",Yellow-Fin Tuna (Tambakol),kg,212.9,Weekly-Average-Prices-July-1-6-2024.pdf
"July 1, 2024","July 6, 2024",LIVESTOCK & POULTRY PRODUCTS Beef Rump Lean Meat/ Tapadera,kg,443.54,Weekly-Average-Prices-July-1-6-2024.pdf
"July 1, 2024","July 6, 2024",Beef Brisket Meat with Bones,kg,385.25,Weekly-Average-Prices-July-1-6-2024.pdf
"July 1, 2024","July 6, 2024",Pork Ham Kasim,kg,342.51,Weekly-Average-Prices-July-1-6-2024.pdf
"July 1, 2024","July 6, 2024",Pork Belly Liempo,kg,382.21,Weekly-Average-Prices-July-1-6-2024.pdf
"July 1, 2024","July 6, 2024",Whole Chicken Fully Dressed,kg,197.8,Weekly-Average-Prices-July-1-6-2024.pdf
"July 1, 2024","July 6, 2024","Chicken Egg (White, Pewee) 41-45 grams/pc",pc,5.16,Weekly-Average-Prices-July-1-6-2024.pdf
"July 1, 2024","July 6, 2024","Chicken Egg (White, Extra Small) 46-50 grams/pc",pc,6.3,Weekly-Average-Prices-July-1-6-2024.pdf
"July 1, 2024","July 6, 2024","Chicken Egg (White, Small) 51-55 grams/pc",pc,6.43,Weekly-Average-Prices-July-1-6-2024.pdf
"July 1, 2024","July 6, 2024","Chicken Egg (White, Medium) 56-60 grams/pc",pc,7.29,Weekly-Average-Prices-July-1-6-2024.pdf
"July 1, 2024","July 6, 2024","Chicken Egg (White, Large) 61-65 grams/pc",pc,8.13,Weekly-Average-Prices-July-1-6-2024.pdf
"July 1, 2024","July 6, 2024","Chicken Egg (White, Extra Large) 66-70 grams/pc",pc,8.92,Weekly-Average-Prices-July-1-6-2024.pdf
"July 1, 2024","July 6, 2024","Chicken Egg (White, Jumbo) 71> grams/pc",pc,9.63,Weekly-Average-Prices-July-1-6-2024.pdf
"July 1, 2024","July 6, 2024","Chicken Egg (Brown, Medium) Medium",pc,9.52,Weekly-Average-Prices-July-1-6-2024.pdf
"July 1, 2024","July 6, 2024","Chicken Egg (Brown, Large) Large",pc,9.32,Weekly-Average-Prices-July-1-6-2024.pdf
"July 1, 2024","July 6, 2024",Ampalaya 4-5 pcs/kg,kg,116.0,Weekly-Average-Prices-July-1-6-2024.pdf
"July 1, 2024","July 6, 2024",Sitao 3-4 Small Bundles,kg,125.51,Weekly-Average-Prices-July-1-6-2024.pdf
"July 1, 2024","July 6, 2024",Pechay (Native) 3-4 Small Bundles,kg,92.38,Weekly-Average-Prices-July-1-6-2024.pdf
"July 1, 2024","July 6, 2024",Squash Suprema Variety,kg,65.47,Weekly-Average-Prices-July-1-6-2024.pdf
"July 1, 2024","July 6, 2024",Eggplant 3-4 Small Bundles,kg,85.69,Weekly-Average-Prices-July-1-6-2024.pdf
"July 1, 2024","July 6, 2024",Tomato 15-18 pcs/kg,kg,159.91,Weekly-Average-Prices-July-1-6-2024.pdf
"July 1, 2024","July 6, 2024",Bell Pepper (Green) Medium (151-250gm/pc),kg,301.16,Weekly-Average-Prices-July-1-6-2024.pdf
"July 1, 2024","July 6, 2024",Bell Pepper (Red) Medium (151-250gm/pc),kg,282.16,Weekly-Average-Prices-July-1-6-2024.pdf
"July 1, 2024","July 6, 2024",Broccoli Medium (8-10 cm diameter/bunch hd),kg,242.73,Weekly-Average-Prices-July-1-6-2024.pdf
"July 1, 2024","July 6, 2024",Cabbage (Rare Ball) 510 gm - 1 kg/head,kg,78.3,Weekly-Average-Prices-July-1-6-2024.pdf
"July 1, 2024","July 6, 2024",Cabbage (Scorpio) 750 gm - 1 kg/head,kg,82.53,Weekly-Average-Prices-July-1-6-2024.pdf
"July 1, 2024","July 6, 2024",Cabbage (Wonder Ball) 510 gm - 1 kg/head,kg,83.28,Weekly-Average-Prices-July-1-6-2024.pdf
"July 1, 2024","July 6, 2024",Carrots 8-10 pcs/kg,kg,128.66,Weekly-Average-Prices-July-1-6-2024.pdf
"July 1, 2024","July 6, 2024",Habichuelas (Baguio Beans),kg,136.32,Weekly-Average-Prices-July-1-6-2024.pdf
"July 1, 2024","July 6, 2024",White Potato 10-12 pcs/kg,kg,122.49,Weekly-Average-Prices-July-1-6-2024.pdf
"July 1, 2024","July 6, 2024",Pechay (Baguio),kg,93.17,Weekly-Average-Prices-July-1-6-2024.pdf
"July 1, 2024","July 6, 2024",Chayote Medium (301-400 g),kg,58.85,Weekly-Average-Prices-July-1-6-2024.pdf
"July 1, 2024","July 6, 2024",Red Onion 13-15 pcs/kg,kg,107.81,Weekly-Average-Prices-July-1-6-2024.pdf
"July 1, 2024","July 6, 2024",Red Onion (Imported) kg n/a White Onion,kg,93.77,Weekly-Average-Prices-July-1-6-2024.pdf
"July 1, 2024","July 6, 2024",White Onion (Imported) kg n/a Garlic (Imported),kg,155.21,Weekly-Average-Prices-July-1-6-2024.pdf
"July 1, 2024","July 6, 2024",Garlic (Native),kg,424.0,Weekly-Average-Prices-July-1-6-2024.pdf
"July 1, 2024","July 6, 2024","Ginger Fairly well-matured, Medium (150-300 gm)",kg,240.71,Weekly-Average-Prices-July-1-6-2024.pdf
"July 1, 2024","July 6, 2024",Chilli (Red),kg,231.06,Weekly-Average-Prices-July-1-6-2024.pdf
"July 1, 2024","July 6, 2024",Calamansi,kg,124.83,Weekly-Average-Prices-July-1-6-2024.pdf
"July 1, 2024","July 6, 2024",Banana (Lakatan) 8-10 pcs/kg,kg,103.74,Weekly-Average-Prices-July-1-6-2024.pdf
"July 1, 2024","July 6, 2024",Banana (Latundan) 10-12 pcs/kg,kg,71.8,Weekly-Average-Prices-July-1-6-2024.pdf
"July 1, 2024","July 6, 2024","Papaya Solo Variety, Ripe, 2-3 pcs/kg",kg,63.96,Weekly-Average-Prices-July-1-6-2024.pdf
"July 1, 2024","July 6, 2024","Mango (Carabao) Ripe, 3-4 pcs/kg",kg,138.0,Weekly-Average-Prices-July-1-6-2024.pdf
"July 1, 2024","July 6, 2024",Sugar (Refined),kg,84.51,Weekly-Average-Prices-July-1-6-2024.pdf
"July 1, 2024","July 6, 2024",Sugar (Washed),kg,76.51,Weekly-Average-Prices-July-1-6-2024.pdf
"July 1, 2024","July 6, 2024",Sugar (Brown),kg,74.9,Weekly-Average-Prices-July-1-6-2024.pdf
"July 1, 2024","July 6, 2024",Cooking Oil (Palm) 350 ml/bottle,ml,31.31,Weekly-Average-Prices-July-1-6-2024.pdf
"July 1, 2024","July 6, 2024",Cooking Oil (Palm) 1 Liter/bottle,L,80.53,Weekly-Average-Prices-July-1-6-2024.pdf
"July 1, 2024","July 6, 2024",Cooking Oil (Coconut) 350 ml/bottle,ml,33.45,Weekly-Average-Prices-July-1-6-2024.pdf
"July 1, 2024","July 6, 2024",Cooking Oil (Coconut) 1 Liter/bottle,L,85.38,Weekly-Average-Prices-July-1-6-2024.pdf
"July 15, 2024","July 20, 2024",Special Blue Tag,kg,60.34,Weekly-Average-Prices-July-15-20-2024.pdf
"July 15, 2024","July 20, 2024",Premium Yellow Tag,kg,56.87,Weekly-Average-Prices-July-15-20-2024.pdf
"July 15, 2024","July 20, 2024",Well Milled White Tag,kg,52.86,Weekly-Average-Prices-July-15-20-2024.pdf
"July 15, 2024","July 20, 2024",Regular Milled White Tag,kg,48.69,Weekly-Average-Prices-July-15-20-2024.pdf
"July 15, 2024","July 20, 2024",Special Blue Tag,kg,60.33,Weekly-Average-Prices-July-15-20-2024.pdf
"July 15, 2024","July 20, 2024",Premium Yellow Tag,kg,54.31,Weekly-Average-Prices-July-15-20-2024.pdf
"July 15, 2024","July 20, 2024",Well Milled White Tag,kg,50.56,Weekly-Average-Prices-July-15-20-2024.pdf
"July 15, 2024","July 20, 2024",Regular Milled White Tag,kg,47.9,Weekly-Average-Prices-July-15-20-2024.pdf
"July 15, 2024","July 20, 2024","CORN Corn (White) Cob, Glutinous",kg,80.19,Weekly-Average-Prices-July-15-20-2024.pdf
"July 15, 2024","July 20, 2024","Corn (Yellow) Cob, Sweet Corn",kg,69.72,Weekly-Average-Prices-July-15-20-2024.pdf
"July 15, 2024","July 20, 2024","Corn Grits (White, Food Grade) kg n/a Corn Grits (Yellow, Food Grade) kg n/a Corn Cracked (Yellow, Feed Grade)",kg,51.89,Weekly-Average-Prices-July-15-20-2024.pdf
"July 15, 2024","July 20, 2024",Corn Grits (Feed Grade),kg,40.03,Weekly-Average-Prices-July-15-20-2024.pdf
"July 15, 2024","July 20, 2024",FISH Bangus Large,kg,211.2,Weekly-Average-Prices-July-15-20-2024.pdf
"July 15, 2024","July 20, 2024",Bangus Medium (3-4pcs/kg),kg,185.82,Weekly-Average-Prices-July-15-20-2024.pdf
"July 15, 2024","July 20, 2024",Tilapia Medium (5-6pcs/kg),kg,137.11,Weekly-Average-Prices-July-15-20-2024.pdf
"July 15, 2024","July 20, 2024","Galunggong (Local) Male, Medium (12-14pcs/kg)",kg,228.16,Weekly-Average-Prices-July-15-20-2024.pdf
"July 15, 2024","July 20, 2024","Galunggong (Imported) Male, Medium (12-14pcs/kg) kg n/a Alumahan Medium (4-6pcs/kg)",kg,292.93,Weekly-Average-Prices-July-15-20-2024.pdf
"July 15, 2024","July 20, 2024",Bonito kg n/a Salmon Head,kg,195.27,Weekly-Average-Prices-July-15-20-2024.pdf
"July 15, 2024","July 20, 2024",Sardines (Tamban),kg,151.26,Weekly-Average-Prices-July-15-20-2024.pdf
"July 15, 2024","July 20, 2024",Squid Medium,kg,388.94,Weekly-Average-Prices-July-15-20-2024.pdf
"July 15, 2024","July 20, 2024",Yellow-Fin Tuna (Tambakol),kg,205.4,Weekly-Average-Prices-July-15-20-2024.pdf
"July 15, 2024","July 20, 2024",LIVESTOCK & POULTRY PRODUCTS Beef Rump Lean Meat/ Tapadera,kg,444.21,Weekly-Average-Prices-July-15-20-2024.pdf
"July 15, 2024","July 20, 2024",Beef Brisket Meat with Bones,kg,385.38,Weekly-Average-Prices-July-15-20-2024.pdf
"July 15, 2024","July 20, 2024",Pork Ham Kasim,kg,341.56,Weekly-Average-Prices-July-15-20-2024.pdf
"July 15, 2024","July 20, 2024",Pork Belly Liempo,kg,380.39,Weekly-Average-Prices-July-15-20-2024.pdf
"July 15, 2024","July 20, 2024",Whole Chicken Fully Dressed,kg,213.63,Weekly-Average-Prices-July-15-20-2024.pdf
"July 15, 2024","July 20, 2024","Chicken Egg (White, Pewee) 41-45 grams/pc",pc,5.66,Weekly-Average-Prices-July-15-20-2024.pdf
"July 15, 2024","July 20, 2024","Chicken Egg (White, Extra Small) 46-50 grams/pc",pc,6.76,Weekly-Average-Prices-July-15-20-2024.pdf
"July 15, 2024","July 20, 2024","Chicken Egg (White, Small) 51-55 grams/pc",pc,6.8,Weekly-Average-Prices-July-15-20-2024.pdf
"July 15, 2024","July 20, 2024","Chicken Egg (White, Medium) 56-60 grams/pc",pc,7.55,Weekly-Average-Prices-July-15-20-2024.pdf
"July 15, 2024","July 20, 2024","Chicken Egg (White, Large) 61-65 grams/pc",pc,8.29,Weekly-Average-Prices-July-15-20-2024.pdf
"July 15, 2024","July 20, 2024","Chicken Egg (White, Extra Large) 66-70 grams/pc",pc,8.94,Weekly-Average-Prices-July-15-20-2024.pdf
"July 15, 2024","July 20, 2024","Chicken Egg (White, Jumbo) 71> grams/pc",pc,9.39,Weekly-Average-Prices-July-15-20-2024.pdf
"July 15, 2024","July 20, 2024","Chicken Egg (Brown, Medium) Medium",pc,9.19,Weekly-Average-Prices-July-15-20-2024.pdf
"July 15, 2024","July 20, 2024","Chicken Egg (Brown, Large) Large",pc,9.75,Weekly-Average-Prices-July-15-20-2024.pdf
"July 15, 2024","July 20, 2024","Chicken Egg (Brown, Extra Large)ᵃ Extra Large",pc,9.25,Weekly-Average-Prices-July-15-20-2024.pdf
"July 15, 2024","July 20, 2024",Ampalaya 4-5 pcs/kg,kg,102.43,Weekly-Average-Prices-July-15-20-2024.pdf
"July 15, 2024","July 20, 2024",Sitao 3-4 Small Bundles,kg,106.23,Weekly-Average-Prices-July-15-20-2024.pdf
"July 15, 2024","July 20, 2024",Pechay (Native) 3-4 Small Bundles,kg,67.35,Weekly-Average-Prices-July-15-20-2024.pdf
"July 15, 2024","July 20, 2024",Squash Suprema Variety,kg,64.08,Weekly-Average-Prices-July-15-20-2024.pdf
"July 15, 2024","July 20, 2024",Eggplant 3-4 Small Bundles,kg,107.4,Weekly-Average-Prices-July-15-20-2024.pdf
"July 15, 2024","July 20, 2024",Tomato 15-18 pcs/kg,kg,189.39,Weekly-Average-Prices-July-15-20-2024.pdf
"July 15, 2024","July 20, 2024",Bell Pepper (Green) Medium (151-250gm/pc),kg,283.13,Weekly-Average-Prices-July-15-20-2024.pdf
"July 15, 2024","July 20, 2024",Bell Pepper (Red) Medium (151-250gm/pc),kg,283.9,Weekly-Average-Prices-July-15-20-2024.pdf
"July 15, 2024","July 20, 2024",Broccoli Medium (8-10 cm diameter/bunch hd),kg,237.0,Weekly-Average-Prices-July-15-20-2024.pdf
"July 15, 2024","July 20, 2024",Cabbage (Rare Ball) 510 gm - 1 kg/head,kg,68.81,Weekly-Average-Prices-July-15-20-2024.pdf
"July 15, 2024","July 20, 2024",Cabbage (Scorpio) 750 gm - 1 kg/head,kg,73.45,Weekly-Average-Prices-July-15-20-2024.pdf
"July 15, 2024","July 20, 2024",Cabbage (Wonder Ball) 510 gm - 1 kg/head,kg,71.01,Weekly-Average-Prices-July-15-20-2024.pdf
"July 15, 2024","July 20, 2024",Carrots 8-10 pcs/kg,kg,144.17,Weekly-Average-Prices-July-15-20-2024.pdf
"July 15, 2024","July 20, 2024",Habichuelas (Baguio Beans),kg,94.52,Weekly-Average-Prices-July-15-20-2024.pdf
"July 15, 2024","July 20, 2024",White Potato 10-12 pcs/kg,kg,110.38,Weekly-Average-Prices-July-15-20-2024.pdf
"July 15, 2024","July 20, 2024",Pechay (Baguio),kg,78.31,Weekly-Average-Prices-July-15-20-2024.pdf
"July 15, 2024","July 20, 2024",Chayote Medium (301-400 g),kg,49.15,Weekly-Average-Prices-July-15-20-2024.pdf
"July 15, 2024","July 20, 2024",Red Onion 13-15 pcs/kg,kg,109.13,Weekly-Average-Prices-July-15-20-2024.pdf
"July 15, 2024","July 20, 2024",Red Onion (Imported) kg n/a White Onion,kg,98.35,Weekly-Average-Prices-July-15-20-2024.pdf
"July 15, 2024","July 20, 2024",White Onion (Imported) kg n/a Garlic (Imported),kg,153.59,Weekly-Average-Prices-July-15-20-2024.pdf
"July 15, 2024","July 20, 2024",Garlic (Native),kg,417.86,Weekly-Average-Prices-July-15-20-2024.pdf
"July 15, 2024","July 20, 2024","Ginger Fairly well-matured, Medium (150-300 gm)",kg,224.17,Weekly-Average-Prices-July-15-20-2024.pdf
"July 15, 2024","July 20, 2024",Chilli (Red),kg,163.14,Weekly-Average-Prices-July-15-20-2024.pdf
"July 15, 2024","July 20, 2024",Calamansi,kg,137.46,Weekly-Average-Prices-July-15-20-2024.pdf
"July 15, 2024","July 20, 2024",Banana (Lakatan) 8-10 pcs/kg,kg,104.92,Weekly-Average-Prices-July-15-20-2024.pdf
"July 15, 2024","July 20, 2024",Banana (Latundan) 10-12 pcs/kg,kg,71.59,Weekly-Average-Prices-July-15-20-2024.pdf
"July 15, 2024","July 20, 2024","Papaya Solo Variety, Ripe, 2-3 pcs/kg",kg,63.38,Weekly-Average-Prices-July-15-20-2024.pdf
"July 15, 2024","July 20, 2024","Mango (Carabao) Ripe, 3-4 pcs/kg",kg,153.06,Weekly-Average-Prices-July-15-20-2024.pdf
"July 15, 2024","July 20, 2024",Sugar (Refined),kg,84.56,Weekly-Average-Prices-July-15-20-2024.pdf
"July 15, 2024","July 20, 2024",Sugar (Washed),kg,76.32,Weekly-Average-Prices-July-15-20-2024.pdf
"July 15, 2024","July 20, 2024",Sugar (Brown),kg,74.87,Weekly-Average-Prices-July-15-20-2024.pdf
"July 15, 2024","July 20, 2024",Cooking Oil (Palm) 350 ml/bottle,ml,31.41,Weekly-Average-Prices-July-15-20-2024.pdf
"July 15, 2024","July 20, 2024",Cooking Oil (Palm) 1 Liter/bottle,L,81.49,Weekly-Average-Prices-July-15-20-2024.pdf
"July 15, 2024","July 20, 2024",Cooking Oil (Coconut) 350 ml/bottle,ml,33.65,Weekly-Average-Prices-July-15-20-2024.pdf
"July 15, 2024","July 20, 2024",Cooking Oil (Coconut) 1 Liter/bottle,L,87.52,Weekly-Average-Prices-July-15-20-2024.pdf
"July 22, 2024","July 27, 2024",Special Blue Tag,kg,59.87,Weekly-Average-Prices-July-22-27-2024.pdf
"July 22, 2024","July 27, 2024",Premium Yellow Tag,kg,56.31,Weekly-Average-Prices-July-22-27-2024.pdf
"July 22, 2024","July 27, 2024",Well Milled White Tag,kg,52.6,Weekly-Average-Prices-July-22-27-2024.pdf
"July 22, 2024","July 27, 2024",Regular Milled White Tag,kg,49.09,Weekly-Average-Prices-July-22-27-2024.pdf
"July 22, 2024","July 27, 2024",Special Blue Tag,kg,59.96,Weekly-Average-Prices-July-22-27-2024.pdf
"July 22, 2024","July 27, 2024",Premium Yellow Tag,kg,54.46,Weekly-Average-Prices-July-22-27-2024.pdf
"July 22, 2024","July 27, 2024",Well Milled White Tag,kg,50.32,Weekly-Average-Prices-July-22-27-2024.pdf
"July 22, 2024","July 27, 2024",Regular Milled White Tag,kg,47.88,Weekly-Average-Prices-July-22-27-2024.pdf
"July 22, 2024","July 27, 2024","CORN Corn (White) Cob, Glutinous",kg,84.76,Weekly-Average-Prices-July-22-27-2024.pdf
"July 22, 2024","July 27, 2024","Corn (Yellow) Cob, Sweet Corn",kg,71.35,Weekly-Average-Prices-July-22-27-2024.pdf
"July 22, 2024","July 27, 2024","Corn Grits (White, Food Grade) kg n/a Corn Grits (Yellow, Food Grade) kg n/a Corn Cracked (Yellow, Feed Grade)",kg,51.65,Weekly-Average-Prices-July-22-27-2024.pdf
"July 22, 2024","July 27, 2024",Corn Grits (Feed Grade),kg,40.76,Weekly-Average-Prices-July-22-27-2024.pdf
"July 22, 2024","July 27, 2024",FISH Bangus Large,kg,211.67,Weekly-Average-Prices-July-22-27-2024.pdf
"July 22, 2024","July 27, 2024",Bangus Medium (3-4pcs/kg),kg,189.07,Weekly-Average-Prices-July-22-27-2024.pdf
"July 22, 2024","July 27, 2024",Tilapia Medium (5-6pcs/kg),kg,139.13,Weekly-Average-Prices-July-22-27-2024.pdf
"July 22, 2024","July 27, 2024","Galunggong (Local) Male, Medium (12-14pcs/kg)",kg,244.17,Weekly-Average-Prices-July-22-27-2024.pdf
"July 22, 2024","July 27, 2024","Galunggong (Imported) Male, Medium (12-14pcs/kg)",kg,226.67,Weekly-Average-Prices-July-22-27-2024.pdf
"July 22, 2024","July 27, 2024",Alumahan Medium (4-6pcs/kg),kg,319.75,Weekly-Average-Prices-July-22-27-2024.pdf
"July 22, 2024","July 27, 2024",Bonito kg n/a Salmon Head,kg,196.49,Weekly-Average-Prices-July-22-27-2024.pdf
"July 22, 2024","July 27, 2024",Sardines (Tamban),kg,158.88,Weekly-Average-Prices-July-22-27-2024.pdf
"July 22, 2024","July 27, 2024",Squid Medium,kg,392.79,Weekly-Average-Prices-July-22-27-2024.pdf
"July 22, 2024","July 27, 2024",Yellow-Fin Tuna (Tambakol),kg,227.02,Weekly-Average-Prices-July-22-27-2024.pdf
"July 22, 2024","July 27, 2024",LIVESTOCK & POULTRY PRODUCTS Beef Rump Lean Meat/ Tapadera,kg,444.41,Weekly-Average-Prices-July-22-27-2024.pdf
"July 22, 2024","July 27, 2024",Beef Brisket Meat with Bones,kg,383.76,Weekly-Average-Prices-July-22-27-2024.pdf
"July 22, 2024","July 27, 2024",Pork Ham Kasim,kg,337.7,Weekly-Average-Prices-July-22-27-2024.pdf
"July 22, 2024","July 27, 2024",Pork Belly Liempo,kg,377.37,Weekly-Average-Prices-July-22-27-2024.pdf
"July 22, 2024","July 27, 2024",Whole Chicken Fully Dressed,kg,216.88,Weekly-Average-Prices-July-22-27-2024.pdf
"July 22, 2024","July 27, 2024","Chicken Egg (White, Pewee) 41-45 grams/pc",pc,5.73,Weekly-Average-Prices-July-22-27-2024.pdf
"July 22, 2024","July 27, 2024","Chicken Egg (White, Extra Small) 46-50 grams/pc",pc,6.78,Weekly-Average-Prices-July-22-27-2024.pdf
"July 22, 2024","July 27, 2024","Chicken Egg (White, Small) 51-55 grams/pc",pc,6.93,Weekly-Average-Prices-July-22-27-2024.pdf
"July 22, 2024","July 27, 2024","Chicken Egg (White, Medium) 56-60 grams/pc",pc,7.71,Weekly-Average-Prices-July-22-27-2024.pdf
"July 22, 2024","July 27, 2024","Chicken Egg (White, Large) 61-65 grams/pc",pc,8.45,Weekly-Average-Prices-July-22-27-2024.pdf
"July 22, 2024","July 27, 2024","Chicken Egg (White, Extra Large) 66-70 grams/pc",pc,9.09,Weekly-Average-Prices-July-22-27-2024.pdf
"July 22, 2024","July 27, 2024","Chicken Egg (White, Jumbo) 71> grams/pc",pc,9.59,Weekly-Average-Prices-July-22-27-2024.pdf
"July 22, 2024","July 27, 2024","Chicken Egg (Brown, Medium) Medium",pc,9.38,Weekly-Average-Prices-July-22-27-2024.pdf
"July 22, 2024","July 27, 2024","Chicken Egg (Brown, Large) Large",pc,9.69,Weekly-Average-Prices-July-22-27-2024.pdf
"July 22, 2024","July 27, 2024","Chicken Egg (Brown, Extra Large)ᵃ Extra Large",pc,8.0,Weekly-Average-Prices-July-22-27-2024.pdf
"July 22, 2024","July 27, 2024",Ampalaya 4-5 pcs/kg,kg,96.79,Weekly-Average-Prices-July-22-27-2024.pdf
"July 22, 2024","July 27, 2024",Sitao 3-4 Small Bundles,kg,104.82,Weekly-Average-Prices-July-22-27-2024.pdf
"July 22, 2024","July 27, 2024",Pechay (Native) 3-4 Small Bundles,kg,83.53,Weekly-Average-Prices-July-22-27-2024.pdf
"July 22, 2024","July 27, 2024",Squash Suprema Variety,kg,64.19,Weekly-Average-Prices-July-22-27-2024.pdf
"July 22, 2024","July 27, 2024",Eggplant 3-4 Small Bundles,kg,114.49,Weekly-Average-Prices-July-22-27-2024.pdf
"July 22, 2024","July 27, 2024",Tomato 15-18 pcs/kg,kg,180.58,Weekly-Average-Prices-July-22-27-2024.pdf
"July 22, 2024","July 27, 2024",Bell Pepper (Green) Medium (151-250gm/pc),kg,281.25,Weekly-Average-Prices-July-22-27-2024.pdf
"July 22, 2024","July 27, 2024",Bell Pepper (Red) Medium (151-250gm/pc),kg,282.0,Weekly-Average-Prices-July-22-27-2024.pdf
"July 22, 2024","July 27, 2024",Broccoli Medium (8-10 cm diameter/bunch hd),kg,231.18,Weekly-Average-Prices-July-22-27-2024.pdf
"July 22, 2024","July 27, 2024",Cabbage (Rare Ball) 510 gm - 1 kg/head,kg,67.74,Weekly-Average-Prices-July-22-27-2024.pdf
"July 22, 2024","July 27, 2024",Cabbage (Scorpio) 750 gm - 1 kg/head,kg,73.89,Weekly-Average-Prices-July-22-27-2024.pdf
"July 22, 2024","July 27, 2024",Cabbage (Wonder Ball) 510 gm - 1 kg/head,kg,76.19,Weekly-Average-Prices-July-22-27-2024.pdf
"July 22, 2024","July 27, 2024",Carrots 8-10 pcs/kg,kg,168.81,Weekly-Average-Prices-July-22-27-2024.pdf
"July 22, 2024","July 27, 2024",Habichuelas (Baguio Beans),kg,88.72,Weekly-Average-Prices-July-22-27-2024.pdf
"July 22, 2024","July 27, 2024",White Potato 10-12 pcs/kg,kg,110.77,Weekly-Average-Prices-July-22-27-2024.pdf
"July 22, 2024","July 27, 2024",Pechay (Baguio),kg,76.49,Weekly-Average-Prices-July-22-27-2024.pdf
"July 22, 2024","July 27, 2024",Chayote Medium (301-400 g),kg,50.59,Weekly-Average-Prices-July-22-27-2024.pdf
"July 22, 2024","July 27, 2024",Red Onion 13-15 pcs/kg,kg,108.45,Weekly-Average-Prices-July-22-27-2024.pdf
"July 22, 2024","July 27, 2024",Red Onion (Imported) kg n/a White Onion,kg,99.73,Weekly-Average-Prices-July-22-27-2024.pdf
"July 22, 2024","July 27, 2024",White Onion (Imported),kg,120.0,Weekly-Average-Prices-July-22-27-2024.pdf
"July 22, 2024","July 27, 2024",Garlic (Imported),kg,153.2,Weekly-Average-Prices-July-22-27-2024.pdf
"July 22, 2024","July 27, 2024",Garlic (Native),kg,416.67,Weekly-Average-Prices-July-22-27-2024.pdf
"July 22, 2024","July 27, 2024","Ginger Fairly well-matured, Medium (150-300 gm)",kg,220.72,Weekly-Average-Prices-July-22-27-2024.pdf
"July 22, 2024","July 27, 2024",Chilli (Red),kg,159.44,Weekly-Average-Prices-July-22-27-2024.pdf
"July 22, 2024","July 27, 2024",Calamansi,kg,139.55,Weekly-Average-Prices-July-22-27-2024.pdf
"July 22, 2024","July 27, 2024",Banana (Lakatan) 8-10 pcs/kg,kg,105.61,Weekly-Average-Prices-July-22-27-2024.pdf
"July 22, 2024","July 27, 2024",Banana (Latundan) 10-12 pcs/kg,kg,71.03,Weekly-Average-Prices-July-22-27-2024.pdf
"July 22, 2024","July 27, 2024","Papaya Solo Variety, Ripe, 2-3 pcs/kg",kg,64.07,Weekly-Average-Prices-July-22-27-2024.pdf
"July 22, 2024","July 27, 2024","Mango (Carabao) Ripe, 3-4 pcs/kg",kg,162.09,Weekly-Average-Prices-July-22-27-2024.pdf
"July 22, 2024","July 27, 2024",Sugar (Refined),kg,84.36,Weekly-Average-Prices-July-22-27-2024.pdf
"July 22, 2024","July 27, 2024",Sugar (Washed),kg,76.17,Weekly-Average-Prices-July-22-27-2024.pdf
"July 22, 2024","July 27, 2024",Sugar (Brown),kg,74.71,Weekly-Average-Prices-July-22-27-2024.pdf
"July 22, 2024","July 27, 2024",Cooking Oil (Palm) 350 ml/bottle,ml,31.65,Weekly-Average-Prices-July-22-27-2024.pdf
"July 22, 2024","July 27, 2024",Cooking Oil (Palm) 1 Liter/bottle,L,80.84,Weekly-Average-Prices-July-22-27-2024.pdf
"July 22, 2024","July 27, 2024",Cooking Oil (Coconut) 350 ml/bottle,ml,33.76,Weekly-Average-Prices-July-22-27-2024.pdf
"July 22, 2024","July 27, 2024",Cooking Oil (Coconut) 1 Liter/bottle,L,86.82,Weekly-Average-Prices-July-22-27-2024.pdf
"July 29, 2024","August 3, 2024",Special Blue Tag,kg,59.79,Weekly-Average-Prices-July-29-August-3-2024.pdf
"July 29, 2024","August 3, 2024",Premium Yellow Tag,kg,56.36,Weekly-Average-Prices-July-29-August-3-2024.pdf
"July 29, 2024","August 3, 2024",Well Milled White Tag,kg,52.55,Weekly-Average-Prices-July-29-August-3-2024.pdf
"July 29, 2024","August 3, 2024",Regular Milled White Tag,kg,47.56,Weekly-Average-Prices-July-29-August-3-2024.pdf
"July 29, 2024","August 3, 2024",Special Blue Tag,kg,59.98,Weekly-Average-Prices-July-29-August-3-2024.pdf
"July 29, 2024","August 3, 2024",Premium Yellow Tag,kg,54.47,Weekly-Average-Prices-July-29-August-3-2024.pdf
"July 29, 2024","August 3, 2024",Well Milled White Tag,kg,50.53,Weekly-Average-Prices-July-29-August-3-2024.pdf
"July 29, 2024","August 3, 2024",Regular Milled White Tag,kg,47.92,Weekly-Average-Prices-July-29-August-3-2024.pdf
"July 29, 2024","August 3, 2024","CORN Corn (White) Cob, Glutinous",kg,76.12,Weekly-Average-Prices-July-29-August-3-2024.pdf
"July 29, 2024","August 3, 2024","Corn (Yellow) Cob, Sweet Corn",kg,70.37,Weekly-Average-Prices-July-29-August-3-2024.pdf
"July 29, 2024","August 3, 2024","Corn Grits (White, Food Grade) kg n/a Corn Grits (Yellow, Food Grade) kg n/a Corn Cracked (Yellow, Feed Grade)",kg,51.97,Weekly-Average-Prices-July-29-August-3-2024.pdf
"July 29, 2024","August 3, 2024",Corn Grits (Feed Grade),kg,40.56,Weekly-Average-Prices-July-29-August-3-2024.pdf
"July 29, 2024","August 3, 2024",FISH Bangus Large,kg,214.49,Weekly-Average-Prices-July-29-August-3-2024.pdf
"July 29, 2024","August 3, 2024",Bangus Medium (3-4pcs/kg),kg,189.77,Weekly-Average-Prices-July-29-August-3-2024.pdf
"July 29, 2024","August 3, 2024",Tilapia Medium (5-6pcs/kg),kg,140.4,Weekly-Average-Prices-July-29-August-3-2024.pdf
"July 29, 2024","August 3, 2024","Galunggong (Local) Male, Medium (12-14pcs/kg)",kg,242.21,Weekly-Average-Prices-July-29-August-3-2024.pdf
"July 29, 2024","August 3, 2024","Galunggong (Imported) Male, Medium (12-14pcs/kg) kg n/a Alumahan Medium (4-6pcs/kg)",kg,318.33,Weekly-Average-Prices-July-29-August-3-2024.pdf
"July 29, 2024","August 3, 2024",Bonito kg n/a Salmon Head,kg,197.27,Weekly-Average-Prices-July-29-August-3-2024.pdf
"July 29, 2024","August 3, 2024",Sardines (Tamban),kg,143.85,Weekly-Average-Prices-July-29-August-3-2024.pdf
"July 29, 2024","August 3, 2024",Squid Medium,kg,397.13,Weekly-Average-Prices-July-29-August-3-2024.pdf
"July 29, 2024","August 3, 2024",Yellow-Fin Tuna (Tambakol),kg,231.79,Weekly-Average-Prices-July-29-August-3-2024.pdf
"July 29, 2024","August 3, 2024",LIVESTOCK & POULTRY PRODUCTS Beef Rump Lean Meat/ Tapadera,kg,444.48,Weekly-Average-Prices-July-29-August-3-2024.pdf
"July 29, 2024","August 3, 2024",Beef Brisket Meat with Bones,kg,386.36,Weekly-Average-Prices-July-29-August-3-2024.pdf
"July 29, 2024","August 3, 2024",Pork Ham Kasim,kg,335.35,Weekly-Average-Prices-July-29-August-3-2024.pdf
"July 29, 2024","August 3, 2024",Pork Belly Liempo,kg,376.07,Weekly-Average-Prices-July-29-August-3-2024.pdf
"July 29, 2024","August 3, 2024",Whole Chicken Fully Dressed,kg,211.16,Weekly-Average-Prices-July-29-August-3-2024.pdf
"July 29, 2024","August 3, 2024","Chicken Egg (White, Pewee) 41-45 grams/pc",pc,5.77,Weekly-Average-Prices-July-29-August-3-2024.pdf
"July 29, 2024","August 3, 2024","Chicken Egg (White, Extra Small) 46-50 grams/pc",pc,6.71,Weekly-Average-Prices-July-29-August-3-2024.pdf
"July 29, 2024","August 3, 2024","Chicken Egg (White, Small) 51-55 grams/pc",pc,7.08,Weekly-Average-Prices-July-29-August-3-2024.pdf
"July 29, 2024","August 3, 2024","Chicken Egg (White, Medium) 56-60 grams/pc",pc,7.8,Weekly-Average-Prices-July-29-August-3-2024.pdf
"July 29, 2024","August 3, 2024","Chicken Egg (White, Large) 61-65 grams/pc",pc,8.49,Weekly-Average-Prices-July-29-August-3-2024.pdf
"July 29, 2024","August 3, 2024","Chicken Egg (White, Extra Large) 66-70 grams/pc",pc,9.09,Weekly-Average-Prices-July-29-August-3-2024.pdf
"July 29, 2024","August 3, 2024","Chicken Egg (White, Jumbo) 71> grams/pc",pc,9.64,Weekly-Average-Prices-July-29-August-3-2024.pdf
"July 29, 2024","August 3, 2024","Chicken Egg (Brown, Medium) Medium",pc,9.69,Weekly-Average-Prices-July-29-August-3-2024.pdf
"July 29, 2024","August 3, 2024","Chicken Egg (Brown, Large) Large",pc,9.7,Weekly-Average-Prices-July-29-August-3-2024.pdf
"July 29, 2024","August 3, 2024","Chicken Egg (Brown, Extra Large)ᵃ Extra Large",pc,8.0,Weekly-Average-Prices-July-29-August-3-2024.pdf
"July 29, 2024","August 3, 2024",Ampalaya 4-5 pcs/kg,kg,123.28,Weekly-Average-Prices-July-29-August-3-2024.pdf
"July 29, 2024","August 3, 2024",Sitao 3-4 Small Bundles,kg,115.97,Weekly-Average-Prices-July-29-August-3-2024.pdf
"July 29, 2024","August 3, 2024",Pechay (Native) 3-4 Small Bundles,kg,131.89,Weekly-Average-Prices-July-29-August-3-2024.pdf
"July 29, 2024","August 3, 2024",Squash Suprema Variety,kg,64.44,Weekly-Average-Prices-July-29-August-3-2024.pdf
"July 29, 2024","August 3, 2024",Eggplant 3-4 Small Bundles,kg,135.05,Weekly-Average-Prices-July-29-August-3-2024.pdf
"July 29, 2024","August 3, 2024",Tomato 15-18 pcs/kg,kg,175.86,Weekly-Average-Prices-July-29-August-3-2024.pdf
"July 29, 2024","August 3, 2024",Bell Pepper (Green) Medium (151-250gm/pc),kg,292.1,Weekly-Average-Prices-July-29-August-3-2024.pdf
"July 29, 2024","August 3, 2024",Bell Pepper (Red) Medium (151-250gm/pc),kg,298.39,Weekly-Average-Prices-July-29-August-3-2024.pdf
"July 29, 2024","August 3, 2024",Broccoli Medium (8-10 cm diameter/bunch hd),kg,249.92,Weekly-Average-Prices-July-29-August-3-2024.pdf
"July 29, 2024","August 3, 2024",Cabbage (Rare Ball) 510 gm - 1 kg/head,kg,68.58,Weekly-Average-Prices-July-29-August-3-2024.pdf
"July 29, 2024","August 3, 2024",Cabbage (Scorpio) 750 gm - 1 kg/head,kg,72.56,Weekly-Average-Prices-July-29-August-3-2024.pdf
"July 29, 2024","August 3, 2024",Cabbage (Wonder Ball) 510 gm - 1 kg/head,kg,75.23,Weekly-Average-Prices-July-29-August-3-2024.pdf
"July 29, 2024","August 3, 2024",Carrots 8-10 pcs/kg,kg,164.23,Weekly-Average-Prices-July-29-August-3-2024.pdf
"July 29, 2024","August 3, 2024",Habichuelas (Baguio Beans),kg,118.22,Weekly-Average-Prices-July-29-August-3-2024.pdf
"July 29, 2024","August 3, 2024",White Potato 10-12 pcs/kg,kg,116.98,Weekly-Average-Prices-July-29-August-3-2024.pdf
"July 29, 2024","August 3, 2024",Pechay (Baguio),kg,80.41,Weekly-Average-Prices-July-29-August-3-2024.pdf
"July 29, 2024","August 3, 2024",Chayote Medium (301-400 g),kg,58.39,Weekly-Average-Prices-July-29-August-3-2024.pdf
"July 29, 2024","August 3, 2024",Red Onion 13-15 pcs/kg,kg,109.29,Weekly-Average-Prices-July-29-August-3-2024.pdf
"July 29, 2024","August 3, 2024",Red Onion (Imported) kg n/a White Onion,kg,102.5,Weekly-Average-Prices-July-29-August-3-2024.pdf
"July 29, 2024","August 3, 2024",White Onion (Imported),kg,100.0,Weekly-Average-Prices-July-29-August-3-2024.pdf
"July 29, 2024","August 3, 2024",Garlic (Imported),kg,154.28,Weekly-Average-Prices-July-29-August-3-2024.pdf
"July 29, 2024","August 3, 2024",Garlic (Native),kg,400.0,Weekly-Average-Prices-July-29-August-3-2024.pdf
"July 29, 2024","August 3, 2024","Ginger Fairly well-matured, Medium (150-300 gm)",kg,227.02,Weekly-Average-Prices-July-29-August-3-2024.pdf
"July 29, 2024","August 3, 2024",Chilli (Red),kg,191.15,Weekly-Average-Prices-July-29-August-3-2024.pdf
"July 29, 2024","August 3, 2024",Calamansi,kg,130.92,Weekly-Average-Prices-July-29-August-3-2024.pdf
"July 29, 2024","August 3, 2024",Banana (Lakatan) 8-10 pcs/kg,kg,105.17,Weekly-Average-Prices-July-29-August-3-2024.pdf
"July 29, 2024","August 3, 2024",Banana (Latundan) 10-12 pcs/kg,kg,72.33,Weekly-Average-Prices-July-29-August-3-2024.pdf
"July 29, 2024","August 3, 2024","Papaya Solo Variety, Ripe, 2-3 pcs/kg",kg,63.47,Weekly-Average-Prices-July-29-August-3-2024.pdf
"July 29, 2024","August 3, 2024","Mango (Carabao) Ripe, 3-4 pcs/kg",kg,166.54,Weekly-Average-Prices-July-29-August-3-2024.pdf
"July 29, 2024","August 3, 2024",Sugar (Refined),kg,84.2,Weekly-Average-Prices-July-29-August-3-2024.pdf
"July 29, 2024","August 3, 2024",Sugar (Washed),kg,75.91,Weekly-Average-Prices-July-29-August-3-2024.pdf
"July 29, 2024","August 3, 2024",Sugar (Brown),kg,74.62,Weekly-Average-Prices-July-29-August-3-2024.pdf
"July 29, 2024","August 3, 2024",Cooking Oil (Palm) 350 ml/bottle,ml,31.53,Weekly-Average-Prices-July-29-August-3-2024.pdf
"July 29, 2024","August 3, 2024",Cooking Oil (Palm) 1 Liter/bottle,L,81.11,Weekly-Average-Prices-July-29-August-3-2024.pdf
"July 29, 2024","August 3, 2024",Cooking Oil (Coconut) 350 ml/bottle,ml,33.88,Weekly-Average-Prices-July-29-August-3-2024.pdf
"July 29, 2024","August 3, 2024",Cooking Oil (Coconut) 1 Liter/bottle,L,87.69,Weekly-Average-Prices-July-29-August-3-2024.pdf
"July 8, 2024","July 13, 2024",Special Blue Tag,kg,60.19,Weekly-Average-Prices-July-8-13-2024.pdf
"July 8, 2024","July 13, 2024",Premium Yellow Tag,kg,57.32,Weekly-Average-Prices-July-8-13-2024.pdf
"July 8, 2024","July 13, 2024",Well Milled White Tag,kg,53.04,Weekly-Average-Prices-July-8-13-2024.pdf
"July 8, 2024","July 13, 2024",Regular Milled White Tag,kg,48.85,Weekly-Average-Prices-July-8-13-2024.pdf
"July 8, 2024","July 13, 2024",Special Blue Tag,kg,60.32,Weekly-Average-Prices-July-8-13-2024.pdf
"July 8, 2024","July 13, 2024",Premium Yellow Tag,kg,54.66,Weekly-Average-Prices-July-8-13-2024.pdf
"July 8, 2024","July 13, 2024",Well Milled White Tag,kg,50.91,Weekly-Average-Prices-July-8-13-2024.pdf
"July 8, 2024","July 13, 2024",Regular Milled White Tag,kg,48.55,Weekly-Average-Prices-July-8-13-2024.pdf
"July 8, 2024","July 13, 2024","CORN Corn (White) Cob, Glutinous",kg,76.45,Weekly-Average-Prices-July-8-13-2024.pdf
"July 8, 2024","July 13, 2024","Corn (Yellow) Cob, Sweet Corn",kg,68.95,Weekly-Average-Prices-July-8-13-2024.pdf
"July 8, 2024","July 13, 2024","Corn Grits (White, Food Grade) kg n/a Corn Grits (Yellow, Food Grade) kg n/a Corn Cracked (Yellow, Feed Grade)",kg,51.2,Weekly-Average-Prices-July-8-13-2024.pdf
"July 8, 2024","July 13, 2024",Corn Grits (Feed Grade),kg,41.09,Weekly-Average-Prices-July-8-13-2024.pdf
"July 8, 2024","July 13, 2024",FISH Bangus Large,kg,210.61,Weekly-Average-Prices-July-8-13-2024.pdf
"July 8, 2024","July 13, 2024",Bangus Medium (3-4pcs/kg),kg,186.46,Weekly-Average-Prices-July-8-13-2024.pdf
"July 8, 2024","July 13, 2024",Tilapia Medium (5-6pcs/kg),kg,138.03,Weekly-Average-Prices-July-8-13-2024.pdf
"July 8, 2024","July 13, 2024","Galunggong (Local) Male, Medium (12-14pcs/kg)",kg,221.67,Weekly-Average-Prices-July-8-13-2024.pdf
"July 8, 2024","July 13, 2024","Galunggong (Imported) Male, Medium (12-14pcs/kg) kg n/a Alumahan Medium (4-6pcs/kg)",kg,289.74,Weekly-Average-Prices-July-8-13-2024.pdf
"July 8, 2024","July 13, 2024",Bonito kg n/a Salmon Head,kg,197.8,Weekly-Average-Prices-July-8-13-2024.pdf
"July 8, 2024","July 13, 2024",Sardines (Tamban),kg,146.0,Weekly-Average-Prices-July-8-13-2024.pdf
"July 8, 2024","July 13, 2024",Squid Medium,kg,383.75,Weekly-Average-Prices-July-8-13-2024.pdf
"July 8, 2024","July 13, 2024",Yellow-Fin Tuna (Tambakol),kg,206.59,Weekly-Average-Prices-July-8-13-2024.pdf
"July 8, 2024","July 13, 2024",LIVESTOCK & POULTRY PRODUCTS Beef Rump Lean Meat/ Tapadera,kg,444.63,Weekly-Average-Prices-July-8-13-2024.pdf
"July 8, 2024","July 13, 2024",Beef Brisket Meat with Bones,kg,385.47,Weekly-Average-Prices-July-8-13-2024.pdf
"July 8, 2024","July 13, 2024",Pork Ham Kasim,kg,342.62,Weekly-Average-Prices-July-8-13-2024.pdf
"July 8, 2024","July 13, 2024",Pork Belly Liempo,kg,381.68,Weekly-Average-Prices-July-8-13-2024.pdf
"July 8, 2024","July 13, 2024",Whole Chicken Fully Dressed,kg,208.13,Weekly-Average-Prices-July-8-13-2024.pdf
"July 8, 2024","July 13, 2024","Chicken Egg (White, Pewee) 41-45 grams/pc",pc,5.6,Weekly-Average-Prices-July-8-13-2024.pdf
"July 8, 2024","July 13, 2024","Chicken Egg (White, Extra Small) 46-50 grams/pc",pc,6.41,Weekly-Average-Prices-July-8-13-2024.pdf
"July 8, 2024","July 13, 2024","Chicken Egg (White, Small) 51-55 grams/pc",pc,6.69,Weekly-Average-Prices-July-8-13-2024.pdf
"July 8, 2024","July 13, 2024","Chicken Egg (White, Medium) 56-60 grams/pc",pc,7.47,Weekly-Average-Prices-July-8-13-2024.pdf
"July 8, 2024","July 13, 2024","Chicken Egg (White, Large) 61-65 grams/pc",pc,8.26,Weekly-Average-Prices-July-8-13-2024.pdf
"July 8, 2024","July 13, 2024","Chicken Egg (White, Extra Large) 66-70 grams/pc",pc,8.97,Weekly-Average-Prices-July-8-13-2024.pdf
"July 8, 2024","July 13, 2024","Chicken Egg (White, Jumbo) 71> grams/pc",pc,9.48,Weekly-Average-Prices-July-8-13-2024.pdf
"July 8, 2024","July 13, 2024","Chicken Egg (Brown, Medium) Medium",pc,9.72,Weekly-Average-Prices-July-8-13-2024.pdf
"July 8, 2024","July 13, 2024","Chicken Egg (Brown, Large) Large",pc,9.6,Weekly-Average-Prices-July-8-13-2024.pdf
"July 8, 2024","July 13, 2024","Chicken Egg (Brown, Extra Large)ᵃ Extra Large",pc,8.0,Weekly-Average-Prices-July-8-13-2024.pdf
"July 8, 2024","July 13, 2024",Ampalaya 4-5 pcs/kg,kg,112.29,Weekly-Average-Prices-July-8-13-2024.pdf
"July 8, 2024","July 13, 2024",Sitao 3-4 Small Bundles,kg,118.18,Weekly-Average-Prices-July-8-13-2024.pdf
"July 8, 2024","July 13, 2024",Pechay (Native) 3-4 Small Bundles,kg,75.98,Weekly-Average-Prices-July-8-13-2024.pdf
"July 8, 2024","July 13, 2024",Squash Suprema Variety,kg,65.37,Weekly-Average-Prices-July-8-13-2024.pdf
"July 8, 2024","July 13, 2024",Eggplant 3-4 Small Bundles,kg,95.86,Weekly-Average-Prices-July-8-13-2024.pdf
"July 8, 2024","July 13, 2024",Tomato 15-18 pcs/kg,kg,177.4,Weekly-Average-Prices-July-8-13-2024.pdf
"July 8, 2024","July 13, 2024",Bell Pepper (Green) Medium (151-250gm/pc),kg,296.63,Weekly-Average-Prices-July-8-13-2024.pdf
"July 8, 2024","July 13, 2024",Bell Pepper (Red) Medium (151-250gm/pc),kg,283.74,Weekly-Average-Prices-July-8-13-2024.pdf
"July 8, 2024","July 13, 2024",Broccoli Medium (8-10 cm diameter/bunch hd),kg,243.54,Weekly-Average-Prices-July-8-13-2024.pdf
"July 8, 2024","July 13, 2024",Cabbage (Rare Ball) 510 gm - 1 kg/head,kg,74.43,Weekly-Average-Prices-July-8-13-2024.pdf
"July 8, 2024","July 13, 2024",Cabbage (Scorpio) 750 gm - 1 kg/head,kg,80.48,Weekly-Average-Prices-July-8-13-2024.pdf
"July 8, 2024","July 13, 2024",Cabbage (Wonder Ball) 510 gm - 1 kg/head,kg,78.92,Weekly-Average-Prices-July-8-13-2024.pdf
"July 8, 2024","July 13, 2024",Carrots 8-10 pcs/kg,kg,137.54,Weekly-Average-Prices-July-8-13-2024.pdf
"July 8, 2024","July 13, 2024",Habichuelas (Baguio Beans),kg,114.22,Weekly-Average-Prices-July-8-13-2024.pdf
"July 8, 2024","July 13, 2024",White Potato 10-12 pcs/kg,kg,116.24,Weekly-Average-Prices-July-8-13-2024.pdf
"July 8, 2024","July 13, 2024",Pechay (Baguio),kg,85.51,Weekly-Average-Prices-July-8-13-2024.pdf
"July 8, 2024","July 13, 2024",Chayote Medium (301-400 g),kg,53.31,Weekly-Average-Prices-July-8-13-2024.pdf
"July 8, 2024","July 13, 2024",Red Onion 13-15 pcs/kg,kg,108.29,Weekly-Average-Prices-July-8-13-2024.pdf
"July 8, 2024","July 13, 2024",Red Onion (Imported) kg n/a White Onion,kg,95.43,Weekly-Average-Prices-July-8-13-2024.pdf
"July 8, 2024","July 13, 2024",White Onion (Imported) kg n/a Garlic (Imported),kg,154.43,Weekly-Average-Prices-July-8-13-2024.pdf
"July 8, 2024","July 13, 2024",Garlic (Native),kg,424.0,Weekly-Average-Prices-July-8-13-2024.pdf
"July 8, 2024","July 13, 2024","Ginger Fairly well-matured, Medium (150-300 gm)",kg,236.49,Weekly-Average-Prices-July-8-13-2024.pdf
"July 8, 2024","July 13, 2024",Chilli (Red),kg,213.67,Weekly-Average-Prices-July-8-13-2024.pdf
"July 8, 2024","July 13, 2024",Calamansi,kg,137.34,Weekly-Average-Prices-July-8-13-2024.pdf
"July 8, 2024","July 13, 2024",Banana (Lakatan) 8-10 pcs/kg,kg,104.26,Weekly-Average-Prices-July-8-13-2024.pdf
"July 8, 2024","July 13, 2024",Banana (Latundan) 10-12 pcs/kg,kg,72.1,Weekly-Average-Prices-July-8-13-2024.pdf
"July 8, 2024","July 13, 2024","Papaya Solo Variety, Ripe, 2-3 pcs/kg",kg,63.65,Weekly-Average-Prices-July-8-13-2024.pdf
"July 8, 2024","July 13, 2024","Mango (Carabao) Ripe, 3-4 pcs/kg",kg,145.43,Weekly-Average-Prices-July-8-13-2024.pdf
"July 8, 2024","July 13, 2024",Sugar (Refined),kg,84.35,Weekly-Average-Prices-July-8-13-2024.pdf
"July 8, 2024","July 13, 2024",Sugar (Washed),kg,76.16,Weekly-Average-Prices-July-8-13-2024.pdf
"July 8, 2024","July 13, 2024",Sugar (Brown),kg,74.72,Weekly-Average-Prices-July-8-13-2024.pdf
"July 8, 2024","July 13, 2024",Cooking Oil (Palm) 350 ml/bottle,ml,31.41,Weekly-Average-Prices-July-8-13-2024.pdf
"July 8, 2024","July 13, 2024",Cooking Oil (Palm) 1 Liter/bottle,L,81.16,Weekly-Average-Prices-July-8-13-2024.pdf
"July 8, 2024","July 13, 2024",Cooking Oil (Coconut) 350 ml/bottle,ml,33.65,Weekly-Average-Prices-July-8-13-2024.pdf
"July 8, 2024","July 13, 2024",Cooking Oil (Coconut) 1 Liter/bottle,L,86.37,Weekly-Average-Prices-July-8-13-2024.pdf
"June 10, 2024","June 15, 2024",Special Blue Tag,kg,60.59,Weekly-Average-Prices-June-10-15-2024.pdf
"June 10, 2024","June 15, 2024",Premium Yellow Tag,kg,57.13,Weekly-Average-Prices-June-10-15-2024.pdf
"June 10, 2024","June 15, 2024",Well Milled White Tag,kg,53.5,Weekly-Average-Prices-June-10-15-2024.pdf
"June 10, 2024","June 15, 2024",Regular Milled White Tag,kg,49.85,Weekly-Average-Prices-June-10-15-2024.pdf
"June 10, 2024","June 15, 2024",Special Blue Tag,kg,60.62,Weekly-Average-Prices-June-10-15-2024.pdf
"June 10, 2024","June 15, 2024",Premium Yellow Tag,kg,54.81,Weekly-Average-Prices-June-10-15-2024.pdf
"June 10, 2024","June 15, 2024",Well Milled White Tag,kg,51.46,Weekly-Average-Prices-June-10-15-2024.pdf
"June 10, 2024","June 15, 2024",Regular Milled White Tag,kg,48.88,Weekly-Average-Prices-June-10-15-2024.pdf
"June 10, 2024","June 15, 2024",CORN Corn (White) Glutinous,kg,63.64,Weekly-Average-Prices-June-10-15-2024.pdf
"June 10, 2024","June 15, 2024",Corn (Yellow) Japanese,kg,64.38,Weekly-Average-Prices-June-10-15-2024.pdf
"June 10, 2024","June 15, 2024","Corn Grits (White, Food Grade)",kg,80.0,Weekly-Average-Prices-June-10-15-2024.pdf
"June 10, 2024","June 15, 2024","Corn Grits (Yellow, Food Grade) kg n/a Corn Cracked (Yellow, Feed Grade)",kg,51.38,Weekly-Average-Prices-June-10-15-2024.pdf
"June 10, 2024","June 15, 2024",Corn Grits (Feed Grade),kg,41.18,Weekly-Average-Prices-June-10-15-2024.pdf
"June 10, 2024","June 15, 2024",FISH Bangus Large,kg,210.35,Weekly-Average-Prices-June-10-15-2024.pdf
"June 10, 2024","June 15, 2024",Bangus Medium (3-4pcs/kg),kg,185.76,Weekly-Average-Prices-June-10-15-2024.pdf
"June 10, 2024","June 15, 2024",Tilapia Medium (5-6pcs/kg),kg,137.5,Weekly-Average-Prices-June-10-15-2024.pdf
"June 10, 2024","June 15, 2024",Galunggong (Local) Medium (12-14pcs/kg),kg,213.78,Weekly-Average-Prices-June-10-15-2024.pdf
"June 10, 2024","June 15, 2024",Galunggong (Imported) Medium (12-14pcs/kg) kg n/a Alumahan Medium (4-6pcs/kg),kg,289.4,Weekly-Average-Prices-June-10-15-2024.pdf
"June 10, 2024","June 15, 2024",Bonito kg n/a Salmon Head,kg,194.87,Weekly-Average-Prices-June-10-15-2024.pdf
"June 10, 2024","June 15, 2024",Sardines (Tamban),kg,152.86,Weekly-Average-Prices-June-10-15-2024.pdf
"June 10, 2024","June 15, 2024",Squid Medium,kg,377.28,Weekly-Average-Prices-June-10-15-2024.pdf
"June 10, 2024","June 15, 2024",Yellow-Fin Tuna (Tambakol),kg,194.77,Weekly-Average-Prices-June-10-15-2024.pdf
"June 10, 2024","June 15, 2024",LIVESTOCK & POULTRY PRODUCTS Beef Rump Lean Meat/ Tapadera,kg,442.56,Weekly-Average-Prices-June-10-15-2024.pdf
"June 10, 2024","June 15, 2024",Beef Brisket Meat with Bones,kg,384.99,Weekly-Average-Prices-June-10-15-2024.pdf
"June 10, 2024","June 15, 2024",Pork Ham Kasim,kg,341.87,Weekly-Average-Prices-June-10-15-2024.pdf
"June 10, 2024","June 15, 2024",Pork Belly Liempo,kg,380.87,Weekly-Average-Prices-June-10-15-2024.pdf
"June 10, 2024","June 15, 2024",Whole Chicken Fully Dressed,kg,189.36,Weekly-Average-Prices-June-10-15-2024.pdf
"June 10, 2024","June 15, 2024","Chicken Egg (White, Pewee) 41-45 grams/pc",pc,4.82,Weekly-Average-Prices-June-10-15-2024.pdf
"June 10, 2024","June 15, 2024","Chicken Egg (White, Extra Small) 46-50 grams/pc",pc,5.67,Weekly-Average-Prices-June-10-15-2024.pdf
"June 10, 2024","June 15, 2024","Chicken Egg (White, Small) 51-55 grams/pc",pc,6.02,Weekly-Average-Prices-June-10-15-2024.pdf
"June 10, 2024","June 15, 2024","Chicken Egg (White, Medium) 56-60 grams/pc",pc,7.02,Weekly-Average-Prices-June-10-15-2024.pdf
"June 10, 2024","June 15, 2024","Chicken Egg (White, Large) 61-65 grams/pc",pc,7.87,Weekly-Average-Prices-June-10-15-2024.pdf
"June 10, 2024","June 15, 2024","Chicken Egg (White, Extra Large) 66-70 grams/pc",pc,8.69,Weekly-Average-Prices-June-10-15-2024.pdf
"June 10, 2024","June 15, 2024","Chicken Egg (White, Jumbo) 71> grams/pc",pc,9.46,Weekly-Average-Prices-June-10-15-2024.pdf
"June 10, 2024","June 15, 2024","Chicken Egg (Brown, Medium) Medium",pc,8.71,Weekly-Average-Prices-June-10-15-2024.pdf
"June 10, 2024","June 15, 2024","Chicken Egg (Brown, Large) Large",pc,9.29,Weekly-Average-Prices-June-10-15-2024.pdf
"June 10, 2024","June 15, 2024","Chicken Egg (Brown, Extra Large) Extra Large",pc,9.79,Weekly-Average-Prices-June-10-15-2024.pdf
"June 10, 2024","June 15, 2024",Ampalaya 4-5 pcs/kg,kg,138.17,Weekly-Average-Prices-June-10-15-2024.pdf
"June 10, 2024","June 15, 2024",Sitao 3-4 Small Bundles,kg,118.77,Weekly-Average-Prices-June-10-15-2024.pdf
"June 10, 2024","June 15, 2024",Pechay (Native) 3-4 Small Bundles,kg,165.66,Weekly-Average-Prices-June-10-15-2024.pdf
"June 10, 2024","June 15, 2024",Squash Suprema Variety,kg,69.35,Weekly-Average-Prices-June-10-15-2024.pdf
"June 10, 2024","June 15, 2024",Eggplant 3-4 Small Bundles,kg,92.05,Weekly-Average-Prices-June-10-15-2024.pdf
"June 10, 2024","June 15, 2024",Tomato 15-18 pcs/kg,kg,81.88,Weekly-Average-Prices-June-10-15-2024.pdf
"June 10, 2024","June 15, 2024",Bell Pepper (Green) Medium (151-250gm/pc),kg,315.73,Weekly-Average-Prices-June-10-15-2024.pdf
"June 10, 2024","June 15, 2024",Bell Pepper (Red) Medium (151-250gm/pc),kg,288.11,Weekly-Average-Prices-June-10-15-2024.pdf
"June 10, 2024","June 15, 2024",Broccoli,kg,201.07,Weekly-Average-Prices-June-10-15-2024.pdf
"June 10, 2024","June 15, 2024",Cabbage (Rare Ball) 510 gm - 1 kg/head,kg,71.6,Weekly-Average-Prices-June-10-15-2024.pdf
"June 10, 2024","June 15, 2024",Cabbage (Scorpio) 750 gm - 1 kg/head,kg,77.02,Weekly-Average-Prices-June-10-15-2024.pdf
"June 10, 2024","June 15, 2024",Cabbage (Wonder Ball) 510 gm - 1 kg/head,kg,77.54,Weekly-Average-Prices-June-10-15-2024.pdf
"June 10, 2024","June 15, 2024",Carrots 8-10 pcs/kg,kg,104.85,Weekly-Average-Prices-June-10-15-2024.pdf
"June 10, 2024","June 15, 2024",Habichuelas (Baguio Beans),kg,139.86,Weekly-Average-Prices-June-10-15-2024.pdf
"June 10, 2024","June 15, 2024",White Potato 10-12 pcs/kg,kg,133.0,Weekly-Average-Prices-June-10-15-2024.pdf
"June 10, 2024","June 15, 2024",Pechay (Baguio),kg,115.72,Weekly-Average-Prices-June-10-15-2024.pdf
"June 10, 2024","June 15, 2024",Chayote,kg,72.26,Weekly-Average-Prices-June-10-15-2024.pdf
"June 10, 2024","June 15, 2024",Red Onion 13-15 pcs/kg,kg,107.86,Weekly-Average-Prices-June-10-15-2024.pdf
"June 10, 2024","June 15, 2024",Red Onion (Imported) kg n/a White Onion,kg,94.48,Weekly-Average-Prices-June-10-15-2024.pdf
"June 10, 2024","June 15, 2024",White Onion (Imported) kg n/a Garlic (Imported),kg,156.18,Weekly-Average-Prices-June-10-15-2024.pdf
"June 10, 2024","June 15, 2024",Garlic (Native),kg,419.35,Weekly-Average-Prices-June-10-15-2024.pdf
"June 10, 2024","June 15, 2024",Ginger,kg,258.24,Weekly-Average-Prices-June-10-15-2024.pdf
"June 10, 2024","June 15, 2024",Chilli (Red),kg,227.97,Weekly-Average-Prices-June-10-15-2024.pdf
"June 10, 2024","June 15, 2024",Calamansi,kg,112.56,Weekly-Average-Prices-June-10-15-2024.pdf
"June 10, 2024","June 15, 2024",Banana (Lakatan) 8-10 pcs/kg,kg,104.07,Weekly-Average-Prices-June-10-15-2024.pdf
"June 10, 2024","June 15, 2024",Banana (Latundan) 10-12 pcs/kg,kg,71.99,Weekly-Average-Prices-June-10-15-2024.pdf
"June 10, 2024","June 15, 2024",Papaya 2-3 pcs/kg,kg,63.28,Weekly-Average-Prices-June-10-15-2024.pdf
"June 10, 2024","June 15, 2024",Mango (Carabao) 3-4 pcs/kg,kg,119.26,Weekly-Average-Prices-June-10-15-2024.pdf
"June 10, 2024","June 15, 2024",Sugar (Refined),kg,84.46,Weekly-Average-Prices-June-10-15-2024.pdf
"June 10, 2024","June 15, 2024",Sugar (Washed),kg,76.45,Weekly-Average-Prices-June-10-15-2024.pdf
"June 10, 2024","June 15, 2024",Sugar (Brown),kg,74.9,Weekly-Average-Prices-June-10-15-2024.pdf
"June 10, 2024","June 15, 2024",Cooking Oil (Palm) 350 ml/bottle,ml,31.17,Weekly-Average-Prices-June-10-15-2024.pdf
"June 10, 2024","June 15, 2024",Cooking Oil (Palm) 1 Liter/bottle,L,80.29,Weekly-Average-Prices-June-10-15-2024.pdf
"June 10, 2024","June 15, 2024",Cooking Oil (Coconut) 350 ml/bottle,ml,33.27,Weekly-Average-Prices-June-10-15-2024.pdf
"June 10, 2024","June 15, 2024",Cooking Oil (Coconut) 1 Liter/bottle,L,84.74,Weekly-Average-Prices-June-10-15-2024.pdf
"June 17, 2024","June 22, 2024",Special Blue Tag,kg,60.65,Weekly-Average-Prices-June-17-22-2024.pdf
"June 17, 2024","June 22, 2024",Premium Yellow Tag,kg,56.84,Weekly-Average-Prices-June-17-22-2024.pdf
"June 17, 2024","June 22, 2024",Well Milled White Tag,kg,53.43,Weekly-Average-Prices-June-17-22-2024.pdf
"June 17, 2024","June 22, 2024",Regular Milled White Tag,kg,49.78,Weekly-Average-Prices-June-17-22-2024.pdf
"June 17, 2024","June 22, 2024",Special Blue Tag,kg,60.65,Weekly-Average-Prices-June-17-22-2024.pdf
"June 17, 2024","June 22, 2024",Premium Yellow Tag,kg,54.82,Weekly-Average-Prices-June-17-22-2024.pdf
"June 17, 2024","June 22, 2024",Well Milled White Tag,kg,51.61,Weekly-Average-Prices-June-17-22-2024.pdf
"June 17, 2024","June 22, 2024",Regular Milled White Tag,kg,49.24,Weekly-Average-Prices-June-17-22-2024.pdf
"June 17, 2024","June 22, 2024",CORN Corn (White) Glutinous,kg,67.94,Weekly-Average-Prices-June-17-22-2024.pdf
"June 17, 2024","June 22, 2024",Corn (Yellow) Japanese,kg,64.99,Weekly-Average-Prices-June-17-22-2024.pdf
"June 17, 2024","June 22, 2024","Corn Grits (White, Food Grade)",kg,80.0,Weekly-Average-Prices-June-17-22-2024.pdf
"June 17, 2024","June 22, 2024","Corn Grits (Yellow, Food Grade) kg n/a Corn Cracked (Yellow, Feed Grade)",kg,51.56,Weekly-Average-Prices-June-17-22-2024.pdf
"June 17, 2024","June 22, 2024",Corn Grits (Feed Grade),kg,41.18,Weekly-Average-Prices-June-17-22-2024.pdf
"June 17, 2024","June 22, 2024",FISH Bangus Large,kg,211.43,Weekly-Average-Prices-June-17-22-2024.pdf
"June 17, 2024","June 22, 2024",Bangus Medium (3-4pcs/kg),kg,186.0,Weekly-Average-Prices-June-17-22-2024.pdf
"June 17, 2024","June 22, 2024",Tilapia Medium (5-6pcs/kg),kg,138.63,Weekly-Average-Prices-June-17-22-2024.pdf
"June 17, 2024","June 22, 2024",Galunggong (Local) Medium (12-14pcs/kg),kg,213.45,Weekly-Average-Prices-June-17-22-2024.pdf
"June 17, 2024","June 22, 2024",Galunggong (Imported) Medium (12-14pcs/kg) kg n/a Alumahan Medium (4-6pcs/kg),kg,297.11,Weekly-Average-Prices-June-17-22-2024.pdf
"June 17, 2024","June 22, 2024",Bonito kg n/a Salmon Head,kg,192.96,Weekly-Average-Prices-June-17-22-2024.pdf
"June 17, 2024","June 22, 2024",Sardines (Tamban),kg,149.02,Weekly-Average-Prices-June-17-22-2024.pdf
"June 17, 2024","June 22, 2024",Squid Medium,kg,388.07,Weekly-Average-Prices-June-17-22-2024.pdf
"June 17, 2024","June 22, 2024",Yellow-Fin Tuna (Tambakol),kg,208.23,Weekly-Average-Prices-June-17-22-2024.pdf
"June 17, 2024","June 22, 2024",LIVESTOCK & POULTRY PRODUCTS Beef Rump Lean Meat/ Tapadera,kg,443.29,Weekly-Average-Prices-June-17-22-2024.pdf
"June 17, 2024","June 22, 2024",Beef Brisket Meat with Bones,kg,385.52,Weekly-Average-Prices-June-17-22-2024.pdf
"June 17, 2024","June 22, 2024",Pork Ham Kasim,kg,342.05,Weekly-Average-Prices-June-17-22-2024.pdf
"June 17, 2024","June 22, 2024",Pork Belly Liempo,kg,381.8,Weekly-Average-Prices-June-17-22-2024.pdf
"June 17, 2024","June 22, 2024",Whole Chicken Fully Dressed,kg,190.01,Weekly-Average-Prices-June-17-22-2024.pdf
"June 17, 2024","June 22, 2024","Chicken Egg (White, Pewee) 41-45 grams/pc",pc,4.88,Weekly-Average-Prices-June-17-22-2024.pdf
"June 17, 2024","June 22, 2024","Chicken Egg (White, Extra Small) 46-50 grams/pc",pc,6.06,Weekly-Average-Prices-June-17-22-2024.pdf
"June 17, 2024","June 22, 2024","Chicken Egg (White, Small) 51-55 grams/pc",pc,6.17,Weekly-Average-Prices-June-17-22-2024.pdf
"June 17, 2024","June 22, 2024","Chicken Egg (White, Medium) 56-60 grams/pc",pc,7.12,Weekly-Average-Prices-June-17-22-2024.pdf
"June 17, 2024","June 22, 2024","Chicken Egg (White, Large) 61-65 grams/pc",pc,7.98,Weekly-Average-Prices-June-17-22-2024.pdf
"June 17, 2024","June 22, 2024","Chicken Egg (White, Extra Large) 66-70 grams/pc",pc,8.77,Weekly-Average-Prices-June-17-22-2024.pdf
"June 17, 2024","June 22, 2024","Chicken Egg (White, Jumbo) 71> grams/pc",pc,9.54,Weekly-Average-Prices-June-17-22-2024.pdf
"June 17, 2024","June 22, 2024","Chicken Egg (Brown, Medium) Medium",pc,9.14,Weekly-Average-Prices-June-17-22-2024.pdf
"June 17, 2024","June 22, 2024","Chicken Egg (Brown, Large) Large",pc,9.02,Weekly-Average-Prices-June-17-22-2024.pdf
"June 17, 2024","June 22, 2024","Chicken Egg (Brown, Extra Large) Extra Large",pc,9.72,Weekly-Average-Prices-June-17-22-2024.pdf
"June 17, 2024","June 22, 2024",Ampalaya 4-5 pcs/kg,kg,138.66,Weekly-Average-Prices-June-17-22-2024.pdf
"June 17, 2024","June 22, 2024",Sitao 3-4 Small Bundles,kg,118.04,Weekly-Average-Prices-June-17-22-2024.pdf
"June 17, 2024","June 22, 2024",Pechay (Native) 3-4 Small Bundles,kg,159.6,Weekly-Average-Prices-June-17-22-2024.pdf
"June 17, 2024","June 22, 2024",Squash Suprema Variety,kg,68.97,Weekly-Average-Prices-June-17-22-2024.pdf
"June 17, 2024","June 22, 2024",Eggplant 3-4 Small Bundles,kg,92.68,Weekly-Average-Prices-June-17-22-2024.pdf
"June 17, 2024","June 22, 2024",Tomato 15-18 pcs/kg,kg,107.67,Weekly-Average-Prices-June-17-22-2024.pdf
"June 17, 2024","June 22, 2024",Bell Pepper (Green) Medium (151-250gm/pc),kg,314.99,Weekly-Average-Prices-June-17-22-2024.pdf
"June 17, 2024","June 22, 2024",Bell Pepper (Red) Medium (151-250gm/pc),kg,289.6,Weekly-Average-Prices-June-17-22-2024.pdf
"June 17, 2024","June 22, 2024",Broccoli,kg,234.61,Weekly-Average-Prices-June-17-22-2024.pdf
"June 17, 2024","June 22, 2024",Cabbage (Rare Ball) 510 gm - 1 kg/head,kg,71.33,Weekly-Average-Prices-June-17-22-2024.pdf
"June 17, 2024","June 22, 2024",Cabbage (Scorpio) 750 gm - 1 kg/head,kg,77.55,Weekly-Average-Prices-June-17-22-2024.pdf
"June 17, 2024","June 22, 2024",Cabbage (Wonder Ball) 510 gm - 1 kg/head,kg,76.94,Weekly-Average-Prices-June-17-22-2024.pdf
"June 17, 2024","June 22, 2024",Carrots 8-10 pcs/kg,kg,111.87,Weekly-Average-Prices-June-17-22-2024.pdf
"June 17, 2024","June 22, 2024",Habichuelas (Baguio Beans),kg,160.65,Weekly-Average-Prices-June-17-22-2024.pdf
"June 17, 2024","June 22, 2024",White Potato 10-12 pcs/kg,kg,134.57,Weekly-Average-Prices-June-17-22-2024.pdf
"June 17, 2024","June 22, 2024",Pechay (Baguio),kg,112.32,Weekly-Average-Prices-June-17-22-2024.pdf
"June 17, 2024","June 22, 2024",Chayote,kg,70.28,Weekly-Average-Prices-June-17-22-2024.pdf
"June 17, 2024","June 22, 2024",Red Onion 13-15 pcs/kg,kg,108.17,Weekly-Average-Prices-June-17-22-2024.pdf
"June 17, 2024","June 22, 2024",Red Onion (Imported) kg n/a White Onion,kg,94.71,Weekly-Average-Prices-June-17-22-2024.pdf
"June 17, 2024","June 22, 2024",White Onion (Imported) kg n/a Garlic (Imported),kg,156.78,Weekly-Average-Prices-June-17-22-2024.pdf
"June 17, 2024","June 22, 2024",Garlic (Native),kg,418.18,Weekly-Average-Prices-June-17-22-2024.pdf
"June 17, 2024","June 22, 2024",Ginger,kg,246.73,Weekly-Average-Prices-June-17-22-2024.pdf
"June 17, 2024","June 22, 2024",Chilli (Red),kg,250.8,Weekly-Average-Prices-June-17-22-2024.pdf
"June 17, 2024","June 22, 2024",Calamansi,kg,110.77,Weekly-Average-Prices-June-17-22-2024.pdf
"June 17, 2024","June 22, 2024",Banana (Lakatan) 8-10 pcs/kg,kg,103.52,Weekly-Average-Prices-June-17-22-2024.pdf
"June 17, 2024","June 22, 2024",Banana (Latundan) 10-12 pcs/kg,kg,71.25,Weekly-Average-Prices-June-17-22-2024.pdf
"June 17, 2024","June 22, 2024",Papaya 2-3 pcs/kg,kg,63.02,Weekly-Average-Prices-June-17-22-2024.pdf
"June 17, 2024","June 22, 2024",Mango (Carabao) 3-4 pcs/kg,kg,123.68,Weekly-Average-Prices-June-17-22-2024.pdf
"June 17, 2024","June 22, 2024",Sugar (Refined),kg,85.38,Weekly-Average-Prices-June-17-22-2024.pdf
"June 17, 2024","June 22, 2024",Sugar (Washed),kg,76.25,Weekly-Average-Prices-June-17-22-2024.pdf
"June 17, 2024","June 22, 2024",Sugar (Brown),kg,74.83,Weekly-Average-Prices-June-17-22-2024.pdf
"June 17, 2024","June 22, 2024",Cooking Oil (Palm) 350 ml/bottle,ml,30.98,Weekly-Average-Prices-June-17-22-2024.pdf
"June 17, 2024","June 22, 2024",Cooking Oil (Palm) 1 Liter/bottle,L,80.32,Weekly-Average-Prices-June-17-22-2024.pdf
"June 17, 2024","June 22, 2024",Cooking Oil (Coconut) 350 ml/bottle,ml,33.24,Weekly-Average-Prices-June-17-22-2024.pdf
"June 17, 2024","June 22, 2024",Cooking Oil (Coconut) 1 Liter/bottle,L,85.03,Weekly-Average-Prices-June-17-22-2024.pdf
"June 24, 2024","June 29, 2024",Special Blue Tag,kg,60.49,Weekly-Average-Prices-June-24-29-2024.pdf
"June 24, 2024","June 29, 2024",Premium Yellow Tag,kg,56.76,Weekly-Average-Prices-June-24-29-2024.pdf
"June 24, 2024","June 29, 2024",Well Milled White Tag,kg,53.43,Weekly-Average-Prices-June-24-29-2024.pdf
"June 24, 2024","June 29, 2024",Regular Milled White Tag,kg,49.54,Weekly-Average-Prices-June-24-29-2024.pdf
"June 24, 2024","June 29, 2024",Special Blue Tag,kg,60.7,Weekly-Average-Prices-June-24-29-2024.pdf
"June 24, 2024","June 29, 2024",Premium Yellow Tag,kg,54.85,Weekly-Average-Prices-June-24-29-2024.pdf
"June 24, 2024","June 29, 2024",Well Milled White Tag,kg,51.5,Weekly-Average-Prices-June-24-29-2024.pdf
"June 24, 2024","June 29, 2024",Regular Milled White Tag,kg,49.03,Weekly-Average-Prices-June-24-29-2024.pdf
"June 24, 2024","June 29, 2024",CORN Corn (White) Glutinous,kg,68.77,Weekly-Average-Prices-June-24-29-2024.pdf
"June 24, 2024","June 29, 2024",Corn (Yellow) Japanese,kg,65.22,Weekly-Average-Prices-June-24-29-2024.pdf
"June 24, 2024","June 29, 2024","Corn Grits (White, Food Grade)",kg,80.0,Weekly-Average-Prices-June-24-29-2024.pdf
"June 24, 2024","June 29, 2024","Corn Grits (Yellow, Food Grade) kg n/a Corn Cracked (Yellow, Feed Grade)",kg,50.92,Weekly-Average-Prices-June-24-29-2024.pdf
"June 24, 2024","June 29, 2024",Corn Grits (Feed Grade),kg,41.09,Weekly-Average-Prices-June-24-29-2024.pdf
"June 24, 2024","June 29, 2024",FISH Bangus Large,kg,210.51,Weekly-Average-Prices-June-24-29-2024.pdf
"June 24, 2024","June 29, 2024",Bangus Medium (3-4pcs/kg),kg,185.85,Weekly-Average-Prices-June-24-29-2024.pdf
"June 24, 2024","June 29, 2024",Tilapia Medium (5-6pcs/kg),kg,137.76,Weekly-Average-Prices-June-24-29-2024.pdf
"June 24, 2024","June 29, 2024",Galunggong (Local) Medium (12-14pcs/kg),kg,217.77,Weekly-Average-Prices-June-24-29-2024.pdf
"June 24, 2024","June 29, 2024",Galunggong (Imported) Medium (12-14pcs/kg) kg n/a Alumahan Medium (4-6pcs/kg),kg,304.23,Weekly-Average-Prices-June-24-29-2024.pdf
"June 24, 2024","June 29, 2024",Bonito kg n/a Salmon Head,kg,193.57,Weekly-Average-Prices-June-24-29-2024.pdf
"June 24, 2024","June 29, 2024",Sardines (Tamban),kg,148.7,Weekly-Average-Prices-June-24-29-2024.pdf
"June 24, 2024","June 29, 2024",Squid Medium,kg,389.64,Weekly-Average-Prices-June-24-29-2024.pdf
"June 24, 2024","June 29, 2024",Yellow-Fin Tuna (Tambakol),kg,214.44,Weekly-Average-Prices-June-24-29-2024.pdf
"June 24, 2024","June 29, 2024",LIVESTOCK & POULTRY PRODUCTS Beef Rump Lean Meat/ Tapadera,kg,443.02,Weekly-Average-Prices-June-24-29-2024.pdf
"June 24, 2024","June 29, 2024",Beef Brisket Meat with Bones,kg,385.03,Weekly-Average-Prices-June-24-29-2024.pdf
"June 24, 2024","June 29, 2024",Pork Ham Kasim,kg,342.24,Weekly-Average-Prices-June-24-29-2024.pdf
"June 24, 2024","June 29, 2024",Pork Belly Liempo,kg,381.85,Weekly-Average-Prices-June-24-29-2024.pdf
"June 24, 2024","June 29, 2024",Whole Chicken Fully Dressed,kg,194.51,Weekly-Average-Prices-June-24-29-2024.pdf
"June 24, 2024","June 29, 2024","Chicken Egg (White, Pewee) 41-45 grams/pc",pc,4.91,Weekly-Average-Prices-June-24-29-2024.pdf
"June 24, 2024","June 29, 2024","Chicken Egg (White, Extra Small) 46-50 grams/pc",pc,6.07,Weekly-Average-Prices-June-24-29-2024.pdf
"June 24, 2024","June 29, 2024","Chicken Egg (White, Small) 51-55 grams/pc",pc,6.29,Weekly-Average-Prices-June-24-29-2024.pdf
"June 24, 2024","June 29, 2024","Chicken Egg (White, Medium) 56-60 grams/pc",pc,7.16,Weekly-Average-Prices-June-24-29-2024.pdf
"June 24, 2024","June 29, 2024","Chicken Egg (White, Large) 61-65 grams/pc",pc,8.04,Weekly-Average-Prices-June-24-29-2024.pdf
"June 24, 2024","June 29, 2024","Chicken Egg (White, Extra Large) 66-70 grams/pc",pc,8.84,Weekly-Average-Prices-June-24-29-2024.pdf
"June 24, 2024","June 29, 2024","Chicken Egg (White, Jumbo) 71> grams/pc",pc,9.54,Weekly-Average-Prices-June-24-29-2024.pdf
"June 24, 2024","June 29, 2024","Chicken Egg (Brown, Medium) Medium",pc,9.33,Weekly-Average-Prices-June-24-29-2024.pdf
"June 24, 2024","June 29, 2024","Chicken Egg (Brown, Large) Large",pc,9.17,Weekly-Average-Prices-June-24-29-2024.pdf
"June 24, 2024","June 29, 2024","Chicken Egg (Brown, Extra Large) Extra Large",pc,9.25,Weekly-Average-Prices-June-24-29-2024.pdf
"June 24, 2024","June 29, 2024",Ampalaya 4-5 pcs/kg,kg,123.59,Weekly-Average-Prices-June-24-29-2024.pdf
"June 24, 2024","June 29, 2024",Sitao 3-4 Small Bundles,kg,120.51,Weekly-Average-Prices-June-24-29-2024.pdf
"June 24, 2024","June 29, 2024",Pechay (Native) 3-4 Small Bundles,kg,133.52,Weekly-Average-Prices-June-24-29-2024.pdf
"June 24, 2024","June 29, 2024",Squash Suprema Variety,kg,66.83,Weekly-Average-Prices-June-24-29-2024.pdf
"June 24, 2024","June 29, 2024",Eggplant 3-4 Small Bundles,kg,87.45,Weekly-Average-Prices-June-24-29-2024.pdf
"June 24, 2024","June 29, 2024",Tomato 15-18 pcs/kg,kg,129.73,Weekly-Average-Prices-June-24-29-2024.pdf
"June 24, 2024","June 29, 2024",Bell Pepper (Green) Medium (151-250gm/pc),kg,305.36,Weekly-Average-Prices-June-24-29-2024.pdf
"June 24, 2024","June 29, 2024",Bell Pepper (Red) Medium (151-250gm/pc),kg,283.05,Weekly-Average-Prices-June-24-29-2024.pdf
"June 24, 2024","June 29, 2024",Broccoli,kg,241.52,Weekly-Average-Prices-June-24-29-2024.pdf
"June 24, 2024","June 29, 2024",Cabbage (Rare Ball) 510 gm - 1 kg/head,kg,76.41,Weekly-Average-Prices-June-24-29-2024.pdf
"June 24, 2024","June 29, 2024",Cabbage (Scorpio) 750 gm - 1 kg/head,kg,79.12,Weekly-Average-Prices-June-24-29-2024.pdf
"June 24, 2024","June 29, 2024",Cabbage (Wonder Ball) 510 gm - 1 kg/head,kg,79.18,Weekly-Average-Prices-June-24-29-2024.pdf
"June 24, 2024","June 29, 2024",Carrots 8-10 pcs/kg,kg,117.94,Weekly-Average-Prices-June-24-29-2024.pdf
"June 24, 2024","June 29, 2024",Habichuelas (Baguio Beans),kg,157.74,Weekly-Average-Prices-June-24-29-2024.pdf
"June 24, 2024","June 29, 2024",White Potato 10-12 pcs/kg,kg,127.5,Weekly-Average-Prices-June-24-29-2024.pdf
"June 24, 2024","June 29, 2024",Pechay (Baguio),kg,103.92,Weekly-Average-Prices-June-24-29-2024.pdf
"June 24, 2024","June 29, 2024",Chayote,kg,64.88,Weekly-Average-Prices-June-24-29-2024.pdf
"June 24, 2024","June 29, 2024",Red Onion 13-15 pcs/kg,kg,108.02,Weekly-Average-Prices-June-24-29-2024.pdf
"June 24, 2024","June 29, 2024",Red Onion (Imported) kg n/a White Onion,kg,94.75,Weekly-Average-Prices-June-24-29-2024.pdf
"June 24, 2024","June 29, 2024",White Onion (Imported) kg n/a Garlic (Imported),kg,155.98,Weekly-Average-Prices-June-24-29-2024.pdf
"June 24, 2024","June 29, 2024",Garlic (Native),kg,425.0,Weekly-Average-Prices-June-24-29-2024.pdf
"June 24, 2024","June 29, 2024",Ginger,kg,238.58,Weekly-Average-Prices-June-24-29-2024.pdf
"June 24, 2024","June 29, 2024",Chilli (Red),kg,245.24,Weekly-Average-Prices-June-24-29-2024.pdf
"June 24, 2024","June 29, 2024",Calamansi,kg,113.24,Weekly-Average-Prices-June-24-29-2024.pdf
"June 24, 2024","June 29, 2024",Banana (Lakatan) 8-10 pcs/kg,kg,103.47,Weekly-Average-Prices-June-24-29-2024.pdf
"June 24, 2024","June 29, 2024",Banana (Latundan) 10-12 pcs/kg,kg,71.71,Weekly-Average-Prices-June-24-29-2024.pdf
"June 24, 2024","June 29, 2024",Papaya 2-3 pcs/kg,kg,63.7,Weekly-Average-Prices-June-24-29-2024.pdf
"June 24, 2024","June 29, 2024",Mango (Carabao) 3-4 pcs/kg,kg,129.28,Weekly-Average-Prices-June-24-29-2024.pdf
"June 24, 2024","June 29, 2024",Sugar (Refined),kg,84.35,Weekly-Average-Prices-June-24-29-2024.pdf
"June 24, 2024","June 29, 2024",Sugar (Washed),kg,76.28,Weekly-Average-Prices-June-24-29-2024.pdf
"June 24, 2024","June 29, 2024",Sugar (Brown),kg,74.81,Weekly-Average-Prices-June-24-29-2024.pdf
"June 24, 2024","June 29, 2024",Cooking Oil (Palm) 350 ml/bottle,ml,31.13,Weekly-Average-Prices-June-24-29-2024.pdf
"June 24, 2024","June 29, 2024",Cooking Oil (Palm) 1 Liter/bottle,L,80.27,Weekly-Average-Prices-June-24-29-2024.pdf
"June 24, 2024","June 29, 2024",Cooking Oil (Coconut) 350 ml/bottle,ml,33.22,Weekly-Average-Prices-June-24-29-2024.pdf
"June 24, 2024","June 29, 2024",Cooking Oil (Coconut) 1 Liter/bottle,L,84.65,Weekly-Average-Prices-June-24-29-2024.pdf
"March 4, 2024","March 8, 2024",Special Blue Tag,kg,60.95,Weekly-Average-Prices-March-4-8-2024.pdf
"March 4, 2024","March 8, 2024",Premium Yellow Tag,kg,58.21,Weekly-Average-Prices-March-4-8-2024.pdf
"March 4, 2024","March 8, 2024",Well Milled White Tag,kg,53.45,Weekly-Average-Prices-March-4-8-2024.pdf
"March 4, 2024","March 8, 2024",Regular Milled White Tag,kg,50.2,Weekly-Average-Prices-March-4-8-2024.pdf
"March 4, 2024","March 8, 2024",Special Blue Tag,kg,61.03,Weekly-Average-Prices-March-4-8-2024.pdf
"March 4, 2024","March 8, 2024",Premium Yellow Tag,kg,55.37,Weekly-Average-Prices-March-4-8-2024.pdf
"March 4, 2024","March 8, 2024",Well Milled White Tag,kg,51.94,Weekly-Average-Prices-March-4-8-2024.pdf
"March 4, 2024","March 8, 2024",Regular Milled White Tag,kg,49.67,Weekly-Average-Prices-March-4-8-2024.pdf
"March 4, 2024","March 8, 2024",CORN Corn (White) Glutinous,kg,78.94,Weekly-Average-Prices-March-4-8-2024.pdf
"March 4, 2024","March 8, 2024",Corn (Yellow) Japanese,kg,63.79,Weekly-Average-Prices-March-4-8-2024.pdf
"March 4, 2024","March 8, 2024",FISH Bangus Medium (3-4pcs/kg),kg,192.59,Weekly-Average-Prices-March-4-8-2024.pdf
"March 4, 2024","March 8, 2024",Tilapia Medium (5-6pcs/kg),kg,141.58,Weekly-Average-Prices-March-4-8-2024.pdf
"March 4, 2024","March 8, 2024",Galunggong (Local) Medium (12-14pcs/kg),kg,236.89,Weekly-Average-Prices-March-4-8-2024.pdf
"March 4, 2024","March 8, 2024",Galunggong (Imported) Medium (12-14pcs/kg),kg,203.57,Weekly-Average-Prices-March-4-8-2024.pdf
"March 4, 2024","March 8, 2024",Alumahan Medium (4-6pcs/kg),kg,299.5,Weekly-Average-Prices-March-4-8-2024.pdf
"March 4, 2024","March 8, 2024",LIVESTOCK & POULTRY PRODUCTS Beef Rump Lean Meat/Tapadera,kg,442.85,Weekly-Average-Prices-March-4-8-2024.pdf
"March 4, 2024","March 8, 2024",Beef Brisket Meat with Bones,kg,383.79,Weekly-Average-Prices-March-4-8-2024.pdf
"March 4, 2024","March 8, 2024",Pork Ham Kasim,kg,330.95,Weekly-Average-Prices-March-4-8-2024.pdf
"March 4, 2024","March 8, 2024",Pork Belly Liempo,kg,378.0,Weekly-Average-Prices-March-4-8-2024.pdf
"March 4, 2024","March 8, 2024",Whole Chicken Fully Dressed,kg,181.25,Weekly-Average-Prices-March-4-8-2024.pdf
"March 4, 2024","March 8, 2024",Chicken Egg Medium size,pc,7.37,Weekly-Average-Prices-March-4-8-2024.pdf
"March 4, 2024","March 8, 2024",Ampalaya 4-5 pcs/kg,kg,122.76,Weekly-Average-Prices-March-4-8-2024.pdf
"March 4, 2024","March 8, 2024",Sitao 3-4 Small Bundles,kg,118.03,Weekly-Average-Prices-March-4-8-2024.pdf
"March 4, 2024","March 8, 2024",Pechay (Native) 3-4 Small Bundles,kg,59.78,Weekly-Average-Prices-March-4-8-2024.pdf
"March 4, 2024","March 8, 2024",Squash Suprema Variety,kg,47.68,Weekly-Average-Prices-March-4-8-2024.pdf
"March 4, 2024","March 8, 2024",Eggplant 3-4 Small Bundles,kg,81.54,Weekly-Average-Prices-March-4-8-2024.pdf
"March 4, 2024","March 8, 2024",Tomato 15-18 pcs/kg,kg,81.99,Weekly-Average-Prices-March-4-8-2024.pdf
"March 4, 2024","March 8, 2024",Bell Pepper (Green) Medium (151-250gm/pc),kg,230.17,Weekly-Average-Prices-March-4-8-2024.pdf
"March 4, 2024","March 8, 2024",Bell Pepper (Red) Medium (151-250gm/pc),kg,223.63,Weekly-Average-Prices-March-4-8-2024.pdf
"March 4, 2024","March 8, 2024",Cabbage (Rare Ball) 510 gm - 1 kg/head,kg,61.98,Weekly-Average-Prices-March-4-8-2024.pdf
"March 4, 2024","March 8, 2024",Cabbage (Scorpio) 750 gm - 1 kg/head,kg,69.78,Weekly-Average-Prices-March-4-8-2024.pdf
"March 4, 2024","March 8, 2024",Cabbage (Wonder Ball) 510 gm - 1 kg/head,kg,64.78,Weekly-Average-Prices-March-4-8-2024.pdf
"March 4, 2024","March 8, 2024",Carrots 8-10 pcs/kg,kg,119.79,Weekly-Average-Prices-March-4-8-2024.pdf
"March 4, 2024","March 8, 2024",Habitchuelas (Baguio Beans),kg,98.01,Weekly-Average-Prices-March-4-8-2024.pdf
"March 4, 2024","March 8, 2024",White Potato 10-12 pcs/kg,kg,122.91,Weekly-Average-Prices-March-4-8-2024.pdf
"March 4, 2024","March 8, 2024",Pechay (Baguio),kg,63.34,Weekly-Average-Prices-March-4-8-2024.pdf
"March 4, 2024","March 8, 2024",Chayote,kg,46.74,Weekly-Average-Prices-March-4-8-2024.pdf
"March 4, 2024","March 8, 2024",Red Onion 13-15 pcs/kg,kg,89.96,Weekly-Average-Prices-March-4-8-2024.pdf
"March 4, 2024","March 8, 2024",Red Onion (Imported),kg,93.18,Weekly-Average-Prices-March-4-8-2024.pdf
"March 4, 2024","March 8, 2024",White Onion,kg,78.67,Weekly-Average-Prices-March-4-8-2024.pdf
"March 4, 2024","March 8, 2024",White Onion (Imported),kg,102.56,Weekly-Average-Prices-March-4-8-2024.pdf
"March 4, 2024","March 8, 2024",Garlic (Imported),kg,145.22,Weekly-Average-Prices-March-4-8-2024.pdf
"March 4, 2024","March 8, 2024",Garlic (Native),kg,445.45,Weekly-Average-Prices-March-4-8-2024.pdf
"March 4, 2024","March 8, 2024",Ginger,kg,131.49,Weekly-Average-Prices-March-4-8-2024.pdf
"March 4, 2024","March 8, 2024",Chilli (Labuyo),kg,154.76,Weekly-Average-Prices-March-4-8-2024.pdf
"March 4, 2024","March 8, 2024",Calamansi,kg,94.59,Weekly-Average-Prices-March-4-8-2024.pdf
"March 4, 2024","March 8, 2024",Banana (Lakatan) 8-10 pcs/kg,kg,105.39,Weekly-Average-Prices-March-4-8-2024.pdf
"March 4, 2024","March 8, 2024",Banana (Latundan) 10-12 pcs/kg,kg,72.18,Weekly-Average-Prices-March-4-8-2024.pdf
"March 4, 2024","March 8, 2024",Papaya 2-3 pcs/kg,kg,65.44,Weekly-Average-Prices-March-4-8-2024.pdf
"March 4, 2024","March 8, 2024",Mango (Carabao) 3-4 pcs/kg,kg,175.09,Weekly-Average-Prices-March-4-8-2024.pdf
"March 4, 2024","March 8, 2024",Sugar (Refined),kg,84.22,Weekly-Average-Prices-March-4-8-2024.pdf
"March 4, 2024","March 8, 2024",Sugar (Washed),kg,78.3,Weekly-Average-Prices-March-4-8-2024.pdf
"March 4, 2024","March 8, 2024",Sugar (Brown),kg,76.36,Weekly-Average-Prices-March-4-8-2024.pdf
"March 4, 2024","March 8, 2024",Cooking Oil (Palm) 350 ml/bottle,ml,29.94,Weekly-Average-Prices-March-4-8-2024.pdf
"March 4, 2024","March 8, 2024",Cooking Oil (Palm) 1 Liter/bottle,L,77.68,Weekly-Average-Prices-March-4-8-2024.pdf
"March 4, 2024","March 8, 2024",Cooking Oil (Coconut) 350 ml/bottle,ml,32.32,Weekly-Average-Prices-March-4-8-2024.pdf
"March 4, 2024","March 8, 2024",Cooking Oil (Coconut) 1 Liter/bottle,L,80.7,Weekly-Average-Prices-March-4-8-2024.pdf
"May 13, 2024","May 18, 2024",Special Blue Tag,kg,60.44,Weekly-Average-Prices-May-13-18-2024.pdf
"May 13, 2024","May 18, 2024",Premium Yellow Tag,kg,57.36,Weekly-Average-Prices-May-13-18-2024.pdf
"May 13, 2024","May 18, 2024",Well Milled White Tag,kg,52.9,Weekly-Average-Prices-May-13-18-2024.pdf
"May 13, 2024","May 18, 2024",Regular Milled White Tag,kg,49.61,Weekly-Average-Prices-May-13-18-2024.pdf
"May 13, 2024","May 18, 2024",Special Blue Tag,kg,60.65,Weekly-Average-Prices-May-13-18-2024.pdf
"May 13, 2024","May 18, 2024",Premium Yellow Tag,kg,54.78,Weekly-Average-Prices-May-13-18-2024.pdf
"May 13, 2024","May 18, 2024",Well Milled White Tag,kg,51.28,Weekly-Average-Prices-May-13-18-2024.pdf
"May 13, 2024","May 18, 2024",Regular Milled White Tag,kg,49.37,Weekly-Average-Prices-May-13-18-2024.pdf
"May 13, 2024","May 18, 2024",CORN Corn (White) Glutinous,kg,69.9,Weekly-Average-Prices-May-13-18-2024.pdf
"May 13, 2024","May 18, 2024",Corn (Yellow) Japanese,kg,64.49,Weekly-Average-Prices-May-13-18-2024.pdf
"May 13, 2024","May 18, 2024","Corn Grits (White, Food Grade)",kg,80.0,Weekly-Average-Prices-May-13-18-2024.pdf
"May 13, 2024","May 18, 2024","Corn Grits (Yellow, Food Grade) kg n/a Corn Cracked (Yellow, Feed Grade)",kg,51.47,Weekly-Average-Prices-May-13-18-2024.pdf
"May 13, 2024","May 18, 2024",Corn Grits (Feed Grade),kg,40.37,Weekly-Average-Prices-May-13-18-2024.pdf
"May 13, 2024","May 18, 2024",FISH Bangus Large,kg,209.52,Weekly-Average-Prices-May-13-18-2024.pdf
"May 13, 2024","May 18, 2024",Bangus Medium (3-4pcs/kg),kg,184.68,Weekly-Average-Prices-May-13-18-2024.pdf
"May 13, 2024","May 18, 2024",Tilapia Medium (5-6pcs/kg),kg,135.7,Weekly-Average-Prices-May-13-18-2024.pdf
"May 13, 2024","May 18, 2024",Galunggong (Local) Medium (12-14pcs/kg),kg,201.51,Weekly-Average-Prices-May-13-18-2024.pdf
"May 13, 2024","May 18, 2024",Galunggong (Imported) Medium (12-14pcs/kg) kg n/a Alumahan Medium (4-6pcs/kg),kg,294.89,Weekly-Average-Prices-May-13-18-2024.pdf
"May 13, 2024","May 18, 2024",Bonito,kg,173.43,Weekly-Average-Prices-May-13-18-2024.pdf
"May 13, 2024","May 18, 2024",Salmon Head,kg,188.84,Weekly-Average-Prices-May-13-18-2024.pdf
"May 13, 2024","May 18, 2024",Sardines (Tamban),kg,158.32,Weekly-Average-Prices-May-13-18-2024.pdf
"May 13, 2024","May 18, 2024",Squid Medium,kg,355.92,Weekly-Average-Prices-May-13-18-2024.pdf
"May 13, 2024","May 18, 2024",Yellow-Fin Tuna (Tambakol),kg,202.08,Weekly-Average-Prices-May-13-18-2024.pdf
"May 13, 2024","May 18, 2024",LIVESTOCK & POULTRY PRODUCTS Beef Rump Lean Meat/ Tapadera,kg,441.84,Weekly-Average-Prices-May-13-18-2024.pdf
"May 13, 2024","May 18, 2024",Beef Brisket Meat with Bones,kg,383.93,Weekly-Average-Prices-May-13-18-2024.pdf
"May 13, 2024","May 18, 2024",Pork Ham Kasim,kg,337.36,Weekly-Average-Prices-May-13-18-2024.pdf
"May 13, 2024","May 18, 2024",Pork Belly Liempo,kg,377.55,Weekly-Average-Prices-May-13-18-2024.pdf
"May 13, 2024","May 18, 2024",Whole Chicken Fully Dressed,kg,190.73,Weekly-Average-Prices-May-13-18-2024.pdf
"May 13, 2024","May 18, 2024","Chicken Egg (White, Pewee) 41-45 grams/pc",pc,4.62,Weekly-Average-Prices-May-13-18-2024.pdf
"May 13, 2024","May 18, 2024","Chicken Egg (White, Extra Small) 46-50 grams/pc",pc,5.11,Weekly-Average-Prices-May-13-18-2024.pdf
"May 13, 2024","May 18, 2024","Chicken Egg (White, Small) 51-55 grams/pc",pc,5.89,Weekly-Average-Prices-May-13-18-2024.pdf
"May 13, 2024","May 18, 2024","Chicken Egg (White, Medium) 56-60 grams/pc",pc,6.91,Weekly-Average-Prices-May-13-18-2024.pdf
"May 13, 2024","May 18, 2024","Chicken Egg (White, Large) 61-65 grams/pc",pc,7.78,Weekly-Average-Prices-May-13-18-2024.pdf
"May 13, 2024","May 18, 2024","Chicken Egg (White, Extra Large) 66-70 grams/pc",pc,8.61,Weekly-Average-Prices-May-13-18-2024.pdf
"May 13, 2024","May 18, 2024","Chicken Egg (White, Jumbo) 71> grams/pc",pc,9.23,Weekly-Average-Prices-May-13-18-2024.pdf
"May 13, 2024","May 18, 2024","Chicken Egg (Brown, Medium) Medium",pc,8.53,Weekly-Average-Prices-May-13-18-2024.pdf
"May 13, 2024","May 18, 2024","Chicken Egg (Brown, Large) Large",pc,9.16,Weekly-Average-Prices-May-13-18-2024.pdf
"May 13, 2024","May 18, 2024","Chicken Egg (Brown, Extra Large) Extra Large",pc,9.95,Weekly-Average-Prices-May-13-18-2024.pdf
"May 13, 2024","May 18, 2024",Ampalaya 4-5 pcs/kg,kg,136.96,Weekly-Average-Prices-May-13-18-2024.pdf
"May 13, 2024","May 18, 2024",Sitao 3-4 Small Bundles,kg,128.27,Weekly-Average-Prices-May-13-18-2024.pdf
"May 13, 2024","May 18, 2024",Pechay (Native) 3-4 Small Bundles,kg,74.07,Weekly-Average-Prices-May-13-18-2024.pdf
"May 13, 2024","May 18, 2024",Squash Suprema Variety,kg,51.65,Weekly-Average-Prices-May-13-18-2024.pdf
"May 13, 2024","May 18, 2024",Eggplant 3-4 Small Bundles,kg,93.4,Weekly-Average-Prices-May-13-18-2024.pdf
"May 13, 2024","May 18, 2024",Tomato 15-18 pcs/kg,kg,62.87,Weekly-Average-Prices-May-13-18-2024.pdf
"May 13, 2024","May 18, 2024",Bell Pepper (Green) Medium (151-250gm/pc),kg,265.97,Weekly-Average-Prices-May-13-18-2024.pdf
"May 13, 2024","May 18, 2024",Bell Pepper (Red) Medium (151-250gm/pc),kg,252.52,Weekly-Average-Prices-May-13-18-2024.pdf
"May 13, 2024","May 18, 2024",Broccoli,kg,266.12,Weekly-Average-Prices-May-13-18-2024.pdf
"May 13, 2024","May 18, 2024",Cabbage (Rare Ball) 510 gm - 1 kg/head,kg,63.33,Weekly-Average-Prices-May-13-18-2024.pdf
"May 13, 2024","May 18, 2024",Cabbage (Scorpio) 750 gm - 1 kg/head,kg,68.75,Weekly-Average-Prices-May-13-18-2024.pdf
"May 13, 2024","May 18, 2024",Cabbage (Wonder Ball) 510 gm - 1 kg/head,kg,71.54,Weekly-Average-Prices-May-13-18-2024.pdf
"May 13, 2024","May 18, 2024",Carrots 8-10 pcs/kg,kg,97.76,Weekly-Average-Prices-May-13-18-2024.pdf
"May 13, 2024","May 18, 2024",Habichuelas (Baguio Beans),kg,182.08,Weekly-Average-Prices-May-13-18-2024.pdf
"May 13, 2024","May 18, 2024",White Potato 10-12 pcs/kg,kg,106.11,Weekly-Average-Prices-May-13-18-2024.pdf
"May 13, 2024","May 18, 2024",Pechay (Baguio),kg,71.58,Weekly-Average-Prices-May-13-18-2024.pdf
"May 13, 2024","May 18, 2024",Chayote,kg,64.81,Weekly-Average-Prices-May-13-18-2024.pdf
"May 13, 2024","May 18, 2024",Red Onion 13-15 pcs/kg,kg,105.86,Weekly-Average-Prices-May-13-18-2024.pdf
"May 13, 2024","May 18, 2024",Red Onion (Imported) kg n/a White Onion,kg,93.98,Weekly-Average-Prices-May-13-18-2024.pdf
"May 13, 2024","May 18, 2024",White Onion (Imported) kg n/a Garlic (Imported),kg,156.23,Weekly-Average-Prices-May-13-18-2024.pdf
"May 13, 2024","May 18, 2024",Garlic (Native),kg,423.81,Weekly-Average-Prices-May-13-18-2024.pdf
"May 13, 2024","May 18, 2024",Ginger,kg,211.67,Weekly-Average-Prices-May-13-18-2024.pdf
"May 13, 2024","May 18, 2024",Chilli (Red),kg,171.76,Weekly-Average-Prices-May-13-18-2024.pdf
"May 13, 2024","May 18, 2024",Calamansi,kg,114.19,Weekly-Average-Prices-May-13-18-2024.pdf
"May 13, 2024","May 18, 2024",Banana (Lakatan) 8-10 pcs/kg,kg,105.41,Weekly-Average-Prices-May-13-18-2024.pdf
"May 13, 2024","May 18, 2024",Banana (Latundan) 10-12 pcs/kg,kg,72.73,Weekly-Average-Prices-May-13-18-2024.pdf
"May 13, 2024","May 18, 2024",Papaya 2-3 pcs/kg,kg,63.25,Weekly-Average-Prices-May-13-18-2024.pdf
"May 13, 2024","May 18, 2024",Mango (Carabao) 3-4 pcs/kg,kg,124.2,Weekly-Average-Prices-May-13-18-2024.pdf
"May 13, 2024","May 18, 2024",Sugar (Refined),kg,84.63,Weekly-Average-Prices-May-13-18-2024.pdf
"May 13, 2024","May 18, 2024",Sugar (Washed),kg,76.6,Weekly-Average-Prices-May-13-18-2024.pdf
"May 13, 2024","May 18, 2024",Sugar (Brown),kg,74.94,Weekly-Average-Prices-May-13-18-2024.pdf
"May 13, 2024","May 18, 2024",Cooking Oil (Palm) 350 ml/bottle,ml,31.15,Weekly-Average-Prices-May-13-18-2024.pdf
"May 13, 2024","May 18, 2024",Cooking Oil (Palm) 1 Liter/bottle,L,80.66,Weekly-Average-Prices-May-13-18-2024.pdf
"May 13, 2024","May 18, 2024",Cooking Oil (Coconut) 350 ml/bottle,ml,32.97,Weekly-Average-Prices-May-13-18-2024.pdf
"May 13, 2024","May 18, 2024",Cooking Oil (Coconut) 1 Liter/bottle,L,85.21,Weekly-Average-Prices-May-13-18-2024.pdf
"May 20, 2024","May 25, 2024",Special Blue Tag,kg,60.47,Weekly-Average-Prices-May-20-25-2024.pdf
"May 20, 2024","May 25, 2024",Premium Yellow Tag,kg,56.89,Weekly-Average-Prices-May-20-25-2024.pdf
"May 20, 2024","May 25, 2024",Well Milled White Tag,kg,52.98,Weekly-Average-Prices-May-20-25-2024.pdf
"May 20, 2024","May 25, 2024",Regular Milled White Tag,kg,49.92,Weekly-Average-Prices-May-20-25-2024.pdf
"May 20, 2024","May 25, 2024",Special Blue Tag,kg,60.67,Weekly-Average-Prices-May-20-25-2024.pdf
"May 20, 2024","May 25, 2024",Premium Yellow Tag,kg,54.77,Weekly-Average-Prices-May-20-25-2024.pdf
"May 20, 2024","May 25, 2024",Well Milled White Tag,kg,51.42,Weekly-Average-Prices-May-20-25-2024.pdf
"May 20, 2024","May 25, 2024",Regular Milled White Tag,kg,49.55,Weekly-Average-Prices-May-20-25-2024.pdf
"May 20, 2024","May 25, 2024",CORN Corn (White) Glutinous,kg,67.55,Weekly-Average-Prices-May-20-25-2024.pdf
"May 20, 2024","May 25, 2024",Corn (Yellow) Japanese,kg,64.35,Weekly-Average-Prices-May-20-25-2024.pdf
"May 20, 2024","May 25, 2024","Corn Grits (White, Food Grade)",kg,80.0,Weekly-Average-Prices-May-20-25-2024.pdf
"May 20, 2024","May 25, 2024","Corn Grits (Yellow, Food Grade) kg n/a Corn Cracked (Yellow, Feed Grade)",kg,51.83,Weekly-Average-Prices-May-20-25-2024.pdf
"May 20, 2024","May 25, 2024",Corn Grits (Feed Grade),kg,40.5,Weekly-Average-Prices-May-20-25-2024.pdf
"May 20, 2024","May 25, 2024",FISH Bangus Large,kg,210.84,Weekly-Average-Prices-May-20-25-2024.pdf
"May 20, 2024","May 25, 2024",Bangus Medium (3-4pcs/kg),kg,185.75,Weekly-Average-Prices-May-20-25-2024.pdf
"May 20, 2024","May 25, 2024",Tilapia Medium (5-6pcs/kg),kg,137.0,Weekly-Average-Prices-May-20-25-2024.pdf
"May 20, 2024","May 25, 2024",Galunggong (Local) Medium (12-14pcs/kg),kg,208.1,Weekly-Average-Prices-May-20-25-2024.pdf
"May 20, 2024","May 25, 2024",Galunggong (Imported) Medium (12-14pcs/kg) kg n/a Alumahan Medium (4-6pcs/kg),kg,292.73,Weekly-Average-Prices-May-20-25-2024.pdf
"May 20, 2024","May 25, 2024",Bonito,kg,185.95,Weekly-Average-Prices-May-20-25-2024.pdf
"May 20, 2024","May 25, 2024",Salmon Head,kg,192.16,Weekly-Average-Prices-May-20-25-2024.pdf
"May 20, 2024","May 25, 2024",Sardines (Tamban),kg,154.44,Weekly-Average-Prices-May-20-25-2024.pdf
"May 20, 2024","May 25, 2024",Squid Medium,kg,368.5,Weekly-Average-Prices-May-20-25-2024.pdf
"May 20, 2024","May 25, 2024",Yellow-Fin Tuna (Tambakol),kg,205.06,Weekly-Average-Prices-May-20-25-2024.pdf
"May 20, 2024","May 25, 2024",LIVESTOCK & POULTRY PRODUCTS Beef Rump Lean Meat/ Tapadera,kg,443.01,Weekly-Average-Prices-May-20-25-2024.pdf
"May 20, 2024","May 25, 2024",Beef Brisket Meat with Bones,kg,384.88,Weekly-Average-Prices-May-20-25-2024.pdf
"May 20, 2024","May 25, 2024",Pork Ham Kasim,kg,338.26,Weekly-Average-Prices-May-20-25-2024.pdf
"May 20, 2024","May 25, 2024",Pork Belly Liempo,kg,379.03,Weekly-Average-Prices-May-20-25-2024.pdf
"May 20, 2024","May 25, 2024",Whole Chicken Fully Dressed,kg,189.14,Weekly-Average-Prices-May-20-25-2024.pdf
"May 20, 2024","May 25, 2024","Chicken Egg (White, Pewee) 41-45 grams/pc",pc,4.62,Weekly-Average-Prices-May-20-25-2024.pdf
"May 20, 2024","May 25, 2024","Chicken Egg (White, Extra Small) 46-50 grams/pc",pc,5.36,Weekly-Average-Prices-May-20-25-2024.pdf
"May 20, 2024","May 25, 2024","Chicken Egg (White, Small) 51-55 grams/pc",pc,5.89,Weekly-Average-Prices-May-20-25-2024.pdf
"May 20, 2024","May 25, 2024","Chicken Egg (White, Medium) 56-60 grams/pc",pc,6.93,Weekly-Average-Prices-May-20-25-2024.pdf
"May 20, 2024","May 25, 2024","Chicken Egg (White, Large) 61-65 grams/pc",pc,7.8,Weekly-Average-Prices-May-20-25-2024.pdf
"May 20, 2024","May 25, 2024","Chicken Egg (White, Extra Large) 66-70 grams/pc",pc,8.67,Weekly-Average-Prices-May-20-25-2024.pdf
"May 20, 2024","May 25, 2024","Chicken Egg (White, Jumbo) 71> grams/pc",pc,9.47,Weekly-Average-Prices-May-20-25-2024.pdf
"May 20, 2024","May 25, 2024","Chicken Egg (Brown, Medium) Medium",pc,8.82,Weekly-Average-Prices-May-20-25-2024.pdf
"May 20, 2024","May 25, 2024","Chicken Egg (Brown, Large) Large",pc,9.12,Weekly-Average-Prices-May-20-25-2024.pdf
"May 20, 2024","May 25, 2024","Chicken Egg (Brown, Extra Large) Extra Large",pc,9.93,Weekly-Average-Prices-May-20-25-2024.pdf
"May 20, 2024","May 25, 2024",Ampalaya 4-5 pcs/kg,kg,135.18,Weekly-Average-Prices-May-20-25-2024.pdf
"May 20, 2024","May 25, 2024",Sitao 3-4 Small Bundles,kg,121.95,Weekly-Average-Prices-May-20-25-2024.pdf
"May 20, 2024","May 25, 2024",Pechay (Native) 3-4 Small Bundles,kg,87.73,Weekly-Average-Prices-May-20-25-2024.pdf
"May 20, 2024","May 25, 2024",Squash Suprema Variety,kg,55.27,Weekly-Average-Prices-May-20-25-2024.pdf
"May 20, 2024","May 25, 2024",Eggplant 3-4 Small Bundles,kg,93.39,Weekly-Average-Prices-May-20-25-2024.pdf
"May 20, 2024","May 25, 2024",Tomato 15-18 pcs/kg,kg,73.18,Weekly-Average-Prices-May-20-25-2024.pdf
"May 20, 2024","May 25, 2024",Bell Pepper (Green) Medium (151-250gm/pc),kg,298.79,Weekly-Average-Prices-May-20-25-2024.pdf
"May 20, 2024","May 25, 2024",Bell Pepper (Red) Medium (151-250gm/pc),kg,293.48,Weekly-Average-Prices-May-20-25-2024.pdf
"May 20, 2024","May 25, 2024",Broccoli,kg,279.6,Weekly-Average-Prices-May-20-25-2024.pdf
"May 20, 2024","May 25, 2024",Cabbage (Rare Ball) 510 gm - 1 kg/head,kg,64.62,Weekly-Average-Prices-May-20-25-2024.pdf
"May 20, 2024","May 25, 2024",Cabbage (Scorpio) 750 gm - 1 kg/head,kg,70.98,Weekly-Average-Prices-May-20-25-2024.pdf
"May 20, 2024","May 25, 2024",Cabbage (Wonder Ball) 510 gm - 1 kg/head,kg,69.79,Weekly-Average-Prices-May-20-25-2024.pdf
"May 20, 2024","May 25, 2024",Carrots 8-10 pcs/kg,kg,95.53,Weekly-Average-Prices-May-20-25-2024.pdf
"May 20, 2024","May 25, 2024",Habichuelas (Baguio Beans),kg,184.71,Weekly-Average-Prices-May-20-25-2024.pdf
"May 20, 2024","May 25, 2024",White Potato 10-12 pcs/kg,kg,106.04,Weekly-Average-Prices-May-20-25-2024.pdf
"May 20, 2024","May 25, 2024",Pechay (Baguio),kg,80.06,Weekly-Average-Prices-May-20-25-2024.pdf
"May 20, 2024","May 25, 2024",Chayote,kg,69.87,Weekly-Average-Prices-May-20-25-2024.pdf
"May 20, 2024","May 25, 2024",Red Onion 13-15 pcs/kg,kg,106.54,Weekly-Average-Prices-May-20-25-2024.pdf
"May 20, 2024","May 25, 2024",Red Onion (Imported) kg n/a White Onion,kg,93.6,Weekly-Average-Prices-May-20-25-2024.pdf
"May 20, 2024","May 25, 2024",White Onion (Imported) kg n/a Garlic (Imported),kg,157.31,Weekly-Average-Prices-May-20-25-2024.pdf
"May 20, 2024","May 25, 2024",Garlic (Native),kg,387.5,Weekly-Average-Prices-May-20-25-2024.pdf
"May 20, 2024","May 25, 2024",Ginger,kg,219.51,Weekly-Average-Prices-May-20-25-2024.pdf
"May 20, 2024","May 25, 2024",Chilli (Red),kg,175.76,Weekly-Average-Prices-May-20-25-2024.pdf
"May 20, 2024","May 25, 2024",Calamansi,kg,121.03,Weekly-Average-Prices-May-20-25-2024.pdf
"May 20, 2024","May 25, 2024",Banana (Lakatan) 8-10 pcs/kg,kg,103.53,Weekly-Average-Prices-May-20-25-2024.pdf
"May 20, 2024","May 25, 2024",Banana (Latundan) 10-12 pcs/kg,kg,71.77,Weekly-Average-Prices-May-20-25-2024.pdf
"May 20, 2024","May 25, 2024",Papaya 2-3 pcs/kg,kg,63.35,Weekly-Average-Prices-May-20-25-2024.pdf
"May 20, 2024","May 25, 2024",Mango (Carabao) 3-4 pcs/kg,kg,117.55,Weekly-Average-Prices-May-20-25-2024.pdf
"May 20, 2024","May 25, 2024",Sugar (Refined),kg,84.7,Weekly-Average-Prices-May-20-25-2024.pdf
"May 20, 2024","May 25, 2024",Sugar (Washed),kg,76.73,Weekly-Average-Prices-May-20-25-2024.pdf
"May 20, 2024","May 25, 2024",Sugar (Brown),kg,75.13,Weekly-Average-Prices-May-20-25-2024.pdf
"May 20, 2024","May 25, 2024",Cooking Oil (Palm) 350 ml/bottle,ml,31.1,Weekly-Average-Prices-May-20-25-2024.pdf
"May 20, 2024","May 25, 2024",Cooking Oil (Palm) 1 Liter/bottle,L,80.41,Weekly-Average-Prices-May-20-25-2024.pdf
"May 20, 2024","May 25, 2024",Cooking Oil (Coconut) 350 ml/bottle,ml,33.19,Weekly-Average-Prices-May-20-25-2024.pdf
"May 20, 2024","May 25, 2024",Cooking Oil (Coconut) 1 Liter/bottle,L,84.96,Weekly-Average-Prices-May-20-25-2024.pdf
"May 6, 2024","May 11, 2024",Special Blue Tag,kg,60.57,Weekly-Average-Prices-May-6-11-2024.pdf
"May 6, 2024","May 11, 2024",Premium Yellow Tag,kg,57.39,Weekly-Average-Prices-May-6-11-2024.pdf
"May 6, 2024","May 11, 2024",Well Milled White Tag,kg,52.89,Weekly-Average-Prices-May-6-11-2024.pdf
"May 6, 2024","May 11, 2024",Regular Milled White Tag,kg,49.74,Weekly-Average-Prices-May-6-11-2024.pdf
"May 6, 2024","May 11, 2024",Special Blue Tag,kg,60.79,Weekly-Average-Prices-May-6-11-2024.pdf
"May 6, 2024","May 11, 2024",Premium Yellow Tag,kg,55.01,Weekly-Average-Prices-May-6-11-2024.pdf
"May 6, 2024","May 11, 2024",Well Milled White Tag,kg,51.53,Weekly-Average-Prices-May-6-11-2024.pdf
"May 6, 2024","May 11, 2024",Regular Milled White Tag,kg,49.41,Weekly-Average-Prices-May-6-11-2024.pdf
"May 6, 2024","May 11, 2024",CORN Corn (White) Glutinous,kg,69.91,Weekly-Average-Prices-May-6-11-2024.pdf
"May 6, 2024","May 11, 2024",Corn (Yellow) Japanese,kg,64.85,Weekly-Average-Prices-May-6-11-2024.pdf
"May 6, 2024","May 11, 2024","Corn Grits (White, Food Grade)",kg,80.0,Weekly-Average-Prices-May-6-11-2024.pdf
"May 6, 2024","May 11, 2024","Corn Grits (Yellow, Food Grade) kg n/a Corn Cracked (Yellow, Feed Grade)",kg,49.66,Weekly-Average-Prices-May-6-11-2024.pdf
"May 6, 2024","May 11, 2024",Corn Grits (Feed Grade),kg,45.5,Weekly-Average-Prices-May-6-11-2024.pdf
"May 6, 2024","May 11, 2024",FISH Bangus Large,kg,211.83,Weekly-Average-Prices-May-6-11-2024.pdf
"May 6, 2024","May 11, 2024",Bangus Medium (3-4pcs/kg),kg,187.4,Weekly-Average-Prices-May-6-11-2024.pdf
"May 6, 2024","May 11, 2024",Tilapia Medium (5-6pcs/kg),kg,137.22,Weekly-Average-Prices-May-6-11-2024.pdf
"May 6, 2024","May 11, 2024",Galunggong (Local) Medium (12-14pcs/kg),kg,204.84,Weekly-Average-Prices-May-6-11-2024.pdf
"May 6, 2024","May 11, 2024",Galunggong (Imported) Medium (12-14pcs/kg) kg n/a Alumahan Medium (4-6pcs/kg),kg,292.63,Weekly-Average-Prices-May-6-11-2024.pdf
"May 6, 2024","May 11, 2024",Bonito,kg,174.71,Weekly-Average-Prices-May-6-11-2024.pdf
"May 6, 2024","May 11, 2024",Salmon Head,kg,190.56,Weekly-Average-Prices-May-6-11-2024.pdf
"May 6, 2024","May 11, 2024",Sardines (Tamban),kg,151.9,Weekly-Average-Prices-May-6-11-2024.pdf
"May 6, 2024","May 11, 2024",Squid Medium,kg,353.24,Weekly-Average-Prices-May-6-11-2024.pdf
"May 6, 2024","May 11, 2024",Yellow-Fin Tuna (Tambakol),kg,195.71,Weekly-Average-Prices-May-6-11-2024.pdf
"May 6, 2024","May 11, 2024",LIVESTOCK & POULTRY PRODUCTS Beef Rump Lean Meat/ Tapadera,kg,442.22,Weekly-Average-Prices-May-6-11-2024.pdf
"May 6, 2024","May 11, 2024",Beef Brisket Meat with Bones,kg,384.02,Weekly-Average-Prices-May-6-11-2024.pdf
"May 6, 2024","May 11, 2024",Pork Ham Kasim,kg,336.53,Weekly-Average-Prices-May-6-11-2024.pdf
"May 6, 2024","May 11, 2024",Pork Belly Liempo,kg,377.3,Weekly-Average-Prices-May-6-11-2024.pdf
"May 6, 2024","May 11, 2024",Whole Chicken Fully Dressed,kg,186.66,Weekly-Average-Prices-May-6-11-2024.pdf
"May 6, 2024","May 11, 2024","Chicken Egg (White, Pewee) 41-45 grams/pc",pc,4.65,Weekly-Average-Prices-May-6-11-2024.pdf
"May 6, 2024","May 11, 2024","Chicken Egg (White, Extra Small) 46-50 grams/pc",pc,5.3,Weekly-Average-Prices-May-6-11-2024.pdf
"May 6, 2024","May 11, 2024","Chicken Egg (White, Small) 51-55 grams/pc",pc,5.87,Weekly-Average-Prices-May-6-11-2024.pdf
"May 6, 2024","May 11, 2024","Chicken Egg (White, Medium) 56-60 grams/pc",pc,7.0,Weekly-Average-Prices-May-6-11-2024.pdf
"May 6, 2024","May 11, 2024","Chicken Egg (White, Large) 61-65 grams/pc",pc,7.8,Weekly-Average-Prices-May-6-11-2024.pdf
"May 6, 2024","May 11, 2024","Chicken Egg (White, Extra Large) 66-70 grams/pc",pc,8.59,Weekly-Average-Prices-May-6-11-2024.pdf
"May 6, 2024","May 11, 2024","Chicken Egg (White, Jumbo) 71> grams/pc",pc,9.2,Weekly-Average-Prices-May-6-11-2024.pdf
"May 6, 2024","May 11, 2024","Chicken Egg (Brown, Medium) Medium",pc,8.39,Weekly-Average-Prices-May-6-11-2024.pdf
"May 6, 2024","May 11, 2024","Chicken Egg (Brown, Large) Large",pc,9.03,Weekly-Average-Prices-May-6-11-2024.pdf
"May 6, 2024","May 11, 2024","Chicken Egg (Brown, Extra Large) Extra Large",pc,9.91,Weekly-Average-Prices-May-6-11-2024.pdf
"May 6, 2024","May 11, 2024",Ampalaya 4-5 pcs/kg,kg,127.65,Weekly-Average-Prices-May-6-11-2024.pdf
"May 6, 2024","May 11, 2024",Sitao 3-4 Small Bundles,kg,117.92,Weekly-Average-Prices-May-6-11-2024.pdf
"May 6, 2024","May 11, 2024",Pechay (Native) 3-4 Small Bundles,kg,71.23,Weekly-Average-Prices-May-6-11-2024.pdf
"May 6, 2024","May 11, 2024",Squash Suprema Variety,kg,51.36,Weekly-Average-Prices-May-6-11-2024.pdf
"May 6, 2024","May 11, 2024",Eggplant 3-4 Small Bundles,kg,89.27,Weekly-Average-Prices-May-6-11-2024.pdf
"May 6, 2024","May 11, 2024",Tomato 15-18 pcs/kg,kg,63.37,Weekly-Average-Prices-May-6-11-2024.pdf
"May 6, 2024","May 11, 2024",Bell Pepper (Green) Medium (151-250gm/pc),kg,257.72,Weekly-Average-Prices-May-6-11-2024.pdf
"May 6, 2024","May 11, 2024",Bell Pepper (Red) Medium (151-250gm/pc),kg,244.46,Weekly-Average-Prices-May-6-11-2024.pdf
"May 6, 2024","May 11, 2024",Broccoli,kg,251.09,Weekly-Average-Prices-May-6-11-2024.pdf
"May 6, 2024","May 11, 2024",Cabbage (Rare Ball) 510 gm - 1 kg/head,kg,67.39,Weekly-Average-Prices-May-6-11-2024.pdf
"May 6, 2024","May 11, 2024",Cabbage (Scorpio) 750 gm - 1 kg/head,kg,69.25,Weekly-Average-Prices-May-6-11-2024.pdf
"May 6, 2024","May 11, 2024",Cabbage (Wonder Ball) 510 gm - 1 kg/head,kg,73.15,Weekly-Average-Prices-May-6-11-2024.pdf
"May 6, 2024","May 11, 2024",Carrots 8-10 pcs/kg,kg,99.52,Weekly-Average-Prices-May-6-11-2024.pdf
"May 6, 2024","May 11, 2024",Habichuelas (Baguio Beans),kg,151.46,Weekly-Average-Prices-May-6-11-2024.pdf
"May 6, 2024","May 11, 2024",White Potato 10-12 pcs/kg,kg,107.24,Weekly-Average-Prices-May-6-11-2024.pdf
"May 6, 2024","May 11, 2024",Pechay (Baguio),kg,70.12,Weekly-Average-Prices-May-6-11-2024.pdf
"May 6, 2024","May 11, 2024",Chayote,kg,64.51,Weekly-Average-Prices-May-6-11-2024.pdf
"May 6, 2024","May 11, 2024",Red Onion 13-15 pcs/kg,kg,102.58,Weekly-Average-Prices-May-6-11-2024.pdf
"May 6, 2024","May 11, 2024",Red Onion (Imported) kg n/a White Onion,kg,90.39,Weekly-Average-Prices-May-6-11-2024.pdf
"May 6, 2024","May 11, 2024",White Onion (Imported),kg,100.0,Weekly-Average-Prices-May-6-11-2024.pdf
"May 6, 2024","May 11, 2024",Garlic (Imported),kg,156.29,Weekly-Average-Prices-May-6-11-2024.pdf
"May 6, 2024","May 11, 2024",Garlic (Native),kg,420.83,Weekly-Average-Prices-May-6-11-2024.pdf
"May 6, 2024","May 11, 2024",Ginger,kg,201.46,Weekly-Average-Prices-May-6-11-2024.pdf
"May 6, 2024","May 11, 2024",Chilli (Red),kg,170.91,Weekly-Average-Prices-May-6-11-2024.pdf
"May 6, 2024","May 11, 2024",Calamansi,kg,105.18,Weekly-Average-Prices-May-6-11-2024.pdf
"May 6, 2024","May 11, 2024",Banana (Lakatan) 8-10 pcs/kg,kg,105.74,Weekly-Average-Prices-May-6-11-2024.pdf
"May 6, 2024","May 11, 2024",Banana (Latundan) 10-12 pcs/kg,kg,72.53,Weekly-Average-Prices-May-6-11-2024.pdf
"May 6, 2024","May 11, 2024",Papaya 2-3 pcs/kg,kg,62.66,Weekly-Average-Prices-May-6-11-2024.pdf
"May 6, 2024","May 11, 2024",Mango (Carabao) 3-4 pcs/kg,kg,131.31,Weekly-Average-Prices-May-6-11-2024.pdf
"May 6, 2024","May 11, 2024",Sugar (Refined),kg,84.63,Weekly-Average-Prices-May-6-11-2024.pdf
"May 6, 2024","May 11, 2024",Sugar (Washed),kg,76.86,Weekly-Average-Prices-May-6-11-2024.pdf
"May 6, 2024","May 11, 2024",Sugar (Brown),kg,74.99,Weekly-Average-Prices-May-6-11-2024.pdf
"May 6, 2024","May 11, 2024",Cooking Oil (Palm) 350 ml/bottle,ml,31.14,Weekly-Average-Prices-May-6-11-2024.pdf
"May 6, 2024","May 11, 2024",Cooking Oil (Palm) 1 Liter/bottle,L,80.95,Weekly-Average-Prices-May-6-11-2024.pdf
"May 6, 2024","May 11, 2024",Cooking Oil (Coconut) 350 ml/bottle,ml,33.35,Weekly-Average-Prices-May-6-11-2024.pdf
"May 6, 2024","May 11, 2024",Cooking Oil (Coconut) 1 Liter/bottle,L,85.3,Weekly-Average-Prices-May-6-11-2024.pdf
"November 18, 2024","November 23, 2024",Special White Rice,kg,59.19,Weekly-Average-Prices-November-18-23-2024.pdf
"November 18, 2024","November 23, 2024",Premium 5% broken,kg,56.28,Weekly-Average-Prices-November-18-23-2024.pdf
"November 18, 2024","November 23, 2024",Well Milled 1-19% bran streak,kg,47.3,Weekly-Average-Prices-November-18-23-2024.pdf
"November 18, 2024","November 23, 2024",Regular Milled 20-40% bran streak,kg,44.8,Weekly-Average-Prices-November-18-23-2024.pdf
"November 18, 2024","November 23, 2024",Special White Rice,kg,59.86,Weekly-Average-Prices-November-18-23-2024.pdf
"November 18, 2024","November 23, 2024",Premium 5% broken,kg,54.14,Weekly-Average-Prices-November-18-23-2024.pdf
"November 18, 2024","November 23, 2024",Well Milled 1-19% bran streak,kg,47.65,Weekly-Average-Prices-November-18-23-2024.pdf
"November 18, 2024","November 23, 2024",Regular Milled 20-40% bran streak,kg,43.35,Weekly-Average-Prices-November-18-23-2024.pdf
"November 18, 2024","November 23, 2024","CORN Corn (White) Cob, Glutinous",kg,92.57,Weekly-Average-Prices-November-18-23-2024.pdf
"November 18, 2024","November 23, 2024","Corn (Yellow) Cob, Sweet Corn",kg,79.42,Weekly-Average-Prices-November-18-23-2024.pdf
"November 18, 2024","November 23, 2024","Corn Grits (White, Food Grade)",kg,58.0,Weekly-Average-Prices-November-18-23-2024.pdf
"November 18, 2024","November 23, 2024","Corn Grits (Yellow, Food Grade) kg n/a Corn Cracked (Yellow, Feed Grade)",kg,49.81,Weekly-Average-Prices-November-18-23-2024.pdf
"November 18, 2024","November 23, 2024",Corn Grits (Feed Grade),kg,44.0,Weekly-Average-Prices-November-18-23-2024.pdf
"November 18, 2024","November 23, 2024",FISH Bangus Large,kg,222.23,Weekly-Average-Prices-November-18-23-2024.pdf
"November 18, 2024","November 23, 2024",Bangus Medium (3-4pcs/kg),kg,193.77,Weekly-Average-Prices-November-18-23-2024.pdf
"November 18, 2024","November 23, 2024",Tilapia Medium (5-6pcs/kg),kg,150.34,Weekly-Average-Prices-November-18-23-2024.pdf
"November 18, 2024","November 23, 2024","Galunggong (Local) Male, Medium (12-14pcs/kg)",kg,271.99,Weekly-Average-Prices-November-18-23-2024.pdf
"November 18, 2024","November 23, 2024","Galunggong (Imported) Male, Medium (12-14pcs/kg)",kg,248.05,Weekly-Average-Prices-November-18-23-2024.pdf
"November 18, 2024","November 23, 2024",Alumahan Medium (4-6pcs/kg),kg,326.69,Weekly-Average-Prices-November-18-23-2024.pdf
"November 18, 2024","November 23, 2024",Bonito kg n/a Salmon Head,kg,200.63,Weekly-Average-Prices-November-18-23-2024.pdf
"November 18, 2024","November 23, 2024",Sardines (Tamban),kg,166.76,Weekly-Average-Prices-November-18-23-2024.pdf
"November 18, 2024","November 23, 2024",Squid (Pusit Bisaya) Medium,kg,400.92,Weekly-Average-Prices-November-18-23-2024.pdf
"November 18, 2024","November 23, 2024",Yellow-Fin Tuna (Tambakol),kg,236.16,Weekly-Average-Prices-November-18-23-2024.pdf
"November 18, 2024","November 23, 2024",LIVESTOCK & POULTRY PRODUCTS Beef Rump Lean Meat/ Tapadera,kg,450.26,Weekly-Average-Prices-November-18-23-2024.pdf
"November 18, 2024","November 23, 2024",Beef Brisket Meat with Bones,kg,393.03,Weekly-Average-Prices-November-18-23-2024.pdf
"November 18, 2024","November 23, 2024",Pork Ham Kasim,kg,320.84,Weekly-Average-Prices-November-18-23-2024.pdf
"November 18, 2024","November 23, 2024",Pork Belly Liempo,kg,365.59,Weekly-Average-Prices-November-18-23-2024.pdf
"November 18, 2024","November 23, 2024",Whole Chicken Fully Dressed,kg,183.58,Weekly-Average-Prices-November-18-23-2024.pdf
"November 18, 2024","November 23, 2024","Chicken Egg (White, Pewee) 41-45 grams/pc",pc,7.38,Weekly-Average-Prices-November-18-23-2024.pdf
"November 18, 2024","November 23, 2024","Chicken Egg (White, Extra Small) 46-50 grams/pc",pc,7.59,Weekly-Average-Prices-November-18-23-2024.pdf
"November 18, 2024","November 23, 2024","Chicken Egg (White, Small) 51-55 grams/pc",pc,8.0,Weekly-Average-Prices-November-18-23-2024.pdf
"November 18, 2024","November 23, 2024","Chicken Egg (White, Medium) 56-60 grams/pc",pc,8.47,Weekly-Average-Prices-November-18-23-2024.pdf
"November 18, 2024","November 23, 2024","Chicken Egg (White, Large) 61-65 grams/pc",pc,8.97,Weekly-Average-Prices-November-18-23-2024.pdf
"November 18, 2024","November 23, 2024","Chicken Egg (White, Extra Large) 66-70 grams/pc",pc,9.34,Weekly-Average-Prices-November-18-23-2024.pdf
"November 18, 2024","November 23, 2024","Chicken Egg (White, Jumbo) 71> grams/pc",pc,9.85,Weekly-Average-Prices-November-18-23-2024.pdf
"November 18, 2024","November 23, 2024","Chicken Egg (Brown, Medium) Medium",pc,10.07,Weekly-Average-Prices-November-18-23-2024.pdf
"November 18, 2024","November 23, 2024","Chicken Egg (Brown, Large) Large",pc,9.59,Weekly-Average-Prices-November-18-23-2024.pdf
"November 18, 2024","November 23, 2024","Chicken Egg (Brown, Extra Large) Extra Large",pc,10.54,Weekly-Average-Prices-November-18-23-2024.pdf
"November 18, 2024","November 23, 2024",Ampalaya 4-5 pcs/kg,kg,172.44,Weekly-Average-Prices-November-18-23-2024.pdf
"November 18, 2024","November 23, 2024",Sitao 3-4 Small Bundles,kg,128.08,Weekly-Average-Prices-November-18-23-2024.pdf
"November 18, 2024","November 23, 2024",Pechay (Native) 3-4 Small Bundles,kg,109.32,Weekly-Average-Prices-November-18-23-2024.pdf
"November 18, 2024","November 23, 2024",Squash Suprema Variety,kg,51.16,Weekly-Average-Prices-November-18-23-2024.pdf
"November 18, 2024","November 23, 2024",Eggplant 3-4 Small Bundles,kg,191.54,Weekly-Average-Prices-November-18-23-2024.pdf
"November 18, 2024","November 23, 2024",Tomato 15-18 pcs/kg,kg,190.96,Weekly-Average-Prices-November-18-23-2024.pdf
"November 18, 2024","November 23, 2024",Bell Pepper (Green) Medium (151-250gm/pc),kg,345.2,Weekly-Average-Prices-November-18-23-2024.pdf
"November 18, 2024","November 23, 2024",Bell Pepper (Red) Medium (151-250gm/pc),kg,377.61,Weekly-Average-Prices-November-18-23-2024.pdf
"November 18, 2024","November 23, 2024",Broccoli Medium (8-10 cm diameter/bunch hd),kg,378.27,Weekly-Average-Prices-November-18-23-2024.pdf
"November 18, 2024","November 23, 2024",Cabbage (Rare Ball) 510 gm - 1 kg/head,kg,105.92,Weekly-Average-Prices-November-18-23-2024.pdf
"November 18, 2024","November 23, 2024",Cabbage (Scorpio) 750 gm - 1 kg/head,kg,113.65,Weekly-Average-Prices-November-18-23-2024.pdf
"November 18, 2024","November 23, 2024",Cabbage (Wonder Ball) 510 gm - 1 kg/head,kg,111.33,Weekly-Average-Prices-November-18-23-2024.pdf
"November 18, 2024","November 23, 2024",Carrots 8-10 pcs/kg,kg,186.49,Weekly-Average-Prices-November-18-23-2024.pdf
"November 18, 2024","November 23, 2024",Habichuelas (Baguio Beans),kg,158.94,Weekly-Average-Prices-November-18-23-2024.pdf
"November 18, 2024","November 23, 2024",White Potato 10-12 pcs/kg,kg,114.37,Weekly-Average-Prices-November-18-23-2024.pdf
"November 18, 2024","November 23, 2024",Pechay (Baguio),kg,97.54,Weekly-Average-Prices-November-18-23-2024.pdf
"November 18, 2024","November 23, 2024",Chayote Medium (301-400 g),kg,72.62,Weekly-Average-Prices-November-18-23-2024.pdf
"November 18, 2024","November 23, 2024",Cauliflower Medium (8-10 cm diameter/bunch hd),kg,304.24,Weekly-Average-Prices-November-18-23-2024.pdf
"November 18, 2024","November 23, 2024",Celery Medium (501-800 g),kg,205.75,Weekly-Average-Prices-November-18-23-2024.pdf
"November 18, 2024","November 23, 2024",Lettuce (Green Ice),kg,283.82,Weekly-Average-Prices-November-18-23-2024.pdf
"November 18, 2024","November 23, 2024",Lettuce (Iceberg) Medium (301-450 cm diameter/bunch hd),kg,314.44,Weekly-Average-Prices-November-18-23-2024.pdf
"November 18, 2024","November 23, 2024",Lettuce (Romaine),kg,313.12,Weekly-Average-Prices-November-18-23-2024.pdf
"November 18, 2024","November 23, 2024",Red Onion 13-15 pcs/kg,kg,109.47,Weekly-Average-Prices-November-18-23-2024.pdf
"November 18, 2024","November 23, 2024",Red Onion (Imported) kg n/a White Onion,kg,106.42,Weekly-Average-Prices-November-18-23-2024.pdf
"November 18, 2024","November 23, 2024",White Onion (Imported),kg,108.48,Weekly-Average-Prices-November-18-23-2024.pdf
"November 18, 2024","November 23, 2024",Garlic (Imported),kg,156.11,Weekly-Average-Prices-November-18-23-2024.pdf
"November 18, 2024","November 23, 2024",Garlic (Native),kg,407.32,Weekly-Average-Prices-November-18-23-2024.pdf
"November 18, 2024","November 23, 2024","Ginger Fairly well-matured, Medium (150-300 gm)",kg,249.49,Weekly-Average-Prices-November-18-23-2024.pdf
"November 18, 2024","November 23, 2024",Chilli (Red) Tingala,kg,378.91,Weekly-Average-Prices-November-18-23-2024.pdf
"November 18, 2024","November 23, 2024",Calamansi,kg,86.13,Weekly-Average-Prices-November-18-23-2024.pdf
"November 18, 2024","November 23, 2024",Banana (Lakatan) 8-10 pcs/kg,kg,106.26,Weekly-Average-Prices-November-18-23-2024.pdf
"November 18, 2024","November 23, 2024",Banana (Latundan) 10-12 pcs/kg,kg,73.41,Weekly-Average-Prices-November-18-23-2024.pdf
"November 18, 2024","November 23, 2024",Banana (Saba),kg,50.26,Weekly-Average-Prices-November-18-23-2024.pdf
"November 18, 2024","November 23, 2024","Papaya Solo, Ripe, 2-3 pcs/kg",kg,74.33,Weekly-Average-Prices-November-18-23-2024.pdf
"November 18, 2024","November 23, 2024","Mango (Carabao) Ripe, 3-4 pcs/kg",kg,201.98,Weekly-Average-Prices-November-18-23-2024.pdf
"November 18, 2024","November 23, 2024",Avocado,kg,537.93,Weekly-Average-Prices-November-18-23-2024.pdf
"November 18, 2024","November 23, 2024",Melon,kg,105.51,Weekly-Average-Prices-November-18-23-2024.pdf
"November 18, 2024","November 23, 2024",Pomelo,kg,159.57,Weekly-Average-Prices-November-18-23-2024.pdf
"November 18, 2024","November 23, 2024",Watermelon,kg,73.47,Weekly-Average-Prices-November-18-23-2024.pdf
"November 18, 2024","November 23, 2024",Sugar (Refined),kg,83.32,Weekly-Average-Prices-November-18-23-2024.pdf
"November 18, 2024","November 23, 2024",Sugar (Washed),kg,76.37,Weekly-Average-Prices-November-18-23-2024.pdf
"November 18, 2024","November 23, 2024",Sugar (Brown),kg,74.6,Weekly-Average-Prices-November-18-23-2024.pdf
"November 18, 2024","November 23, 2024",Cooking Oil (Palm) 350 ml/bottle,ml,34.83,Weekly-Average-Prices-November-18-23-2024.pdf
"November 18, 2024","November 23, 2024",Cooking Oil (Palm) 1 Liter/bottle,L,86.31,Weekly-Average-Prices-November-18-23-2024.pdf
"November 18, 2024","November 23, 2024",Cooking Oil (Coconut) 350 ml/bottle,ml,40.01,Weekly-Average-Prices-November-18-23-2024.pdf
"November 18, 2024","November 23, 2024",Cooking Oil (Coconut) 1 Liter/bottle,L,102.55,Weekly-Average-Prices-November-18-23-2024.pdf
"November 4, 2024","November 9, 2024",Special Blue Tag,kg,59.31,Weekly-Average-Prices-November-4-9-2024.pdf
"November 4, 2024","November 9, 2024",Premium Yellow Tag,kg,56.46,Weekly-Average-Prices-November-4-9-2024.pdf
"November 4, 2024","November 9, 2024",Well Milled White Tag,kg,49.51,Weekly-Average-Prices-November-4-9-2024.pdf
"November 4, 2024","November 9, 2024",Regular Milled White Tag,kg,45.45,Weekly-Average-Prices-November-4-9-2024.pdf
"November 4, 2024","November 9, 2024",Special Blue Tag,kg,60.03,Weekly-Average-Prices-November-4-9-2024.pdf
"November 4, 2024","November 9, 2024",Premium Yellow Tag,kg,54.61,Weekly-Average-Prices-November-4-9-2024.pdf
"November 4, 2024","November 9, 2024",Well Milled White Tag,kg,49.4,Weekly-Average-Prices-November-4-9-2024.pdf
"November 4, 2024","November 9, 2024",Regular Milled White Tag,kg,45.65,Weekly-Average-Prices-November-4-9-2024.pdf
"November 4, 2024","November 9, 2024","CORN Corn (White) Cob, Glutinous",kg,88.57,Weekly-Average-Prices-November-4-9-2024.pdf
"November 4, 2024","November 9, 2024","Corn (Yellow) Cob, Sweet Corn",kg,74.54,Weekly-Average-Prices-November-4-9-2024.pdf
"November 4, 2024","November 9, 2024","Corn Grits (White, Food Grade) kg n/a Corn Grits (Yellow, Food Grade) kg n/a Corn Cracked (Yellow, Feed Grade)",kg,51.59,Weekly-Average-Prices-November-4-9-2024.pdf
"November 4, 2024","November 9, 2024",Corn Grits (Feed Grade),kg,41.19,Weekly-Average-Prices-November-4-9-2024.pdf
"November 4, 2024","November 9, 2024",FISH Bangus Large,kg,221.28,Weekly-Average-Prices-November-4-9-2024.pdf
"November 4, 2024","November 9, 2024",Bangus Medium (3-4pcs/kg),kg,193.06,Weekly-Average-Prices-November-4-9-2024.pdf
"November 4, 2024","November 9, 2024",Tilapia Medium (5-6pcs/kg),kg,148.89,Weekly-Average-Prices-November-4-9-2024.pdf
"November 4, 2024","November 9, 2024","Galunggong (Local) Male, Medium (12-14pcs/kg)",kg,274.16,Weekly-Average-Prices-November-4-9-2024.pdf
"November 4, 2024","November 9, 2024","Galunggong (Imported) Male, Medium (12-14pcs/kg)",kg,247.56,Weekly-Average-Prices-November-4-9-2024.pdf
"November 4, 2024","November 9, 2024",Alumahan Medium (4-6pcs/kg),kg,318.98,Weekly-Average-Prices-November-4-9-2024.pdf
"November 4, 2024","November 9, 2024",Bonito kg n/a Salmon Head,kg,200.15,Weekly-Average-Prices-November-4-9-2024.pdf
"November 4, 2024","November 9, 2024",Sardines (Tamban),kg,138.72,Weekly-Average-Prices-November-4-9-2024.pdf
"November 4, 2024","November 9, 2024",Squid Medium,kg,411.9,Weekly-Average-Prices-November-4-9-2024.pdf
"November 4, 2024","November 9, 2024",Yellow-Fin Tuna (Tambakol),kg,246.06,Weekly-Average-Prices-November-4-9-2024.pdf
"November 4, 2024","November 9, 2024",LIVESTOCK & POULTRY PRODUCTS Beef Rump Lean Meat/ Tapadera,kg,448.25,Weekly-Average-Prices-November-4-9-2024.pdf
"November 4, 2024","November 9, 2024",Beef Brisket Meat with Bones,kg,391.27,Weekly-Average-Prices-November-4-9-2024.pdf
"November 4, 2024","November 9, 2024",Pork Ham Kasim,kg,318.87,Weekly-Average-Prices-November-4-9-2024.pdf
"November 4, 2024","November 9, 2024",Pork Belly Liempo,kg,363.14,Weekly-Average-Prices-November-4-9-2024.pdf
"November 4, 2024","November 9, 2024",Whole Chicken Fully Dressed,kg,184.92,Weekly-Average-Prices-November-4-9-2024.pdf
"November 4, 2024","November 9, 2024","Chicken Egg (White, Pewee) 41-45 grams/pc",pc,6.94,Weekly-Average-Prices-November-4-9-2024.pdf
"November 4, 2024","November 9, 2024","Chicken Egg (White, Extra Small) 46-50 grams/pc",pc,7.51,Weekly-Average-Prices-November-4-9-2024.pdf
"November 4, 2024","November 9, 2024","Chicken Egg (White, Small) 51-55 grams/pc",pc,7.89,Weekly-Average-Prices-November-4-9-2024.pdf
"November 4, 2024","November 9, 2024","Chicken Egg (White, Medium) 56-60 grams/pc",pc,8.46,Weekly-Average-Prices-November-4-9-2024.pdf
"November 4, 2024","November 9, 2024","Chicken Egg (White, Large) 61-65 grams/pc",pc,9.05,Weekly-Average-Prices-November-4-9-2024.pdf
"November 4, 2024","November 9, 2024","Chicken Egg (White, Extra Large) 66-70 grams/pc",pc,9.35,Weekly-Average-Prices-November-4-9-2024.pdf
"November 4, 2024","November 9, 2024","Chicken Egg (White, Jumbo) 71> grams/pc",pc,9.88,Weekly-Average-Prices-November-4-9-2024.pdf
"November 4, 2024","November 9, 2024","Chicken Egg (Brown, Medium) Medium",pc,9.88,Weekly-Average-Prices-November-4-9-2024.pdf
"November 4, 2024","November 9, 2024","Chicken Egg (Brown, Large) Large",pc,11.03,Weekly-Average-Prices-November-4-9-2024.pdf
"November 4, 2024","November 9, 2024","Chicken Egg (Brown, Extra Large)* Extra Large",pc,9.56,Weekly-Average-Prices-November-4-9-2024.pdf
"November 4, 2024","November 9, 2024",Ampalaya 4-5 pcs/kg,kg,142.56,Weekly-Average-Prices-November-4-9-2024.pdf
"November 4, 2024","November 9, 2024",Sitao 3-4 Small Bundles,kg,136.28,Weekly-Average-Prices-November-4-9-2024.pdf
"November 4, 2024","November 9, 2024",Pechay (Native) 3-4 Small Bundles,kg,127.81,Weekly-Average-Prices-November-4-9-2024.pdf
"November 4, 2024","November 9, 2024",Squash Suprema Variety,kg,50.13,Weekly-Average-Prices-November-4-9-2024.pdf
"November 4, 2024","November 9, 2024",Eggplant 3-4 Small Bundles,kg,132.86,Weekly-Average-Prices-November-4-9-2024.pdf
"November 4, 2024","November 9, 2024",Tomato 15-18 pcs/kg,kg,155.47,Weekly-Average-Prices-November-4-9-2024.pdf
"November 4, 2024","November 9, 2024",Bell Pepper (Green) Medium (151-250gm/pc),kg,326.82,Weekly-Average-Prices-November-4-9-2024.pdf
"November 4, 2024","November 9, 2024",Bell Pepper (Red) Medium (151-250gm/pc),kg,356.27,Weekly-Average-Prices-November-4-9-2024.pdf
"November 4, 2024","November 9, 2024",Broccoli Medium (8-10 cm diameter/bunch hd),kg,393.16,Weekly-Average-Prices-November-4-9-2024.pdf
"November 4, 2024","November 9, 2024",Cabbage (Rare Ball) 510 gm - 1 kg/head,kg,115.64,Weekly-Average-Prices-November-4-9-2024.pdf
"November 4, 2024","November 9, 2024",Cabbage (Scorpio) 750 gm - 1 kg/head,kg,126.16,Weekly-Average-Prices-November-4-9-2024.pdf
"November 4, 2024","November 9, 2024",Cabbage (Wonder Ball) 510 gm - 1 kg/head,kg,125.13,Weekly-Average-Prices-November-4-9-2024.pdf
"November 4, 2024","November 9, 2024",Carrots 8-10 pcs/kg,kg,176.16,Weekly-Average-Prices-November-4-9-2024.pdf
"November 4, 2024","November 9, 2024",Habichuelas (Baguio Beans),kg,161.55,Weekly-Average-Prices-November-4-9-2024.pdf
"November 4, 2024","November 9, 2024",White Potato 10-12 pcs/kg,kg,103.42,Weekly-Average-Prices-November-4-9-2024.pdf
"November 4, 2024","November 9, 2024",Pechay (Baguio),kg,120.94,Weekly-Average-Prices-November-4-9-2024.pdf
"November 4, 2024","November 9, 2024",Chayote Medium (301-400 g),kg,66.2,Weekly-Average-Prices-November-4-9-2024.pdf
"November 4, 2024","November 9, 2024",Red Onion 13-15 pcs/kg,kg,107.96,Weekly-Average-Prices-November-4-9-2024.pdf
"November 4, 2024","November 9, 2024",Red Onion (Imported) kg n/a White Onion,kg,115.57,Weekly-Average-Prices-November-4-9-2024.pdf
"November 4, 2024","November 9, 2024",White Onion (Imported),kg,108.83,Weekly-Average-Prices-November-4-9-2024.pdf
"November 4, 2024","November 9, 2024",Garlic (Imported),kg,152.94,Weekly-Average-Prices-November-4-9-2024.pdf
"November 4, 2024","November 9, 2024",Garlic (Native),kg,407.89,Weekly-Average-Prices-November-4-9-2024.pdf
"November 4, 2024","November 9, 2024","Ginger Fairly well-matured, Medium (150-300 gm)",kg,221.83,Weekly-Average-Prices-November-4-9-2024.pdf
"November 4, 2024","November 9, 2024",Chilli (Red),kg,450.21,Weekly-Average-Prices-November-4-9-2024.pdf
"November 4, 2024","November 9, 2024",Calamansi,kg,84.0,Weekly-Average-Prices-November-4-9-2024.pdf
"November 4, 2024","November 9, 2024",Banana (Lakatan) 8-10 pcs/kg,kg,105.12,Weekly-Average-Prices-November-4-9-2024.pdf
"November 4, 2024","November 9, 2024",Banana (Latundan) 10-12 pcs/kg,kg,72.48,Weekly-Average-Prices-November-4-9-2024.pdf
"November 4, 2024","November 9, 2024","Papaya Solo Variety, Ripe, 2-3 pcs/kg",kg,75.38,Weekly-Average-Prices-November-4-9-2024.pdf
"November 4, 2024","November 9, 2024","Mango (Carabao) Ripe, 3-4 pcs/kg",kg,202.78,Weekly-Average-Prices-November-4-9-2024.pdf
"November 4, 2024","November 9, 2024",Sugar (Refined),kg,83.58,Weekly-Average-Prices-November-4-9-2024.pdf
"November 4, 2024","November 9, 2024",Sugar (Washed),kg,76.33,Weekly-Average-Prices-November-4-9-2024.pdf
"November 4, 2024","November 9, 2024",Sugar (Brown),kg,75.09,Weekly-Average-Prices-November-4-9-2024.pdf
"November 4, 2024","November 9, 2024",Cooking Oil (Palm) 350 ml/bottle,ml,34.4,Weekly-Average-Prices-November-4-9-2024.pdf
"November 4, 2024","November 9, 2024",Cooking Oil (Palm) 1 Liter/bottle,L,85.03,Weekly-Average-Prices-November-4-9-2024.pdf
"November 4, 2024","November 9, 2024",Cooking Oil (Coconut) 350 ml/bottle,ml,39.36,Weekly-Average-Prices-November-4-9-2024.pdf
"November 4, 2024","November 9, 2024",Cooking Oil (Coconut) 1 Liter/bottle,L,101.71,Weekly-Average-Prices-November-4-9-2024.pdf
"April 28, 2025","May 3, 2025",Well Milled 1-19% bran streak,kg,35.0,Weekly-Average-Prices-April-28-May-3-2025.pdf
"April 28, 2025","May 3, 2025",Special White Rice,kg,57.76,Weekly-Average-Prices-April-28-May-3-2025.pdf
"April 28, 2025","May 3, 2025",Premium 5% broken,kg,46.81,Weekly-Average-Prices-April-28-May-3-2025.pdf
"April 28, 2025","May 3, 2025",Well Milled 1-19% bran streak,kg,43.78,Weekly-Average-Prices-April-28-May-3-2025.pdf
"April 28, 2025","May 3, 2025",Regular Milled 20-40% bran streak,kg,40.22,Weekly-Average-Prices-April-28-May-3-2025.pdf
"April 28, 2025","May 3, 2025",Special White Rice,kg,57.69,Weekly-Average-Prices-April-28-May-3-2025.pdf
"April 28, 2025","May 3, 2025",Premium 5% broken,kg,51.88,Weekly-Average-Prices-April-28-May-3-2025.pdf
"April 28, 2025","May 3, 2025",Well Milled 1-19% bran streak,kg,45.24,Weekly-Average-Prices-April-28-May-3-2025.pdf
"April 28, 2025","May 3, 2025",Regular Milled 20-40% bran streak,kg,39.15,Weekly-Average-Prices-April-28-May-3-2025.pdf
"April 28, 2025","May 3, 2025","CORN Corn (White) Cob, Glutinous",kg,72.88,Weekly-Average-Prices-April-28-May-3-2025.pdf
"April 28, 2025","May 3, 2025","Corn (Yellow) Cob, Sweet Corn",kg,69.84,Weekly-Average-Prices-April-28-May-3-2025.pdf
"April 28, 2025","May 3, 2025","Corn Grits (White, Food Grade) kg n/a Corn Grits (Yellow, Food Grade) kg n/a Corn Cracked (Yellow, Feed Grade) kg n/a Corn Grits (Feed Grade)",kg,42.0,Weekly-Average-Prices-April-28-May-3-2025.pdf
"April 28, 2025","May 3, 2025",FISH Bangus Large,kg,228.24,Weekly-Average-Prices-April-28-May-3-2025.pdf
"April 28, 2025","May 3, 2025",Bangus Medium (3-4pcs/kg),kg,198.72,Weekly-Average-Prices-April-28-May-3-2025.pdf
"April 28, 2025","May 3, 2025",Tilapia Medium (5-6pcs/kg),kg,150.37,Weekly-Average-Prices-April-28-May-3-2025.pdf
"April 28, 2025","May 3, 2025","Galunggong (Local) Male, Medium (12-14pcs/kg)",kg,230.34,Weekly-Average-Prices-April-28-May-3-2025.pdf
"April 28, 2025","May 3, 2025","Galunggong (Imported) Male, Medium (12-14pcs/kg)",kg,270.0,Weekly-Average-Prices-April-28-May-3-2025.pdf
"April 28, 2025","May 3, 2025",Alumahan Medium (4-6pcs/kg),kg,310.62,Weekly-Average-Prices-April-28-May-3-2025.pdf
"April 28, 2025","May 3, 2025",Bonito kg n/a Salmon Head,kg,210.28,Weekly-Average-Prices-April-28-May-3-2025.pdf
"April 28, 2025","May 3, 2025",Sardines (Tamban),kg,110.5,Weekly-Average-Prices-April-28-May-3-2025.pdf
"April 28, 2025","May 3, 2025",Squid (Pusit Bisaya) Medium,kg,394.36,Weekly-Average-Prices-April-28-May-3-2025.pdf
"April 28, 2025","May 3, 2025",Yellow-Fin Tuna (Tambakol),kg,265.75,Weekly-Average-Prices-April-28-May-3-2025.pdf
"April 28, 2025","May 3, 2025",LIVESTOCK & POULTRY PRODUCTS Beef Rump Lean Meat/ Tapadera,kg,455.53,Weekly-Average-Prices-April-28-May-3-2025.pdf
"April 28, 2025","May 3, 2025",Beef Brisket Meat with Bones,kg,394.28,Weekly-Average-Prices-April-28-May-3-2025.pdf
"April 28, 2025","May 3, 2025",Pork Ham Kasim,kg,374.13,Weekly-Average-Prices-April-28-May-3-2025.pdf
"April 28, 2025","May 3, 2025",Pork Belly Liempo,kg,422.32,Weekly-Average-Prices-April-28-May-3-2025.pdf
"April 28, 2025","May 3, 2025",Frozen Kasim,kg,251.96,Weekly-Average-Prices-April-28-May-3-2025.pdf
"April 28, 2025","May 3, 2025",Frozen Liempo,kg,311.46,Weekly-Average-Prices-April-28-May-3-2025.pdf
"April 28, 2025","May 3, 2025",Whole Chicken Fully Dressed,kg,186.75,Weekly-Average-Prices-April-28-May-3-2025.pdf
"April 28, 2025","May 3, 2025","Chicken Egg (White, Pewee) 41-45 grams/pc",pc,6.36,Weekly-Average-Prices-April-28-May-3-2025.pdf
"April 28, 2025","May 3, 2025","Chicken Egg (White, Extra Small) 46-50 grams/pc",pc,6.91,Weekly-Average-Prices-April-28-May-3-2025.pdf
"April 28, 2025","May 3, 2025","Chicken Egg (White, Small) 51-55 grams/pc",pc,7.46,Weekly-Average-Prices-April-28-May-3-2025.pdf
"April 28, 2025","May 3, 2025","Chicken Egg (White, Medium) 56-60 grams/pc",pc,8.09,Weekly-Average-Prices-April-28-May-3-2025.pdf
"April 28, 2025","May 3, 2025","Chicken Egg (White, Large) 61-65 grams/pc",pc,8.71,Weekly-Average-Prices-April-28-May-3-2025.pdf
"April 28, 2025","May 3, 2025","Chicken Egg (White, Extra Large) 66-70 grams/pc",pc,9.24,Weekly-Average-Prices-April-28-May-3-2025.pdf
"April 28, 2025","May 3, 2025","Chicken Egg (White, Jumbo) 71> grams/pc",pc,9.9,Weekly-Average-Prices-April-28-May-3-2025.pdf
"April 28, 2025","May 3, 2025","Chicken Egg (Brown, Medium) Medium",pc,10.0,Weekly-Average-Prices-April-28-May-3-2025.pdf
"April 28, 2025","May 3, 2025","Chicken Egg (Brown, Large) Large",pc,10.67,Weekly-Average-Prices-April-28-May-3-2025.pdf
"April 28, 2025","May 3, 2025","Chicken Egg (Brown, Extra Large) Extra Large",pc,12.71,Weekly-Average-Prices-April-28-May-3-2025.pdf
"April 28, 2025","May 3, 2025",Ampalaya 4-5 pcs/kg,kg,104.23,Weekly-Average-Prices-April-28-May-3-2025.pdf
"April 28, 2025","May 3, 2025",Sitao 3-4 Small Bundles,kg,105.31,Weekly-Average-Prices-April-28-May-3-2025.pdf
"April 28, 2025","May 3, 2025",Pechay (Native) 3-4 Small Bundles,kg,91.73,Weekly-Average-Prices-April-28-May-3-2025.pdf
"April 28, 2025","May 3, 2025",Squash Suprema Variety,kg,50.01,Weekly-Average-Prices-April-28-May-3-2025.pdf
"April 28, 2025","May 3, 2025",Eggplant 3-4 Small Bundles,kg,108.05,Weekly-Average-Prices-April-28-May-3-2025.pdf
"April 28, 2025","May 3, 2025",Tomato 15-18 pcs/kg,kg,66.97,Weekly-Average-Prices-April-28-May-3-2025.pdf
"April 28, 2025","May 3, 2025",Bell Pepper (Green) Medium (151-250gm/pc),kg,178.62,Weekly-Average-Prices-April-28-May-3-2025.pdf
"April 28, 2025","May 3, 2025",Bell Pepper (Red) Medium (151-250gm/pc),kg,162.35,Weekly-Average-Prices-April-28-May-3-2025.pdf
"April 28, 2025","May 3, 2025",Broccoli Medium (8-10 cm diameter/bunch hd),kg,180.69,Weekly-Average-Prices-April-28-May-3-2025.pdf
"April 28, 2025","May 3, 2025",Cabbage (Rare Ball) 510 gm - 1 kg/head,kg,110.55,Weekly-Average-Prices-April-28-May-3-2025.pdf
"April 28, 2025","May 3, 2025",Cabbage (Scorpio) 750 gm - 1 kg/head,kg,119.26,Weekly-Average-Prices-April-28-May-3-2025.pdf
"April 28, 2025","May 3, 2025",Cabbage (Wonder Ball) 510 gm - 1 kg/head,kg,116.88,Weekly-Average-Prices-April-28-May-3-2025.pdf
"April 28, 2025","May 3, 2025",Carrots 8-10 pcs/kg,kg,85.28,Weekly-Average-Prices-April-28-May-3-2025.pdf
"April 28, 2025","May 3, 2025",Habichuelas (Baguio Beans),kg,107.72,Weekly-Average-Prices-April-28-May-3-2025.pdf
"April 28, 2025","May 3, 2025",White Potato 10-12 pcs/kg,kg,93.82,Weekly-Average-Prices-April-28-May-3-2025.pdf
"April 28, 2025","May 3, 2025",Pechay (Baguio),kg,89.71,Weekly-Average-Prices-April-28-May-3-2025.pdf
"April 28, 2025","May 3, 2025",Chayote Medium (301-400 g),kg,46.73,Weekly-Average-Prices-April-28-May-3-2025.pdf
"April 28, 2025","May 3, 2025",Cauliflower Medium (8-10 cm diameter/bunch hd),kg,138.22,Weekly-Average-Prices-April-28-May-3-2025.pdf
"April 28, 2025","May 3, 2025",Celery Medium (501-800 g),kg,158.13,Weekly-Average-Prices-April-28-May-3-2025.pdf
"April 28, 2025","May 3, 2025",Lettuce (Green Ice),kg,152.56,Weekly-Average-Prices-April-28-May-3-2025.pdf
"April 28, 2025","May 3, 2025",Lettuce (Iceberg) Medium (301-450 cm diameter/bunch hd),kg,180.34,Weekly-Average-Prices-April-28-May-3-2025.pdf
"April 28, 2025","May 3, 2025",Lettuce (Romaine),kg,165.9,Weekly-Average-Prices-April-28-May-3-2025.pdf
"April 28, 2025","May 3, 2025",Red Onion 13-15 pcs/kg,kg,118.31,Weekly-Average-Prices-April-28-May-3-2025.pdf
"April 28, 2025","May 3, 2025",Red Onion (Imported) kg n/a White Onion,kg,102.66,Weekly-Average-Prices-April-28-May-3-2025.pdf
"April 28, 2025","May 3, 2025",White Onion (Imported),kg,120.16,Weekly-Average-Prices-April-28-May-3-2025.pdf
"April 28, 2025","May 3, 2025",Garlic (Imported),kg,156.93,Weekly-Average-Prices-April-28-May-3-2025.pdf
"April 28, 2025","May 3, 2025",Garlic (Native),kg,410.0,Weekly-Average-Prices-April-28-May-3-2025.pdf
"April 28, 2025","May 3, 2025","Ginger Fairly well-matured, Medium (150-300 gm)",kg,184.84,Weekly-Average-Prices-April-28-May-3-2025.pdf
"April 28, 2025","May 3, 2025",Chilli (Red),kg,124.56,Weekly-Average-Prices-April-28-May-3-2025.pdf
"April 28, 2025","May 3, 2025",Calamansi,kg,121.2,Weekly-Average-Prices-April-28-May-3-2025.pdf
"April 28, 2025","May 3, 2025",Banana (Lakatan) 8-10 pcs/kg,kg,105.33,Weekly-Average-Prices-April-28-May-3-2025.pdf
"April 28, 2025","May 3, 2025",Banana (Latundan) 10-12 pcs/kg,kg,74.08,Weekly-Average-Prices-April-28-May-3-2025.pdf
"April 28, 2025","May 3, 2025",Banana (Saba),kg,50.11,Weekly-Average-Prices-April-28-May-3-2025.pdf
"April 28, 2025","May 3, 2025","Papaya Solo, Ripe, 2-3 pcs/kg",kg,72.9,Weekly-Average-Prices-April-28-May-3-2025.pdf
"April 28, 2025","May 3, 2025","Mango (Carabao) Ripe, 3-4 pcs/kg",kg,138.05,Weekly-Average-Prices-April-28-May-3-2025.pdf
"April 28, 2025","May 3, 2025",Avocado,kg,247.25,Weekly-Average-Prices-April-28-May-3-2025.pdf
"April 28, 2025","May 3, 2025",Melon,kg,100.35,Weekly-Average-Prices-April-28-May-3-2025.pdf
"April 28, 2025","May 3, 2025",Pomelo,kg,170.62,Weekly-Average-Prices-April-28-May-3-2025.pdf
"April 28, 2025","May 3, 2025",Watermelon,kg,73.28,Weekly-Average-Prices-April-28-May-3-2025.pdf
"April 28, 2025","May 3, 2025",Sugar (Refined),kg,83.05,Weekly-Average-Prices-April-28-May-3-2025.pdf
"April 28, 2025","May 3, 2025",Sugar (Washed),kg,76.1,Weekly-Average-Prices-April-28-May-3-2025.pdf
"April 28, 2025","May 3, 2025",Sugar (Brown),kg,74.12,Weekly-Average-Prices-April-28-May-3-2025.pdf
"April 28, 2025","May 3, 2025",Cooking Oil (Palm) 350 ml/bottle,ml,36.45,Weekly-Average-Prices-April-28-May-3-2025.pdf
"April 28, 2025","May 3, 2025",Cooking Oil (Palm) 1 Liter/bottle,L,96.58,Weekly-Average-Prices-April-28-May-3-2025.pdf
"April 28, 2025","May 3, 2025",Cooking Oil (Coconut) 350 ml/bottle,ml,48.25,Weekly-Average-Prices-April-28-May-3-2025.pdf
"April 28, 2025","May 3, 2025",Cooking Oil (Coconut) 1 Liter/bottle,L,141.05,Weekly-Average-Prices-April-28-May-3-2025.pdf
"December 8, 2025","December 13, 2025",P20 Benteng Bigas Meron Naᵃ,kg,20.0,Weekly-Average-Prices-December-8-13-2025.pdf
"December 8, 2025","December 13, 2025",Basmati,kg,211.0,Weekly-Average-Prices-December-8-13-2025.pdf
"December 8, 2025","December 13, 2025",Glutinous,kg,61.64,Weekly-Average-Prices-December-8-13-2025.pdf
"December 8, 2025","December 13, 2025",Japonica/Jasponica,kg,61.23,Weekly-Average-Prices-December-8-13-2025.pdf
"December 8, 2025","December 13, 2025",Other Special Rice White Rice,kg,59.49,Weekly-Average-Prices-December-8-13-2025.pdf
"December 8, 2025","December 13, 2025",Premium 5% broken,kg,50.23,Weekly-Average-Prices-December-8-13-2025.pdf
"December 8, 2025","December 13, 2025",Well Milled 1-19% bran streak,kg,44.75,Weekly-Average-Prices-December-8-13-2025.pdf
"December 8, 2025","December 13, 2025",Regular Milled 20-40% bran streak,kg,38.92,Weekly-Average-Prices-December-8-13-2025.pdf
"December 8, 2025","December 13, 2025",Basmati kg - Glutinous,kg,73.31,Weekly-Average-Prices-December-8-13-2025.pdf
"December 8, 2025","December 13, 2025",Japonica/Jasponica kg - Other Special Rice White Rice,kg,57.31,Weekly-Average-Prices-December-8-13-2025.pdf
"December 8, 2025","December 13, 2025",Premium 5% broken,kg,50.04,Weekly-Average-Prices-December-8-13-2025.pdf
"December 8, 2025","December 13, 2025",Well Milled 1-19% bran streak,kg,43.55,Weekly-Average-Prices-December-8-13-2025.pdf
"December 8, 2025","December 13, 2025",Regular Milled 20-40% bran streak,kg,38.22,Weekly-Average-Prices-December-8-13-2025.pdf
"December 8, 2025","December 13, 2025","CORN Corn (White) Cob, Glutinous",kg,107.64,Weekly-Average-Prices-December-8-13-2025.pdf
"December 8, 2025","December 13, 2025","Corn (Yellow) Cob, Sweet Corn",kg,92.76,Weekly-Average-Prices-December-8-13-2025.pdf
"December 8, 2025","December 13, 2025","Corn Grits (White, Food Grade)",kg,120.0,Weekly-Average-Prices-December-8-13-2025.pdf
"December 8, 2025","December 13, 2025","Corn Grits (Yellow, Food Grade)",kg,120.0,Weekly-Average-Prices-December-8-13-2025.pdf
"December 8, 2025","December 13, 2025","Corn Cracked (Yellow, Feed Grade)",kg,50.0,Weekly-Average-Prices-December-8-13-2025.pdf
"December 8, 2025","December 13, 2025",Corn Grits (Feed Grade),kg,47.5,Weekly-Average-Prices-December-8-13-2025.pdf
"December 8, 2025","December 13, 2025",Mungbean,kg,130.33,Weekly-Average-Prices-December-8-13-2025.pdf
"December 8, 2025","December 13, 2025",FISH Bangus Large,kg,264.73,Weekly-Average-Prices-December-8-13-2025.pdf
"December 8, 2025","December 13, 2025",Bangus Medium (3-4pcs/kg),kg,238.54,Weekly-Average-Prices-December-8-13-2025.pdf
"December 8, 2025","December 13, 2025",Tilapia Medium (5-6pcs/kg),kg,154.36,Weekly-Average-Prices-December-8-13-2025.pdf
"December 8, 2025","December 13, 2025","Galunggong (Local) Male, Medium (12-14pcs/kg)",kg,353.28,Weekly-Average-Prices-December-8-13-2025.pdf
"December 8, 2025","December 13, 2025","Galunggong (Imported) Male, Medium (12-14pcs/kg)",kg,309.27,Weekly-Average-Prices-December-8-13-2025.pdf
"December 8, 2025","December 13, 2025",Alumahan Medium (4-6pcs/kg),kg,355.81,Weekly-Average-Prices-December-8-13-2025.pdf
"December 8, 2025","December 13, 2025",Bonito kg - Salmon Head kg - Sardines (Tamban),kg,150.7,Weekly-Average-Prices-December-8-13-2025.pdf
"December 8, 2025","December 13, 2025",Squid (Pusit Bisaya) Medium,kg,482.59,Weekly-Average-Prices-December-8-13-2025.pdf
"December 8, 2025","December 13, 2025",Yellow-Fin Tuna (Tambakol),kg,296.65,Weekly-Average-Prices-December-8-13-2025.pdf
"December 8, 2025","December 13, 2025",LIVESTOCK & POULTRY PRODUCTS Beef Rump Lean Meat/ Tapadera,kg,480.27,Weekly-Average-Prices-December-8-13-2025.pdf
"December 8, 2025","December 13, 2025",Beef Brisket Meat with Bones,kg,425.34,Weekly-Average-Prices-December-8-13-2025.pdf
"December 8, 2025","December 13, 2025",Pork Ham Kasim,kg,341.12,Weekly-Average-Prices-December-8-13-2025.pdf
"December 8, 2025","December 13, 2025",Pork Belly Liempo,kg,392.92,Weekly-Average-Prices-December-8-13-2025.pdf
"December 8, 2025","December 13, 2025",Frozen Kasim,kg,255.72,Weekly-Average-Prices-December-8-13-2025.pdf
"December 8, 2025","December 13, 2025",Frozen Liempo,kg,312.21,Weekly-Average-Prices-December-8-13-2025.pdf
"December 8, 2025","December 13, 2025",Whole Chicken Fully Dressed,kg,205.1,Weekly-Average-Prices-December-8-13-2025.pdf
"December 8, 2025","December 13, 2025","Chicken Egg (White, Pewee) 41-45 grams/pc",pc,6.84,Weekly-Average-Prices-December-8-13-2025.pdf
"December 8, 2025","December 13, 2025","Chicken Egg (White, Extra Small) 46-50 grams/pc",pc,7.32,Weekly-Average-Prices-December-8-13-2025.pdf
"December 8, 2025","December 13, 2025","Chicken Egg (White, Small) 51-55 grams/pc",pc,7.77,Weekly-Average-Prices-December-8-13-2025.pdf
"December 8, 2025","December 13, 2025","Chicken Egg (White, Medium) 56-60 grams/pc",pc,8.29,Weekly-Average-Prices-December-8-13-2025.pdf
"December 8, 2025","December 13, 2025","Chicken Egg (White, Large) 61-65 grams/pc",pc,8.82,Weekly-Average-Prices-December-8-13-2025.pdf
"December 8, 2025","December 13, 2025","Chicken Egg (White, Extra Large) 66-70 grams/pc",pc,9.36,Weekly-Average-Prices-December-8-13-2025.pdf
"December 8, 2025","December 13, 2025","Chicken Egg (White, Jumbo) 71> grams/pc",pc,9.9,Weekly-Average-Prices-December-8-13-2025.pdf
"December 8, 2025","December 13, 2025","Chicken Egg (Brown, Medium) Medium",pc,11.18,Weekly-Average-Prices-December-8-13-2025.pdf
"December 8, 2025","December 13, 2025","Chicken Egg (Brown, Large) Large",pc,12.33,Weekly-Average-Prices-December-8-13-2025.pdf
"December 8, 2025","December 13, 2025","Chicken Egg (Brown, Extra Large) Extra Large",pc,11.0,Weekly-Average-Prices-December-8-13-2025.pdf
"December 8, 2025","December 13, 2025",Ampalaya 4-5 pcs/kg,kg,170.59,Weekly-Average-Prices-December-8-13-2025.pdf
"December 8, 2025","December 13, 2025",Sitao 3-4 Small Bundles,kg,152.11,Weekly-Average-Prices-December-8-13-2025.pdf
"December 8, 2025","December 13, 2025",Pechay (Native) 3-4 Small Bundles,kg,118.2,Weekly-Average-Prices-December-8-13-2025.pdf
"December 8, 2025","December 13, 2025",Squash Suprema Variety,kg,58.65,Weekly-Average-Prices-December-8-13-2025.pdf
"December 8, 2025","December 13, 2025",Eggplant 3-4 Small Bundles,kg,166.21,Weekly-Average-Prices-December-8-13-2025.pdf
"December 8, 2025","December 13, 2025",Tomato 15-18 pcs/kg,kg,139.29,Weekly-Average-Prices-December-8-13-2025.pdf
"December 8, 2025","December 13, 2025",351.13 xHIGHLAND VEGETABLES Bell Pepper (Green) Medium (151-250gm/pc),kg,275.78,Weekly-Average-Prices-December-8-13-2025.pdf
"December 8, 2025","December 13, 2025",Bell Pepper (Red) Medium (151-250gm/pc),kg,247.09,Weekly-Average-Prices-December-8-13-2025.pdf
"December 8, 2025","December 13, 2025",Broccoli Medium (8-10 cm diameter/bunch hd),kg,308.24,Weekly-Average-Prices-December-8-13-2025.pdf
"December 8, 2025","December 13, 2025",Cabbage (Rare Ball) 510 gm - 1 kg/head,kg,85.66,Weekly-Average-Prices-December-8-13-2025.pdf
"December 8, 2025","December 13, 2025",Cabbage (Scorpio) 750 gm - 1 kg/head,kg,84.66,Weekly-Average-Prices-December-8-13-2025.pdf
"December 8, 2025","December 13, 2025",Cabbage (Wonder Ball) 510 gm - 1 kg/head,kg,76.29,Weekly-Average-Prices-December-8-13-2025.pdf
"December 8, 2025","December 13, 2025",Carrots 8-10 pcs/kg,kg,122.07,Weekly-Average-Prices-December-8-13-2025.pdf
"December 8, 2025","December 13, 2025",Habichuelas (Baguio Beans),kg,331.86,Weekly-Average-Prices-December-8-13-2025.pdf
"December 8, 2025","December 13, 2025",White Potato 10-12 pcs/kg,kg,150.68,Weekly-Average-Prices-December-8-13-2025.pdf
"December 8, 2025","December 13, 2025",Pechay (Baguio),kg,86.11,Weekly-Average-Prices-December-8-13-2025.pdf
"December 8, 2025","December 13, 2025",Chayote Medium (301-400 g),kg,113.63,Weekly-Average-Prices-December-8-13-2025.pdf
"December 8, 2025","December 13, 2025",Cauliflower Medium (8-10 cm diameter/bunch hd),kg,253.53,Weekly-Average-Prices-December-8-13-2025.pdf
"December 8, 2025","December 13, 2025",Celery Medium (501-800 g),kg,182.12,Weekly-Average-Prices-December-8-13-2025.pdf
"December 8, 2025","December 13, 2025",Lettuce (Green Ice),kg,339.49,Weekly-Average-Prices-December-8-13-2025.pdf
"December 8, 2025","December 13, 2025",Lettuce (Iceberg) Medium (301-450 cm diameter/bunch hd),kg,404.6,Weekly-Average-Prices-December-8-13-2025.pdf
"December 8, 2025","December 13, 2025",Lettuce (Romaine),kg,369.81,Weekly-Average-Prices-December-8-13-2025.pdf
"December 8, 2025","December 13, 2025",Red Onion 13-15 pcs/kg,kg,281.15,Weekly-Average-Prices-December-8-13-2025.pdf
"December 8, 2025","December 13, 2025",Red Onion (Imported)b,kg,213.87,Weekly-Average-Prices-December-8-13-2025.pdf
"December 8, 2025","December 13, 2025",White Onion kg - White Onion (Imported),kg,137.01,Weekly-Average-Prices-December-8-13-2025.pdf
"December 8, 2025","December 13, 2025",Garlic (Imported),kg,153.02,Weekly-Average-Prices-December-8-13-2025.pdf
"December 8, 2025","December 13, 2025",Garlic (Native),kg,409.09,Weekly-Average-Prices-December-8-13-2025.pdf
"December 8, 2025","December 13, 2025","Ginger Fairly well-matured, Medium (150-300 gm)",kg,173.05,Weekly-Average-Prices-December-8-13-2025.pdf
"December 8, 2025","December 13, 2025",Chilli (Red),kg,574.13,Weekly-Average-Prices-December-8-13-2025.pdf
"December 8, 2025","December 13, 2025",Calamansi,kg,106.7,Weekly-Average-Prices-December-8-13-2025.pdf
"December 8, 2025","December 13, 2025",Banana (Lakatan) 8-10 pcs/kg,kg,96.68,Weekly-Average-Prices-December-8-13-2025.pdf
"December 8, 2025","December 13, 2025",Banana (Latundan) 10-12 pcs/kg,kg,75.47,Weekly-Average-Prices-December-8-13-2025.pdf
"December 8, 2025","December 13, 2025",Banana (Saba),kg,53.0,Weekly-Average-Prices-December-8-13-2025.pdf
"December 8, 2025","December 13, 2025","Papaya Solo, Ripe, 2-3 pcs/kg",kg,70.28,Weekly-Average-Prices-December-8-13-2025.pdf
"December 8, 2025","December 13, 2025","Mango (Carabao) Ripe, 3-4 pcs/kg",kg,211.52,Weekly-Average-Prices-December-8-13-2025.pdf
"December 8, 2025","December 13, 2025",Avocado,kg,401.46,Weekly-Average-Prices-December-8-13-2025.pdf
"December 8, 2025","December 13, 2025",Melon,kg,106.75,Weekly-Average-Prices-December-8-13-2025.pdf
"December 8, 2025","December 13, 2025",Pomelo,kg,179.27,Weekly-Average-Prices-December-8-13-2025.pdf
"December 8, 2025","December 13, 2025",Watermelon,kg,79.19,Weekly-Average-Prices-December-8-13-2025.pdf
"December 8, 2025","December 13, 2025",Sugar (Refined),kg,81.74,Weekly-Average-Prices-December-8-13-2025.pdf
"December 8, 2025","December 13, 2025",Sugar (Washed),kg,75.18,Weekly-Average-Prices-December-8-13-2025.pdf
"December 8, 2025","December 13, 2025",Sugar (Brown),kg,73.45,Weekly-Average-Prices-December-8-13-2025.pdf
"December 8, 2025","December 13, 2025",Cooking Oil (Palm) 350 ml/bottle,ml,36.02,Weekly-Average-Prices-December-8-13-2025.pdf
"December 8, 2025","December 13, 2025",Cooking Oil (Palm) 1 Liter/bottle,L,90.45,Weekly-Average-Prices-December-8-13-2025.pdf
"December 8, 2025","December 13, 2025",Cooking Oil (Coconut) 350 ml/bottle,ml,59.66,Weekly-Average-Prices-December-8-13-2025.pdf
"December 8, 2025","December 13, 2025",Cooking Oil (Coconut) 1 Liter/bottle,L,161.64,Weekly-Average-Prices-December-8-13-2025.pdf
"June 9, 2025","June 14, 2025",Premium (RFA5)ᵃ 5% broken,kg,43.0,Weekly-Average-Prices-June-9-14-2025.pdf
"June 9, 2025","June 14, 2025",Well Milled (RFA25)ᵃ 25% broken,kg,35.0,Weekly-Average-Prices-June-9-14-2025.pdf
"June 9, 2025","June 14, 2025",Regular Milled (RFA100)ᵃ 100% broken,kg,33.0,Weekly-Average-Prices-June-9-14-2025.pdf
"June 9, 2025","June 14, 2025",P20 Benteng Bigas Meron Naᵃ,kg,20.0,Weekly-Average-Prices-June-9-14-2025.pdf
"June 9, 2025","June 14, 2025",Special White Rice,kg,57.1,Weekly-Average-Prices-June-9-14-2025.pdf
"June 9, 2025","June 14, 2025",Premium 5% broken,kg,46.44,Weekly-Average-Prices-June-9-14-2025.pdf
"June 9, 2025","June 14, 2025",Well Milled 1-19% bran streak,kg,44.1,Weekly-Average-Prices-June-9-14-2025.pdf
"June 9, 2025","June 14, 2025",Regular Milled 20-40% bran streak,kg,40.27,Weekly-Average-Prices-June-9-14-2025.pdf
"June 9, 2025","June 14, 2025",Special White Rice,kg,57.9,Weekly-Average-Prices-June-9-14-2025.pdf
"June 9, 2025","June 14, 2025",Premium 5% broken,kg,51.55,Weekly-Average-Prices-June-9-14-2025.pdf
"June 9, 2025","June 14, 2025",Well Milled 1-19% bran streak,kg,44.7,Weekly-Average-Prices-June-9-14-2025.pdf
"June 9, 2025","June 14, 2025",Regular Milled 20-40% bran streak,kg,38.51,Weekly-Average-Prices-June-9-14-2025.pdf
"June 9, 2025","June 14, 2025","CORN Corn (White) Cob, Glutinous",kg,74.83,Weekly-Average-Prices-June-9-14-2025.pdf
"June 9, 2025","June 14, 2025","Corn (Yellow) Cob, Sweet Corn",kg,70.83,Weekly-Average-Prices-June-9-14-2025.pdf
"June 9, 2025","June 14, 2025","Corn Grits (White, Food Grade)",kg,56.0,Weekly-Average-Prices-June-9-14-2025.pdf
"June 9, 2025","June 14, 2025","Corn Grits (Yellow, Food Grade)",kg,58.0,Weekly-Average-Prices-June-9-14-2025.pdf
"June 9, 2025","June 14, 2025","Corn Cracked (Yellow, Feed Grade)",kg,50.0,Weekly-Average-Prices-June-9-14-2025.pdf
"June 9, 2025","June 14, 2025",Corn Grits (Feed Grade),kg,42.0,Weekly-Average-Prices-June-9-14-2025.pdf
"June 9, 2025","June 14, 2025",FISH Bangus Large,kg,229.61,Weekly-Average-Prices-June-9-14-2025.pdf
"June 9, 2025","June 14, 2025",Bangus Medium (3-4pcs/kg),kg,202.27,Weekly-Average-Prices-June-9-14-2025.pdf
"June 9, 2025","June 14, 2025",Tilapia Medium (5-6pcs/kg),kg,148.38,Weekly-Average-Prices-June-9-14-2025.pdf
"June 9, 2025","June 14, 2025","Galunggong (Local) Male, Medium (12-14pcs/kg)",kg,244.11,Weekly-Average-Prices-June-9-14-2025.pdf
"June 9, 2025","June 14, 2025","Galunggong (Imported) Male, Medium (12-14pcs/kg) kg - Alumahan Medium (4-6pcs/kg)",kg,315.77,Weekly-Average-Prices-June-9-14-2025.pdf
"June 9, 2025","June 14, 2025",Bonito kg - Salmon Head,kg,214.84,Weekly-Average-Prices-June-9-14-2025.pdf
"June 9, 2025","June 14, 2025",Sardines (Tamban),kg,108.11,Weekly-Average-Prices-June-9-14-2025.pdf
"June 9, 2025","June 14, 2025",Squid (Pusit Bisaya) Medium,kg,415.84,Weekly-Average-Prices-June-9-14-2025.pdf
"June 9, 2025","June 14, 2025",Yellow-Fin Tuna (Tambakol),kg,249.77,Weekly-Average-Prices-June-9-14-2025.pdf
"June 9, 2025","June 14, 2025",LIVESTOCK & POULTRY PRODUCTS Beef Rump Lean Meat/ Tapadera,kg,460.62,Weekly-Average-Prices-June-9-14-2025.pdf
"June 9, 2025","June 14, 2025",Beef Brisket Meat with Bones,kg,399.14,Weekly-Average-Prices-June-9-14-2025.pdf
"June 9, 2025","June 14, 2025",Pork Ham Kasim,kg,390.33,Weekly-Average-Prices-June-9-14-2025.pdf
"June 9, 2025","June 14, 2025",Pork Belly Liempo,kg,440.78,Weekly-Average-Prices-June-9-14-2025.pdf
"June 9, 2025","June 14, 2025",Frozen Kasim,kg,258.38,Weekly-Average-Prices-June-9-14-2025.pdf
"June 9, 2025","June 14, 2025",Frozen Liempo,kg,313.65,Weekly-Average-Prices-June-9-14-2025.pdf
"June 9, 2025","June 14, 2025",Whole Chicken Fully Dressed,kg,223.22,Weekly-Average-Prices-June-9-14-2025.pdf
"June 9, 2025","June 14, 2025","Chicken Egg (White, Pewee) 41-45 grams/pc",pc,6.1,Weekly-Average-Prices-June-9-14-2025.pdf
"June 9, 2025","June 14, 2025","Chicken Egg (White, Extra Small) 46-50 grams/pc",pc,6.59,Weekly-Average-Prices-June-9-14-2025.pdf
"June 9, 2025","June 14, 2025","Chicken Egg (White, Small) 51-55 grams/pc",pc,7.22,Weekly-Average-Prices-June-9-14-2025.pdf
"June 9, 2025","June 14, 2025","Chicken Egg (White, Medium) 56-60 grams/pc",pc,8.05,Weekly-Average-Prices-June-9-14-2025.pdf
"June 9, 2025","June 14, 2025","Chicken Egg (White, Large) 61-65 grams/pc",pc,8.69,Weekly-Average-Prices-June-9-14-2025.pdf
"June 9, 2025","June 14, 2025","Chicken Egg (White, Extra Large) 66-70 grams/pc",pc,9.21,Weekly-Average-Prices-June-9-14-2025.pdf
"June 9, 2025","June 14, 2025","Chicken Egg (White, Jumbo) 71> grams/pc",pc,9.74,Weekly-Average-Prices-June-9-14-2025.pdf
"June 9, 2025","June 14, 2025","Chicken Egg (Brown, Medium) Medium",pc,10.03,Weekly-Average-Prices-June-9-14-2025.pdf
"June 9, 2025","June 14, 2025","Chicken Egg (Brown, Large) Large",pc,10.37,Weekly-Average-Prices-June-9-14-2025.pdf
"June 9, 2025","June 14, 2025","Chicken Egg (Brown, Extra Large) Extra Large",pc,11.18,Weekly-Average-Prices-June-9-14-2025.pdf
"June 9, 2025","June 14, 2025",Ampalaya 4-5 pcs/kg,kg,100.49,Weekly-Average-Prices-June-9-14-2025.pdf
"June 9, 2025","June 14, 2025",Sitao 3-4 Small Bundles,kg,118.99,Weekly-Average-Prices-June-9-14-2025.pdf
"June 9, 2025","June 14, 2025",Pechay (Native) 3-4 Small Bundles,kg,88.68,Weekly-Average-Prices-June-9-14-2025.pdf
"June 9, 2025","June 14, 2025",Squash Suprema Variety,kg,50.64,Weekly-Average-Prices-June-9-14-2025.pdf
"June 9, 2025","June 14, 2025",Eggplant 3-4 Small Bundles,kg,87.43,Weekly-Average-Prices-June-9-14-2025.pdf
"June 9, 2025","June 14, 2025",Tomato 15-18 pcs/kg,kg,70.02,Weekly-Average-Prices-June-9-14-2025.pdf
"June 9, 2025","June 14, 2025",Bell Pepper (Green) Medium (151-250gm/pc),kg,174.12,Weekly-Average-Prices-June-9-14-2025.pdf
"June 9, 2025","June 14, 2025",Bell Pepper (Red) Medium (151-250gm/pc),kg,158.96,Weekly-Average-Prices-June-9-14-2025.pdf
"June 9, 2025","June 14, 2025",Broccoli Medium (8-10 cm diameter/bunch hd),kg,195.45,Weekly-Average-Prices-June-9-14-2025.pdf
"June 9, 2025","June 14, 2025",Cabbage (Rare Ball) 510 gm - 1 kg/head,kg,79.06,Weekly-Average-Prices-June-9-14-2025.pdf
"June 9, 2025","June 14, 2025",Cabbage (Scorpio) 750 gm - 1 kg/head,kg,98.01,Weekly-Average-Prices-June-9-14-2025.pdf
"June 9, 2025","June 14, 2025",Cabbage (Wonder Ball) 510 gm - 1 kg/head,kg,91.41,Weekly-Average-Prices-June-9-14-2025.pdf
"June 9, 2025","June 14, 2025",Carrots 8-10 pcs/kg,kg,90.33,Weekly-Average-Prices-June-9-14-2025.pdf
"June 9, 2025","June 14, 2025",Habichuelas (Baguio Beans),kg,114.48,Weekly-Average-Prices-June-9-14-2025.pdf
"June 9, 2025","June 14, 2025",White Potato 10-12 pcs/kg,kg,85.23,Weekly-Average-Prices-June-9-14-2025.pdf
"June 9, 2025","June 14, 2025",Pechay (Baguio),kg,80.61,Weekly-Average-Prices-June-9-14-2025.pdf
"June 9, 2025","June 14, 2025",Chayote Medium (301-400 g),kg,52.03,Weekly-Average-Prices-June-9-14-2025.pdf
"June 9, 2025","June 14, 2025",Cauliflower Medium (8-10 cm diameter/bunch hd),kg,174.28,Weekly-Average-Prices-June-9-14-2025.pdf
"June 9, 2025","June 14, 2025",Celery Medium (501-800 g),kg,224.12,Weekly-Average-Prices-June-9-14-2025.pdf
"June 9, 2025","June 14, 2025",Lettuce (Green Ice),kg,173.72,Weekly-Average-Prices-June-9-14-2025.pdf
"June 9, 2025","June 14, 2025",Lettuce (Iceberg) Medium (301-450 cm diameter/bunch hd),kg,186.65,Weekly-Average-Prices-June-9-14-2025.pdf
"June 9, 2025","June 14, 2025",Lettuce (Romaine),kg,173.94,Weekly-Average-Prices-June-9-14-2025.pdf
"June 9, 2025","June 14, 2025",Red Onion 13-15 pcs/kg,kg,131.76,Weekly-Average-Prices-June-9-14-2025.pdf
"June 9, 2025","June 14, 2025",Red Onion (Imported) kg - White Onion,kg,107.51,Weekly-Average-Prices-June-9-14-2025.pdf
"June 9, 2025","June 14, 2025",White Onion (Imported),kg,140.0,Weekly-Average-Prices-June-9-14-2025.pdf
"June 9, 2025","June 14, 2025",Garlic (Imported),kg,157.79,Weekly-Average-Prices-June-9-14-2025.pdf
"June 9, 2025","June 14, 2025",Garlic (Native),kg,414.29,Weekly-Average-Prices-June-9-14-2025.pdf
"June 9, 2025","June 14, 2025","Ginger Fairly well-matured, Medium (150-300 gm)",kg,213.78,Weekly-Average-Prices-June-9-14-2025.pdf
"June 9, 2025","June 14, 2025",Chilli (Red),kg,120.03,Weekly-Average-Prices-June-9-14-2025.pdf
"June 9, 2025","June 14, 2025",Calamansi,kg,107.09,Weekly-Average-Prices-June-9-14-2025.pdf
"June 9, 2025","June 14, 2025",Banana (Lakatan) 8-10 pcs/kg,kg,104.83,Weekly-Average-Prices-June-9-14-2025.pdf
"June 9, 2025","June 14, 2025",Banana (Latundan) 10-12 pcs/kg,kg,74.59,Weekly-Average-Prices-June-9-14-2025.pdf
"June 9, 2025","June 14, 2025",Banana (Saba),kg,51.08,Weekly-Average-Prices-June-9-14-2025.pdf
"June 9, 2025","June 14, 2025","Papaya Solo, Ripe, 2-3 pcs/kg",kg,73.05,Weekly-Average-Prices-June-9-14-2025.pdf
"June 9, 2025","June 14, 2025","Mango (Carabao) Ripe, 3-4 pcs/kg",kg,142.54,Weekly-Average-Prices-June-9-14-2025.pdf
"June 9, 2025","June 14, 2025",Avocado,kg,234.51,Weekly-Average-Prices-June-9-14-2025.pdf
"June 9, 2025","June 14, 2025",Melon,kg,103.55,Weekly-Average-Prices-June-9-14-2025.pdf
"June 9, 2025","June 14, 2025",Pomelo,kg,170.65,Weekly-Average-Prices-June-9-14-2025.pdf
"June 9, 2025","June 14, 2025",Watermelon,kg,73.3,Weekly-Average-Prices-June-9-14-2025.pdf
"June 9, 2025","June 14, 2025",Sugar (Refined),kg,83.09,Weekly-Average-Prices-June-9-14-2025.pdf
"June 9, 2025","June 14, 2025",Sugar (Washed),kg,75.95,Weekly-Average-Prices-June-9-14-2025.pdf
"June 9, 2025","June 14, 2025",Sugar (Brown),kg,74.41,Weekly-Average-Prices-June-9-14-2025.pdf
"June 9, 2025","June 14, 2025",Cooking Oil (Palm) 350 ml/bottle,ml,36.47,Weekly-Average-Prices-June-9-14-2025.pdf
"June 9, 2025","June 14, 2025",Cooking Oil (Palm) 1 Liter/bottle,L,93.48,Weekly-Average-Prices-June-9-14-2025.pdf
"June 9, 2025","June 14, 2025",Cooking Oil (Coconut) 350 ml/bottle,ml,56.12,Weekly-Average-Prices-June-9-14-2025.pdf
"June 9, 2025","June 14, 2025",Cooking Oil (Coconut) 1 Liter/bottle,L,161.19,Weekly-Average-Prices-June-9-14-2025.pdf
"November 3, 2025","November 8, 2025",Premium (RFA5)ᵃ 5% broken,kg,43.0,Weekly-Average-Prices-November-3-8-2025.pdf
"November 3, 2025","November 8, 2025",Well Milled (RFA25)ᵃ 25% broken,kg,35.0,Weekly-Average-Prices-November-3-8-2025.pdf
"November 3, 2025","November 8, 2025",Regular Milled (RFA100)ᵃ 100% broken,kg,33.0,Weekly-Average-Prices-November-3-8-2025.pdf
"November 3, 2025","November 8, 2025",P20 Benteng Bigas Meron Naᵃ,kg,20.0,Weekly-Average-Prices-November-3-8-2025.pdf
"November 3, 2025","November 8, 2025",Special White Rice,kg,58.15,Weekly-Average-Prices-November-3-8-2025.pdf
"November 3, 2025","November 8, 2025",Premium 5% broken,kg,48.78,Weekly-Average-Prices-November-3-8-2025.pdf
"November 3, 2025","November 8, 2025",Well Milled 1-19% bran streak,kg,40.48,Weekly-Average-Prices-November-3-8-2025.pdf
"November 3, 2025","November 8, 2025",Regular Milled 20-40% bran streak,kg,39.55,Weekly-Average-Prices-November-3-8-2025.pdf
"November 3, 2025","November 8, 2025",Special White Rice,kg,57.02,Weekly-Average-Prices-November-3-8-2025.pdf
"November 3, 2025","November 8, 2025",Premium 5% broken,kg,48.52,Weekly-Average-Prices-November-3-8-2025.pdf
"November 3, 2025","November 8, 2025",Well Milled 1-19% bran streak,kg,42.23,Weekly-Average-Prices-November-3-8-2025.pdf
"November 3, 2025","November 8, 2025",Regular Milled 20-40% bran streak,kg,37.01,Weekly-Average-Prices-November-3-8-2025.pdf
"November 3, 2025","November 8, 2025","CORN Corn (White) Cob, Glutinous",kg,95.22,Weekly-Average-Prices-November-3-8-2025.pdf
"November 3, 2025","November 8, 2025","Corn (Yellow) Cob, Sweet Corn",kg,76.08,Weekly-Average-Prices-November-3-8-2025.pdf
"November 3, 2025","November 8, 2025","Corn Grits (White, Food Grade)",kg,120.0,Weekly-Average-Prices-November-3-8-2025.pdf
"November 3, 2025","November 8, 2025","Corn Grits (Yellow, Food Grade)",kg,95.0,Weekly-Average-Prices-November-3-8-2025.pdf
"November 3, 2025","November 8, 2025","Corn Cracked (Yellow, Feed Grade)",kg,50.0,Weekly-Average-Prices-November-3-8-2025.pdf
"November 3, 2025","November 8, 2025",Corn Grits (Feed Grade),kg,47.5,Weekly-Average-Prices-November-3-8-2025.pdf
"November 3, 2025","November 8, 2025",FISH Bangus Large,kg,272.63,Weekly-Average-Prices-November-3-8-2025.pdf
"November 3, 2025","November 8, 2025",Bangus Medium (3-4pcs/kg),kg,243.62,Weekly-Average-Prices-November-3-8-2025.pdf
"November 3, 2025","November 8, 2025",Tilapia Medium (5-6pcs/kg),kg,152.26,Weekly-Average-Prices-November-3-8-2025.pdf
"November 3, 2025","November 8, 2025","Galunggong (Local) Male, Medium (12-14pcs/kg)",kg,337.11,Weekly-Average-Prices-November-3-8-2025.pdf
"November 3, 2025","November 8, 2025","Galunggong (Imported) Male, Medium (12-14pcs/kg)",kg,302.22,Weekly-Average-Prices-November-3-8-2025.pdf
"November 3, 2025","November 8, 2025",Alumahan Medium (4-6pcs/kg),kg,356.77,Weekly-Average-Prices-November-3-8-2025.pdf
"November 3, 2025","November 8, 2025",Bonito kg - Salmon Head kg - Sardines (Tamban),kg,147.28,Weekly-Average-Prices-November-3-8-2025.pdf
"November 3, 2025","November 8, 2025",Squid (Pusit Bisaya) Medium,kg,460.03,Weekly-Average-Prices-November-3-8-2025.pdf
"November 3, 2025","November 8, 2025",Yellow-Fin Tuna (Tambakol),kg,281.37,Weekly-Average-Prices-November-3-8-2025.pdf
"November 3, 2025","November 8, 2025",LIVESTOCK & POULTRY PRODUCTS Beef Rump Lean Meat/ Tapadera,kg,475.65,Weekly-Average-Prices-November-3-8-2025.pdf
"November 3, 2025","November 8, 2025",Beef Brisket Meat with Bones,kg,417.87,Weekly-Average-Prices-November-3-8-2025.pdf
"November 3, 2025","November 8, 2025",Pork Ham Kasim,kg,345.66,Weekly-Average-Prices-November-3-8-2025.pdf
"November 3, 2025","November 8, 2025",Pork Belly Liempo,kg,396.55,Weekly-Average-Prices-November-3-8-2025.pdf
"November 3, 2025","November 8, 2025",Frozen Kasim,kg,256.5,Weekly-Average-Prices-November-3-8-2025.pdf
"November 3, 2025","November 8, 2025",Frozen Liempo,kg,314.24,Weekly-Average-Prices-November-3-8-2025.pdf
"November 3, 2025","November 8, 2025",Whole Chicken Fully Dressed,kg,198.0,Weekly-Average-Prices-November-3-8-2025.pdf
"November 3, 2025","November 8, 2025","Chicken Egg (White, Pewee) 41-45 grams/pc",pc,6.97,Weekly-Average-Prices-November-3-8-2025.pdf
"November 3, 2025","November 8, 2025","Chicken Egg (White, Extra Small) 46-50 grams/pc",pc,7.5,Weekly-Average-Prices-November-3-8-2025.pdf
"November 3, 2025","November 8, 2025","Chicken Egg (White, Small) 51-55 grams/pc",pc,7.81,Weekly-Average-Prices-November-3-8-2025.pdf
"November 3, 2025","November 8, 2025","Chicken Egg (White, Medium) 56-60 grams/pc",pc,8.33,Weekly-Average-Prices-November-3-8-2025.pdf
"November 3, 2025","November 8, 2025","Chicken Egg (White, Large) 61-65 grams/pc",pc,8.85,Weekly-Average-Prices-November-3-8-2025.pdf
"November 3, 2025","November 8, 2025","Chicken Egg (White, Extra Large) 66-70 grams/pc",pc,9.35,Weekly-Average-Prices-November-3-8-2025.pdf
"November 3, 2025","November 8, 2025","Chicken Egg (White, Jumbo) 71> grams/pc",pc,9.91,Weekly-Average-Prices-November-3-8-2025.pdf
"November 3, 2025","November 8, 2025","Chicken Egg (Brown, Medium) Medium",pc,11.31,Weekly-Average-Prices-November-3-8-2025.pdf
"November 3, 2025","November 8, 2025","Chicken Egg (Brown, Large) Large",pc,11.8,Weekly-Average-Prices-November-3-8-2025.pdf
"November 3, 2025","November 8, 2025",Ampalaya 4-5 pcs/kg,kg,104.51,Weekly-Average-Prices-November-3-8-2025.pdf
"November 3, 2025","November 8, 2025",Sitao 3-4 Small Bundles,kg,105.67,Weekly-Average-Prices-November-3-8-2025.pdf
"November 3, 2025","November 8, 2025",Pechay (Native) 3-4 Small Bundles,kg,101.35,Weekly-Average-Prices-November-3-8-2025.pdf
"November 3, 2025","November 8, 2025",Squash Suprema Variety,kg,66.53,Weekly-Average-Prices-November-3-8-2025.pdf
"November 3, 2025","November 8, 2025",Eggplant 3-4 Small Bundles,kg,99.23,Weekly-Average-Prices-November-3-8-2025.pdf
"November 3, 2025","November 8, 2025",Tomato 15-18 pcs/kg,kg,114.41,Weekly-Average-Prices-November-3-8-2025.pdf
"November 3, 2025","November 8, 2025",xHIGHLAND VEGETABLES Bell Pepper (Green) Medium (151-250gm/pc),kg,299.74,Weekly-Average-Prices-November-3-8-2025.pdf
"November 3, 2025","November 8, 2025",Bell Pepper (Red) Medium (151-250gm/pc),kg,325.23,Weekly-Average-Prices-November-3-8-2025.pdf
"November 3, 2025","November 8, 2025",Broccoli Medium (8-10 cm diameter/bunch hd),kg,197.68,Weekly-Average-Prices-November-3-8-2025.pdf
"November 3, 2025","November 8, 2025",Cabbage (Rare Ball) 510 gm - 1 kg/head,kg,81.59,Weekly-Average-Prices-November-3-8-2025.pdf
"November 3, 2025","November 8, 2025",Cabbage (Scorpio) 750 gm - 1 kg/head,kg,83.53,Weekly-Average-Prices-November-3-8-2025.pdf
"November 3, 2025","November 8, 2025",Cabbage (Wonder Ball) 510 gm - 1 kg/head,kg,82.2,Weekly-Average-Prices-November-3-8-2025.pdf
"November 3, 2025","November 8, 2025",Carrots 8-10 pcs/kg,kg,156.09,Weekly-Average-Prices-November-3-8-2025.pdf
"November 3, 2025","November 8, 2025",Habichuelas (Baguio Beans),kg,164.57,Weekly-Average-Prices-November-3-8-2025.pdf
"November 3, 2025","November 8, 2025",White Potato 10-12 pcs/kg,kg,137.77,Weekly-Average-Prices-November-3-8-2025.pdf
"November 3, 2025","November 8, 2025",Pechay (Baguio),kg,77.61,Weekly-Average-Prices-November-3-8-2025.pdf
"November 3, 2025","November 8, 2025",Chayote Medium (301-400 g),kg,61.56,Weekly-Average-Prices-November-3-8-2025.pdf
"November 3, 2025","November 8, 2025",Cauliflower Medium (8-10 cm diameter/bunch hd),kg,247.72,Weekly-Average-Prices-November-3-8-2025.pdf
"November 3, 2025","November 8, 2025",Celery Medium (501-800 g),kg,175.03,Weekly-Average-Prices-November-3-8-2025.pdf
"November 3, 2025","November 8, 2025",Lettuce (Green Ice),kg,182.0,Weekly-Average-Prices-November-3-8-2025.pdf
"November 3, 2025","November 8, 2025",Lettuce (Iceberg) Medium (301-450 cm diameter/bunch hd),kg,201.43,Weekly-Average-Prices-November-3-8-2025.pdf
"November 3, 2025","November 8, 2025",Lettuce (Romaine),kg,180.64,Weekly-Average-Prices-November-3-8-2025.pdf
"November 3, 2025","November 8, 2025",Red Onion 13-15 pcs/kg,kg,167.76,Weekly-Average-Prices-November-3-8-2025.pdf
"November 3, 2025","November 8, 2025",Red Onion (Imported)b,kg,127.12,Weekly-Average-Prices-November-3-8-2025.pdf
"November 3, 2025","November 8, 2025",White Onion,kg,100.0,Weekly-Average-Prices-November-3-8-2025.pdf
"November 3, 2025","November 8, 2025",White Onion (Imported),kg,120.05,Weekly-Average-Prices-November-3-8-2025.pdf
"November 3, 2025","November 8, 2025",Garlic (Imported),kg,151.27,Weekly-Average-Prices-November-3-8-2025.pdf
"November 3, 2025","November 8, 2025",Garlic (Native),kg,414.1,Weekly-Average-Prices-November-3-8-2025.pdf
"November 3, 2025","November 8, 2025","Ginger Fairly well-matured, Medium (150-300 gm)",kg,194.98,Weekly-Average-Prices-November-3-8-2025.pdf
"November 3, 2025","November 8, 2025",Chilli (Red),kg,349.18,Weekly-Average-Prices-November-3-8-2025.pdf
"November 3, 2025","November 8, 2025",Calamansi,kg,134.75,Weekly-Average-Prices-November-3-8-2025.pdf
"November 3, 2025","November 8, 2025",Banana (Lakatan) 8-10 pcs/kg,kg,97.66,Weekly-Average-Prices-November-3-8-2025.pdf
"November 3, 2025","November 8, 2025",Banana (Latundan) 10-12 pcs/kg,kg,75.38,Weekly-Average-Prices-November-3-8-2025.pdf
"November 3, 2025","November 8, 2025",Banana (Saba),kg,52.89,Weekly-Average-Prices-November-3-8-2025.pdf
"November 3, 2025","November 8, 2025","Papaya Solo, Ripe, 2-3 pcs/kg",kg,70.23,Weekly-Average-Prices-November-3-8-2025.pdf
"November 3, 2025","November 8, 2025","Mango (Carabao) Ripe, 3-4 pcs/kg",kg,204.31,Weekly-Average-Prices-November-3-8-2025.pdf
"November 3, 2025","November 8, 2025",Avocado,kg,442.7,Weekly-Average-Prices-November-3-8-2025.pdf
"November 3, 2025","November 8, 2025",Melon,kg,105.33,Weekly-Average-Prices-November-3-8-2025.pdf
"November 3, 2025","November 8, 2025",Pomelo,kg,183.12,Weekly-Average-Prices-November-3-8-2025.pdf
"November 3, 2025","November 8, 2025",Watermelon,kg,76.27,Weekly-Average-Prices-November-3-8-2025.pdf
"November 3, 2025","November 8, 2025",Sugar (Refined),kg,82.34,Weekly-Average-Prices-November-3-8-2025.pdf
"November 3, 2025","November 8, 2025",Sugar (Washed),kg,76.05,Weekly-Average-Prices-November-3-8-2025.pdf
"November 3, 2025","November 8, 2025",Sugar (Brown),kg,74.19,Weekly-Average-Prices-November-3-8-2025.pdf
"November 3, 2025","November 8, 2025",Cooking Oil (Palm) 350 ml/bottle,ml,36.26,Weekly-Average-Prices-November-3-8-2025.pdf
"November 3, 2025","November 8, 2025",Cooking Oil (Palm) 1 Liter/bottle,L,92.03,Weekly-Average-Prices-November-3-8-2025.pdf
"November 3, 2025","November 8, 2025",Cooking Oil (Coconut) 350 ml/bottle,ml,58.8,Weekly-Average-Prices-November-3-8-2025.pdf
"November 3, 2025","November 8, 2025",Cooking Oil (Coconut) 1 Liter/bottle,L,162.94,Weekly-Average-Prices-November-3-8-2025.pdf
"October 13, 2025","October 18, 2025",Premium (RFA5)ᵃ 5% broken,kg,43.0,Weekly-Average-Prices-October-13-18-2025.pdf
"October 13, 2025","October 18, 2025",Well Milled (RFA25)ᵃ 25% broken,kg,35.0,Weekly-Average-Prices-October-13-18-2025.pdf
"October 13, 2025","October 18, 2025",Regular Milled (RFA100)ᵃ 100% broken,kg,33.0,Weekly-Average-Prices-October-13-18-2025.pdf
"October 13, 2025","October 18, 2025",P20 Benteng Bigas Meron Naᵃ,kg,20.0,Weekly-Average-Prices-October-13-18-2025.pdf
"October 13, 2025","October 18, 2025",Special White Rice,kg,57.55,Weekly-Average-Prices-October-13-18-2025.pdf
"October 13, 2025","October 18, 2025",Premium 5% broken,kg,46.95,Weekly-Average-Prices-October-13-18-2025.pdf
"October 13, 2025","October 18, 2025",Well Milled 1-19% bran streak,kg,42.41,Weekly-Average-Prices-October-13-18-2025.pdf
"October 13, 2025","October 18, 2025",Regular Milled 20-40% bran streak,kg,39.32,Weekly-Average-Prices-October-13-18-2025.pdf
"October 13, 2025","October 18, 2025",Special White Rice,kg,57.0,Weekly-Average-Prices-October-13-18-2025.pdf
"October 13, 2025","October 18, 2025",Premium 5% broken,kg,48.98,Weekly-Average-Prices-October-13-18-2025.pdf
"October 13, 2025","October 18, 2025",Well Milled 1-19% bran streak,kg,43.03,Weekly-Average-Prices-October-13-18-2025.pdf
"October 13, 2025","October 18, 2025",Regular Milled 20-40% bran streak,kg,37.21,Weekly-Average-Prices-October-13-18-2025.pdf
"October 13, 2025","October 18, 2025","CORN Corn (White) Cob, Glutinous",kg,92.86,Weekly-Average-Prices-October-13-18-2025.pdf
"October 13, 2025","October 18, 2025","Corn (Yellow) Cob, Sweet Corn",kg,80.03,Weekly-Average-Prices-October-13-18-2025.pdf
"October 13, 2025","October 18, 2025","Corn Grits (White, Food Grade)",kg,120.0,Weekly-Average-Prices-October-13-18-2025.pdf
"October 13, 2025","October 18, 2025","Corn Grits (Yellow, Food Grade)",kg,100.0,Weekly-Average-Prices-October-13-18-2025.pdf
"October 13, 2025","October 18, 2025","Corn Cracked (Yellow, Feed Grade)",kg,50.0,Weekly-Average-Prices-October-13-18-2025.pdf
"October 13, 2025","October 18, 2025",Corn Grits (Feed Grade),kg,47.5,Weekly-Average-Prices-October-13-18-2025.pdf
"October 13, 2025","October 18, 2025",FISH Bangus Large,kg,280.96,Weekly-Average-Prices-October-13-18-2025.pdf
"October 13, 2025","October 18, 2025",Bangus Medium (3-4pcs/kg),kg,244.86,Weekly-Average-Prices-October-13-18-2025.pdf
"October 13, 2025","October 18, 2025",Tilapia Medium (5-6pcs/kg),kg,152.23,Weekly-Average-Prices-October-13-18-2025.pdf
"October 13, 2025","October 18, 2025","Galunggong (Local) Male, Medium (12-14pcs/kg)",kg,337.09,Weekly-Average-Prices-October-13-18-2025.pdf
"October 13, 2025","October 18, 2025","Galunggong (Imported) Male, Medium (12-14pcs/kg) kg - Alumahan Medium (4-6pcs/kg)",kg,351.67,Weekly-Average-Prices-October-13-18-2025.pdf
"October 13, 2025","October 18, 2025",Bonito kg - Salmon Head kg - Sardines (Tamban),kg,121.47,Weekly-Average-Prices-October-13-18-2025.pdf
"October 13, 2025","October 18, 2025",Squid (Pusit Bisaya) Medium,kg,447.31,Weekly-Average-Prices-October-13-18-2025.pdf
"October 13, 2025","October 18, 2025",Yellow-Fin Tuna (Tambakol),kg,265.59,Weekly-Average-Prices-October-13-18-2025.pdf
"October 13, 2025","October 18, 2025",LIVESTOCK & POULTRY PRODUCTS Beef Rump Lean Meat/ Tapadera,kg,472.6,Weekly-Average-Prices-October-13-18-2025.pdf
"October 13, 2025","October 18, 2025",Beef Brisket Meat with Bones,kg,413.8,Weekly-Average-Prices-October-13-18-2025.pdf
"October 13, 2025","October 18, 2025",Pork Ham Kasim,kg,352.8,Weekly-Average-Prices-October-13-18-2025.pdf
"October 13, 2025","October 18, 2025",Pork Belly Liempo,kg,402.93,Weekly-Average-Prices-October-13-18-2025.pdf
"October 13, 2025","October 18, 2025",Frozen Kasim,kg,257.92,Weekly-Average-Prices-October-13-18-2025.pdf
"October 13, 2025","October 18, 2025",Frozen Liempo,kg,315.93,Weekly-Average-Prices-October-13-18-2025.pdf
"October 13, 2025","October 18, 2025",Whole Chicken Fully Dressed,kg,194.51,Weekly-Average-Prices-October-13-18-2025.pdf
"October 13, 2025","October 18, 2025","Chicken Egg (White, Pewee) 41-45 grams/pc",pc,6.89,Weekly-Average-Prices-October-13-18-2025.pdf
"October 13, 2025","October 18, 2025","Chicken Egg (White, Extra Small) 46-50 grams/pc",pc,7.43,Weekly-Average-Prices-October-13-18-2025.pdf
"October 13, 2025","October 18, 2025","Chicken Egg (White, Small) 51-55 grams/pc",pc,7.82,Weekly-Average-Prices-October-13-18-2025.pdf
"October 13, 2025","October 18, 2025","Chicken Egg (White, Medium) 56-60 grams/pc",pc,8.35,Weekly-Average-Prices-October-13-18-2025.pdf
"October 13, 2025","October 18, 2025","Chicken Egg (White, Large) 61-65 grams/pc",pc,8.88,Weekly-Average-Prices-October-13-18-2025.pdf
"October 13, 2025","October 18, 2025","Chicken Egg (White, Extra Large) 66-70 grams/pc",pc,9.37,Weekly-Average-Prices-October-13-18-2025.pdf
"October 13, 2025","October 18, 2025","Chicken Egg (White, Jumbo) 71> grams/pc",pc,9.89,Weekly-Average-Prices-October-13-18-2025.pdf
"October 13, 2025","October 18, 2025","Chicken Egg (Brown, Medium) Medium",pc,11.06,Weekly-Average-Prices-October-13-18-2025.pdf
"October 13, 2025","October 18, 2025","Chicken Egg (Brown, Large) Large",pc,11.0,Weekly-Average-Prices-October-13-18-2025.pdf
"October 13, 2025","October 18, 2025",Ampalaya 4-5 pcs/kg,kg,139.07,Weekly-Average-Prices-October-13-18-2025.pdf
"October 13, 2025","October 18, 2025",Sitao 3-4 Small Bundles,kg,112.2,Weekly-Average-Prices-October-13-18-2025.pdf
"October 13, 2025","October 18, 2025",Pechay (Native) 3-4 Small Bundles,kg,123.65,Weekly-Average-Prices-October-13-18-2025.pdf
"October 13, 2025","October 18, 2025",Squash Suprema Variety,kg,74.37,Weekly-Average-Prices-October-13-18-2025.pdf
"October 13, 2025","October 18, 2025",Eggplant 3-4 Small Bundles,kg,136.82,Weekly-Average-Prices-October-13-18-2025.pdf
"October 13, 2025","October 18, 2025",Tomato 15-18 pcs/kg,kg,132.36,Weekly-Average-Prices-October-13-18-2025.pdf
"October 13, 2025","October 18, 2025",x HIGHLAND VEGETABLES Bell Pepper (Green) Medium (151-250gm/pc),kg,289.35,Weekly-Average-Prices-October-13-18-2025.pdf
"October 13, 2025","October 18, 2025",Bell Pepper (Red) Medium (151-250gm/pc),kg,266.39,Weekly-Average-Prices-October-13-18-2025.pdf
"October 13, 2025","October 18, 2025",Broccoli Medium (8-10 cm diameter/bunch hd),kg,231.28,Weekly-Average-Prices-October-13-18-2025.pdf
"October 13, 2025","October 18, 2025",Cabbage (Rare Ball) 510 gm - 1 kg/head,kg,102.01,Weekly-Average-Prices-October-13-18-2025.pdf
"October 13, 2025","October 18, 2025",Cabbage (Scorpio) 750 gm - 1 kg/head,kg,103.55,Weekly-Average-Prices-October-13-18-2025.pdf
"October 13, 2025","October 18, 2025",Cabbage (Wonder Ball) 510 gm - 1 kg/head,kg,99.67,Weekly-Average-Prices-October-13-18-2025.pdf
"October 13, 2025","October 18, 2025",Carrots 8-10 pcs/kg,kg,192.03,Weekly-Average-Prices-October-13-18-2025.pdf
"October 13, 2025","October 18, 2025",Habichuelas (Baguio Beans),kg,136.99,Weekly-Average-Prices-October-13-18-2025.pdf
"October 13, 2025","October 18, 2025",White Potato 10-12 pcs/kg,kg,135.16,Weekly-Average-Prices-October-13-18-2025.pdf
"October 13, 2025","October 18, 2025",Pechay (Baguio),kg,76.76,Weekly-Average-Prices-October-13-18-2025.pdf
"October 13, 2025","October 18, 2025",Chayote Medium (301-400 g),kg,75.47,Weekly-Average-Prices-October-13-18-2025.pdf
"October 13, 2025","October 18, 2025",Cauliflower Medium (8-10 cm diameter/bunch hd),kg,259.02,Weekly-Average-Prices-October-13-18-2025.pdf
"October 13, 2025","October 18, 2025",Celery Medium (501-800 g),kg,187.5,Weekly-Average-Prices-October-13-18-2025.pdf
"October 13, 2025","October 18, 2025",Lettuce (Green Ice),kg,196.45,Weekly-Average-Prices-October-13-18-2025.pdf
"October 13, 2025","October 18, 2025",Lettuce (Iceberg) Medium (301-450 cm diameter/bunch hd),kg,210.86,Weekly-Average-Prices-October-13-18-2025.pdf
"October 13, 2025","October 18, 2025",Lettuce (Romaine),kg,193.44,Weekly-Average-Prices-October-13-18-2025.pdf
"October 13, 2025","October 18, 2025",Red Onion 13-15 pcs/kg,kg,154.56,Weekly-Average-Prices-October-13-18-2025.pdf
"October 13, 2025","October 18, 2025",Red Onion (Imported)b,kg,117.14,Weekly-Average-Prices-October-13-18-2025.pdf
"October 13, 2025","October 18, 2025",White Onion,kg,144.0,Weekly-Average-Prices-October-13-18-2025.pdf
"October 13, 2025","October 18, 2025",White Onion (Imported),kg,125.85,Weekly-Average-Prices-October-13-18-2025.pdf
"October 13, 2025","October 18, 2025",Garlic (Imported),kg,150.94,Weekly-Average-Prices-October-13-18-2025.pdf
"October 13, 2025","October 18, 2025",Garlic (Native),kg,390.91,Weekly-Average-Prices-October-13-18-2025.pdf
"October 13, 2025","October 18, 2025","Ginger Fairly well-matured, Medium (150-300 gm)",kg,195.11,Weekly-Average-Prices-October-13-18-2025.pdf
"October 13, 2025","October 18, 2025",Chilli (Red),kg,278.57,Weekly-Average-Prices-October-13-18-2025.pdf
"October 13, 2025","October 18, 2025",Calamansi,kg,82.54,Weekly-Average-Prices-October-13-18-2025.pdf
"October 13, 2025","October 18, 2025",Banana (Lakatan) 8-10 pcs/kg,kg,97.37,Weekly-Average-Prices-October-13-18-2025.pdf
"October 13, 2025","October 18, 2025",Banana (Latundan) 10-12 pcs/kg,kg,74.51,Weekly-Average-Prices-October-13-18-2025.pdf
"October 13, 2025","October 18, 2025",Banana (Saba),kg,52.1,Weekly-Average-Prices-October-13-18-2025.pdf
"October 13, 2025","October 18, 2025","Papaya Solo, Ripe, 2-3 pcs/kg",kg,69.59,Weekly-Average-Prices-October-13-18-2025.pdf
"October 13, 2025","October 18, 2025","Mango (Carabao) Ripe, 3-4 pcs/kg",kg,200.36,Weekly-Average-Prices-October-13-18-2025.pdf
"October 13, 2025","October 18, 2025",Avocado,kg,448.29,Weekly-Average-Prices-October-13-18-2025.pdf
"October 13, 2025","October 18, 2025",Melon,kg,105.81,Weekly-Average-Prices-October-13-18-2025.pdf
"October 13, 2025","October 18, 2025",Pomelo,kg,186.73,Weekly-Average-Prices-October-13-18-2025.pdf
"October 13, 2025","October 18, 2025",Watermelon,kg,76.86,Weekly-Average-Prices-October-13-18-2025.pdf
"October 13, 2025","October 18, 2025",Sugar (Refined),kg,82.32,Weekly-Average-Prices-October-13-18-2025.pdf
"October 13, 2025","October 18, 2025",Sugar (Washed),kg,76.14,Weekly-Average-Prices-October-13-18-2025.pdf
"October 13, 2025","October 18, 2025",Sugar (Brown),kg,73.57,Weekly-Average-Prices-October-13-18-2025.pdf
"October 13, 2025","October 18, 2025",Cooking Oil (Palm) 350 ml/bottle,ml,36.55,Weekly-Average-Prices-October-13-18-2025.pdf
"October 13, 2025","October 18, 2025",Cooking Oil (Palm) 1 Liter/bottle,L,92.05,Weekly-Average-Prices-October-13-18-2025.pdf
"October 13, 2025","October 18, 2025",Cooking Oil (Coconut) 350 ml/bottle,ml,59.2,Weekly-Average-Prices-October-13-18-2025.pdf
"October 13, 2025","October 18, 2025",Cooking Oil (Coconut) 1 Liter/bottle,L,161.73,Weekly-Average-Prices-October-13-18-2025.pdf
"October 27, 2025","November 1, 2025",Premium (RFA5)ᵃ 5% broken,kg,43.0,Weekly-Average-Prices-October-27-November-1-2025.pdf
"October 27, 2025","November 1, 2025",Well Milled (RFA25)ᵃ 25% broken,kg,35.0,Weekly-Average-Prices-October-27-November-1-2025.pdf
"October 27, 2025","November 1, 2025",Regular Milled (RFA100)ᵃ 100% broken,kg,33.0,Weekly-Average-Prices-October-27-November-1-2025.pdf
"October 27, 2025","November 1, 2025",P20 Benteng Bigas Meron Naᵃ,kg,20.0,Weekly-Average-Prices-October-27-November-1-2025.pdf
"October 27, 2025","November 1, 2025",Special White Rice,kg,57.76,Weekly-Average-Prices-October-27-November-1-2025.pdf
"October 27, 2025","November 1, 2025",Premium 5% broken,kg,48.41,Weekly-Average-Prices-October-27-November-1-2025.pdf
"October 27, 2025","November 1, 2025",Well Milled 1-19% bran streak,kg,41.71,Weekly-Average-Prices-October-27-November-1-2025.pdf
"October 27, 2025","November 1, 2025",Regular Milled 20-40% bran streak,kg,39.5,Weekly-Average-Prices-October-27-November-1-2025.pdf
"October 27, 2025","November 1, 2025",Special White Rice,kg,57.09,Weekly-Average-Prices-October-27-November-1-2025.pdf
"October 27, 2025","November 1, 2025",Premium 5% broken,kg,48.64,Weekly-Average-Prices-October-27-November-1-2025.pdf
"October 27, 2025","November 1, 2025",Well Milled 1-19% bran streak,kg,42.26,Weekly-Average-Prices-October-27-November-1-2025.pdf
"October 27, 2025","November 1, 2025",Regular Milled 20-40% bran streak,kg,37.1,Weekly-Average-Prices-October-27-November-1-2025.pdf
"October 27, 2025","November 1, 2025","CORN Corn (White) Cob, Glutinous",kg,97.34,Weekly-Average-Prices-October-27-November-1-2025.pdf
"October 27, 2025","November 1, 2025","Corn (Yellow) Cob, Sweet Corn",kg,74.35,Weekly-Average-Prices-October-27-November-1-2025.pdf
"October 27, 2025","November 1, 2025","Corn Grits (White, Food Grade)",kg,120.0,Weekly-Average-Prices-October-27-November-1-2025.pdf
"October 27, 2025","November 1, 2025","Corn Grits (Yellow, Food Grade)",kg,95.0,Weekly-Average-Prices-October-27-November-1-2025.pdf
"October 27, 2025","November 1, 2025","Corn Cracked (Yellow, Feed Grade)",kg,50.0,Weekly-Average-Prices-October-27-November-1-2025.pdf
"October 27, 2025","November 1, 2025",Corn Grits (Feed Grade),kg,47.5,Weekly-Average-Prices-October-27-November-1-2025.pdf
"October 27, 2025","November 1, 2025",FISH Bangus Large,kg,277.05,Weekly-Average-Prices-October-27-November-1-2025.pdf
"October 27, 2025","November 1, 2025",Bangus Medium (3-4pcs/kg),kg,246.02,Weekly-Average-Prices-October-27-November-1-2025.pdf
"October 27, 2025","November 1, 2025",Tilapia Medium (5-6pcs/kg),kg,152.46,Weekly-Average-Prices-October-27-November-1-2025.pdf
"October 27, 2025","November 1, 2025","Galunggong (Local) Male, Medium (12-14pcs/kg)",kg,335.99,Weekly-Average-Prices-October-27-November-1-2025.pdf
"October 27, 2025","November 1, 2025","Galunggong (Imported) Male, Medium (12-14pcs/kg) kg - Alumahan Medium (4-6pcs/kg)",kg,340.41,Weekly-Average-Prices-October-27-November-1-2025.pdf
"October 27, 2025","November 1, 2025",Bonito kg - Salmon Head kg - Sardines (Tamban),kg,129.91,Weekly-Average-Prices-October-27-November-1-2025.pdf
"October 27, 2025","November 1, 2025",Squid (Pusit Bisaya) Medium,kg,457.83,Weekly-Average-Prices-October-27-November-1-2025.pdf
"October 27, 2025","November 1, 2025",Yellow-Fin Tuna (Tambakol),kg,275.76,Weekly-Average-Prices-October-27-November-1-2025.pdf
"October 27, 2025","November 1, 2025",LIVESTOCK & POULTRY PRODUCTS Beef Rump Lean Meat/ Tapadera,kg,475.23,Weekly-Average-Prices-October-27-November-1-2025.pdf
"October 27, 2025","November 1, 2025",Beef Brisket Meat with Bones,kg,417.7,Weekly-Average-Prices-October-27-November-1-2025.pdf
"October 27, 2025","November 1, 2025",Pork Ham Kasim,kg,347.58,Weekly-Average-Prices-October-27-November-1-2025.pdf
"October 27, 2025","November 1, 2025",Pork Belly Liempo,kg,397.78,Weekly-Average-Prices-October-27-November-1-2025.pdf
"October 27, 2025","November 1, 2025",Frozen Kasim,kg,257.4,Weekly-Average-Prices-October-27-November-1-2025.pdf
"October 27, 2025","November 1, 2025",Frozen Liempo,kg,313.55,Weekly-Average-Prices-October-27-November-1-2025.pdf
"October 27, 2025","November 1, 2025",Whole Chicken Fully Dressed,kg,196.5,Weekly-Average-Prices-October-27-November-1-2025.pdf
"October 27, 2025","November 1, 2025","Chicken Egg (White, Pewee) 41-45 grams/pc",pc,6.95,Weekly-Average-Prices-October-27-November-1-2025.pdf
"October 27, 2025","November 1, 2025","Chicken Egg (White, Extra Small) 46-50 grams/pc",pc,7.47,Weekly-Average-Prices-October-27-November-1-2025.pdf
"October 27, 2025","November 1, 2025","Chicken Egg (White, Small) 51-55 grams/pc",pc,7.8,Weekly-Average-Prices-October-27-November-1-2025.pdf
"October 27, 2025","November 1, 2025","Chicken Egg (White, Medium) 56-60 grams/pc",pc,8.32,Weekly-Average-Prices-October-27-November-1-2025.pdf
"October 27, 2025","November 1, 2025","Chicken Egg (White, Large) 61-65 grams/pc",pc,8.85,Weekly-Average-Prices-October-27-November-1-2025.pdf
"October 27, 2025","November 1, 2025","Chicken Egg (White, Extra Large) 66-70 grams/pc",pc,9.35,Weekly-Average-Prices-October-27-November-1-2025.pdf
"October 27, 2025","November 1, 2025","Chicken Egg (White, Jumbo) 71> grams/pc",pc,9.9,Weekly-Average-Prices-October-27-November-1-2025.pdf
"October 27, 2025","November 1, 2025","Chicken Egg (Brown, Medium) Medium",pc,11.19,Weekly-Average-Prices-October-27-November-1-2025.pdf
"October 27, 2025","November 1, 2025","Chicken Egg (Brown, Large) Large",pc,11.8,Weekly-Average-Prices-October-27-November-1-2025.pdf
"October 27, 2025","November 1, 2025",Ampalaya 4-5 pcs/kg,kg,114.68,Weekly-Average-Prices-October-27-November-1-2025.pdf
"October 27, 2025","November 1, 2025",Sitao 3-4 Small Bundles,kg,106.33,Weekly-Average-Prices-October-27-November-1-2025.pdf
"October 27, 2025","November 1, 2025",Pechay (Native) 3-4 Small Bundles,kg,102.73,Weekly-Average-Prices-October-27-November-1-2025.pdf
"October 27, 2025","November 1, 2025",Squash Suprema Variety,kg,70.07,Weekly-Average-Prices-October-27-November-1-2025.pdf
"October 27, 2025","November 1, 2025",Eggplant 3-4 Small Bundles,kg,107.0,Weekly-Average-Prices-October-27-November-1-2025.pdf
"October 27, 2025","November 1, 2025",Tomato 15-18 pcs/kg,kg,120.36,Weekly-Average-Prices-October-27-November-1-2025.pdf
"October 27, 2025","November 1, 2025",xHIGHLAND VEGETABLES Bell Pepper (Green) Medium (151-250gm/pc),kg,262.4,Weekly-Average-Prices-October-27-November-1-2025.pdf
"October 27, 2025","November 1, 2025",Bell Pepper (Red) Medium (151-250gm/pc),kg,251.86,Weekly-Average-Prices-October-27-November-1-2025.pdf
"October 27, 2025","November 1, 2025",Broccoli Medium (8-10 cm diameter/bunch hd),kg,183.54,Weekly-Average-Prices-October-27-November-1-2025.pdf
"October 27, 2025","November 1, 2025",Cabbage (Rare Ball) 510 gm - 1 kg/head,kg,86.2,Weekly-Average-Prices-October-27-November-1-2025.pdf
"October 27, 2025","November 1, 2025",Cabbage (Scorpio) 750 gm - 1 kg/head,kg,89.25,Weekly-Average-Prices-October-27-November-1-2025.pdf
"October 27, 2025","November 1, 2025",Cabbage (Wonder Ball) 510 gm - 1 kg/head,kg,85.88,Weekly-Average-Prices-October-27-November-1-2025.pdf
"October 27, 2025","November 1, 2025",Carrots 8-10 pcs/kg,kg,159.59,Weekly-Average-Prices-October-27-November-1-2025.pdf
"October 27, 2025","November 1, 2025",Habichuelas (Baguio Beans),kg,151.35,Weekly-Average-Prices-October-27-November-1-2025.pdf
"October 27, 2025","November 1, 2025",White Potato 10-12 pcs/kg,kg,135.21,Weekly-Average-Prices-October-27-November-1-2025.pdf
"October 27, 2025","November 1, 2025",Pechay (Baguio),kg,75.65,Weekly-Average-Prices-October-27-November-1-2025.pdf
"October 27, 2025","November 1, 2025",Chayote Medium (301-400 g),kg,64.92,Weekly-Average-Prices-October-27-November-1-2025.pdf
"October 27, 2025","November 1, 2025",Cauliflower Medium (8-10 cm diameter/bunch hd),kg,235.79,Weekly-Average-Prices-October-27-November-1-2025.pdf
"October 27, 2025","November 1, 2025",Celery Medium (501-800 g),kg,175.26,Weekly-Average-Prices-October-27-November-1-2025.pdf
"October 27, 2025","November 1, 2025",Lettuce (Green Ice),kg,181.06,Weekly-Average-Prices-October-27-November-1-2025.pdf
"October 27, 2025","November 1, 2025",Lettuce (Iceberg) Medium (301-450 cm diameter/bunch hd),kg,195.91,Weekly-Average-Prices-October-27-November-1-2025.pdf
"October 27, 2025","November 1, 2025",Lettuce (Romaine),kg,181.86,Weekly-Average-Prices-October-27-November-1-2025.pdf
"October 27, 2025","November 1, 2025",Red Onion 13-15 pcs/kg,kg,154.63,Weekly-Average-Prices-October-27-November-1-2025.pdf
"October 27, 2025","November 1, 2025",Red Onion (Imported)b,kg,117.33,Weekly-Average-Prices-October-27-November-1-2025.pdf
"October 27, 2025","November 1, 2025",White Onion kg - White Onion (Imported),kg,120.71,Weekly-Average-Prices-October-27-November-1-2025.pdf
"October 27, 2025","November 1, 2025",Garlic (Imported),kg,149.85,Weekly-Average-Prices-October-27-November-1-2025.pdf
"October 27, 2025","November 1, 2025",Garlic (Native),kg,420.51,Weekly-Average-Prices-October-27-November-1-2025.pdf
"October 27, 2025","November 1, 2025","Ginger Fairly well-matured, Medium (150-300 gm)",kg,197.34,Weekly-Average-Prices-October-27-November-1-2025.pdf
"October 27, 2025","November 1, 2025",Chilli (Red),kg,256.31,Weekly-Average-Prices-October-27-November-1-2025.pdf
"October 27, 2025","November 1, 2025",Calamansi,kg,110.3,Weekly-Average-Prices-October-27-November-1-2025.pdf
"October 27, 2025","November 1, 2025",Banana (Lakatan) 8-10 pcs/kg,kg,97.53,Weekly-Average-Prices-October-27-November-1-2025.pdf
"October 27, 2025","November 1, 2025",Banana (Latundan) 10-12 pcs/kg,kg,75.07,Weekly-Average-Prices-October-27-November-1-2025.pdf
"October 27, 2025","November 1, 2025",Banana (Saba),kg,52.04,Weekly-Average-Prices-October-27-November-1-2025.pdf
"October 27, 2025","November 1, 2025","Papaya Solo, Ripe, 2-3 pcs/kg",kg,70.3,Weekly-Average-Prices-October-27-November-1-2025.pdf
"October 27, 2025","November 1, 2025","Mango (Carabao) Ripe, 3-4 pcs/kg",kg,201.77,Weekly-Average-Prices-October-27-November-1-2025.pdf
"October 27, 2025","November 1, 2025",Avocado,kg,446.72,Weekly-Average-Prices-October-27-November-1-2025.pdf
"October 27, 2025","November 1, 2025",Melon,kg,105.04,Weekly-Average-Prices-October-27-November-1-2025.pdf
"October 27, 2025","November 1, 2025",Pomelo,kg,181.52,Weekly-Average-Prices-October-27-November-1-2025.pdf
"October 27, 2025","November 1, 2025",Watermelon,kg,76.54,Weekly-Average-Prices-October-27-November-1-2025.pdf
"October 27, 2025","November 1, 2025",Sugar (Refined),kg,82.24,Weekly-Average-Prices-October-27-November-1-2025.pdf
"October 27, 2025","November 1, 2025",Sugar (Washed),kg,76.01,Weekly-Average-Prices-October-27-November-1-2025.pdf
"October 27, 2025","November 1, 2025",Sugar (Brown),kg,73.85,Weekly-Average-Prices-October-27-November-1-2025.pdf
"October 27, 2025","November 1, 2025",Cooking Oil (Palm) 350 ml/bottle,ml,36.21,Weekly-Average-Prices-October-27-November-1-2025.pdf
"October 27, 2025","November 1, 2025",Cooking Oil (Palm) 1 Liter/bottle,L,92.18,Weekly-Average-Prices-October-27-November-1-2025.pdf
"October 27, 2025","November 1, 2025",Cooking Oil (Coconut) 350 ml/bottle,ml,58.46,Weekly-Average-Prices-October-27-November-1-2025.pdf
"October 27, 2025","November 1, 2025",Cooking Oil (Coconut) 1 Liter/bottle,L,163.3,Weekly-Average-Prices-October-27-November-1-2025.pdf
"September 15, 2025","September 20, 2025",Premium (RFA5)ᵃ 5% broken,kg,43.0,Weekly-Average-Prices-September-15-20-2025.pdf
"September 15, 2025","September 20, 2025",Well Milled (RFA25)ᵃ 25% broken,kg,35.0,Weekly-Average-Prices-September-15-20-2025.pdf
"September 15, 2025","September 20, 2025",Regular Milled (RFA100)ᵃ 100% broken,kg,33.0,Weekly-Average-Prices-September-15-20-2025.pdf
"September 15, 2025","September 20, 2025",P20 Benteng Bigas Meron Naᵃ,kg,20.0,Weekly-Average-Prices-September-15-20-2025.pdf
"September 15, 2025","September 20, 2025",Special White Rice,kg,57.73,Weekly-Average-Prices-September-15-20-2025.pdf
"September 15, 2025","September 20, 2025",Premium 5% broken,kg,45.81,Weekly-Average-Prices-September-15-20-2025.pdf
"September 15, 2025","September 20, 2025",Well Milled 1-19% bran streak,kg,44.77,Weekly-Average-Prices-September-15-20-2025.pdf
"September 15, 2025","September 20, 2025",Regular Milled 20-40% bran streak,kg,37.74,Weekly-Average-Prices-September-15-20-2025.pdf
"September 15, 2025","September 20, 2025",Special White Rice,kg,57.09,Weekly-Average-Prices-September-15-20-2025.pdf
"September 15, 2025","September 20, 2025",Premium 5% broken,kg,49.69,Weekly-Average-Prices-September-15-20-2025.pdf
"September 15, 2025","September 20, 2025",Well Milled 1-19% bran streak,kg,43.08,Weekly-Average-Prices-September-15-20-2025.pdf
"September 15, 2025","September 20, 2025",Regular Milled 20-40% bran streak,kg,37.89,Weekly-Average-Prices-September-15-20-2025.pdf
"September 15, 2025","September 20, 2025","CORN Corn (White) Cob, Glutinous",kg,85.58,Weekly-Average-Prices-September-15-20-2025.pdf
"September 15, 2025","September 20, 2025","Corn (Yellow) Cob, Sweet Corn",kg,72.75,Weekly-Average-Prices-September-15-20-2025.pdf
"September 15, 2025","September 20, 2025","Corn Grits (White, Food Grade)",kg,120.0,Weekly-Average-Prices-September-15-20-2025.pdf
"September 15, 2025","September 20, 2025","Corn Grits (Yellow, Food Grade)",kg,97.27,Weekly-Average-Prices-September-15-20-2025.pdf
"September 15, 2025","September 20, 2025","Corn Cracked (Yellow, Feed Grade)",kg,50.0,Weekly-Average-Prices-September-15-20-2025.pdf
"September 15, 2025","September 20, 2025",Corn Grits (Feed Grade),kg,46.67,Weekly-Average-Prices-September-15-20-2025.pdf
"September 15, 2025","September 20, 2025",FISH Bangus Large,kg,287.28,Weekly-Average-Prices-September-15-20-2025.pdf
"September 15, 2025","September 20, 2025",Bangus Medium (3-4pcs/kg),kg,252.63,Weekly-Average-Prices-September-15-20-2025.pdf
"September 15, 2025","September 20, 2025",Tilapia Medium (5-6pcs/kg),kg,154.5,Weekly-Average-Prices-September-15-20-2025.pdf
"September 15, 2025","September 20, 2025","Galunggong (Local) Male, Medium (12-14pcs/kg)",kg,314.55,Weekly-Average-Prices-September-15-20-2025.pdf
"September 15, 2025","September 20, 2025","Galunggong (Imported) Male, Medium (12-14pcs/kg) kg - Alumahan Medium (4-6pcs/kg)",kg,337.63,Weekly-Average-Prices-September-15-20-2025.pdf
"September 15, 2025","September 20, 2025",Bonito kg - Salmon Head,kg,219.08,Weekly-Average-Prices-September-15-20-2025.pdf
"September 15, 2025","September 20, 2025",Sardines (Tamban),kg,119.1,Weekly-Average-Prices-September-15-20-2025.pdf
"September 15, 2025","September 20, 2025",Squid (Pusit Bisaya) Medium,kg,444.05,Weekly-Average-Prices-September-15-20-2025.pdf
"September 15, 2025","September 20, 2025",Yellow-Fin Tuna (Tambakol),kg,267.07,Weekly-Average-Prices-September-15-20-2025.pdf
"September 15, 2025","September 20, 2025",LIVESTOCK & POULTRY PRODUCTS Beef Rump Lean Meat/ Tapadera,kg,465.97,Weekly-Average-Prices-September-15-20-2025.pdf
"September 15, 2025","September 20, 2025",Beef Brisket Meat with Bones,kg,406.46,Weekly-Average-Prices-September-15-20-2025.pdf
"September 15, 2025","September 20, 2025",Pork Ham Kasim,kg,355.74,Weekly-Average-Prices-September-15-20-2025.pdf
"September 15, 2025","September 20, 2025",Pork Belly Liempo,kg,404.33,Weekly-Average-Prices-September-15-20-2025.pdf
"September 15, 2025","September 20, 2025",Frozen Kasim,kg,256.88,Weekly-Average-Prices-September-15-20-2025.pdf
"September 15, 2025","September 20, 2025",Frozen Liempo,kg,314.93,Weekly-Average-Prices-September-15-20-2025.pdf
"September 15, 2025","September 20, 2025",Whole Chicken Fully Dressed,kg,212.45,Weekly-Average-Prices-September-15-20-2025.pdf
"September 15, 2025","September 20, 2025","Chicken Egg (White, Pewee) 41-45 grams/pc",pc,6.74,Weekly-Average-Prices-September-15-20-2025.pdf
"September 15, 2025","September 20, 2025","Chicken Egg (White, Extra Small) 46-50 grams/pc",pc,7.23,Weekly-Average-Prices-September-15-20-2025.pdf
"September 15, 2025","September 20, 2025","Chicken Egg (White, Small) 51-55 grams/pc",pc,7.75,Weekly-Average-Prices-September-15-20-2025.pdf
"September 15, 2025","September 20, 2025","Chicken Egg (White, Medium) 56-60 grams/pc",pc,8.32,Weekly-Average-Prices-September-15-20-2025.pdf
"September 15, 2025","September 20, 2025","Chicken Egg (White, Large) 61-65 grams/pc",pc,8.88,Weekly-Average-Prices-September-15-20-2025.pdf
"September 15, 2025","September 20, 2025","Chicken Egg (White, Extra Large) 66-70 grams/pc",pc,9.36,Weekly-Average-Prices-September-15-20-2025.pdf
"September 15, 2025","September 20, 2025","Chicken Egg (White, Jumbo) 71> grams/pc",pc,9.88,Weekly-Average-Prices-September-15-20-2025.pdf
"September 15, 2025","September 20, 2025","Chicken Egg (Brown, Medium) Medium",pc,10.74,Weekly-Average-Prices-September-15-20-2025.pdf
"September 15, 2025","September 20, 2025","Chicken Egg (Brown, Large) Large pc - Chicken Egg (Brown, Extra Large) Extra Large",pc,13.0,Weekly-Average-Prices-September-15-20-2025.pdf
"September 15, 2025","September 20, 2025",Ampalaya 4-5 pcs/kg,kg,121.68,Weekly-Average-Prices-September-15-20-2025.pdf
"September 15, 2025","September 20, 2025",Sitao 3-4 Small Bundles,kg,110.01,Weekly-Average-Prices-September-15-20-2025.pdf
"September 15, 2025","September 20, 2025",Pechay (Native) 3-4 Small Bundles,kg,92.85,Weekly-Average-Prices-September-15-20-2025.pdf
"September 15, 2025","September 20, 2025",Squash Suprema Variety,kg,80.01,Weekly-Average-Prices-September-15-20-2025.pdf
"September 15, 2025","September 20, 2025",Eggplant 3-4 Small Bundles,kg,91.87,Weekly-Average-Prices-September-15-20-2025.pdf
"September 15, 2025","September 20, 2025",Tomato 15-18 pcs/kg,kg,121.33,Weekly-Average-Prices-September-15-20-2025.pdf
"September 15, 2025","September 20, 2025",Bell Pepper (Green) Medium (151-250gm/pc),kg,364.68,Weekly-Average-Prices-September-15-20-2025.pdf
"September 15, 2025","September 20, 2025",Bell Pepper (Red) Medium (151-250gm/pc),kg,398.02,Weekly-Average-Prices-September-15-20-2025.pdf
"September 15, 2025","September 20, 2025",Broccoli Medium (8-10 cm diameter/bunch hd),kg,301.11,Weekly-Average-Prices-September-15-20-2025.pdf
"September 15, 2025","September 20, 2025",Cabbage (Rare Ball) 510 gm - 1 kg/head,kg,79.01,Weekly-Average-Prices-September-15-20-2025.pdf
"September 15, 2025","September 20, 2025",Cabbage (Scorpio) 750 gm - 1 kg/head,kg,88.6,Weekly-Average-Prices-September-15-20-2025.pdf
"September 15, 2025","September 20, 2025",Cabbage (Wonder Ball) 510 gm - 1 kg/head,kg,87.16,Weekly-Average-Prices-September-15-20-2025.pdf
"September 15, 2025","September 20, 2025",Carrots 8-10 pcs/kg,kg,259.35,Weekly-Average-Prices-September-15-20-2025.pdf
"September 15, 2025","September 20, 2025",Habichuelas (Baguio Beans),kg,122.76,Weekly-Average-Prices-September-15-20-2025.pdf
"September 15, 2025","September 20, 2025",White Potato 10-12 pcs/kg,kg,102.56,Weekly-Average-Prices-September-15-20-2025.pdf
"September 15, 2025","September 20, 2025",Pechay (Baguio),kg,78.05,Weekly-Average-Prices-September-15-20-2025.pdf
"September 15, 2025","September 20, 2025",Chayote Medium (301-400 g),kg,60.01,Weekly-Average-Prices-September-15-20-2025.pdf
"September 15, 2025","September 20, 2025",Cauliflower Medium (8-10 cm diameter/bunch hd),kg,249.03,Weekly-Average-Prices-September-15-20-2025.pdf
"September 15, 2025","September 20, 2025",Celery Medium (501-800 g),kg,183.51,Weekly-Average-Prices-September-15-20-2025.pdf
"September 15, 2025","September 20, 2025",Lettuce (Green Ice),kg,156.64,Weekly-Average-Prices-September-15-20-2025.pdf
"September 15, 2025","September 20, 2025",Lettuce (Iceberg) Medium (301-450 cm diameter/bunch hd),kg,172.55,Weekly-Average-Prices-September-15-20-2025.pdf
"September 15, 2025","September 20, 2025",Lettuce (Romaine),kg,157.08,Weekly-Average-Prices-September-15-20-2025.pdf
"September 15, 2025","September 20, 2025",Red Onion 13-15 pcs/kg,kg,156.31,Weekly-Average-Prices-September-15-20-2025.pdf
"September 15, 2025","September 20, 2025",Red Onion (Imported) kg - White Onion,kg,145.79,Weekly-Average-Prices-September-15-20-2025.pdf
"September 15, 2025","September 20, 2025",White Onion (Imported),kg,133.17,Weekly-Average-Prices-September-15-20-2025.pdf
"September 15, 2025","September 20, 2025",Garlic (Imported),kg,154.65,Weekly-Average-Prices-September-15-20-2025.pdf
"September 15, 2025","September 20, 2025",Garlic (Native),kg,396.88,Weekly-Average-Prices-September-15-20-2025.pdf
"September 15, 2025","September 20, 2025","Ginger Fairly well-matured, Medium (150-300 gm)",kg,203.1,Weekly-Average-Prices-September-15-20-2025.pdf
"September 15, 2025","September 20, 2025",Chilli (Red),kg,408.25,Weekly-Average-Prices-September-15-20-2025.pdf
"September 15, 2025","September 20, 2025",Calamansi,kg,77.92,Weekly-Average-Prices-September-15-20-2025.pdf
"September 15, 2025","September 20, 2025",Banana (Lakatan) 8-10 pcs/kg,kg,98.58,Weekly-Average-Prices-September-15-20-2025.pdf
"September 15, 2025","September 20, 2025",Banana (Latundan) 10-12 pcs/kg,kg,74.61,Weekly-Average-Prices-September-15-20-2025.pdf
"September 15, 2025","September 20, 2025",Banana (Saba),kg,52.11,Weekly-Average-Prices-September-15-20-2025.pdf
"September 15, 2025","September 20, 2025","Papaya Solo, Ripe, 2-3 pcs/kg",kg,68.78,Weekly-Average-Prices-September-15-20-2025.pdf
"September 15, 2025","September 20, 2025","Mango (Carabao) Ripe, 3-4 pcs/kg",kg,200.32,Weekly-Average-Prices-September-15-20-2025.pdf
"September 15, 2025","September 20, 2025",Avocado,kg,282.03,Weekly-Average-Prices-September-15-20-2025.pdf
"September 15, 2025","September 20, 2025",Melon,kg,104.44,Weekly-Average-Prices-September-15-20-2025.pdf
"September 15, 2025","September 20, 2025",Pomelo,kg,180.34,Weekly-Average-Prices-September-15-20-2025.pdf
"September 15, 2025","September 20, 2025",Watermelon,kg,74.97,Weekly-Average-Prices-September-15-20-2025.pdf
"September 15, 2025","September 20, 2025",Sugar (Refined),kg,82.05,Weekly-Average-Prices-September-15-20-2025.pdf
"September 15, 2025","September 20, 2025",Sugar (Washed),kg,75.71,Weekly-Average-Prices-September-15-20-2025.pdf
"September 15, 2025","September 20, 2025",Sugar (Brown),kg,73.75,Weekly-Average-Prices-September-15-20-2025.pdf
"September 15, 2025","September 20, 2025",Cooking Oil (Palm) 350 ml/bottle,ml,35.68,Weekly-Average-Prices-September-15-20-2025.pdf
"September 15, 2025","September 20, 2025",Cooking Oil (Palm) 1 Liter/bottle,L,91.92,Weekly-Average-Prices-September-15-20-2025.pdf
"September 15, 2025","September 20, 2025",Cooking Oil (Coconut) 350 ml/bottle,ml,56.44,Weekly-Average-Prices-September-15-20-2025.pdf
"September 15, 2025","September 20, 2025",Cooking Oil (Coconut) 1 Liter/bottle,L,161.37,Weekly-Average-Prices-September-15-20-2025.pdf
"September 22, 2025","September 27, 2025",Premium (RFA5)ᵃ 5% broken,kg,43.0,Weekly-Average-Prices-September-22-27-2025.pdf
"September 22, 2025","September 27, 2025",Well Milled (RFA25)ᵃ 25% broken,kg,35.0,Weekly-Average-Prices-September-22-27-2025.pdf
"September 22, 2025","September 27, 2025",Regular Milled (RFA100)ᵃ 100% broken,kg,33.0,Weekly-Average-Prices-September-22-27-2025.pdf
"September 22, 2025","September 27, 2025",P20 Benteng Bigas Meron Naᵃ,kg,20.0,Weekly-Average-Prices-September-22-27-2025.pdf
"September 22, 2025","September 27, 2025",Special White Rice,kg,58.48,Weekly-Average-Prices-September-22-27-2025.pdf
"September 22, 2025","September 27, 2025",Premium 5% broken,kg,46.0,Weekly-Average-Prices-September-22-27-2025.pdf
"September 22, 2025","September 27, 2025",Well Milled 1-19% bran streak,kg,43.28,Weekly-Average-Prices-September-22-27-2025.pdf
"September 22, 2025","September 27, 2025",Regular Milled 20-40% bran streak,kg,37.75,Weekly-Average-Prices-September-22-27-2025.pdf
"September 22, 2025","September 27, 2025",Special White Rice,kg,57.1,Weekly-Average-Prices-September-22-27-2025.pdf
"September 22, 2025","September 27, 2025",Premium 5% broken,kg,49.76,Weekly-Average-Prices-September-22-27-2025.pdf
"September 22, 2025","September 27, 2025",Well Milled 1-19% bran streak,kg,43.1,Weekly-Average-Prices-September-22-27-2025.pdf
"September 22, 2025","September 27, 2025",Regular Milled 20-40% bran streak,kg,37.79,Weekly-Average-Prices-September-22-27-2025.pdf
"September 22, 2025","September 27, 2025","CORN Corn (White) Cob, Glutinous",kg,91.74,Weekly-Average-Prices-September-22-27-2025.pdf
"September 22, 2025","September 27, 2025","Corn (Yellow) Cob, Sweet Corn",kg,73.59,Weekly-Average-Prices-September-22-27-2025.pdf
"September 22, 2025","September 27, 2025","Corn Grits (White, Food Grade)",kg,120.0,Weekly-Average-Prices-September-22-27-2025.pdf
"September 22, 2025","September 27, 2025","Corn Grits (Yellow, Food Grade)",kg,95.0,Weekly-Average-Prices-September-22-27-2025.pdf
"September 22, 2025","September 27, 2025","Corn Cracked (Yellow, Feed Grade)",kg,51.82,Weekly-Average-Prices-September-22-27-2025.pdf
"September 22, 2025","September 27, 2025",Corn Grits (Feed Grade),kg,46.67,Weekly-Average-Prices-September-22-27-2025.pdf
"September 22, 2025","September 27, 2025",FISH Bangus Large,kg,288.77,Weekly-Average-Prices-September-22-27-2025.pdf
"September 22, 2025","September 27, 2025",Bangus Medium (3-4pcs/kg),kg,255.86,Weekly-Average-Prices-September-22-27-2025.pdf
"September 22, 2025","September 27, 2025",Tilapia Medium (5-6pcs/kg),kg,155.37,Weekly-Average-Prices-September-22-27-2025.pdf
"September 22, 2025","September 27, 2025","Galunggong (Local) Male, Medium (12-14pcs/kg)",kg,320.07,Weekly-Average-Prices-September-22-27-2025.pdf
"September 22, 2025","September 27, 2025","Galunggong (Imported) Male, Medium (12-14pcs/kg) kg - Alumahan Medium (4-6pcs/kg)",kg,345.99,Weekly-Average-Prices-September-22-27-2025.pdf
"September 22, 2025","September 27, 2025",Bonito kg - Salmon Head kg - Sardines (Tamban),kg,116.13,Weekly-Average-Prices-September-22-27-2025.pdf
"September 22, 2025","September 27, 2025",Squid (Pusit Bisaya) Medium,kg,444.47,Weekly-Average-Prices-September-22-27-2025.pdf
"September 22, 2025","September 27, 2025",Yellow-Fin Tuna (Tambakol),kg,274.19,Weekly-Average-Prices-September-22-27-2025.pdf
"September 22, 2025","September 27, 2025",LIVESTOCK & POULTRY PRODUCTS Beef Rump Lean Meat/ Tapadera,kg,469.77,Weekly-Average-Prices-September-22-27-2025.pdf
"September 22, 2025","September 27, 2025",Beef Brisket Meat with Bones,kg,411.26,Weekly-Average-Prices-September-22-27-2025.pdf
"September 22, 2025","September 27, 2025",Pork Ham Kasim,kg,355.82,Weekly-Average-Prices-September-22-27-2025.pdf
"September 22, 2025","September 27, 2025",Pork Belly Liempo,kg,405.41,Weekly-Average-Prices-September-22-27-2025.pdf
"September 22, 2025","September 27, 2025",Frozen Kasim,kg,259.73,Weekly-Average-Prices-September-22-27-2025.pdf
"September 22, 2025","September 27, 2025",Frozen Liempo,kg,314.39,Weekly-Average-Prices-September-22-27-2025.pdf
"September 22, 2025","September 27, 2025",Whole Chicken Fully Dressed,kg,209.67,Weekly-Average-Prices-September-22-27-2025.pdf
"September 22, 2025","September 27, 2025","Chicken Egg (White, Pewee) 41-45 grams/pc",pc,6.88,Weekly-Average-Prices-September-22-27-2025.pdf
"September 22, 2025","September 27, 2025","Chicken Egg (White, Extra Small) 46-50 grams/pc",pc,7.27,Weekly-Average-Prices-September-22-27-2025.pdf
"September 22, 2025","September 27, 2025","Chicken Egg (White, Small) 51-55 grams/pc",pc,7.78,Weekly-Average-Prices-September-22-27-2025.pdf
"September 22, 2025","September 27, 2025","Chicken Egg (White, Medium) 56-60 grams/pc",pc,8.35,Weekly-Average-Prices-September-22-27-2025.pdf
"September 22, 2025","September 27, 2025","Chicken Egg (White, Large) 61-65 grams/pc",pc,8.88,Weekly-Average-Prices-September-22-27-2025.pdf
"September 22, 2025","September 27, 2025","Chicken Egg (White, Extra Large) 66-70 grams/pc",pc,9.34,Weekly-Average-Prices-September-22-27-2025.pdf
"September 22, 2025","September 27, 2025","Chicken Egg (White, Jumbo) 71> grams/pc",pc,9.92,Weekly-Average-Prices-September-22-27-2025.pdf
"September 22, 2025","September 27, 2025","Chicken Egg (Brown, Medium) Medium",pc,10.74,Weekly-Average-Prices-September-22-27-2025.pdf
"September 22, 2025","September 27, 2025",Ampalaya 4-5 pcs/kg,kg,143.4,Weekly-Average-Prices-September-22-27-2025.pdf
"September 22, 2025","September 27, 2025",Sitao 3-4 Small Bundles,kg,114.8,Weekly-Average-Prices-September-22-27-2025.pdf
"September 22, 2025","September 27, 2025",Pechay (Native) 3-4 Small Bundles,kg,99.33,Weekly-Average-Prices-September-22-27-2025.pdf
"September 22, 2025","September 27, 2025",Squash Suprema Variety,kg,86.99,Weekly-Average-Prices-September-22-27-2025.pdf
"September 22, 2025","September 27, 2025",Eggplant 3-4 Small Bundles,kg,114.66,Weekly-Average-Prices-September-22-27-2025.pdf
"September 22, 2025","September 27, 2025",Tomato 15-18 pcs/kg,kg,165.29,Weekly-Average-Prices-September-22-27-2025.pdf
"September 22, 2025","September 27, 2025",Bell Pepper (Green) Medium (151-250gm/pc),kg,364.96,Weekly-Average-Prices-September-22-27-2025.pdf
"September 22, 2025","September 27, 2025",Bell Pepper (Red) Medium (151-250gm/pc),kg,390.09,Weekly-Average-Prices-September-22-27-2025.pdf
"September 22, 2025","September 27, 2025",Broccoli Medium (8-10 cm diameter/bunch hd),kg,300.59,Weekly-Average-Prices-September-22-27-2025.pdf
"September 22, 2025","September 27, 2025",Cabbage (Rare Ball) 510 gm - 1 kg/head,kg,91.65,Weekly-Average-Prices-September-22-27-2025.pdf
"September 22, 2025","September 27, 2025",Cabbage (Scorpio) 750 gm - 1 kg/head,kg,98.61,Weekly-Average-Prices-September-22-27-2025.pdf
"September 22, 2025","September 27, 2025",Cabbage (Wonder Ball) 510 gm - 1 kg/head,kg,110.12,Weekly-Average-Prices-September-22-27-2025.pdf
"September 22, 2025","September 27, 2025",Carrots 8-10 pcs/kg,kg,271.51,Weekly-Average-Prices-September-22-27-2025.pdf
"September 22, 2025","September 27, 2025",Habichuelas (Baguio Beans),kg,128.63,Weekly-Average-Prices-September-22-27-2025.pdf
"September 22, 2025","September 27, 2025",White Potato 10-12 pcs/kg,kg,117.03,Weekly-Average-Prices-September-22-27-2025.pdf
"September 22, 2025","September 27, 2025",Pechay (Baguio),kg,82.87,Weekly-Average-Prices-September-22-27-2025.pdf
"September 22, 2025","September 27, 2025",Chayote Medium (301-400 g),kg,63.1,Weekly-Average-Prices-September-22-27-2025.pdf
"September 22, 2025","September 27, 2025",Cauliflower Medium (8-10 cm diameter/bunch hd),kg,260.32,Weekly-Average-Prices-September-22-27-2025.pdf
"September 22, 2025","September 27, 2025",Celery Medium (501-800 g),kg,191.81,Weekly-Average-Prices-September-22-27-2025.pdf
"September 22, 2025","September 27, 2025",Lettuce (Green Ice),kg,177.76,Weekly-Average-Prices-September-22-27-2025.pdf
"September 22, 2025","September 27, 2025",Lettuce (Iceberg) Medium (301-450 cm diameter/bunch hd),kg,186.42,Weekly-Average-Prices-September-22-27-2025.pdf
"September 22, 2025","September 27, 2025",Lettuce (Romaine),kg,167.09,Weekly-Average-Prices-September-22-27-2025.pdf
"September 22, 2025","September 27, 2025",Red Onion 13-15 pcs/kg,kg,155.3,Weekly-Average-Prices-September-22-27-2025.pdf
"September 22, 2025","September 27, 2025",Red Onion (Imported) kg - White Onion kg - White Onion (Imported),kg,134.82,Weekly-Average-Prices-September-22-27-2025.pdf
"September 22, 2025","September 27, 2025",Garlic (Imported),kg,155.47,Weekly-Average-Prices-September-22-27-2025.pdf
"September 22, 2025","September 27, 2025",Garlic (Native),kg,356.43,Weekly-Average-Prices-September-22-27-2025.pdf
"September 22, 2025","September 27, 2025","Ginger Fairly well-matured, Medium (150-300 gm)",kg,200.91,Weekly-Average-Prices-September-22-27-2025.pdf
"September 22, 2025","September 27, 2025",Chilli (Red),kg,366.31,Weekly-Average-Prices-September-22-27-2025.pdf
"September 22, 2025","September 27, 2025",Calamansi,kg,79.61,Weekly-Average-Prices-September-22-27-2025.pdf
"September 22, 2025","September 27, 2025",Banana (Lakatan) 8-10 pcs/kg,kg,98.11,Weekly-Average-Prices-September-22-27-2025.pdf
"September 22, 2025","September 27, 2025",Banana (Latundan) 10-12 pcs/kg,kg,75.47,Weekly-Average-Prices-September-22-27-2025.pdf
"September 22, 2025","September 27, 2025",Banana (Saba),kg,52.42,Weekly-Average-Prices-September-22-27-2025.pdf
"September 22, 2025","September 27, 2025","Papaya Solo, Ripe, 2-3 pcs/kg",kg,68.23,Weekly-Average-Prices-September-22-27-2025.pdf
"September 22, 2025","September 27, 2025","Mango (Carabao) Ripe, 3-4 pcs/kg",kg,195.12,Weekly-Average-Prices-September-22-27-2025.pdf
"September 22, 2025","September 27, 2025",Avocado,kg,324.38,Weekly-Average-Prices-September-22-27-2025.pdf
"September 22, 2025","September 27, 2025",Melon,kg,104.16,Weekly-Average-Prices-September-22-27-2025.pdf
"September 22, 2025","September 27, 2025",Pomelo,kg,184.77,Weekly-Average-Prices-September-22-27-2025.pdf
"September 22, 2025","September 27, 2025",Watermelon,kg,74.65,Weekly-Average-Prices-September-22-27-2025.pdf
"September 22, 2025","September 27, 2025",Sugar (Refined),kg,81.7,Weekly-Average-Prices-September-22-27-2025.pdf
"September 22, 2025","September 27, 2025",Sugar (Washed),kg,74.42,Weekly-Average-Prices-September-22-27-2025.pdf
"September 22, 2025","September 27, 2025",Sugar (Brown),kg,73.09,Weekly-Average-Prices-September-22-27-2025.pdf
"September 22, 2025","September 27, 2025",Cooking Oil (Palm) 350 ml/bottle,ml,35.72,Weekly-Average-Prices-September-22-27-2025.pdf
"September 22, 2025","September 27, 2025",Cooking Oil (Palm) 1 Liter/bottle,L,91.98,Weekly-Average-Prices-September-22-27-2025.pdf
"September 22, 2025","September 27, 2025",Cooking Oil (Coconut) 350 ml/bottle,ml,57.0,Weekly-Average-Prices-September-22-27-2025.pdf
"September 22, 2025","September 27, 2025",Cooking Oil (Coconut) 1 Liter/bottle,L,162.76,Weekly-Average-Prices-September-22-27-2025.pdf
"April 20, 2026","April 25, 2026",P20 Benteng Bigas Meron Naᵃ,kg,20.0,Weekly-Average-Prices-April-20-25-2026.pdf
"April 20, 2026","April 25, 2026",Basmati,kg,210.83,Weekly-Average-Prices-April-20-25-2026.pdf
"April 20, 2026","April 25, 2026",Glutinous,kg,61.56,Weekly-Average-Prices-April-20-25-2026.pdf
"April 20, 2026","April 25, 2026",Japonica/Jasponica,kg,63.75,Weekly-Average-Prices-April-20-25-2026.pdf
"April 20, 2026","April 25, 2026",Other Special Rice White Rice,kg,61.12,Weekly-Average-Prices-April-20-25-2026.pdf
"April 20, 2026","April 25, 2026",Premium 5% broken,kg,59.26,Weekly-Average-Prices-April-20-25-2026.pdf
"April 20, 2026","April 25, 2026",Well Milled 1-19% bran streak,kg,48.05,Weekly-Average-Prices-April-20-25-2026.pdf
"April 20, 2026","April 25, 2026",Regular Milled 20-40% bran streak,kg,42.5,Weekly-Average-Prices-April-20-25-2026.pdf
"April 20, 2026","April 25, 2026",Basmati kg - Glutinous,kg,75.57,Weekly-Average-Prices-April-20-25-2026.pdf
"April 20, 2026","April 25, 2026",Japonica/Jasponica kg - Other Special Rice White Rice,kg,60.68,Weekly-Average-Prices-April-20-25-2026.pdf
"April 20, 2026","April 25, 2026",Premium 5% broken,kg,55.87,Weekly-Average-Prices-April-20-25-2026.pdf
"April 20, 2026","April 25, 2026",Well Milled 1-19% bran streak,kg,50.45,Weekly-Average-Prices-April-20-25-2026.pdf
"April 20, 2026","April 25, 2026",Regular Milled 20-40% bran streak,kg,44.88,Weekly-Average-Prices-April-20-25-2026.pdf
"April 20, 2026","April 25, 2026","Corn (White) Cob, Glutinous",kg,81.55,Weekly-Average-Prices-April-20-25-2026.pdf
"April 20, 2026","April 25, 2026","Corn (Yellow) Cob, Sweet Corn",kg,72.5,Weekly-Average-Prices-April-20-25-2026.pdf
"April 20, 2026","April 25, 2026","Corn Grits (White, Food Grade)",kg,120.0,Weekly-Average-Prices-April-20-25-2026.pdf
"April 20, 2026","April 25, 2026","Corn Grits (Yellow, Food Grade)",kg,120.0,Weekly-Average-Prices-April-20-25-2026.pdf
"April 20, 2026","April 25, 2026","Corn Cracked (Yellow, Feed Grade)",kg,49.48,Weekly-Average-Prices-April-20-25-2026.pdf
"April 20, 2026","April 25, 2026",Corn Grits (Feed Grade),kg,46.77,Weekly-Average-Prices-April-20-25-2026.pdf
"April 20, 2026","April 25, 2026",Mungbean,kg,158.18,Weekly-Average-Prices-April-20-25-2026.pdf
"April 20, 2026","April 25, 2026",Alumahan (Indian Mackerel) Medium (4-6 pcs/kg),kg,296.45,Weekly-Average-Prices-April-20-25-2026.pdf
"April 20, 2026","April 25, 2026","Bangus, Large Large (1-2 pcs)",kg,254.91,Weekly-Average-Prices-April-20-25-2026.pdf
"April 20, 2026","April 25, 2026","Bangus, Medium Medium (3-4 pcs/kg)",kg,231.29,Weekly-Average-Prices-April-20-25-2026.pdf
"April 20, 2026","April 25, 2026",Bonito (Frigate Tuna),kg,200.0,Weekly-Average-Prices-April-20-25-2026.pdf
"April 20, 2026","April 25, 2026","Galunggong, Local Male, Medium (12-14 pcs/kg)",kg,210.96,Weekly-Average-Prices-April-20-25-2026.pdf
"April 20, 2026","April 25, 2026","Galunggong, Imported Male, Medium (12-14 pcs/kg) kg - Salmon Belly, Local kg - Sardines (Tamban)",kg,138.87,Weekly-Average-Prices-April-20-25-2026.pdf
"April 20, 2026","April 25, 2026","Squid (Pusit Bisaya), Local Medium",kg,441.58,Weekly-Average-Prices-April-20-25-2026.pdf
"April 20, 2026","April 25, 2026","Tambakol (Yellow-Fin Tuna), Local Medium, Fresh or Chilled",kg,294.94,Weekly-Average-Prices-April-20-25-2026.pdf
"April 20, 2026","April 25, 2026",Tilapia Medium (5-6 pcs/kg),kg,155.36,Weekly-Average-Prices-April-20-25-2026.pdf
"April 20, 2026","April 25, 2026","BEEF PRODUCTS Beef Brisket, Local Meat with Bones",kg,444.31,Weekly-Average-Prices-April-20-25-2026.pdf
"April 20, 2026","April 25, 2026","Beef Rump, Local Lean Meat/ Tapadera",kg,494.64,Weekly-Average-Prices-April-20-25-2026.pdf
"April 20, 2026","April 25, 2026","Pork Belly (Liempo), Local",kg,407.82,Weekly-Average-Prices-April-20-25-2026.pdf
"April 20, 2026","April 25, 2026","Pork Belly (Liempo), Imported",kg,313.99,Weekly-Average-Prices-April-20-25-2026.pdf
"April 20, 2026","April 25, 2026","Pork Picnic Shoulder (Kasim), Local",kg,351.33,Weekly-Average-Prices-April-20-25-2026.pdf
"April 20, 2026","April 25, 2026","Pork Picnic Shoulder (Kasim), Imported",kg,254.49,Weekly-Average-Prices-April-20-25-2026.pdf
"April 20, 2026","April 25, 2026","Whole Chicken, Local Fully Dressed",kg,191.49,Weekly-Average-Prices-April-20-25-2026.pdf
"April 20, 2026","April 25, 2026","Chicken Egg (White, Pewee) 41-45 grams/pc",pc,6.38,Weekly-Average-Prices-April-20-25-2026.pdf
"April 20, 2026","April 25, 2026","Chicken Egg (White, Extra Small) 46-50 grams/pc",pc,7.08,Weekly-Average-Prices-April-20-25-2026.pdf
"April 20, 2026","April 25, 2026","Chicken Egg (White, Small) 51-55 grams/pc",pc,7.63,Weekly-Average-Prices-April-20-25-2026.pdf
"April 20, 2026","April 25, 2026","Chicken Egg (White, Medium) 56-60 grams/pc",pc,8.19,Weekly-Average-Prices-April-20-25-2026.pdf
"April 20, 2026","April 25, 2026","Chicken Egg (White, Large) 61-65 grams/pc",pc,8.76,Weekly-Average-Prices-April-20-25-2026.pdf
"April 20, 2026","April 25, 2026","Chicken Egg (White, Extra Large) 66-70 grams/pc",pc,9.27,Weekly-Average-Prices-April-20-25-2026.pdf
"April 20, 2026","April 25, 2026","Chicken Egg (White, Jumbo) 71> grams/pc",pc,9.95,Weekly-Average-Prices-April-20-25-2026.pdf
"April 20, 2026","April 25, 2026","Chicken Egg (Brown, Medium) Medium",pc,10.85,Weekly-Average-Prices-April-20-25-2026.pdf
"April 20, 2026","April 25, 2026","Chicken Egg (Brown, Large) Large",pc,11.93,Weekly-Average-Prices-April-20-25-2026.pdf
"April 20, 2026","April 25, 2026","Chicken Egg (Brown, Extra Large) Extra Large",pc,11.88,Weekly-Average-Prices-April-20-25-2026.pdf
"April 20, 2026","April 25, 2026",Ampalaya 4-5 pcs/kg,kg,116.06,Weekly-Average-Prices-April-20-25-2026.pdf
"April 20, 2026","April 25, 2026","Chilli (Green), Local Haba/Panigang",kg,96.59,Weekly-Average-Prices-April-20-25-2026.pdf
"April 20, 2026","April 25, 2026",Eggplant 3-4 Small Bundles,kg,76.69,Weekly-Average-Prices-April-20-25-2026.pdf
"April 20, 2026","April 25, 2026",Native Pechay 3-4 Small Bundles,kg,74.42,Weekly-Average-Prices-April-20-25-2026.pdf
"April 20, 2026","April 25, 2026",Pole Sitao 3-4 Small Bundles,kg,103.29,Weekly-Average-Prices-April-20-25-2026.pdf
"April 20, 2026","April 25, 2026",Squash Suprema Variety,kg,66.32,Weekly-Average-Prices-April-20-25-2026.pdf
"April 20, 2026","April 25, 2026",Tomato 15-18 pcs/kg,kg,62.82,Weekly-Average-Prices-April-20-25-2026.pdf
"April 20, 2026","April 25, 2026","Bell Pepper (Green), Local Medium (151-250gm/pc)",kg,241.34,Weekly-Average-Prices-April-20-25-2026.pdf
"April 20, 2026","April 25, 2026","Bell Pepper (Red), Local Medium (151-250gm/pc)",kg,245.1,Weekly-Average-Prices-April-20-25-2026.pdf
"April 20, 2026","April 25, 2026","Broccoli, Local Medium (8-10 cm diameter/bunch hd)",kg,168.76,Weekly-Average-Prices-April-20-25-2026.pdf
"April 20, 2026","April 25, 2026","Cauliflower, Local Medium (8-10 cm diameter/bunch hd)",kg,122.55,Weekly-Average-Prices-April-20-25-2026.pdf
"April 20, 2026","April 25, 2026",Cabbage (Rare Ball) 510 gm - 1 kg/head,kg,65.17,Weekly-Average-Prices-April-20-25-2026.pdf
"April 20, 2026","April 25, 2026",Cabbage (Scorpio) 750 gm - 1 kg/head,kg,76.27,Weekly-Average-Prices-April-20-25-2026.pdf
"April 20, 2026","April 25, 2026",Cabbage (Wonder Ball) 510 gm - 1 kg/head,kg,63.26,Weekly-Average-Prices-April-20-25-2026.pdf
"April 20, 2026","April 25, 2026","Carrots, Local 8-10 pcs/kg",kg,157.05,Weekly-Average-Prices-April-20-25-2026.pdf
"April 20, 2026","April 25, 2026",Celery Medium (501-800 g),kg,148.59,Weekly-Average-Prices-April-20-25-2026.pdf
"April 20, 2026","April 25, 2026",Chayote Medium (301-400 g),kg,61.51,Weekly-Average-Prices-April-20-25-2026.pdf
"April 20, 2026","April 25, 2026","Habichuelas/Baguio Beans, Local",kg,124.31,Weekly-Average-Prices-April-20-25-2026.pdf
"April 20, 2026","April 25, 2026",Pechay Baguio,kg,74.98,Weekly-Average-Prices-April-20-25-2026.pdf
"April 20, 2026","April 25, 2026",Lettuce (Green Ice),kg,138.94,Weekly-Average-Prices-April-20-25-2026.pdf
"April 20, 2026","April 25, 2026",Lettuce (Iceberg) Medium (301-450 cm diameter/bunch hd),kg,163.59,Weekly-Average-Prices-April-20-25-2026.pdf
"April 20, 2026","April 25, 2026",Lettuce (Romaine),kg,132.3,Weekly-Average-Prices-April-20-25-2026.pdf
"April 20, 2026","April 25, 2026","White Potato, Local 10-12 pcs/kg",kg,97.47,Weekly-Average-Prices-April-20-25-2026.pdf
"April 20, 2026","April 25, 2026","Chilli (Red), Local Tingala",kg,153.05,Weekly-Average-Prices-April-20-25-2026.pdf
"April 20, 2026","April 25, 2026","Garlic, Native/Local",kg,396.54,Weekly-Average-Prices-April-20-25-2026.pdf
"April 20, 2026","April 25, 2026","Garlic, Imported",kg,147.87,Weekly-Average-Prices-April-20-25-2026.pdf
"April 20, 2026","April 25, 2026","Ginger, Local Fairly well-matured, Medium (150-300 gm)",kg,156.76,Weekly-Average-Prices-April-20-25-2026.pdf
"April 20, 2026","April 25, 2026","Red Onion, Local 13-15 pcs/kg",kg,97.39,Weekly-Average-Prices-April-20-25-2026.pdf
"April 20, 2026","April 25, 2026","Red Onion, Imported",kg,87.69,Weekly-Average-Prices-April-20-25-2026.pdf
"April 20, 2026","April 25, 2026","White Onion, Local",kg,90.96,Weekly-Average-Prices-April-20-25-2026.pdf
"April 20, 2026","April 25, 2026","White Onion, Imported",kg,93.0,Weekly-Average-Prices-April-20-25-2026.pdf
"April 20, 2026","April 25, 2026",Avocado,kg,240.5,Weekly-Average-Prices-April-20-25-2026.pdf
"April 20, 2026","April 25, 2026",Banana (Lakatan) 8-10 pcs/kg,kg,99.33,Weekly-Average-Prices-April-20-25-2026.pdf
"April 20, 2026","April 25, 2026",Banana (Latundan) 10-12 pcs/kg,kg,75.09,Weekly-Average-Prices-April-20-25-2026.pdf
"April 20, 2026","April 25, 2026",Banana (Saba),kg,59.03,Weekly-Average-Prices-April-20-25-2026.pdf
"April 20, 2026","April 25, 2026",Calamansi,kg,139.24,Weekly-Average-Prices-April-20-25-2026.pdf
"April 20, 2026","April 25, 2026","Mango (Carabao) Ripe, 3-4 pcs/kg",kg,159.09,Weekly-Average-Prices-April-20-25-2026.pdf
"April 20, 2026","April 25, 2026",Melon,kg,103.59,Weekly-Average-Prices-April-20-25-2026.pdf
"April 20, 2026","April 25, 2026","Papaya Solo, Ripe, 2-3 pcs/kg",kg,74.76,Weekly-Average-Prices-April-20-25-2026.pdf
"April 20, 2026","April 25, 2026",Pomelo,kg,173.3,Weekly-Average-Prices-April-20-25-2026.pdf
"April 20, 2026","April 25, 2026",Watermelon,kg,77.88,Weekly-Average-Prices-April-20-25-2026.pdf
"April 20, 2026","April 25, 2026",Salt (Rock),kg,21.49,Weekly-Average-Prices-April-20-25-2026.pdf
"April 20, 2026","April 25, 2026",Salt (Iodized),kg,39.62,Weekly-Average-Prices-April-20-25-2026.pdf
"April 20, 2026","April 25, 2026",Sugar (Refined),kg,82.37,Weekly-Average-Prices-April-20-25-2026.pdf
"April 20, 2026","April 25, 2026",Sugar (Washed),kg,75.07,Weekly-Average-Prices-April-20-25-2026.pdf
"April 20, 2026","April 25, 2026",Sugar (Brown),kg,73.32,Weekly-Average-Prices-April-20-25-2026.pdf
"April 20, 2026","April 25, 2026",Cooking Oil (Palm) 350 ml/bottle,ml,39.23,Weekly-Average-Prices-April-20-25-2026.pdf
"April 20, 2026","April 25, 2026",Cooking Oil (Palm) 1 Liter/bottle,L,98.56,Weekly-Average-Prices-April-20-25-2026.pdf
"April 20, 2026","April 25, 2026",Cooking Oil (Coconut) 350 ml/bottle,ml,59.56,Weekly-Average-Prices-April-20-25-2026.pdf
"April 20, 2026","April 25, 2026",Cooking Oil (Coconut) 1 Liter/bottle,L,161.44,Weekly-Average-Prices-April-20-25-2026.pdf
"April 27, 2026","May 2, 2026",P20 Benteng Bigas Meron Naᵃ,kg,20.0,Weekly-Average-Prices-April-27-May-2-2026.pdf
"April 27, 2026","May 2, 2026",Basmati,kg,210.83,Weekly-Average-Prices-April-27-May-2-2026.pdf
"April 27, 2026","May 2, 2026",Glutinous,kg,61.52,Weekly-Average-Prices-April-27-May-2-2026.pdf
"April 27, 2026","May 2, 2026",Japonica/Jasponica,kg,63.67,Weekly-Average-Prices-April-27-May-2-2026.pdf
"April 27, 2026","May 2, 2026",Other Special Rice White Rice,kg,61.09,Weekly-Average-Prices-April-27-May-2-2026.pdf
"April 27, 2026","May 2, 2026",Premium 5% broken,kg,58.71,Weekly-Average-Prices-April-27-May-2-2026.pdf
"April 27, 2026","May 2, 2026",Well Milled 1-19% bran streak,kg,48.0,Weekly-Average-Prices-April-27-May-2-2026.pdf
"April 27, 2026","May 2, 2026",Regular Milled 20-40% bran streak,kg,42.5,Weekly-Average-Prices-April-27-May-2-2026.pdf
"April 27, 2026","May 2, 2026",Basmati kg - Glutinous,kg,75.71,Weekly-Average-Prices-April-27-May-2-2026.pdf
"April 27, 2026","May 2, 2026",Japonica/Jasponica kg - Other Special Rice White Rice,kg,60.66,Weekly-Average-Prices-April-27-May-2-2026.pdf
"April 27, 2026","May 2, 2026",Premium 5% broken,kg,55.8,Weekly-Average-Prices-April-27-May-2-2026.pdf
"April 27, 2026","May 2, 2026",Well Milled 1-19% bran streak,kg,50.61,Weekly-Average-Prices-April-27-May-2-2026.pdf
"April 27, 2026","May 2, 2026",Regular Milled 20-40% bran streak,kg,44.99,Weekly-Average-Prices-April-27-May-2-2026.pdf
"April 27, 2026","May 2, 2026","Corn (White) Cob, Glutinous",kg,80.06,Weekly-Average-Prices-April-27-May-2-2026.pdf
"April 27, 2026","May 2, 2026","Corn (Yellow) Cob, Sweet Corn",kg,72.21,Weekly-Average-Prices-April-27-May-2-2026.pdf
"April 27, 2026","May 2, 2026","Corn Grits (White, Food Grade)",kg,120.0,Weekly-Average-Prices-April-27-May-2-2026.pdf
"April 27, 2026","May 2, 2026","Corn Grits (Yellow, Food Grade)",kg,120.0,Weekly-Average-Prices-April-27-May-2-2026.pdf
"April 27, 2026","May 2, 2026","Corn Cracked (Yellow, Feed Grade)",kg,49.6,Weekly-Average-Prices-April-27-May-2-2026.pdf
"April 27, 2026","May 2, 2026",Corn Grits (Feed Grade),kg,46.78,Weekly-Average-Prices-April-27-May-2-2026.pdf
"April 27, 2026","May 2, 2026",Mungbean,kg,155.33,Weekly-Average-Prices-April-27-May-2-2026.pdf
"April 27, 2026","May 2, 2026",Alumahan (Indian Mackerel) Medium (4-6 pcs/kg),kg,289.18,Weekly-Average-Prices-April-27-May-2-2026.pdf
"April 27, 2026","May 2, 2026","Bangus, Large Large (1-2 pcs)",kg,252.82,Weekly-Average-Prices-April-27-May-2-2026.pdf
"April 27, 2026","May 2, 2026","Bangus, Medium Medium (3-4 pcs/kg)",kg,230.61,Weekly-Average-Prices-April-27-May-2-2026.pdf
"April 27, 2026","May 2, 2026","Bonito (Frigate Tuna) kg - Galunggong, Local Male, Medium (12-14 pcs/kg)",kg,222.49,Weekly-Average-Prices-April-27-May-2-2026.pdf
"April 27, 2026","May 2, 2026","Galunggong, Imported Male, Medium (12-14 pcs/kg) kg - Salmon Belly, Local kg - Sardines (Tamban)",kg,135.2,Weekly-Average-Prices-April-27-May-2-2026.pdf
"April 27, 2026","May 2, 2026","Squid (Pusit Bisaya), Local Medium",kg,444.84,Weekly-Average-Prices-April-27-May-2-2026.pdf
"April 27, 2026","May 2, 2026","Tambakol (Yellow-Fin Tuna), Local Medium, Fresh or Chilled",kg,302.67,Weekly-Average-Prices-April-27-May-2-2026.pdf
"April 27, 2026","May 2, 2026",Tilapia Medium (5-6 pcs/kg),kg,155.03,Weekly-Average-Prices-April-27-May-2-2026.pdf
"April 27, 2026","May 2, 2026","BEEF PRODUCTS Beef Brisket, Local Meat with Bones",kg,444.27,Weekly-Average-Prices-April-27-May-2-2026.pdf
"April 27, 2026","May 2, 2026","Beef Rump, Local Lean Meat/ Tapadera",kg,494.86,Weekly-Average-Prices-April-27-May-2-2026.pdf
"April 27, 2026","May 2, 2026","Pork Belly (Liempo), Local",kg,408.45,Weekly-Average-Prices-April-27-May-2-2026.pdf
"April 27, 2026","May 2, 2026","Pork Belly (Liempo), Imported",kg,313.89,Weekly-Average-Prices-April-27-May-2-2026.pdf
"April 27, 2026","May 2, 2026","Pork Picnic Shoulder (Kasim), Local",kg,352.3,Weekly-Average-Prices-April-27-May-2-2026.pdf
"April 27, 2026","May 2, 2026","Pork Picnic Shoulder (Kasim), Imported",kg,254.46,Weekly-Average-Prices-April-27-May-2-2026.pdf
"April 27, 2026","May 2, 2026","Whole Chicken, Local Fully Dressed",kg,192.1,Weekly-Average-Prices-April-27-May-2-2026.pdf
"April 27, 2026","May 2, 2026","Chicken Egg (White, Pewee) 41-45 grams/pc",pc,6.19,Weekly-Average-Prices-April-27-May-2-2026.pdf
"April 27, 2026","May 2, 2026","Chicken Egg (White, Extra Small) 46-50 grams/pc",pc,7.04,Weekly-Average-Prices-April-27-May-2-2026.pdf
"April 27, 2026","May 2, 2026","Chicken Egg (White, Small) 51-55 grams/pc",pc,7.58,Weekly-Average-Prices-April-27-May-2-2026.pdf
"April 27, 2026","May 2, 2026","Chicken Egg (White, Medium) 56-60 grams/pc",pc,8.16,Weekly-Average-Prices-April-27-May-2-2026.pdf
"April 27, 2026","May 2, 2026","Chicken Egg (White, Large) 61-65 grams/pc",pc,8.72,Weekly-Average-Prices-April-27-May-2-2026.pdf
"April 27, 2026","May 2, 2026","Chicken Egg (White, Extra Large) 66-70 grams/pc",pc,9.26,Weekly-Average-Prices-April-27-May-2-2026.pdf
"April 27, 2026","May 2, 2026","Chicken Egg (White, Jumbo) 71> grams/pc",pc,9.96,Weekly-Average-Prices-April-27-May-2-2026.pdf
"April 27, 2026","May 2, 2026","Chicken Egg (Brown, Medium) Medium",pc,10.69,Weekly-Average-Prices-April-27-May-2-2026.pdf
"April 27, 2026","May 2, 2026","Chicken Egg (Brown, Large) Large",pc,12.17,Weekly-Average-Prices-April-27-May-2-2026.pdf
"April 27, 2026","May 2, 2026","Chicken Egg (Brown, Extra Large) Extra Large",pc,12.0,Weekly-Average-Prices-April-27-May-2-2026.pdf
"April 27, 2026","May 2, 2026",Ampalaya 4-5 pcs/kg,kg,115.17,Weekly-Average-Prices-April-27-May-2-2026.pdf
"April 27, 2026","May 2, 2026","Chilli (Green), Local Haba/Panigang",kg,104.1,Weekly-Average-Prices-April-27-May-2-2026.pdf
"April 27, 2026","May 2, 2026",Eggplant 3-4 Small Bundles,kg,78.34,Weekly-Average-Prices-April-27-May-2-2026.pdf
"April 27, 2026","May 2, 2026",Native Pechay 3-4 Small Bundles,kg,76.76,Weekly-Average-Prices-April-27-May-2-2026.pdf
"April 27, 2026","May 2, 2026",Pole Sitao 3-4 Small Bundles,kg,100.9,Weekly-Average-Prices-April-27-May-2-2026.pdf
"April 27, 2026","May 2, 2026",Squash Suprema Variety,kg,65.15,Weekly-Average-Prices-April-27-May-2-2026.pdf
"April 27, 2026","May 2, 2026",Tomato 15-18 pcs/kg,kg,62.73,Weekly-Average-Prices-April-27-May-2-2026.pdf
"April 27, 2026","May 2, 2026","Bell Pepper (Green), Local Medium (151-250gm/pc)",kg,231.88,Weekly-Average-Prices-April-27-May-2-2026.pdf
"April 27, 2026","May 2, 2026","Bell Pepper (Red), Local Medium (151-250gm/pc)",kg,237.92,Weekly-Average-Prices-April-27-May-2-2026.pdf
"April 27, 2026","May 2, 2026","Broccoli, Local Medium (8-10 cm diameter/bunch hd)",kg,163.78,Weekly-Average-Prices-April-27-May-2-2026.pdf
"April 27, 2026","May 2, 2026","Cauliflower, Local Medium (8-10 cm diameter/bunch hd)",kg,118.18,Weekly-Average-Prices-April-27-May-2-2026.pdf
"April 27, 2026","May 2, 2026",Cabbage (Rare Ball) 510 gm - 1 kg/head,kg,63.13,Weekly-Average-Prices-April-27-May-2-2026.pdf
"April 27, 2026","May 2, 2026",Cabbage (Scorpio) 750 gm - 1 kg/head,kg,76.87,Weekly-Average-Prices-April-27-May-2-2026.pdf
"April 27, 2026","May 2, 2026",Cabbage (Wonder Ball) 510 gm - 1 kg/head,kg,61.79,Weekly-Average-Prices-April-27-May-2-2026.pdf
"April 27, 2026","May 2, 2026","Carrots, Local 8-10 pcs/kg",kg,150.74,Weekly-Average-Prices-April-27-May-2-2026.pdf
"April 27, 2026","May 2, 2026",Celery Medium (501-800 g),kg,147.7,Weekly-Average-Prices-April-27-May-2-2026.pdf
"April 27, 2026","May 2, 2026",Chayote Medium (301-400 g),kg,63.6,Weekly-Average-Prices-April-27-May-2-2026.pdf
"April 27, 2026","May 2, 2026","Habichuelas/Baguio Beans, Local",kg,127.11,Weekly-Average-Prices-April-27-May-2-2026.pdf
"April 27, 2026","May 2, 2026",Pechay Baguio,kg,74.16,Weekly-Average-Prices-April-27-May-2-2026.pdf
"April 27, 2026","May 2, 2026",Lettuce (Green Ice),kg,139.73,Weekly-Average-Prices-April-27-May-2-2026.pdf
"April 27, 2026","May 2, 2026",Lettuce (Iceberg) Medium (301-450 cm diameter/bunch hd),kg,164.71,Weekly-Average-Prices-April-27-May-2-2026.pdf
"April 27, 2026","May 2, 2026",Lettuce (Romaine),kg,134.02,Weekly-Average-Prices-April-27-May-2-2026.pdf
"April 27, 2026","May 2, 2026","White Potato, Local 10-12 pcs/kg",kg,95.94,Weekly-Average-Prices-April-27-May-2-2026.pdf
"April 27, 2026","May 2, 2026","Chilli (Red), Local Tingala",kg,144.33,Weekly-Average-Prices-April-27-May-2-2026.pdf
"April 27, 2026","May 2, 2026","Garlic, Native/Local",kg,375.0,Weekly-Average-Prices-April-27-May-2-2026.pdf
"April 27, 2026","May 2, 2026","Garlic, Imported",kg,147.35,Weekly-Average-Prices-April-27-May-2-2026.pdf
"April 27, 2026","May 2, 2026","Ginger, Local Fairly well-matured, Medium (150-300 gm)",kg,159.07,Weekly-Average-Prices-April-27-May-2-2026.pdf
"April 27, 2026","May 2, 2026","Red Onion, Local 13-15 pcs/kg",kg,95.68,Weekly-Average-Prices-April-27-May-2-2026.pdf
"April 27, 2026","May 2, 2026","Red Onion, Imported",kg,86.19,Weekly-Average-Prices-April-27-May-2-2026.pdf
"April 27, 2026","May 2, 2026","White Onion, Local",kg,89.69,Weekly-Average-Prices-April-27-May-2-2026.pdf
"April 27, 2026","May 2, 2026","White Onion, Imported",kg,97.62,Weekly-Average-Prices-April-27-May-2-2026.pdf
"April 27, 2026","May 2, 2026",Avocado,kg,242.62,Weekly-Average-Prices-April-27-May-2-2026.pdf
"April 27, 2026","May 2, 2026",Banana (Lakatan) 8-10 pcs/kg,kg,99.25,Weekly-Average-Prices-April-27-May-2-2026.pdf
"April 27, 2026","May 2, 2026",Banana (Latundan) 10-12 pcs/kg,kg,75.18,Weekly-Average-Prices-April-27-May-2-2026.pdf
"April 27, 2026","May 2, 2026",Banana (Saba),kg,59.27,Weekly-Average-Prices-April-27-May-2-2026.pdf
"April 27, 2026","May 2, 2026",Calamansi,kg,139.66,Weekly-Average-Prices-April-27-May-2-2026.pdf
"April 27, 2026","May 2, 2026","Mango (Carabao) Ripe, 3-4 pcs/kg",kg,157.23,Weekly-Average-Prices-April-27-May-2-2026.pdf
"April 27, 2026","May 2, 2026",Melon,kg,103.41,Weekly-Average-Prices-April-27-May-2-2026.pdf
"April 27, 2026","May 2, 2026","Papaya Solo, Ripe, 2-3 pcs/kg",kg,73.93,Weekly-Average-Prices-April-27-May-2-2026.pdf
"April 27, 2026","May 2, 2026",Pomelo,kg,174.87,Weekly-Average-Prices-April-27-May-2-2026.pdf
"April 27, 2026","May 2, 2026",Watermelon,kg,77.2,Weekly-Average-Prices-April-27-May-2-2026.pdf
"April 27, 2026","May 2, 2026",Salt (Rock),kg,21.47,Weekly-Average-Prices-April-27-May-2-2026.pdf
"April 27, 2026","May 2, 2026",Salt (Iodized),kg,39.77,Weekly-Average-Prices-April-27-May-2-2026.pdf
"April 27, 2026","May 2, 2026",Sugar (Refined),kg,82.13,Weekly-Average-Prices-April-27-May-2-2026.pdf
"April 27, 2026","May 2, 2026",Sugar (Washed),kg,74.99,Weekly-Average-Prices-April-27-May-2-2026.pdf
"April 27, 2026","May 2, 2026",Sugar (Brown),kg,73.07,Weekly-Average-Prices-April-27-May-2-2026.pdf
"April 27, 2026","May 2, 2026",Cooking Oil (Palm) 350 ml/bottle,ml,39.48,Weekly-Average-Prices-April-27-May-2-2026.pdf
"April 27, 2026","May 2, 2026",Cooking Oil (Palm) 1 Liter/bottle,L,98.8,Weekly-Average-Prices-April-27-May-2-2026.pdf
"April 27, 2026","May 2, 2026",Cooking Oil (Coconut) 350 ml/bottle,ml,59.97,Weekly-Average-Prices-April-27-May-2-2026.pdf
"April 27, 2026","May 2, 2026",Cooking Oil (Coconut) 1 Liter/bottle,L,161.74,Weekly-Average-Prices-April-27-May-2-2026.pdf
"August 10, 2026","August 16, 2026",P20 Benteng Bigas Meron Naᵃ,kg,20.0,Weekly-Average-Prices-August-10-16-2026.pdf
"August 10, 2026","August 16, 2026",Basmati,kg,190.0,Weekly-Average-Prices-August-10-16-2026.pdf
"August 10, 2026","August 16, 2026",Glutinous,kg,61.1,Weekly-Average-Prices-August-10-16-2026.pdf
"August 10, 2026","August 16, 2026",Japonica/Jasponica,kg,60.87,Weekly-Average-Prices-August-10-16-2026.pdf
"August 10, 2026","August 16, 2026",Other Special Rice White Rice,kg,59.74,Weekly-Average-Prices-August-10-16-2026.pdf
"August 10, 2026","August 16, 2026",Premium 5% broken,kg,51.82,Weekly-Average-Prices-August-10-16-2026.pdf
"August 10, 2026","August 16, 2026",Well Milled 1-19% bran streak,kg,47.79,Weekly-Average-Prices-August-10-16-2026.pdf
"August 10, 2026","August 16, 2026",Basmati kg - Glutinous,kg,77.81,Weekly-Average-Prices-August-10-16-2026.pdf
"August 10, 2026","August 16, 2026",Japonica/Jasponica kg - Other Special Rice White Rice,kg,59.84,Weekly-Average-Prices-August-10-16-2026.pdf
"August 10, 2026","August 16, 2026",Premium 5% broken,kg,54.08,Weekly-Average-Prices-August-10-16-2026.pdf
"August 10, 2026","August 16, 2026",Well Milled 1-19% bran streak,kg,48.32,Weekly-Average-Prices-August-10-16-2026.pdf
"August 10, 2026","August 16, 2026",Regular Milled 20-40% bran streak,kg,44.55,Weekly-Average-Prices-August-10-16-2026.pdf
"August 10, 2026","August 16, 2026","Corn (White) Cob, Glutinous",kg,94.71,Weekly-Average-Prices-August-10-16-2026.pdf
"August 10, 2026","August 16, 2026","Corn (Yellow) Cob, Sweet Corn",kg,83.64,Weekly-Average-Prices-August-10-16-2026.pdf
"August 10, 2026","August 16, 2026","Corn Grits (White, Food Grade)",kg,71.39,Weekly-Average-Prices-August-10-16-2026.pdf
"August 10, 2026","August 16, 2026","Corn Grits (Yellow, Food Grade)",kg,75.45,Weekly-Average-Prices-August-10-16-2026.pdf
"August 10, 2026","August 16, 2026","Corn Cracked (Yellow, Feed Grade)",kg,45.43,Weekly-Average-Prices-August-10-16-2026.pdf
"August 10, 2026","August 16, 2026",Corn Grits (Feed Grade),kg,45.43,Weekly-Average-Prices-August-10-16-2026.pdf
"August 10, 2026","August 16, 2026",Mungbean,kg,146.71,Weekly-Average-Prices-August-10-16-2026.pdf
"August 10, 2026","August 16, 2026",Alumahan (Indian Mackerel) Medium (4-6 pcs/kg),kg,351.02,Weekly-Average-Prices-August-10-16-2026.pdf
"August 10, 2026","August 16, 2026","Bangus, Large Large (1-2 pcs)",kg,267.68,Weekly-Average-Prices-August-10-16-2026.pdf
"August 10, 2026","August 16, 2026","Bangus, Medium Medium (3-4 pcs/kg)",kg,240.67,Weekly-Average-Prices-August-10-16-2026.pdf
"August 10, 2026","August 16, 2026","Bonito (Frigate Tuna) kg - Galunggong, Local Male, Medium (12-14 pcs/kg)",kg,309.17,Weekly-Average-Prices-August-10-16-2026.pdf
"August 10, 2026","August 16, 2026","Galunggong, Imported Male, Medium (12-14 pcs/kg) kg - Salmon Belly, Local kg - Sardines (Tamban)",kg,130.47,Weekly-Average-Prices-August-10-16-2026.pdf
"August 10, 2026","August 16, 2026","Squid (Pusit Bisaya), Local Medium",kg,469.64,Weekly-Average-Prices-August-10-16-2026.pdf
"August 10, 2026","August 16, 2026","Tambakol (Yellow-Fin Tuna), Local Medium, Fresh or Chilled",kg,306.06,Weekly-Average-Prices-August-10-16-2026.pdf
"August 10, 2026","August 16, 2026",Tilapia Medium (5-6 pcs/kg),kg,154.7,Weekly-Average-Prices-August-10-16-2026.pdf
"August 10, 2026","August 16, 2026","BEEF PRODUCTS Beef Brisket, Local Meat with Bones",kg,439.96,Weekly-Average-Prices-August-10-16-2026.pdf
"August 10, 2026","August 16, 2026","Beef Rump, Local Lean Meat/ Tapadera",kg,493.32,Weekly-Average-Prices-August-10-16-2026.pdf
"August 10, 2026","August 16, 2026","Pork Belly (Liempo), Local",kg,380.26,Weekly-Average-Prices-August-10-16-2026.pdf
"August 10, 2026","August 16, 2026","Pork Belly (Liempo), Imported",kg,307.1,Weekly-Average-Prices-August-10-16-2026.pdf
"August 10, 2026","August 16, 2026","Pork Picnic Shoulder (Kasim), Local",kg,326.29,Weekly-Average-Prices-August-10-16-2026.pdf
"August 10, 2026","August 16, 2026","Pork Picnic Shoulder (Kasim), Imported",kg,240.81,Weekly-Average-Prices-August-10-16-2026.pdf
"August 10, 2026","August 16, 2026","Whole Chicken, Local Fully Dressed",kg,199.76,Weekly-Average-Prices-August-10-16-2026.pdf
"August 10, 2026","August 16, 2026","Chicken Egg (White, Pewee) 41-45 grams/pc",pc,6.15,Weekly-Average-Prices-August-10-16-2026.pdf
"August 10, 2026","August 16, 2026","Chicken Egg (White, Extra Small) 46-50 grams/pc",pc,6.65,Weekly-Average-Prices-August-10-16-2026.pdf
"August 10, 2026","August 16, 2026","Chicken Egg (White, Small) 51-55 grams/pc",pc,7.21,Weekly-Average-Prices-August-10-16-2026.pdf
"August 10, 2026","August 16, 2026","Chicken Egg (White, Medium) 56-60 grams/pc",pc,7.96,Weekly-Average-Prices-August-10-16-2026.pdf
"August 10, 2026","August 16, 2026","Chicken Egg (White, Large) 61-65 grams/pc",pc,8.61,Weekly-Average-Prices-August-10-16-2026.pdf
"August 10, 2026","August 16, 2026","Chicken Egg (White, Extra Large) 66-70 grams/pc",pc,9.27,Weekly-Average-Prices-August-10-16-2026.pdf
"August 10, 2026","August 16, 2026","Chicken Egg (White, Jumbo) 71> grams/pc",pc,9.97,Weekly-Average-Prices-August-10-16-2026.pdf
"August 10, 2026","August 16, 2026","Chicken Egg (Brown, Medium) Medium",pc,10.42,Weekly-Average-Prices-August-10-16-2026.pdf
"August 10, 2026","August 16, 2026","Chicken Egg (Brown, Large) Large",pc,11.3,Weekly-Average-Prices-August-10-16-2026.pdf
"August 10, 2026","August 16, 2026","Chicken Egg (Brown, Extra Large) Extra Large",pc,10.84,Weekly-Average-Prices-August-10-16-2026.pdf
"August 10, 2026","August 16, 2026",Ampalaya 4-5 pcs/kg,kg,134.74,Weekly-Average-Prices-August-10-16-2026.pdf
"August 10, 2026","August 16, 2026","Chilli (Green), Local Haba/Panigang",kg,142.93,Weekly-Average-Prices-August-10-16-2026.pdf
"August 10, 2026","August 16, 2026",Eggplant 3-4 Small Bundles,kg,137.34,Weekly-Average-Prices-August-10-16-2026.pdf
"August 10, 2026","August 16, 2026",Native Pechay 3-4 Small Bundles,kg,154.01,Weekly-Average-Prices-August-10-16-2026.pdf
"August 10, 2026","August 16, 2026",Pole Sitao 3-4 Small Bundles,kg,150.46,Weekly-Average-Prices-August-10-16-2026.pdf
"August 10, 2026","August 16, 2026",Squash Suprema Variety,kg,67.06,Weekly-Average-Prices-August-10-16-2026.pdf
"August 10, 2026","August 16, 2026",Tomato 15-18 pcs/kg,kg,115.89,Weekly-Average-Prices-August-10-16-2026.pdf
"August 10, 2026","August 16, 2026","Bell Pepper (Green), Local Medium (151-250gm/pc)",kg,255.12,Weekly-Average-Prices-August-10-16-2026.pdf
"August 10, 2026","August 16, 2026","Bell Pepper (Red), Local Medium (151-250gm/pc)",kg,232.08,Weekly-Average-Prices-August-10-16-2026.pdf
"August 10, 2026","August 16, 2026","Broccoli, Local Medium (8-10 cm diameter/bunch hd)",kg,248.54,Weekly-Average-Prices-August-10-16-2026.pdf
"August 10, 2026","August 16, 2026","Cauliflower, Local Medium (8-10 cm diameter/bunch hd)",kg,244.17,Weekly-Average-Prices-August-10-16-2026.pdf
"August 10, 2026","August 16, 2026",Cabbage (Rare Ball) 510 gm - 1 kg/head,kg,99.64,Weekly-Average-Prices-August-10-16-2026.pdf
"August 10, 2026","August 16, 2026",Cabbage (Scorpio) 750 gm - 1 kg/head,kg,94.6,Weekly-Average-Prices-August-10-16-2026.pdf
"August 10, 2026","August 16, 2026",Cabbage (Wonder Ball) 510 gm - 1 kg/head,kg,98.75,Weekly-Average-Prices-August-10-16-2026.pdf
"August 10, 2026","August 16, 2026","Carrots, Local 8-10 pcs/kg",kg,113.73,Weekly-Average-Prices-August-10-16-2026.pdf
"August 10, 2026","August 16, 2026",Celery Medium (501-800 g),kg,180.05,Weekly-Average-Prices-August-10-16-2026.pdf
"August 10, 2026","August 16, 2026",Chayote Medium (301-400 g),kg,64.51,Weekly-Average-Prices-August-10-16-2026.pdf
"August 10, 2026","August 16, 2026","Habichuelas/Baguio Beans, Local",kg,157.36,Weekly-Average-Prices-August-10-16-2026.pdf
"August 10, 2026","August 16, 2026",Pechay Baguio,kg,99.76,Weekly-Average-Prices-August-10-16-2026.pdf
"August 10, 2026","August 16, 2026",Lettuce (Green Ice),kg,257.93,Weekly-Average-Prices-August-10-16-2026.pdf
"August 10, 2026","August 16, 2026",Lettuce (Iceberg) Medium (301-450 cm diameter/bunch hd),kg,263.99,Weekly-Average-Prices-August-10-16-2026.pdf
"August 10, 2026","August 16, 2026",Lettuce (Romaine),kg,253.35,Weekly-Average-Prices-August-10-16-2026.pdf
"August 10, 2026","August 16, 2026","White Potato, Local 10-12 pcs/kg",kg,147.91,Weekly-Average-Prices-August-10-16-2026.pdf
"August 10, 2026","August 16, 2026","Chilli (Red), Local Tingala",kg,186.59,Weekly-Average-Prices-August-10-16-2026.pdf
"August 10, 2026","August 16, 2026","Garlic, Native/Local",kg,352.0,Weekly-Average-Prices-August-10-16-2026.pdf
"August 10, 2026","August 16, 2026","Garlic, Imported",kg,148.58,Weekly-Average-Prices-August-10-16-2026.pdf
"August 10, 2026","August 16, 2026","Ginger, Local Fairly well-matured, Medium (150-300 gm)",kg,180.75,Weekly-Average-Prices-August-10-16-2026.pdf
"August 10, 2026","August 16, 2026","Red Onion, Local 13-15 pcs/kg",kg,109.79,Weekly-Average-Prices-August-10-16-2026.pdf
"August 10, 2026","August 16, 2026","Red Onion, Imported",kg,88.33,Weekly-Average-Prices-August-10-16-2026.pdf
"August 10, 2026","August 16, 2026","White Onion, Local",kg,112.9,Weekly-Average-Prices-August-10-16-2026.pdf
"August 10, 2026","August 16, 2026","White Onion, Imported",kg,135.71,Weekly-Average-Prices-August-10-16-2026.pdf
"August 10, 2026","August 16, 2026",Avocado,kg,182.92,Weekly-Average-Prices-August-10-16-2026.pdf
"August 10, 2026","August 16, 2026",Banana (Lakatan) 8-10 pcs/kg,kg,96.81,Weekly-Average-Prices-August-10-16-2026.pdf
"August 10, 2026","August 16, 2026",Banana (Latundan) 10-12 pcs/kg,kg,76.41,Weekly-Average-Prices-August-10-16-2026.pdf
"August 10, 2026","August 16, 2026",Banana (Saba),kg,63.19,Weekly-Average-Prices-August-10-16-2026.pdf
"August 10, 2026","August 16, 2026",Calamansi,kg,124.93,Weekly-Average-Prices-August-10-16-2026.pdf
"August 10, 2026","August 16, 2026","Mango (Carabao) Ripe, 3-4 pcs/kg",kg,178.68,Weekly-Average-Prices-August-10-16-2026.pdf
"August 10, 2026","August 16, 2026",Melon,kg,101.13,Weekly-Average-Prices-August-10-16-2026.pdf
"August 10, 2026","August 16, 2026","Papaya Solo, Ripe, 2-3 pcs/kg",kg,77.55,Weekly-Average-Prices-August-10-16-2026.pdf
"August 10, 2026","August 16, 2026",Pomelo,kg,174.08,Weekly-Average-Prices-August-10-16-2026.pdf
"August 10, 2026","August 16, 2026",Watermelon,kg,77.07,Weekly-Average-Prices-August-10-16-2026.pdf
"August 10, 2026","August 16, 2026",Salt (Rock),kg,21.94,Weekly-Average-Prices-August-10-16-2026.pdf
"August 10, 2026","August 16, 2026",Salt (Iodized),kg,42.27,Weekly-Average-Prices-August-10-16-2026.pdf
"August 10, 2026","August 16, 2026",Sugar (Refined),kg,81.59,Weekly-Average-Prices-August-10-16-2026.pdf
"August 10, 2026","August 16, 2026",Sugar (Washed),kg,74.46,Weekly-Average-Prices-August-10-16-2026.pdf
"August 10, 2026","August 16, 2026",Sugar (Brown),kg,72.28,Weekly-Average-Prices-August-10-16-2026.pdf
"August 10, 2026","August 16, 2026",Cooking Oil (Palm) 350 ml/bottle,ml,39.65,Weekly-Average-Prices-August-10-16-2026.pdf
"August 10, 2026","August 16, 2026",Cooking Oil (Palm) 1 Liter/bottle,L,99.45,Weekly-Average-Prices-August-10-16-2026.pdf
"August 10, 2026","August 16, 2026",Cooking Oil (Coconut) 350 ml/bottle,ml,60.77,Weekly-Average-Prices-August-10-16-2026.pdf
"August 10, 2026","August 16, 2026",Cooking Oil (Coconut) 1 Liter/bottle,L,155.48,Weekly-Average-Prices-August-10-16-2026.pdf
"August 17, 2026","August 23, 2026",P20 Benteng Bigas Meron Naᵃ,kg,20.0,Weekly-Average-Prices-August-17-23-2026.pdf
"August 17, 2026","August 23, 2026",Basmati,kg,201.58,Weekly-Average-Prices-August-17-23-2026.pdf
"August 17, 2026","August 23, 2026",Glutinous,kg,61.04,Weekly-Average-Prices-August-17-23-2026.pdf
"August 17, 2026","August 23, 2026",Japonica/Jasponica,kg,60.8,Weekly-Average-Prices-August-17-23-2026.pdf
"August 17, 2026","August 23, 2026",Other Special Rice White Rice,kg,59.45,Weekly-Average-Prices-August-17-23-2026.pdf
"August 17, 2026","August 23, 2026",Premium 5% broken,kg,52.19,Weekly-Average-Prices-August-17-23-2026.pdf
"August 17, 2026","August 23, 2026",Well Milled 1-19% bran streak,kg,47.78,Weekly-Average-Prices-August-17-23-2026.pdf
"August 17, 2026","August 23, 2026",Regular Milled 20-40% bran streak,kg,45.21,Weekly-Average-Prices-August-17-23-2026.pdf
"August 17, 2026","August 23, 2026",Glutinous,kg,77.41,Weekly-Average-Prices-August-17-23-2026.pdf
"August 17, 2026","August 23, 2026",Other Special Rice White Rice,kg,59.93,Weekly-Average-Prices-August-17-23-2026.pdf
"August 17, 2026","August 23, 2026",Premium 5% broken,kg,54.09,Weekly-Average-Prices-August-17-23-2026.pdf
"August 17, 2026","August 23, 2026",Well Milled 1-19% bran streak,kg,48.4,Weekly-Average-Prices-August-17-23-2026.pdf
"August 17, 2026","August 23, 2026",Regular Milled 20-40% bran streak,kg,44.79,Weekly-Average-Prices-August-17-23-2026.pdf
"August 17, 2026","August 23, 2026","Corn (White) Cob, Glutinous",kg,98.63,Weekly-Average-Prices-August-17-23-2026.pdf
"August 17, 2026","August 23, 2026","Corn (Yellow) Cob, Sweet Corn",kg,84.68,Weekly-Average-Prices-August-17-23-2026.pdf
"August 17, 2026","August 23, 2026","Corn Grits (White, Food Grade)",kg,71.39,Weekly-Average-Prices-August-17-23-2026.pdf
"August 17, 2026","August 23, 2026","Corn Grits (Yellow, Food Grade)",kg,75.45,Weekly-Average-Prices-August-17-23-2026.pdf
"August 17, 2026","August 23, 2026","Corn Cracked (Yellow, Feed Grade)",kg,45.47,Weekly-Average-Prices-August-17-23-2026.pdf
"August 17, 2026","August 23, 2026",Corn Grits (Feed Grade),kg,45.47,Weekly-Average-Prices-August-17-23-2026.pdf
"August 17, 2026","August 23, 2026",Mungbean,kg,148.1,Weekly-Average-Prices-August-17-23-2026.pdf
"August 17, 2026","August 23, 2026",Alumahan (Indian Mackerel) Medium (4-6 pcs/kg),kg,348.95,Weekly-Average-Prices-August-17-23-2026.pdf
"August 17, 2026","August 23, 2026","Bangus, Large Large (1-2 pcs)",kg,268.71,Weekly-Average-Prices-August-17-23-2026.pdf
"August 17, 2026","August 23, 2026","Bangus, Medium Medium (3-4 pcs/kg)",kg,241.98,Weekly-Average-Prices-August-17-23-2026.pdf
"August 17, 2026","August 23, 2026","Galunggong, Local Male, Medium (12-14 pcs/kg)",kg,318.24,Weekly-Average-Prices-August-17-23-2026.pdf
"August 17, 2026","August 23, 2026","Galunggong, Imported Male, Medium (12-14 pcs/kg)",kg,300.0,Weekly-Average-Prices-August-17-23-2026.pdf
"August 17, 2026","August 23, 2026","Salmon Belly, Imported",kg,428.86,Weekly-Average-Prices-August-17-23-2026.pdf
"August 17, 2026","August 23, 2026","Salmon Head, Imported",kg,232.7,Weekly-Average-Prices-August-17-23-2026.pdf
"August 17, 2026","August 23, 2026",Sardines (Tamban),kg,142.21,Weekly-Average-Prices-August-17-23-2026.pdf
"August 17, 2026","August 23, 2026","Squid (Pusit Bisaya), Local Medium",kg,470.79,Weekly-Average-Prices-August-17-23-2026.pdf
"August 17, 2026","August 23, 2026","Tambakol (Yellow-Fin Tuna), Local Medium, Fresh or Chilled",kg,322.73,Weekly-Average-Prices-August-17-23-2026.pdf
"August 17, 2026","August 23, 2026",Tilapia Medium (5-6 pcs/kg),kg,156.05,Weekly-Average-Prices-August-17-23-2026.pdf
"August 17, 2026","August 23, 2026","Beef Brisket, Local Meat with Bones",kg,440.14,Weekly-Average-Prices-August-17-23-2026.pdf
"August 17, 2026","August 23, 2026","Beef Rump, Local Lean Meat/ Tapadera",kg,493.71,Weekly-Average-Prices-August-17-23-2026.pdf
"August 17, 2026","August 23, 2026","Pork Belly (Liempo), Local",kg,380.05,Weekly-Average-Prices-August-17-23-2026.pdf
"August 17, 2026","August 23, 2026","Pork Belly (Liempo), Imported",kg,306.67,Weekly-Average-Prices-August-17-23-2026.pdf
"August 17, 2026","August 23, 2026","Pork Picnic Shoulder (Kasim), Local",kg,326.4,Weekly-Average-Prices-August-17-23-2026.pdf
"August 17, 2026","August 23, 2026","Whole Chicken, Local Fully Dressed",kg,201.99,Weekly-Average-Prices-August-17-23-2026.pdf
"August 17, 2026","August 23, 2026","Chicken Egg (White, Pewee) 41-45 grams/pc",pc,6.16,Weekly-Average-Prices-August-17-23-2026.pdf
"August 17, 2026","August 23, 2026","Chicken Egg (White, Extra Small) 46-50 grams/pc",pc,6.71,Weekly-Average-Prices-August-17-23-2026.pdf
"August 17, 2026","August 23, 2026","Chicken Egg (White, Small) 51-55 grams/pc",pc,7.27,Weekly-Average-Prices-August-17-23-2026.pdf
"August 17, 2026","August 23, 2026","Chicken Egg (White, Medium) 56-60 grams/pc",pc,8.02,Weekly-Average-Prices-August-17-23-2026.pdf
"August 17, 2026","August 23, 2026","Chicken Egg (White, Large) 61-65 grams/pc",pc,8.66,Weekly-Average-Prices-August-17-23-2026.pdf
"August 17, 2026","August 23, 2026","Chicken Egg (White, Extra Large) 66-70 grams/pc",pc,9.34,Weekly-Average-Prices-August-17-23-2026.pdf
"August 17, 2026","August 23, 2026","Chicken Egg (White, Jumbo) 71> grams/pc",pc,9.99,Weekly-Average-Prices-August-17-23-2026.pdf
"August 17, 2026","August 23, 2026","Chicken Egg (Brown, Medium) Medium",pc,10.56,Weekly-Average-Prices-August-17-23-2026.pdf
"August 17, 2026","August 23, 2026","Chicken Egg (Brown, Large) Large",pc,11.52,Weekly-Average-Prices-August-17-23-2026.pdf
"August 17, 2026","August 23, 2026","Chicken Egg (Brown, Extra Large) Extra Large",pc,11.27,Weekly-Average-Prices-August-17-23-2026.pdf
"August 17, 2026","August 23, 2026",Ampalaya 4-5 pcs/kg,kg,170.53,Weekly-Average-Prices-August-17-23-2026.pdf
"August 17, 2026","August 23, 2026","Chilli (Green), Local Haba/Panigang",kg,148.74,Weekly-Average-Prices-August-17-23-2026.pdf
"August 17, 2026","August 23, 2026",Eggplant 3-4 Small Bundles,kg,178.81,Weekly-Average-Prices-August-17-23-2026.pdf
"August 17, 2026","August 23, 2026",Native Pechay 3-4 Small Bundles,kg,233.39,Weekly-Average-Prices-August-17-23-2026.pdf
"August 17, 2026","August 23, 2026",Pole Sitao 3-4 Small Bundles,kg,167.96,Weekly-Average-Prices-August-17-23-2026.pdf
"August 17, 2026","August 23, 2026",Squash Suprema Variety,kg,67.58,Weekly-Average-Prices-August-17-23-2026.pdf
"August 17, 2026","August 23, 2026",Tomato 15-18 pcs/kg,kg,112.8,Weekly-Average-Prices-August-17-23-2026.pdf
"August 17, 2026","August 23, 2026","Bell Pepper (Green), Local Medium (151-250gm/pc)",kg,263.13,Weekly-Average-Prices-August-17-23-2026.pdf
"August 17, 2026","August 23, 2026","Bell Pepper (Red), Local Medium (151-250gm/pc)",kg,241.57,Weekly-Average-Prices-August-17-23-2026.pdf
"August 17, 2026","August 23, 2026","Broccoli, Local Medium (8-10 cm diameter/bunch hd)",kg,256.98,Weekly-Average-Prices-August-17-23-2026.pdf
"August 17, 2026","August 23, 2026","Cauliflower, Local Medium (8-10 cm diameter/bunch hd)",kg,264.29,Weekly-Average-Prices-August-17-23-2026.pdf
"August 17, 2026","August 23, 2026",Cabbage (Rare Ball) 510 gm - 1 kg/head,kg,96.47,Weekly-Average-Prices-August-17-23-2026.pdf
"August 17, 2026","August 23, 2026",Cabbage (Scorpio) 750 gm - 1 kg/head,kg,98.69,Weekly-Average-Prices-August-17-23-2026.pdf
"August 17, 2026","August 23, 2026",Cabbage (Wonder Ball) 510 gm - 1 kg/head,kg,93.97,Weekly-Average-Prices-August-17-23-2026.pdf
"August 17, 2026","August 23, 2026","Carrots, Local 8-10 pcs/kg",kg,114.21,Weekly-Average-Prices-August-17-23-2026.pdf
"August 17, 2026","August 23, 2026",Celery Medium (501-800 g),kg,185.12,Weekly-Average-Prices-August-17-23-2026.pdf
"August 17, 2026","August 23, 2026",Chayote Medium (301-400 g),kg,66.6,Weekly-Average-Prices-August-17-23-2026.pdf
"August 17, 2026","August 23, 2026","Habichuelas/Baguio Beans, Local",kg,195.93,Weekly-Average-Prices-August-17-23-2026.pdf
"August 17, 2026","August 23, 2026",Pechay Baguio,kg,108.92,Weekly-Average-Prices-August-17-23-2026.pdf
"August 17, 2026","August 23, 2026",Lettuce (Green Ice),kg,410.3,Weekly-Average-Prices-August-17-23-2026.pdf
"August 17, 2026","August 23, 2026",Medium (301-450 cm diameter/bunch Lettuce (Iceberg),kg,344.2,Weekly-Average-Prices-August-17-23-2026.pdf
"August 17, 2026","August 23, 2026",hd) Lettuce (Romaine),kg,380.1,Weekly-Average-Prices-August-17-23-2026.pdf
"August 17, 2026","August 23, 2026","White Potato, Local 10-12 pcs/kg",kg,146.18,Weekly-Average-Prices-August-17-23-2026.pdf
"August 17, 2026","August 23, 2026","Chilli (Red), Local Tingala",kg,184.64,Weekly-Average-Prices-August-17-23-2026.pdf
"August 17, 2026","August 23, 2026","Garlic, Native/Local",kg,356.0,Weekly-Average-Prices-August-17-23-2026.pdf
"August 17, 2026","August 23, 2026","Garlic, Imported",kg,150.02,Weekly-Average-Prices-August-17-23-2026.pdf
"August 17, 2026","August 23, 2026","Fairly well-matured, Medium (150-300 Ginger, Local",kg,184.96,Weekly-Average-Prices-August-17-23-2026.pdf
"August 17, 2026","August 23, 2026","gm) Red Onion, Local 13-15 pcs/kg",kg,111.43,Weekly-Average-Prices-August-17-23-2026.pdf
"August 17, 2026","August 23, 2026","Red Onion, Imported",kg,90.0,Weekly-Average-Prices-August-17-23-2026.pdf
"August 17, 2026","August 23, 2026","White Onion, Local",kg,121.71,Weekly-Average-Prices-August-17-23-2026.pdf
"August 17, 2026","August 23, 2026","White Onion, Imported",kg,130.0,Weekly-Average-Prices-August-17-23-2026.pdf
"August 17, 2026","August 23, 2026",Avocado,kg,190.02,Weekly-Average-Prices-August-17-23-2026.pdf
"August 17, 2026","August 23, 2026",Banana (Lakatan) 8-10 pcs/kg,kg,96.57,Weekly-Average-Prices-August-17-23-2026.pdf
"August 17, 2026","August 23, 2026",Banana (Latundan) 10-12 pcs/kg,kg,76.23,Weekly-Average-Prices-August-17-23-2026.pdf
"August 17, 2026","August 23, 2026",Banana (Saba),kg,64.0,Weekly-Average-Prices-August-17-23-2026.pdf
"August 17, 2026","August 23, 2026",Calamansi,kg,121.89,Weekly-Average-Prices-August-17-23-2026.pdf
"August 17, 2026","August 23, 2026","Mango (Carabao) Ripe, 3-4 pcs/kg",kg,190.51,Weekly-Average-Prices-August-17-23-2026.pdf
"August 17, 2026","August 23, 2026",Melon,kg,101.55,Weekly-Average-Prices-August-17-23-2026.pdf
"August 17, 2026","August 23, 2026","Papaya Solo, Ripe, 2-3 pcs/kg",kg,78.18,Weekly-Average-Prices-August-17-23-2026.pdf
"August 17, 2026","August 23, 2026",Pomelo,kg,175.47,Weekly-Average-Prices-August-17-23-2026.pdf
"August 17, 2026","August 23, 2026",Watermelon,kg,77.18,Weekly-Average-Prices-August-17-23-2026.pdf
"August 17, 2026","August 23, 2026",Salt (Rock),kg,21.89,Weekly-Average-Prices-August-17-23-2026.pdf
"August 17, 2026","August 23, 2026",Salt (Iodized),kg,42.76,Weekly-Average-Prices-August-17-23-2026.pdf
"August 17, 2026","August 23, 2026",Sugar (Refined),kg,81.55,Weekly-Average-Prices-August-17-23-2026.pdf
"August 17, 2026","August 23, 2026",Sugar (Washed),kg,74.44,Weekly-Average-Prices-August-17-23-2026.pdf
"August 17, 2026","August 23, 2026",Sugar (Brown),kg,72.26,Weekly-Average-Prices-August-17-23-2026.pdf
"August 17, 2026","August 23, 2026",Cooking Oil (Palm) 350 ml/bottle,ml,39.7,Weekly-Average-Prices-August-17-23-2026.pdf
"August 17, 2026","August 23, 2026",Cooking Oil (Palm) 1 Liter/bottle,L,99.86,Weekly-Average-Prices-August-17-23-2026.pdf
"August 17, 2026","August 23, 2026",Cooking Oil (Coconut) 350 ml/bottle,ml,60.72,Weekly-Average-Prices-August-17-23-2026.pdf
"August 17, 2026","August 23, 2026",Cooking Oil (Coconut) 1 Liter/bottle,L,155.78,Weekly-Average-Prices-August-17-23-2026.pdf
"August 24, 2026","August 30, 2026",P20 Benteng Bigas Meron Naᵃ,kg,20.0,Weekly-Average-Prices-August-24-30-2026.pdf
"August 24, 2026","August 30, 2026",Basmati,kg,196.15,Weekly-Average-Prices-August-24-30-2026.pdf
"August 24, 2026","August 30, 2026",Glutinous,kg,61.07,Weekly-Average-Prices-August-24-30-2026.pdf
"August 24, 2026","August 30, 2026",Japonica/Jasponica,kg,60.54,Weekly-Average-Prices-August-24-30-2026.pdf
"August 24, 2026","August 30, 2026",Other Special Rice White Rice,kg,59.66,Weekly-Average-Prices-August-24-30-2026.pdf
"August 24, 2026","August 30, 2026",Premium 5% broken,kg,52.76,Weekly-Average-Prices-August-24-30-2026.pdf
"August 24, 2026","August 30, 2026",Well Milled 1-19% bran streak,kg,47.73,Weekly-Average-Prices-August-24-30-2026.pdf
"August 24, 2026","August 30, 2026",Regular Milled 20-40% bran streak,kg,45.28,Weekly-Average-Prices-August-24-30-2026.pdf
"August 24, 2026","August 30, 2026",Basmati kg - Glutinous,kg,76.93,Weekly-Average-Prices-August-24-30-2026.pdf
"August 24, 2026","August 30, 2026",Japonica/Jasponica kg - Other Special Rice White Rice,kg,59.97,Weekly-Average-Prices-August-24-30-2026.pdf
"August 24, 2026","August 30, 2026",Premium 5% broken,kg,54.12,Weekly-Average-Prices-August-24-30-2026.pdf
"August 24, 2026","August 30, 2026",Well Milled 1-19% bran streak,kg,48.53,Weekly-Average-Prices-August-24-30-2026.pdf
"August 24, 2026","August 30, 2026",Regular Milled 20-40% bran streak,kg,44.94,Weekly-Average-Prices-August-24-30-2026.pdf
"August 24, 2026","August 30, 2026","Corn (White) Cob, Glutinous",kg,100.05,Weekly-Average-Prices-August-24-30-2026.pdf
"August 24, 2026","August 30, 2026","Corn (Yellow) Cob, Sweet Corn",kg,84.44,Weekly-Average-Prices-August-24-30-2026.pdf
"August 24, 2026","August 30, 2026","Corn Grits (White, Food Grade)",kg,75.88,Weekly-Average-Prices-August-24-30-2026.pdf
"August 24, 2026","August 30, 2026","Corn Grits (Yellow, Food Grade)",kg,81.82,Weekly-Average-Prices-August-24-30-2026.pdf
"August 24, 2026","August 30, 2026","Corn Cracked (Yellow, Feed Grade)",kg,45.41,Weekly-Average-Prices-August-24-30-2026.pdf
"August 24, 2026","August 30, 2026",Corn Grits (Feed Grade),kg,45.41,Weekly-Average-Prices-August-24-30-2026.pdf
"August 24, 2026","August 30, 2026",Mungbean,kg,147.77,Weekly-Average-Prices-August-24-30-2026.pdf
"August 24, 2026","August 30, 2026",Alumahan (Indian Mackerel) Medium (4-6 pcs/kg),kg,348.52,Weekly-Average-Prices-August-24-30-2026.pdf
"August 24, 2026","August 30, 2026","Bangus, Large Large (1-2 pcs)",kg,268.64,Weekly-Average-Prices-August-24-30-2026.pdf
"August 24, 2026","August 30, 2026","Bangus, Medium Medium (3-4 pcs/kg)",kg,242.19,Weekly-Average-Prices-August-24-30-2026.pdf
"August 24, 2026","August 30, 2026","Bonito (Frigate Tuna) kg - Galunggong, Local Male, Medium (12-14 pcs/kg)",kg,314.83,Weekly-Average-Prices-August-24-30-2026.pdf
"August 24, 2026","August 30, 2026","Galunggong, Imported Male, Medium (12-14 pcs/kg) kg - Salmon Belly, Local kg - Sardines (Tamban)",kg,125.26,Weekly-Average-Prices-August-24-30-2026.pdf
"August 24, 2026","August 30, 2026","Squid (Pusit Bisaya), Local Medium",kg,464.87,Weekly-Average-Prices-August-24-30-2026.pdf
"August 24, 2026","August 30, 2026","Tambakol (Yellow-Fin Tuna), Local Medium, Fresh or Chilled",kg,318.22,Weekly-Average-Prices-August-24-30-2026.pdf
"August 24, 2026","August 30, 2026",Tilapia Medium (5-6 pcs/kg),kg,155.34,Weekly-Average-Prices-August-24-30-2026.pdf
"August 24, 2026","August 30, 2026","PORK AND BEEF PRODUCTS Beef Brisket, Local Meat with Bones",kg,440.15,Weekly-Average-Prices-August-24-30-2026.pdf
"August 24, 2026","August 30, 2026","Beef Rump, Local Lean Meat/ Tapadera",kg,493.65,Weekly-Average-Prices-August-24-30-2026.pdf
"August 24, 2026","August 30, 2026","Pork Belly (Liempo), Local",kg,379.45,Weekly-Average-Prices-August-24-30-2026.pdf
"August 24, 2026","August 30, 2026","Pork Belly (Liempo), Imported",kg,306.87,Weekly-Average-Prices-August-24-30-2026.pdf
"August 24, 2026","August 30, 2026","Pork Picnic Shoulder (Kasim), Local",kg,325.79,Weekly-Average-Prices-August-24-30-2026.pdf
"August 24, 2026","August 30, 2026","Pork Picnic Shoulder (Kasim), Imported",kg,241.2,Weekly-Average-Prices-August-24-30-2026.pdf
"August 24, 2026","August 30, 2026","Whole Chicken, Local Fully Dressed",kg,202.0,Weekly-Average-Prices-August-24-30-2026.pdf
"August 24, 2026","August 30, 2026","Chicken Egg (White, Pewee) 41-45 grams/pc",pc,6.17,Weekly-Average-Prices-August-24-30-2026.pdf
"August 24, 2026","August 30, 2026","Chicken Egg (White, Extra Small) 46-50 grams/pc",pc,6.81,Weekly-Average-Prices-August-24-30-2026.pdf
"August 24, 2026","August 30, 2026","Chicken Egg (White, Small) 51-55 grams/pc",pc,7.3,Weekly-Average-Prices-August-24-30-2026.pdf
"August 24, 2026","August 30, 2026","Chicken Egg (White, Medium) 56-60 grams/pc",pc,8.04,Weekly-Average-Prices-August-24-30-2026.pdf
"August 24, 2026","August 30, 2026","Chicken Egg (White, Large) 61-65 grams/pc",pc,8.67,Weekly-Average-Prices-August-24-30-2026.pdf
"August 24, 2026","August 30, 2026","Chicken Egg (White, Extra Large) 66-70 grams/pc",pc,9.35,Weekly-Average-Prices-August-24-30-2026.pdf
"August 24, 2026","August 30, 2026","Chicken Egg (White, Jumbo) 71> grams/pc",pc,9.99,Weekly-Average-Prices-August-24-30-2026.pdf
"August 24, 2026","August 30, 2026","Chicken Egg (Brown, Medium) Medium",pc,10.61,Weekly-Average-Prices-August-24-30-2026.pdf
"August 24, 2026","August 30, 2026","Chicken Egg (Brown, Large) Large",pc,11.4,Weekly-Average-Prices-August-24-30-2026.pdf
"August 24, 2026","August 30, 2026","Chicken Egg (Brown, Extra Large) Extra Large",pc,10.9,Weekly-Average-Prices-August-24-30-2026.pdf
"August 24, 2026","August 30, 2026",Ampalaya 4-5 pcs/kg,kg,191.33,Weekly-Average-Prices-August-24-30-2026.pdf
"August 24, 2026","August 30, 2026","Chilli (Green), Local Haba/Panigang",kg,177.43,Weekly-Average-Prices-August-24-30-2026.pdf
"August 24, 2026","August 30, 2026",Eggplant 3-4 Small Bundles,kg,200.08,Weekly-Average-Prices-August-24-30-2026.pdf
"August 24, 2026","August 30, 2026",Native Pechay 3-4 Small Bundles,kg,236.97,Weekly-Average-Prices-August-24-30-2026.pdf
"August 24, 2026","August 30, 2026",Pole Sitao 3-4 Small Bundles,kg,175.99,Weekly-Average-Prices-August-24-30-2026.pdf
"August 24, 2026","August 30, 2026",Squash Suprema Variety,kg,67.27,Weekly-Average-Prices-August-24-30-2026.pdf
"August 24, 2026","August 30, 2026",Tomato 15-18 pcs/kg,kg,105.03,Weekly-Average-Prices-August-24-30-2026.pdf
"August 24, 2026","August 30, 2026","Bell Pepper (Green), Local Medium (151-250gm/pc)",kg,268.53,Weekly-Average-Prices-August-24-30-2026.pdf
"August 24, 2026","August 30, 2026","Bell Pepper (Red), Local Medium (151-250gm/pc)",kg,242.89,Weekly-Average-Prices-August-24-30-2026.pdf
"August 24, 2026","August 30, 2026","Broccoli, Local Medium (8-10 cm diameter/bunch hd)",kg,344.0,Weekly-Average-Prices-August-24-30-2026.pdf
"August 24, 2026","August 30, 2026","Cauliflower, Local Medium (8-10 cm diameter/bunch hd)",kg,291.19,Weekly-Average-Prices-August-24-30-2026.pdf
"August 24, 2026","August 30, 2026",Cabbage (Rare Ball) 510 gm - 1 kg/head,kg,116.12,Weekly-Average-Prices-August-24-30-2026.pdf
"August 24, 2026","August 30, 2026",Cabbage (Scorpio) 750 gm - 1 kg/head,kg,113.14,Weekly-Average-Prices-August-24-30-2026.pdf
"August 24, 2026","August 30, 2026",Cabbage (Wonder Ball) 510 gm - 1 kg/head,kg,110.55,Weekly-Average-Prices-August-24-30-2026.pdf
"August 24, 2026","August 30, 2026","Carrots, Local 8-10 pcs/kg",kg,111.77,Weekly-Average-Prices-August-24-30-2026.pdf
"August 24, 2026","August 30, 2026",Celery Medium (501-800 g),kg,219.64,Weekly-Average-Prices-August-24-30-2026.pdf
"August 24, 2026","August 30, 2026",Chayote Medium (301-400 g),kg,71.12,Weekly-Average-Prices-August-24-30-2026.pdf
"August 24, 2026","August 30, 2026","Habichuelas/Baguio Beans, Local",kg,190.25,Weekly-Average-Prices-August-24-30-2026.pdf
"August 24, 2026","August 30, 2026",Pechay Baguio,kg,124.1,Weekly-Average-Prices-August-24-30-2026.pdf
"August 24, 2026","August 30, 2026",Lettuce (Green Ice),kg,498.94,Weekly-Average-Prices-August-24-30-2026.pdf
"August 24, 2026","August 30, 2026",Lettuce (Iceberg) Medium (301-450 cm diameter/bunch hd),kg,437.35,Weekly-Average-Prices-August-24-30-2026.pdf
"August 24, 2026","August 30, 2026",Lettuce (Romaine),kg,465.92,Weekly-Average-Prices-August-24-30-2026.pdf
"August 24, 2026","August 30, 2026","White Potato, Local 10-12 pcs/kg",kg,143.15,Weekly-Average-Prices-August-24-30-2026.pdf
"August 24, 2026","August 30, 2026","Chilli (Red), Local Tingala",kg,196.86,Weekly-Average-Prices-August-24-30-2026.pdf
"August 24, 2026","August 30, 2026","Garlic, Native/Local",kg,345.74,Weekly-Average-Prices-August-24-30-2026.pdf
"August 24, 2026","August 30, 2026","Garlic, Imported",kg,150.25,Weekly-Average-Prices-August-24-30-2026.pdf
"August 24, 2026","August 30, 2026","Ginger, Local Fairly well-matured, Medium (150-300 gm)",kg,185.75,Weekly-Average-Prices-August-24-30-2026.pdf
"August 24, 2026","August 30, 2026","Red Onion, Local 13-15 pcs/kg",kg,115.02,Weekly-Average-Prices-August-24-30-2026.pdf
"August 24, 2026","August 30, 2026","Red Onion, Imported",kg,90.0,Weekly-Average-Prices-August-24-30-2026.pdf
"August 24, 2026","August 30, 2026","White Onion, Local",kg,128.94,Weekly-Average-Prices-August-24-30-2026.pdf
"August 24, 2026","August 30, 2026",Avocado,kg,204.63,Weekly-Average-Prices-August-24-30-2026.pdf
"August 24, 2026","August 30, 2026",Banana (Lakatan) 8-10 pcs/kg,kg,96.25,Weekly-Average-Prices-August-24-30-2026.pdf
"August 24, 2026","August 30, 2026",Banana (Latundan) 10-12 pcs/kg,kg,76.88,Weekly-Average-Prices-August-24-30-2026.pdf
"August 24, 2026","August 30, 2026",Banana (Saba),kg,63.94,Weekly-Average-Prices-August-24-30-2026.pdf
"August 24, 2026","August 30, 2026",Calamansi,kg,115.74,Weekly-Average-Prices-August-24-30-2026.pdf
"August 24, 2026","August 30, 2026","Mango (Carabao) Ripe, 3-4 pcs/kg",kg,204.11,Weekly-Average-Prices-August-24-30-2026.pdf
"August 24, 2026","August 30, 2026",Melon,kg,102.84,Weekly-Average-Prices-August-24-30-2026.pdf
"August 24, 2026","August 30, 2026","Papaya Solo, Ripe, 2-3 pcs/kg",kg,78.14,Weekly-Average-Prices-August-24-30-2026.pdf
"August 24, 2026","August 30, 2026",Pomelo,kg,174.67,Weekly-Average-Prices-August-24-30-2026.pdf
"August 24, 2026","August 30, 2026",Watermelon,kg,77.69,Weekly-Average-Prices-August-24-30-2026.pdf
"August 24, 2026","August 30, 2026",Salt (Rock),kg,21.86,Weekly-Average-Prices-August-24-30-2026.pdf
"August 24, 2026","August 30, 2026",Salt (Iodized),kg,42.19,Weekly-Average-Prices-August-24-30-2026.pdf
"August 24, 2026","August 30, 2026",Sugar (Refined),kg,81.56,Weekly-Average-Prices-August-24-30-2026.pdf
"August 24, 2026","August 30, 2026",Sugar (Washed),kg,74.51,Weekly-Average-Prices-August-24-30-2026.pdf
"August 24, 2026","August 30, 2026",Sugar (Brown),kg,72.26,Weekly-Average-Prices-August-24-30-2026.pdf
"August 24, 2026","August 30, 2026",Cooking Oil (Palm) 350 ml/bottle,ml,39.89,Weekly-Average-Prices-August-24-30-2026.pdf
"August 24, 2026","August 30, 2026",Cooking Oil (Palm) 1 Liter/bottle,L,100.09,Weekly-Average-Prices-August-24-30-2026.pdf
"August 24, 2026","August 30, 2026",Cooking Oil (Coconut) 350 ml/bottle,ml,60.69,Weekly-Average-Prices-August-24-30-2026.pdf
"August 24, 2026","August 30, 2026",Cooking Oil (Coconut) 1 Liter/bottle,L,155.94,Weekly-Average-Prices-August-24-30-2026.pdf
"August 3, 2026","August 9, 2026",P20 Benteng Bigas Meron Naᵃ,kg,20.0,Weekly-Average-Prices-August-3-9-2026.pdf
"August 3, 2026","August 9, 2026",Basmati,kg,192.4,Weekly-Average-Prices-August-3-9-2026.pdf
"August 3, 2026","August 9, 2026",Glutinous,kg,60.9,Weekly-Average-Prices-August-3-9-2026.pdf
"August 3, 2026","August 9, 2026",Japonica/Jasponica,kg,60.9,Weekly-Average-Prices-August-3-9-2026.pdf
"August 3, 2026","August 9, 2026",Other Special Rice White Rice,kg,59.78,Weekly-Average-Prices-August-3-9-2026.pdf
"August 3, 2026","August 9, 2026",Premium 5% broken,kg,51.66,Weekly-Average-Prices-August-3-9-2026.pdf
"August 3, 2026","August 9, 2026",Well Milled 1-19% bran streak,kg,47.82,Weekly-Average-Prices-August-3-9-2026.pdf
"August 3, 2026","August 9, 2026",Basmati kg - Glutinous,kg,76.58,Weekly-Average-Prices-August-3-9-2026.pdf
"August 3, 2026","August 9, 2026",Japonica/Jasponica kg - Other Special Rice White Rice,kg,59.72,Weekly-Average-Prices-August-3-9-2026.pdf
"August 3, 2026","August 9, 2026",Premium 5% broken,kg,54.0,Weekly-Average-Prices-August-3-9-2026.pdf
"August 3, 2026","August 9, 2026",Well Milled 1-19% bran streak,kg,48.41,Weekly-Average-Prices-August-3-9-2026.pdf
"August 3, 2026","August 9, 2026",Regular Milled 20-40% bran streak,kg,44.57,Weekly-Average-Prices-August-3-9-2026.pdf
"August 3, 2026","August 9, 2026","Corn (White) Cob, Glutinous",kg,92.28,Weekly-Average-Prices-August-3-9-2026.pdf
"August 3, 2026","August 9, 2026","Corn (Yellow) Cob, Sweet Corn",kg,83.59,Weekly-Average-Prices-August-3-9-2026.pdf
"August 3, 2026","August 9, 2026","Corn Grits (White, Food Grade)",kg,75.88,Weekly-Average-Prices-August-3-9-2026.pdf
"August 3, 2026","August 9, 2026","Corn Grits (Yellow, Food Grade)",kg,81.82,Weekly-Average-Prices-August-3-9-2026.pdf
"August 3, 2026","August 9, 2026","Corn Cracked (Yellow, Feed Grade)",kg,45.44,Weekly-Average-Prices-August-3-9-2026.pdf
"August 3, 2026","August 9, 2026",Corn Grits (Feed Grade),kg,45.44,Weekly-Average-Prices-August-3-9-2026.pdf
"August 3, 2026","August 9, 2026",Mungbean,kg,145.14,Weekly-Average-Prices-August-3-9-2026.pdf
"August 3, 2026","August 9, 2026",Alumahan (Indian Mackerel) Medium (4-6 pcs/kg),kg,350.56,Weekly-Average-Prices-August-3-9-2026.pdf
"August 3, 2026","August 9, 2026","Bangus, Large Large (1-2 pcs)",kg,264.92,Weekly-Average-Prices-August-3-9-2026.pdf
"August 3, 2026","August 9, 2026","Bangus, Medium Medium (3-4 pcs/kg)",kg,238.6,Weekly-Average-Prices-August-3-9-2026.pdf
"August 3, 2026","August 9, 2026","Bonito (Frigate Tuna) kg - Galunggong, Local Male, Medium (12-14 pcs/kg)",kg,282.14,Weekly-Average-Prices-August-3-9-2026.pdf
"August 3, 2026","August 9, 2026","Galunggong, Imported Male, Medium (12-14 pcs/kg) kg - Salmon Belly, Local kg - Sardines (Tamban)",kg,114.78,Weekly-Average-Prices-August-3-9-2026.pdf
"August 3, 2026","August 9, 2026","Squid (Pusit Bisaya), Local Medium",kg,457.82,Weekly-Average-Prices-August-3-9-2026.pdf
"August 3, 2026","August 9, 2026","Tambakol (Yellow-Fin Tuna), Local Medium, Fresh or Chilled",kg,290.18,Weekly-Average-Prices-August-3-9-2026.pdf
"August 3, 2026","August 9, 2026",Tilapia Medium (5-6 pcs/kg),kg,154.41,Weekly-Average-Prices-August-3-9-2026.pdf
"August 3, 2026","August 9, 2026","BEEF PRODUCTS Beef Brisket, Local Meat with Bones",kg,439.53,Weekly-Average-Prices-August-3-9-2026.pdf
"August 3, 2026","August 9, 2026","Beef Rump, Local Lean Meat/ Tapadera",kg,493.05,Weekly-Average-Prices-August-3-9-2026.pdf
"August 3, 2026","August 9, 2026","Pork Belly (Liempo), Local",kg,380.58,Weekly-Average-Prices-August-3-9-2026.pdf
"August 3, 2026","August 9, 2026","Pork Belly (Liempo), Imported",kg,306.56,Weekly-Average-Prices-August-3-9-2026.pdf
"August 3, 2026","August 9, 2026","Pork Picnic Shoulder (Kasim), Local",kg,327.25,Weekly-Average-Prices-August-3-9-2026.pdf
"August 3, 2026","August 9, 2026","Pork Picnic Shoulder (Kasim), Imported",kg,241.23,Weekly-Average-Prices-August-3-9-2026.pdf
"August 3, 2026","August 9, 2026","Whole Chicken, Local Fully Dressed",kg,200.86,Weekly-Average-Prices-August-3-9-2026.pdf
"August 3, 2026","August 9, 2026","Chicken Egg (White, Pewee) 41-45 grams/pc",pc,6.08,Weekly-Average-Prices-August-3-9-2026.pdf
"August 3, 2026","August 9, 2026","Chicken Egg (White, Extra Small) 46-50 grams/pc",pc,6.62,Weekly-Average-Prices-August-3-9-2026.pdf
"August 3, 2026","August 9, 2026","Chicken Egg (White, Small) 51-55 grams/pc",pc,7.2,Weekly-Average-Prices-August-3-9-2026.pdf
"August 3, 2026","August 9, 2026","Chicken Egg (White, Medium) 56-60 grams/pc",pc,7.95,Weekly-Average-Prices-August-3-9-2026.pdf
"August 3, 2026","August 9, 2026","Chicken Egg (White, Large) 61-65 grams/pc",pc,8.62,Weekly-Average-Prices-August-3-9-2026.pdf
"August 3, 2026","August 9, 2026","Chicken Egg (White, Extra Large) 66-70 grams/pc",pc,9.28,Weekly-Average-Prices-August-3-9-2026.pdf
"August 3, 2026","August 9, 2026","Chicken Egg (White, Jumbo) 71> grams/pc",pc,9.95,Weekly-Average-Prices-August-3-9-2026.pdf
"August 3, 2026","August 9, 2026","Chicken Egg (Brown, Medium) Medium",pc,10.48,Weekly-Average-Prices-August-3-9-2026.pdf
"August 3, 2026","August 9, 2026","Chicken Egg (Brown, Large) Large",pc,10.84,Weekly-Average-Prices-August-3-9-2026.pdf
"August 3, 2026","August 9, 2026","Chicken Egg (Brown, Extra Large) Extra Large",pc,10.83,Weekly-Average-Prices-August-3-9-2026.pdf
"August 3, 2026","August 9, 2026",Ampalaya 4-5 pcs/kg,kg,98.4,Weekly-Average-Prices-August-3-9-2026.pdf
"August 3, 2026","August 9, 2026","Chilli (Green), Local Haba/Panigang",kg,124.21,Weekly-Average-Prices-August-3-9-2026.pdf
"August 3, 2026","August 9, 2026",Eggplant 3-4 Small Bundles,kg,110.28,Weekly-Average-Prices-August-3-9-2026.pdf
"August 3, 2026","August 9, 2026",Native Pechay 3-4 Small Bundles,kg,101.91,Weekly-Average-Prices-August-3-9-2026.pdf
"August 3, 2026","August 9, 2026",Pole Sitao 3-4 Small Bundles,kg,114.66,Weekly-Average-Prices-August-3-9-2026.pdf
"August 3, 2026","August 9, 2026",Squash Suprema Variety,kg,64.92,Weekly-Average-Prices-August-3-9-2026.pdf
"August 3, 2026","August 9, 2026",Tomato 15-18 pcs/kg,kg,107.92,Weekly-Average-Prices-August-3-9-2026.pdf
"August 3, 2026","August 9, 2026","Bell Pepper (Green), Local Medium (151-250gm/pc)",kg,230.94,Weekly-Average-Prices-August-3-9-2026.pdf
"August 3, 2026","August 9, 2026","Bell Pepper (Red), Local Medium (151-250gm/pc)",kg,213.38,Weekly-Average-Prices-August-3-9-2026.pdf
"August 3, 2026","August 9, 2026","Broccoli, Local Medium (8-10 cm diameter/bunch hd)",kg,230.4,Weekly-Average-Prices-August-3-9-2026.pdf
"August 3, 2026","August 9, 2026","Cauliflower, Local Medium (8-10 cm diameter/bunch hd)",kg,203.55,Weekly-Average-Prices-August-3-9-2026.pdf
"August 3, 2026","August 9, 2026",Cabbage (Rare Ball) 510 gm - 1 kg/head,kg,74.43,Weekly-Average-Prices-August-3-9-2026.pdf
"August 3, 2026","August 9, 2026",Cabbage (Scorpio) 750 gm - 1 kg/head,kg,85.99,Weekly-Average-Prices-August-3-9-2026.pdf
"August 3, 2026","August 9, 2026",Cabbage (Wonder Ball) 510 gm - 1 kg/head,kg,69.72,Weekly-Average-Prices-August-3-9-2026.pdf
"August 3, 2026","August 9, 2026","Carrots, Local 8-10 pcs/kg",kg,104.87,Weekly-Average-Prices-August-3-9-2026.pdf
"August 3, 2026","August 9, 2026",Celery Medium (501-800 g),kg,149.27,Weekly-Average-Prices-August-3-9-2026.pdf
"August 3, 2026","August 9, 2026",Chayote Medium (301-400 g),kg,53.31,Weekly-Average-Prices-August-3-9-2026.pdf
"August 3, 2026","August 9, 2026","Habichuelas/Baguio Beans, Local",kg,124.94,Weekly-Average-Prices-August-3-9-2026.pdf
"August 3, 2026","August 9, 2026",Pechay Baguio,kg,79.32,Weekly-Average-Prices-August-3-9-2026.pdf
"August 3, 2026","August 9, 2026",Lettuce (Green Ice),kg,174.73,Weekly-Average-Prices-August-3-9-2026.pdf
"August 3, 2026","August 9, 2026",Lettuce (Iceberg) Medium (301-450 cm diameter/bunch hd),kg,185.03,Weekly-Average-Prices-August-3-9-2026.pdf
"August 3, 2026","August 9, 2026",Lettuce (Romaine),kg,186.87,Weekly-Average-Prices-August-3-9-2026.pdf
"August 3, 2026","August 9, 2026","White Potato, Local 10-12 pcs/kg",kg,125.25,Weekly-Average-Prices-August-3-9-2026.pdf
"August 3, 2026","August 9, 2026","Chilli (Red), Local Tingala",kg,161.65,Weekly-Average-Prices-August-3-9-2026.pdf
"August 3, 2026","August 9, 2026","Garlic, Native/Local",kg,355.61,Weekly-Average-Prices-August-3-9-2026.pdf
"August 3, 2026","August 9, 2026","Garlic, Imported",kg,148.15,Weekly-Average-Prices-August-3-9-2026.pdf
"August 3, 2026","August 9, 2026","Ginger, Local Fairly well-matured, Medium (150-300 gm)",kg,176.74,Weekly-Average-Prices-August-3-9-2026.pdf
"August 3, 2026","August 9, 2026","Red Onion, Local 13-15 pcs/kg",kg,106.99,Weekly-Average-Prices-August-3-9-2026.pdf
"August 3, 2026","August 9, 2026","Red Onion, Imported",kg,88.57,Weekly-Average-Prices-August-3-9-2026.pdf
"August 3, 2026","August 9, 2026","White Onion, Local",kg,104.37,Weekly-Average-Prices-August-3-9-2026.pdf
"August 3, 2026","August 9, 2026","White Onion, Imported",kg,129.5,Weekly-Average-Prices-August-3-9-2026.pdf
"August 3, 2026","August 9, 2026",Avocado,kg,178.95,Weekly-Average-Prices-August-3-9-2026.pdf
"August 3, 2026","August 9, 2026",Banana (Lakatan) 8-10 pcs/kg,kg,96.57,Weekly-Average-Prices-August-3-9-2026.pdf
"August 3, 2026","August 9, 2026",Banana (Latundan) 10-12 pcs/kg,kg,76.36,Weekly-Average-Prices-August-3-9-2026.pdf
"August 3, 2026","August 9, 2026",Banana (Saba),kg,62.54,Weekly-Average-Prices-August-3-9-2026.pdf
"August 3, 2026","August 9, 2026",Calamansi,kg,126.13,Weekly-Average-Prices-August-3-9-2026.pdf
"August 3, 2026","August 9, 2026","Mango (Carabao) Ripe, 3-4 pcs/kg",kg,167.75,Weekly-Average-Prices-August-3-9-2026.pdf
"August 3, 2026","August 9, 2026",Melon,kg,100.54,Weekly-Average-Prices-August-3-9-2026.pdf
"August 3, 2026","August 9, 2026","Papaya Solo, Ripe, 2-3 pcs/kg",kg,77.61,Weekly-Average-Prices-August-3-9-2026.pdf
"August 3, 2026","August 9, 2026",Pomelo,kg,174.69,Weekly-Average-Prices-August-3-9-2026.pdf
"August 3, 2026","August 9, 2026",Watermelon,kg,77.11,Weekly-Average-Prices-August-3-9-2026.pdf
"August 3, 2026","August 9, 2026",Salt (Rock),kg,21.91,Weekly-Average-Prices-August-3-9-2026.pdf
"August 3, 2026","August 9, 2026",Salt (Iodized),kg,42.83,Weekly-Average-Prices-August-3-9-2026.pdf
"August 3, 2026","August 9, 2026",Sugar (Refined),kg,81.57,Weekly-Average-Prices-August-3-9-2026.pdf
"August 3, 2026","August 9, 2026",Sugar (Washed),kg,74.43,Weekly-Average-Prices-August-3-9-2026.pdf
"August 3, 2026","August 9, 2026",Sugar (Brown),kg,72.22,Weekly-Average-Prices-August-3-9-2026.pdf
"August 3, 2026","August 9, 2026",Cooking Oil (Palm) 350 ml/bottle,ml,39.58,Weekly-Average-Prices-August-3-9-2026.pdf
"August 3, 2026","August 9, 2026",Cooking Oil (Palm) 1 Liter/bottle,L,100.11,Weekly-Average-Prices-August-3-9-2026.pdf
"August 3, 2026","August 9, 2026",Cooking Oil (Coconut) 350 ml/bottle,ml,60.91,Weekly-Average-Prices-August-3-9-2026.pdf
"August 3, 2026","August 9, 2026",Cooking Oil (Coconut) 1 Liter/bottle,L,156.28,Weekly-Average-Prices-August-3-9-2026.pdf
"January 12, 2026","January 17, 2026",P20 Benteng Bigas Meron Naᵃ,kg,20.0,Weekly-Average-Prices-January-12-17-2026.pdf
"January 12, 2026","January 17, 2026",Basmati,kg,211.0,Weekly-Average-Prices-January-12-17-2026.pdf
"January 12, 2026","January 17, 2026",Glutinous,kg,60.8,Weekly-Average-Prices-January-12-17-2026.pdf
"January 12, 2026","January 17, 2026",Japonica/Jasponica,kg,61.22,Weekly-Average-Prices-January-12-17-2026.pdf
"January 12, 2026","January 17, 2026",Other Special Rice White Rice,kg,59.72,Weekly-Average-Prices-January-12-17-2026.pdf
"January 12, 2026","January 17, 2026",Premium 5% broken,kg,50.84,Weekly-Average-Prices-January-12-17-2026.pdf
"January 12, 2026","January 17, 2026",Well Milled 1-19% bran streak,kg,46.17,Weekly-Average-Prices-January-12-17-2026.pdf
"January 12, 2026","January 17, 2026",Regular Milled 20-40% bran streak,kg,40.08,Weekly-Average-Prices-January-12-17-2026.pdf
"January 12, 2026","January 17, 2026",Basmati kg - Glutinous,kg,73.91,Weekly-Average-Prices-January-12-17-2026.pdf
"January 12, 2026","January 17, 2026",Japonica/Jasponica kg - Other Special Rice White Rice,kg,57.95,Weekly-Average-Prices-January-12-17-2026.pdf
"January 12, 2026","January 17, 2026",Premium 5% broken,kg,50.98,Weekly-Average-Prices-January-12-17-2026.pdf
"January 12, 2026","January 17, 2026",Well Milled 1-19% bran streak,kg,44.44,Weekly-Average-Prices-January-12-17-2026.pdf
"January 12, 2026","January 17, 2026",Regular Milled 20-40% bran streak,kg,39.7,Weekly-Average-Prices-January-12-17-2026.pdf
"January 12, 2026","January 17, 2026","Corn (White) Cob, Glutinous",kg,83.56,Weekly-Average-Prices-January-12-17-2026.pdf
"January 12, 2026","January 17, 2026","Corn (Yellow) Cob, Sweet Corn",kg,84.99,Weekly-Average-Prices-January-12-17-2026.pdf
"January 12, 2026","January 17, 2026","Corn Grits (White, Food Grade)",kg,120.0,Weekly-Average-Prices-January-12-17-2026.pdf
"January 12, 2026","January 17, 2026","Corn Grits (Yellow, Food Grade)",kg,120.0,Weekly-Average-Prices-January-12-17-2026.pdf
"January 12, 2026","January 17, 2026","Corn Cracked (Yellow, Feed Grade)",kg,50.0,Weekly-Average-Prices-January-12-17-2026.pdf
"January 12, 2026","January 17, 2026",Corn Grits (Feed Grade),kg,46.67,Weekly-Average-Prices-January-12-17-2026.pdf
"January 12, 2026","January 17, 2026",Mungbean,kg,129.75,Weekly-Average-Prices-January-12-17-2026.pdf
"January 12, 2026","January 17, 2026",Alumahan (Indian Mackerel) Medium (4-6 pcs/kg),kg,384.62,Weekly-Average-Prices-January-12-17-2026.pdf
"January 12, 2026","January 17, 2026","Bangus, Large Large (1-2 pcs)",kg,267.47,Weekly-Average-Prices-January-12-17-2026.pdf
"January 12, 2026","January 17, 2026","Bangus, Medium Medium (3-4 pcs/kg)",kg,238.26,Weekly-Average-Prices-January-12-17-2026.pdf
"January 12, 2026","January 17, 2026","Bonito (Frigate Tuna) kg - Galunggong, Local Male, Medium (12-14 pcs/kg)",kg,358.24,Weekly-Average-Prices-January-12-17-2026.pdf
"January 12, 2026","January 17, 2026","Galunggong, Imported Male, Medium (12-14 pcs/kg)",kg,309.04,Weekly-Average-Prices-January-12-17-2026.pdf
"January 12, 2026","January 17, 2026","Salmon Belly, Local kg - Sardines (Tamban)",kg,167.01,Weekly-Average-Prices-January-12-17-2026.pdf
"January 12, 2026","January 17, 2026","Squid (Pusit Bisaya), Local Medium",kg,492.35,Weekly-Average-Prices-January-12-17-2026.pdf
"January 12, 2026","January 17, 2026","Tambakol (Yellow-Fin Tuna), Local Medium, Fresh or Chilled",kg,322.32,Weekly-Average-Prices-January-12-17-2026.pdf
"January 12, 2026","January 17, 2026",Tilapia Medium (5-6 pcs/kg),kg,155.75,Weekly-Average-Prices-January-12-17-2026.pdf
"January 12, 2026","January 17, 2026","BEEF PRODUCTS Beef Brisket, Local Meat with Bones",kg,426.27,Weekly-Average-Prices-January-12-17-2026.pdf
"January 12, 2026","January 17, 2026","Beef Rump, Local Lean Meat/ Tapadera",kg,483.89,Weekly-Average-Prices-January-12-17-2026.pdf
"January 12, 2026","January 17, 2026","Pork Belly (Liempo), Local",kg,392.97,Weekly-Average-Prices-January-12-17-2026.pdf
"January 12, 2026","January 17, 2026","Pork Belly (Liempo), Imported",kg,312.87,Weekly-Average-Prices-January-12-17-2026.pdf
"January 12, 2026","January 17, 2026","Pork Picnic Shoulder (Kasim), Local",kg,338.47,Weekly-Average-Prices-January-12-17-2026.pdf
"January 12, 2026","January 17, 2026","Pork Picnic Shoulder (Kasim), Imported",kg,253.58,Weekly-Average-Prices-January-12-17-2026.pdf
"January 12, 2026","January 17, 2026","Whole Chicken, Local Fully Dressed",kg,196.63,Weekly-Average-Prices-January-12-17-2026.pdf
"January 12, 2026","January 17, 2026","Chicken Egg (White, Pewee) 41-45 grams/pc",pc,6.74,Weekly-Average-Prices-January-12-17-2026.pdf
"January 12, 2026","January 17, 2026","Chicken Egg (White, Extra Small) 46-50 grams/pc",pc,7.28,Weekly-Average-Prices-January-12-17-2026.pdf
"January 12, 2026","January 17, 2026","Chicken Egg (White, Small) 51-55 grams/pc",pc,7.72,Weekly-Average-Prices-January-12-17-2026.pdf
"January 12, 2026","January 17, 2026","Chicken Egg (White, Medium) 56-60 grams/pc",pc,8.25,Weekly-Average-Prices-January-12-17-2026.pdf
"January 12, 2026","January 17, 2026","Chicken Egg (White, Large) 61-65 grams/pc",pc,8.77,Weekly-Average-Prices-January-12-17-2026.pdf
"January 12, 2026","January 17, 2026","Chicken Egg (White, Extra Large) 66-70 grams/pc",pc,9.31,Weekly-Average-Prices-January-12-17-2026.pdf
"January 12, 2026","January 17, 2026","Chicken Egg (White, Jumbo) 71> grams/pc",pc,9.92,Weekly-Average-Prices-January-12-17-2026.pdf
"January 12, 2026","January 17, 2026","Chicken Egg (Brown, Medium) Medium",pc,11.29,Weekly-Average-Prices-January-12-17-2026.pdf
"January 12, 2026","January 17, 2026","Chicken Egg (Brown, Large) Large",pc,12.31,Weekly-Average-Prices-January-12-17-2026.pdf
"January 12, 2026","January 17, 2026","Chicken Egg (Brown, Extra Large) Extra Large",pc,10.0,Weekly-Average-Prices-January-12-17-2026.pdf
"January 12, 2026","January 17, 2026",Ampalaya 4-5 pcs/kg,kg,157.08,Weekly-Average-Prices-January-12-17-2026.pdf
"January 12, 2026","January 17, 2026","Chilli (Green), Local Haba/Panigang",kg,120.23,Weekly-Average-Prices-January-12-17-2026.pdf
"January 12, 2026","January 17, 2026",Eggplant 3-4 Small Bundles,kg,131.64,Weekly-Average-Prices-January-12-17-2026.pdf
"January 12, 2026","January 17, 2026",Native Pechay 3-4 Small Bundles,kg,81.62,Weekly-Average-Prices-January-12-17-2026.pdf
"January 12, 2026","January 17, 2026",Pole Sitao 3-4 Small Bundles,kg,145.61,Weekly-Average-Prices-January-12-17-2026.pdf
"January 12, 2026","January 17, 2026",Squash Suprema Variety,kg,60.36,Weekly-Average-Prices-January-12-17-2026.pdf
"January 12, 2026","January 17, 2026",Tomato 15-18 pcs/kg,kg,161.5,Weekly-Average-Prices-January-12-17-2026.pdf
"January 12, 2026","January 17, 2026","Bell Pepper (Green), Local Medium (151-250gm/pc)",kg,285.47,Weekly-Average-Prices-January-12-17-2026.pdf
"January 12, 2026","January 17, 2026","Bell Pepper (Red), Local Medium (151-250gm/pc)",kg,300.01,Weekly-Average-Prices-January-12-17-2026.pdf
"January 12, 2026","January 17, 2026","Broccoli, Local Medium (8-10 cm diameter/bunch hd)",kg,196.0,Weekly-Average-Prices-January-12-17-2026.pdf
"January 12, 2026","January 17, 2026","Cauliflower, Local Medium (8-10 cm diameter/bunch hd)",kg,134.65,Weekly-Average-Prices-January-12-17-2026.pdf
"January 12, 2026","January 17, 2026",Cabbage (Rare Ball) 510 gm - 1 kg/head,kg,93.56,Weekly-Average-Prices-January-12-17-2026.pdf
"January 12, 2026","January 17, 2026",Cabbage (Scorpio) 750 gm - 1 kg/head,kg,90.4,Weekly-Average-Prices-January-12-17-2026.pdf
"January 12, 2026","January 17, 2026",Cabbage (Wonder Ball) 510 gm - 1 kg/head,kg,91.13,Weekly-Average-Prices-January-12-17-2026.pdf
"January 12, 2026","January 17, 2026","Carrots, Local 8-10 pcs/kg",kg,102.62,Weekly-Average-Prices-January-12-17-2026.pdf
"January 12, 2026","January 17, 2026",Celery Medium (501-800 g),kg,177.21,Weekly-Average-Prices-January-12-17-2026.pdf
"January 12, 2026","January 17, 2026",Chayote Medium (301-400 g),kg,62.03,Weekly-Average-Prices-January-12-17-2026.pdf
"January 12, 2026","January 17, 2026","Habichuelas/Baguio Beans, Local",kg,100.28,Weekly-Average-Prices-January-12-17-2026.pdf
"January 12, 2026","January 17, 2026",Pechay Baguio,kg,94.61,Weekly-Average-Prices-January-12-17-2026.pdf
"January 12, 2026","January 17, 2026",Lettuce (Green Ice),kg,211.9,Weekly-Average-Prices-January-12-17-2026.pdf
"January 12, 2026","January 17, 2026",Lettuce (Iceberg) Medium (301-450 cm diameter/bunch hd),kg,270.89,Weekly-Average-Prices-January-12-17-2026.pdf
"January 12, 2026","January 17, 2026",Lettuce (Romaine),kg,261.64,Weekly-Average-Prices-January-12-17-2026.pdf
"January 12, 2026","January 17, 2026","White Potato, Local 10-12 pcs/kg",kg,154.99,Weekly-Average-Prices-January-12-17-2026.pdf
"January 12, 2026","January 17, 2026","Chilli (Red), Local Tingala",kg,604.37,Weekly-Average-Prices-January-12-17-2026.pdf
"January 12, 2026","January 17, 2026","Garlic, Native/Local",kg,383.33,Weekly-Average-Prices-January-12-17-2026.pdf
"January 12, 2026","January 17, 2026","Garlic, Imported",kg,154.96,Weekly-Average-Prices-January-12-17-2026.pdf
"January 12, 2026","January 17, 2026","Ginger, Local Fairly well-matured, Medium (150-300 gm)",kg,161.85,Weekly-Average-Prices-January-12-17-2026.pdf
"January 12, 2026","January 17, 2026","Red Onion, Local 13-15 pcs/kg",kg,181.57,Weekly-Average-Prices-January-12-17-2026.pdf
"January 12, 2026","January 17, 2026","Red Onion, Imported",kg,156.08,Weekly-Average-Prices-January-12-17-2026.pdf
"January 12, 2026","January 17, 2026","White Onion, Local kg - White Onion, Imported",kg,132.31,Weekly-Average-Prices-January-12-17-2026.pdf
"January 12, 2026","January 17, 2026",Avocado,kg,350.35,Weekly-Average-Prices-January-12-17-2026.pdf
"January 12, 2026","January 17, 2026",Banana (Lakatan) 8-10 pcs/kg,kg,98.43,Weekly-Average-Prices-January-12-17-2026.pdf
"January 12, 2026","January 17, 2026",Banana (Latundan) 10-12 pcs/kg,kg,76.11,Weekly-Average-Prices-January-12-17-2026.pdf
"January 12, 2026","January 17, 2026",Banana (Saba),kg,54.45,Weekly-Average-Prices-January-12-17-2026.pdf
"January 12, 2026","January 17, 2026",Calamansi,kg,168.35,Weekly-Average-Prices-January-12-17-2026.pdf
"January 12, 2026","January 17, 2026","Mango (Carabao) Ripe, 3-4 pcs/kg",kg,211.11,Weekly-Average-Prices-January-12-17-2026.pdf
"January 12, 2026","January 17, 2026",Melon,kg,106.75,Weekly-Average-Prices-January-12-17-2026.pdf
"January 12, 2026","January 17, 2026","Papaya Solo, Ripe, 2-3 pcs/kg",kg,72.85,Weekly-Average-Prices-January-12-17-2026.pdf
"January 12, 2026","January 17, 2026",Pomelo,kg,180.56,Weekly-Average-Prices-January-12-17-2026.pdf
"January 12, 2026","January 17, 2026",Watermelon,kg,78.2,Weekly-Average-Prices-January-12-17-2026.pdf
"January 12, 2026","January 17, 2026",Salt (Rock),kg,21.38,Weekly-Average-Prices-January-12-17-2026.pdf
"January 12, 2026","January 17, 2026",Salt (Iodized),kg,40.02,Weekly-Average-Prices-January-12-17-2026.pdf
"January 12, 2026","January 17, 2026",Sugar (Refined),kg,82.04,Weekly-Average-Prices-January-12-17-2026.pdf
"January 12, 2026","January 17, 2026",Sugar (Washed),kg,75.33,Weekly-Average-Prices-January-12-17-2026.pdf
"January 12, 2026","January 17, 2026",Sugar (Brown),kg,73.81,Weekly-Average-Prices-January-12-17-2026.pdf
"January 12, 2026","January 17, 2026",Cooking Oil (Palm) 350 ml/bottle,kg,36.19,Weekly-Average-Prices-January-12-17-2026.pdf
"January 12, 2026","January 17, 2026",Cooking Oil (Palm) 1 Liter/bottle,kg,90.44,Weekly-Average-Prices-January-12-17-2026.pdf
"January 12, 2026","January 17, 2026",Cooking Oil (Coconut) 350 ml/bottle,kg,59.11,Weekly-Average-Prices-January-12-17-2026.pdf
"January 12, 2026","January 17, 2026",Cooking Oil (Coconut) 1 Liter/bottle,kg,161.23,Weekly-Average-Prices-January-12-17-2026.pdf
"January 19, 2026","January 24, 2026",P20 Benteng Bigas Meron Naᵃ,kg,20.0,Weekly-Average-Prices-January-19-24-2026.pdf
"January 19, 2026","January 24, 2026",Basmati,kg,211.0,Weekly-Average-Prices-January-19-24-2026.pdf
"January 19, 2026","January 24, 2026",Glutinous,kg,60.76,Weekly-Average-Prices-January-19-24-2026.pdf
"January 19, 2026","January 24, 2026",Japonica/Jasponica,kg,61.35,Weekly-Average-Prices-January-19-24-2026.pdf
"January 19, 2026","January 24, 2026",Other Special Rice White Rice,kg,59.93,Weekly-Average-Prices-January-19-24-2026.pdf
"January 19, 2026","January 24, 2026",Premium 5% broken,kg,51.87,Weekly-Average-Prices-January-19-24-2026.pdf
"January 19, 2026","January 24, 2026",Well Milled 1-19% bran streak,kg,46.37,Weekly-Average-Prices-January-19-24-2026.pdf
"January 19, 2026","January 24, 2026",Regular Milled 20-40% bran streak,kg,39.73,Weekly-Average-Prices-January-19-24-2026.pdf
"January 19, 2026","January 24, 2026",Basmati kg - Glutinous,kg,73.27,Weekly-Average-Prices-January-19-24-2026.pdf
"January 19, 2026","January 24, 2026",Japonica/Jasponica kg - Other Special Rice White Rice,kg,57.99,Weekly-Average-Prices-January-19-24-2026.pdf
"January 19, 2026","January 24, 2026",Premium 5% broken,kg,51.12,Weekly-Average-Prices-January-19-24-2026.pdf
"January 19, 2026","January 24, 2026",Well Milled 1-19% bran streak,kg,44.52,Weekly-Average-Prices-January-19-24-2026.pdf
"January 19, 2026","January 24, 2026",Regular Milled 20-40% bran streak,kg,39.83,Weekly-Average-Prices-January-19-24-2026.pdf
"January 19, 2026","January 24, 2026","Corn (White) Cob, Glutinous",kg,92.75,Weekly-Average-Prices-January-19-24-2026.pdf
"January 19, 2026","January 24, 2026","Corn (Yellow) Cob, Sweet Corn",kg,88.0,Weekly-Average-Prices-January-19-24-2026.pdf
"January 19, 2026","January 24, 2026","Corn Grits (White, Food Grade)",kg,120.0,Weekly-Average-Prices-January-19-24-2026.pdf
"January 19, 2026","January 24, 2026","Corn Grits (Yellow, Food Grade)",kg,120.0,Weekly-Average-Prices-January-19-24-2026.pdf
"January 19, 2026","January 24, 2026","Corn Cracked (Yellow, Feed Grade)",kg,50.0,Weekly-Average-Prices-January-19-24-2026.pdf
"January 19, 2026","January 24, 2026",Corn Grits (Feed Grade),kg,46.47,Weekly-Average-Prices-January-19-24-2026.pdf
"January 19, 2026","January 24, 2026",Mungbean,kg,129.15,Weekly-Average-Prices-January-19-24-2026.pdf
"January 19, 2026","January 24, 2026",Alumahan (Indian Mackerel) Medium (4-6 pcs/kg),kg,379.14,Weekly-Average-Prices-January-19-24-2026.pdf
"January 19, 2026","January 24, 2026","Bangus, Large Large (1-2 pcs)",kg,265.82,Weekly-Average-Prices-January-19-24-2026.pdf
"January 19, 2026","January 24, 2026","Bangus, Medium Medium (3-4 pcs/kg)",kg,237.64,Weekly-Average-Prices-January-19-24-2026.pdf
"January 19, 2026","January 24, 2026","Bonito (Frigate Tuna) kg - Galunggong, Local Male, Medium (12-14 pcs/kg)",kg,354.48,Weekly-Average-Prices-January-19-24-2026.pdf
"January 19, 2026","January 24, 2026","Galunggong, Imported Male, Medium (12-14 pcs/kg)",kg,311.09,Weekly-Average-Prices-January-19-24-2026.pdf
"January 19, 2026","January 24, 2026","Salmon Belly, Local kg - Sardines (Tamban)",kg,169.85,Weekly-Average-Prices-January-19-24-2026.pdf
"January 19, 2026","January 24, 2026","Squid (Pusit Bisaya), Local Medium",kg,477.94,Weekly-Average-Prices-January-19-24-2026.pdf
"January 19, 2026","January 24, 2026","Tambakol (Yellow-Fin Tuna), Local Medium, Fresh or Chilled",kg,322.33,Weekly-Average-Prices-January-19-24-2026.pdf
"January 19, 2026","January 24, 2026",Tilapia Medium (5-6 pcs/kg),kg,155.45,Weekly-Average-Prices-January-19-24-2026.pdf
"January 19, 2026","January 24, 2026","BEEF PRODUCTS Beef Brisket, Local Meat with Bones",kg,427.65,Weekly-Average-Prices-January-19-24-2026.pdf
"January 19, 2026","January 24, 2026","Beef Rump, Local Lean Meat/ Tapadera",kg,484.49,Weekly-Average-Prices-January-19-24-2026.pdf
"January 19, 2026","January 24, 2026","Pork Belly (Liempo), Local",kg,391.2,Weekly-Average-Prices-January-19-24-2026.pdf
"January 19, 2026","January 24, 2026","Pork Belly (Liempo), Imported",kg,314.3,Weekly-Average-Prices-January-19-24-2026.pdf
"January 19, 2026","January 24, 2026","Pork Picnic Shoulder (Kasim), Local",kg,337.81,Weekly-Average-Prices-January-19-24-2026.pdf
"January 19, 2026","January 24, 2026","Pork Picnic Shoulder (Kasim), Imported",kg,253.93,Weekly-Average-Prices-January-19-24-2026.pdf
"January 19, 2026","January 24, 2026","Whole Chicken, Local Fully Dressed",kg,203.32,Weekly-Average-Prices-January-19-24-2026.pdf
"January 19, 2026","January 24, 2026","Chicken Egg (White, Pewee) 41-45 grams/pc",pc,6.77,Weekly-Average-Prices-January-19-24-2026.pdf
"January 19, 2026","January 24, 2026","Chicken Egg (White, Extra Small) 46-50 grams/pc",pc,7.31,Weekly-Average-Prices-January-19-24-2026.pdf
"January 19, 2026","January 24, 2026","Chicken Egg (White, Small) 51-55 grams/pc",pc,7.73,Weekly-Average-Prices-January-19-24-2026.pdf
"January 19, 2026","January 24, 2026","Chicken Egg (White, Medium) 56-60 grams/pc",pc,8.26,Weekly-Average-Prices-January-19-24-2026.pdf
"January 19, 2026","January 24, 2026","Chicken Egg (White, Large) 61-65 grams/pc",pc,8.77,Weekly-Average-Prices-January-19-24-2026.pdf
"January 19, 2026","January 24, 2026","Chicken Egg (White, Extra Large) 66-70 grams/pc",pc,9.29,Weekly-Average-Prices-January-19-24-2026.pdf
"January 19, 2026","January 24, 2026","Chicken Egg (White, Jumbo) 71> grams/pc",pc,9.94,Weekly-Average-Prices-January-19-24-2026.pdf
"January 19, 2026","January 24, 2026","Chicken Egg (Brown, Medium) Medium",pc,11.22,Weekly-Average-Prices-January-19-24-2026.pdf
"January 19, 2026","January 24, 2026","Chicken Egg (Brown, Large) Large",pc,11.68,Weekly-Average-Prices-January-19-24-2026.pdf
"January 19, 2026","January 24, 2026","Chicken Egg (Brown, Extra Large) Extra Large",pc,9.68,Weekly-Average-Prices-January-19-24-2026.pdf
"January 19, 2026","January 24, 2026",Ampalaya 4-5 pcs/kg,kg,153.34,Weekly-Average-Prices-January-19-24-2026.pdf
"January 19, 2026","January 24, 2026","Chilli (Green), Local Haba/Panigang",kg,108.47,Weekly-Average-Prices-January-19-24-2026.pdf
"January 19, 2026","January 24, 2026",Eggplant 3-4 Small Bundles,kg,122.0,Weekly-Average-Prices-January-19-24-2026.pdf
"January 19, 2026","January 24, 2026",Native Pechay 3-4 Small Bundles,kg,76.78,Weekly-Average-Prices-January-19-24-2026.pdf
"January 19, 2026","January 24, 2026",Pole Sitao 3-4 Small Bundles,kg,144.34,Weekly-Average-Prices-January-19-24-2026.pdf
"January 19, 2026","January 24, 2026",Squash Suprema Variety,kg,60.58,Weekly-Average-Prices-January-19-24-2026.pdf
"January 19, 2026","January 24, 2026",Tomato 15-18 pcs/kg,kg,126.63,Weekly-Average-Prices-January-19-24-2026.pdf
"January 19, 2026","January 24, 2026","Bell Pepper (Green), Local Medium (151-250gm/pc)",kg,254.03,Weekly-Average-Prices-January-19-24-2026.pdf
"January 19, 2026","January 24, 2026","Bell Pepper (Red), Local Medium (151-250gm/pc)",kg,263.85,Weekly-Average-Prices-January-19-24-2026.pdf
"January 19, 2026","January 24, 2026","Broccoli, Local Medium (8-10 cm diameter/bunch hd)",kg,177.8,Weekly-Average-Prices-January-19-24-2026.pdf
"January 19, 2026","January 24, 2026","Cauliflower, Local Medium (8-10 cm diameter/bunch hd)",kg,127.96,Weekly-Average-Prices-January-19-24-2026.pdf
"January 19, 2026","January 24, 2026",Cabbage (Rare Ball) 510 gm - 1 kg/head,kg,88.58,Weekly-Average-Prices-January-19-24-2026.pdf
"January 19, 2026","January 24, 2026",Cabbage (Scorpio) 750 gm - 1 kg/head,kg,87.35,Weekly-Average-Prices-January-19-24-2026.pdf
"January 19, 2026","January 24, 2026",Cabbage (Wonder Ball) 510 gm - 1 kg/head,kg,89.58,Weekly-Average-Prices-January-19-24-2026.pdf
"January 19, 2026","January 24, 2026","Carrots, Local 8-10 pcs/kg",kg,98.35,Weekly-Average-Prices-January-19-24-2026.pdf
"January 19, 2026","January 24, 2026",Celery Medium (501-800 g),kg,166.86,Weekly-Average-Prices-January-19-24-2026.pdf
"January 19, 2026","January 24, 2026",Chayote Medium (301-400 g),kg,60.31,Weekly-Average-Prices-January-19-24-2026.pdf
"January 19, 2026","January 24, 2026","Habichuelas/Baguio Beans, Local",kg,94.87,Weekly-Average-Prices-January-19-24-2026.pdf
"January 19, 2026","January 24, 2026",Pechay Baguio,kg,90.65,Weekly-Average-Prices-January-19-24-2026.pdf
"January 19, 2026","January 24, 2026",Lettuce (Green Ice),kg,196.96,Weekly-Average-Prices-January-19-24-2026.pdf
"January 19, 2026","January 24, 2026",Lettuce (Iceberg) Medium (301-450 cm diameter/bunch hd),kg,266.05,Weekly-Average-Prices-January-19-24-2026.pdf
"January 19, 2026","January 24, 2026",Lettuce (Romaine),kg,286.36,Weekly-Average-Prices-January-19-24-2026.pdf
"January 19, 2026","January 24, 2026","White Potato, Local 10-12 pcs/kg",kg,148.82,Weekly-Average-Prices-January-19-24-2026.pdf
"January 19, 2026","January 24, 2026","Chilli (Red), Local Tingala",kg,403.13,Weekly-Average-Prices-January-19-24-2026.pdf
"January 19, 2026","January 24, 2026","Garlic, Native/Local",kg,392.31,Weekly-Average-Prices-January-19-24-2026.pdf
"January 19, 2026","January 24, 2026","Garlic, Imported",kg,153.85,Weekly-Average-Prices-January-19-24-2026.pdf
"January 19, 2026","January 24, 2026","Ginger, Local Fairly well-matured, Medium (150-300 gm)",kg,160.22,Weekly-Average-Prices-January-19-24-2026.pdf
"January 19, 2026","January 24, 2026","Red Onion, Local 13-15 pcs/kg",kg,170.77,Weekly-Average-Prices-January-19-24-2026.pdf
"January 19, 2026","January 24, 2026","Red Onion, Imported",kg,150.18,Weekly-Average-Prices-January-19-24-2026.pdf
"January 19, 2026","January 24, 2026","White Onion, Local kg - White Onion, Imported",kg,131.05,Weekly-Average-Prices-January-19-24-2026.pdf
"January 19, 2026","January 24, 2026",Avocado,kg,343.69,Weekly-Average-Prices-January-19-24-2026.pdf
"January 19, 2026","January 24, 2026",Banana (Lakatan) 8-10 pcs/kg,kg,98.6,Weekly-Average-Prices-January-19-24-2026.pdf
"January 19, 2026","January 24, 2026",Banana (Latundan) 10-12 pcs/kg,kg,76.31,Weekly-Average-Prices-January-19-24-2026.pdf
"January 19, 2026","January 24, 2026",Banana (Saba),kg,54.88,Weekly-Average-Prices-January-19-24-2026.pdf
"January 19, 2026","January 24, 2026",Calamansi,kg,157.62,Weekly-Average-Prices-January-19-24-2026.pdf
"January 19, 2026","January 24, 2026","Mango (Carabao) Ripe, 3-4 pcs/kg",kg,209.24,Weekly-Average-Prices-January-19-24-2026.pdf
"January 19, 2026","January 24, 2026",Melon,kg,106.73,Weekly-Average-Prices-January-19-24-2026.pdf
"January 19, 2026","January 24, 2026","Papaya Solo, Ripe, 2-3 pcs/kg",kg,72.0,Weekly-Average-Prices-January-19-24-2026.pdf
"January 19, 2026","January 24, 2026",Pomelo,kg,181.34,Weekly-Average-Prices-January-19-24-2026.pdf
"January 19, 2026","January 24, 2026",Watermelon,kg,77.78,Weekly-Average-Prices-January-19-24-2026.pdf
"January 19, 2026","January 24, 2026",Salt (Rock),kg,21.59,Weekly-Average-Prices-January-19-24-2026.pdf
"January 19, 2026","January 24, 2026",Salt (Iodized),kg,38.69,Weekly-Average-Prices-January-19-24-2026.pdf
"January 19, 2026","January 24, 2026",Sugar (Refined),kg,81.95,Weekly-Average-Prices-January-19-24-2026.pdf
"January 19, 2026","January 24, 2026",Sugar (Washed),kg,75.14,Weekly-Average-Prices-January-19-24-2026.pdf
"January 19, 2026","January 24, 2026",Sugar (Brown),kg,73.63,Weekly-Average-Prices-January-19-24-2026.pdf
"January 19, 2026","January 24, 2026",Cooking Oil (Palm) 350 ml/bottle,kg,35.84,Weekly-Average-Prices-January-19-24-2026.pdf
"January 19, 2026","January 24, 2026",Cooking Oil (Palm) 1 Liter/bottle,kg,90.43,Weekly-Average-Prices-January-19-24-2026.pdf
"January 19, 2026","January 24, 2026",Cooking Oil (Coconut) 350 ml/bottle,kg,58.73,Weekly-Average-Prices-January-19-24-2026.pdf
"January 19, 2026","January 24, 2026",Cooking Oil (Coconut) 1 Liter/bottle,kg,161.15,Weekly-Average-Prices-January-19-24-2026.pdf
"July 13, 2026","July 19, 2026",P20 Benteng Bigas Meron Naᵃ,kg,20.0,Weekly-Average-Prices-July-13-19-2026.pdf
"July 13, 2026","July 19, 2026",Basmati,kg,190.77,Weekly-Average-Prices-July-13-19-2026.pdf
"July 13, 2026","July 19, 2026",Glutinous,kg,61.0,Weekly-Average-Prices-July-13-19-2026.pdf
"July 13, 2026","July 19, 2026",Japonica/Jasponica,kg,60.9,Weekly-Average-Prices-July-13-19-2026.pdf
"July 13, 2026","July 19, 2026",Other Special Rice White Rice,kg,59.3,Weekly-Average-Prices-July-13-19-2026.pdf
"July 13, 2026","July 19, 2026",Premium 5% broken,kg,51.27,Weekly-Average-Prices-July-13-19-2026.pdf
"July 13, 2026","July 19, 2026",Well Milled 1-19% bran streak,kg,47.94,Weekly-Average-Prices-July-13-19-2026.pdf
"July 13, 2026","July 19, 2026",Basmati kg - Glutinous,kg,77.12,Weekly-Average-Prices-July-13-19-2026.pdf
"July 13, 2026","July 19, 2026",Japonica/Jasponica kg - Other Special Rice White Rice,kg,59.78,Weekly-Average-Prices-July-13-19-2026.pdf
"July 13, 2026","July 19, 2026",Premium 5% broken,kg,53.95,Weekly-Average-Prices-July-13-19-2026.pdf
"July 13, 2026","July 19, 2026",Well Milled 1-19% bran streak,kg,48.79,Weekly-Average-Prices-July-13-19-2026.pdf
"July 13, 2026","July 19, 2026",Regular Milled 20-40% bran streak,kg,44.55,Weekly-Average-Prices-July-13-19-2026.pdf
"July 13, 2026","July 19, 2026","Corn (White) Cob, Glutinous",kg,95.32,Weekly-Average-Prices-July-13-19-2026.pdf
"July 13, 2026","July 19, 2026","Corn (Yellow) Cob, Sweet Corn",kg,85.84,Weekly-Average-Prices-July-13-19-2026.pdf
"July 13, 2026","July 19, 2026","Corn Grits (White, Food Grade)",kg,73.95,Weekly-Average-Prices-July-13-19-2026.pdf
"July 13, 2026","July 19, 2026","Corn Grits (Yellow, Food Grade)",kg,79.17,Weekly-Average-Prices-July-13-19-2026.pdf
"July 13, 2026","July 19, 2026","Corn Cracked (Yellow, Feed Grade)",kg,45.41,Weekly-Average-Prices-July-13-19-2026.pdf
"July 13, 2026","July 19, 2026",Corn Grits (Feed Grade),kg,45.41,Weekly-Average-Prices-July-13-19-2026.pdf
"July 13, 2026","July 19, 2026",Mungbean,kg,145.67,Weekly-Average-Prices-July-13-19-2026.pdf
"July 13, 2026","July 19, 2026",Alumahan (Indian Mackerel) Medium (4-6 pcs/kg),kg,340.0,Weekly-Average-Prices-July-13-19-2026.pdf
"July 13, 2026","July 19, 2026","Bangus, Large Large (1-2 pcs)",kg,260.17,Weekly-Average-Prices-July-13-19-2026.pdf
"July 13, 2026","July 19, 2026","Bangus, Medium Medium (3-4 pcs/kg)",kg,233.25,Weekly-Average-Prices-July-13-19-2026.pdf
"July 13, 2026","July 19, 2026","Bonito (Frigate Tuna) kg - Galunggong, Local Male, Medium (12-14 pcs/kg)",kg,280.04,Weekly-Average-Prices-July-13-19-2026.pdf
"July 13, 2026","July 19, 2026","Galunggong, Imported Male, Medium (12-14 pcs/kg)",kg,224.8,Weekly-Average-Prices-July-13-19-2026.pdf
"July 13, 2026","July 19, 2026","Salmon Belly, Local kg - Sardines (Tamban)",kg,138.84,Weekly-Average-Prices-July-13-19-2026.pdf
"July 13, 2026","July 19, 2026","Squid (Pusit Bisaya), Local Medium",kg,453.91,Weekly-Average-Prices-July-13-19-2026.pdf
"July 13, 2026","July 19, 2026","Tambakol (Yellow-Fin Tuna), Local Medium, Fresh or Chilled",kg,302.15,Weekly-Average-Prices-July-13-19-2026.pdf
"July 13, 2026","July 19, 2026",Tilapia Medium (5-6 pcs/kg),kg,152.87,Weekly-Average-Prices-July-13-19-2026.pdf
"July 13, 2026","July 19, 2026","BEEF PRODUCTS Beef Brisket, Local Meat with Bones",kg,440.92,Weekly-Average-Prices-July-13-19-2026.pdf
"July 13, 2026","July 19, 2026","Beef Rump, Local Lean Meat/ Tapadera",kg,494.32,Weekly-Average-Prices-July-13-19-2026.pdf
"July 13, 2026","July 19, 2026","Pork Belly (Liempo), Local",kg,380.68,Weekly-Average-Prices-July-13-19-2026.pdf
"July 13, 2026","July 19, 2026","Pork Belly (Liempo), Imported",kg,305.82,Weekly-Average-Prices-July-13-19-2026.pdf
"July 13, 2026","July 19, 2026","Pork Picnic Shoulder (Kasim), Local",kg,327.76,Weekly-Average-Prices-July-13-19-2026.pdf
"July 13, 2026","July 19, 2026","Pork Picnic Shoulder (Kasim), Imported",kg,242.08,Weekly-Average-Prices-July-13-19-2026.pdf
"July 13, 2026","July 19, 2026","Whole Chicken, Local Fully Dressed",kg,208.12,Weekly-Average-Prices-July-13-19-2026.pdf
"July 13, 2026","July 19, 2026","Chicken Egg (White, Pewee) 41-45 grams/pc",pc,5.94,Weekly-Average-Prices-July-13-19-2026.pdf
"July 13, 2026","July 19, 2026","Chicken Egg (White, Extra Small) 46-50 grams/pc",pc,6.44,Weekly-Average-Prices-July-13-19-2026.pdf
"July 13, 2026","July 19, 2026","Chicken Egg (White, Small) 51-55 grams/pc",pc,7.09,Weekly-Average-Prices-July-13-19-2026.pdf
"July 13, 2026","July 19, 2026","Chicken Egg (White, Medium) 56-60 grams/pc",pc,7.89,Weekly-Average-Prices-July-13-19-2026.pdf
"July 13, 2026","July 19, 2026","Chicken Egg (White, Large) 61-65 grams/pc",pc,8.58,Weekly-Average-Prices-July-13-19-2026.pdf
"July 13, 2026","July 19, 2026","Chicken Egg (White, Extra Large) 66-70 grams/pc",pc,9.26,Weekly-Average-Prices-July-13-19-2026.pdf
"July 13, 2026","July 19, 2026","Chicken Egg (White, Jumbo) 71> grams/pc",pc,9.93,Weekly-Average-Prices-July-13-19-2026.pdf
"July 13, 2026","July 19, 2026","Chicken Egg (Brown, Medium) Medium",pc,10.65,Weekly-Average-Prices-July-13-19-2026.pdf
"July 13, 2026","July 19, 2026","Chicken Egg (Brown, Large) Large",pc,10.97,Weekly-Average-Prices-July-13-19-2026.pdf
"July 13, 2026","July 19, 2026","Chicken Egg (Brown, Extra Large) Extra Large",pc,10.87,Weekly-Average-Prices-July-13-19-2026.pdf
"July 13, 2026","July 19, 2026",Ampalaya 4-5 pcs/kg,kg,109.01,Weekly-Average-Prices-July-13-19-2026.pdf
"July 13, 2026","July 19, 2026","Chilli (Green), Local Haba/Panigang",kg,113.51,Weekly-Average-Prices-July-13-19-2026.pdf
"July 13, 2026","July 19, 2026",Eggplant 3-4 Small Bundles,kg,98.49,Weekly-Average-Prices-July-13-19-2026.pdf
"July 13, 2026","July 19, 2026",Native Pechay 3-4 Small Bundles,kg,92.04,Weekly-Average-Prices-July-13-19-2026.pdf
"July 13, 2026","July 19, 2026",Pole Sitao 3-4 Small Bundles,kg,120.17,Weekly-Average-Prices-July-13-19-2026.pdf
"July 13, 2026","July 19, 2026",Squash Suprema Variety,kg,67.2,Weekly-Average-Prices-July-13-19-2026.pdf
"July 13, 2026","July 19, 2026",Tomato 15-18 pcs/kg,kg,116.38,Weekly-Average-Prices-July-13-19-2026.pdf
"July 13, 2026","July 19, 2026","Bell Pepper (Green), Local Medium (151-250gm/pc)",kg,249.44,Weekly-Average-Prices-July-13-19-2026.pdf
"July 13, 2026","July 19, 2026","Bell Pepper (Red), Local Medium (151-250gm/pc)",kg,211.62,Weekly-Average-Prices-July-13-19-2026.pdf
"July 13, 2026","July 19, 2026","Broccoli, Local Medium (8-10 cm diameter/bunch hd)",kg,196.27,Weekly-Average-Prices-July-13-19-2026.pdf
"July 13, 2026","July 19, 2026","Cauliflower, Local Medium (8-10 cm diameter/bunch hd)",kg,178.0,Weekly-Average-Prices-July-13-19-2026.pdf
"July 13, 2026","July 19, 2026",Cabbage (Rare Ball) 510 gm - 1 kg/head,kg,95.31,Weekly-Average-Prices-July-13-19-2026.pdf
"July 13, 2026","July 19, 2026",Cabbage (Scorpio) 750 gm - 1 kg/head,kg,95.42,Weekly-Average-Prices-July-13-19-2026.pdf
"July 13, 2026","July 19, 2026",Cabbage (Wonder Ball) 510 gm - 1 kg/head,kg,84.98,Weekly-Average-Prices-July-13-19-2026.pdf
"July 13, 2026","July 19, 2026","Carrots, Local 8-10 pcs/kg",kg,108.38,Weekly-Average-Prices-July-13-19-2026.pdf
"July 13, 2026","July 19, 2026",Celery Medium (501-800 g),kg,153.55,Weekly-Average-Prices-July-13-19-2026.pdf
"July 13, 2026","July 19, 2026",Chayote Medium (301-400 g),kg,60.86,Weekly-Average-Prices-July-13-19-2026.pdf
"July 13, 2026","July 19, 2026","Habichuelas/Baguio Beans, Local",kg,129.36,Weekly-Average-Prices-July-13-19-2026.pdf
"July 13, 2026","July 19, 2026",Pechay Baguio,kg,84.6,Weekly-Average-Prices-July-13-19-2026.pdf
"July 13, 2026","July 19, 2026",Lettuce (Green Ice),kg,186.07,Weekly-Average-Prices-July-13-19-2026.pdf
"July 13, 2026","July 19, 2026",Lettuce (Iceberg) Medium (301-450 cm diameter/bunch hd),kg,195.53,Weekly-Average-Prices-July-13-19-2026.pdf
"July 13, 2026","July 19, 2026",Lettuce (Romaine),kg,231.56,Weekly-Average-Prices-July-13-19-2026.pdf
"July 13, 2026","July 19, 2026","White Potato, Local 10-12 pcs/kg",kg,131.78,Weekly-Average-Prices-July-13-19-2026.pdf
"July 13, 2026","July 19, 2026","Chilli (Red), Local Tingala",kg,182.12,Weekly-Average-Prices-July-13-19-2026.pdf
"July 13, 2026","July 19, 2026","Garlic, Native/Local",kg,351.04,Weekly-Average-Prices-July-13-19-2026.pdf
"July 13, 2026","July 19, 2026","Garlic, Imported",kg,148.01,Weekly-Average-Prices-July-13-19-2026.pdf
"July 13, 2026","July 19, 2026","Ginger, Local Fairly well-matured, Medium (150-300 gm)",kg,176.09,Weekly-Average-Prices-July-13-19-2026.pdf
"July 13, 2026","July 19, 2026","Red Onion, Local 13-15 pcs/kg",kg,107.17,Weekly-Average-Prices-July-13-19-2026.pdf
"July 13, 2026","July 19, 2026","Red Onion, Imported",kg,88.0,Weekly-Average-Prices-July-13-19-2026.pdf
"July 13, 2026","July 19, 2026","White Onion, Local",kg,102.3,Weekly-Average-Prices-July-13-19-2026.pdf
"July 13, 2026","July 19, 2026","White Onion, Imported",kg,135.0,Weekly-Average-Prices-July-13-19-2026.pdf
"July 13, 2026","July 19, 2026",Avocado,kg,185.02,Weekly-Average-Prices-July-13-19-2026.pdf
"July 13, 2026","July 19, 2026",Banana (Lakatan) 8-10 pcs/kg,kg,95.85,Weekly-Average-Prices-July-13-19-2026.pdf
"July 13, 2026","July 19, 2026",Banana (Latundan) 10-12 pcs/kg,kg,75.87,Weekly-Average-Prices-July-13-19-2026.pdf
"July 13, 2026","July 19, 2026",Banana (Saba),kg,62.52,Weekly-Average-Prices-July-13-19-2026.pdf
"July 13, 2026","July 19, 2026",Calamansi,kg,115.83,Weekly-Average-Prices-July-13-19-2026.pdf
"July 13, 2026","July 19, 2026","Mango (Carabao) Ripe, 3-4 pcs/kg",kg,149.36,Weekly-Average-Prices-July-13-19-2026.pdf
"July 13, 2026","July 19, 2026",Melon,kg,101.86,Weekly-Average-Prices-July-13-19-2026.pdf
"July 13, 2026","July 19, 2026","Papaya Solo, Ripe, 2-3 pcs/kg",kg,77.13,Weekly-Average-Prices-July-13-19-2026.pdf
"July 13, 2026","July 19, 2026",Pomelo,kg,177.92,Weekly-Average-Prices-July-13-19-2026.pdf
"July 13, 2026","July 19, 2026",Watermelon,kg,76.75,Weekly-Average-Prices-July-13-19-2026.pdf
"July 13, 2026","July 19, 2026",Salt (Rock),kg,22.29,Weekly-Average-Prices-July-13-19-2026.pdf
"July 13, 2026","July 19, 2026",Salt (Iodized),kg,42.3,Weekly-Average-Prices-July-13-19-2026.pdf
"July 13, 2026","July 19, 2026",Sugar (Refined),kg,81.33,Weekly-Average-Prices-July-13-19-2026.pdf
"July 13, 2026","July 19, 2026",Sugar (Washed),kg,74.21,Weekly-Average-Prices-July-13-19-2026.pdf
"July 13, 2026","July 19, 2026",Sugar (Brown),kg,72.12,Weekly-Average-Prices-July-13-19-2026.pdf
"July 13, 2026","July 19, 2026",Cooking Oil (Palm) 350 ml/bottle,ml,39.41,Weekly-Average-Prices-July-13-19-2026.pdf
"July 13, 2026","July 19, 2026",Cooking Oil (Palm) 1 Liter/bottle,L,100.28,Weekly-Average-Prices-July-13-19-2026.pdf
"July 13, 2026","July 19, 2026",Cooking Oil (Coconut) 350 ml/bottle,ml,60.78,Weekly-Average-Prices-July-13-19-2026.pdf
"July 13, 2026","July 19, 2026",Cooking Oil (Coconut) 1 Liter/bottle,L,159.77,Weekly-Average-Prices-July-13-19-2026.pdf
"July 20, 2026","July 26, 2026",P20 Benteng Bigas Meron Naᵃ,kg,20.0,Weekly-Average-Prices-July-20-26-2026.pdf
"July 20, 2026","July 26, 2026",Basmati,kg,190.77,Weekly-Average-Prices-July-20-26-2026.pdf
"July 20, 2026","July 26, 2026",Glutinous,kg,61.25,Weekly-Average-Prices-July-20-26-2026.pdf
"July 20, 2026","July 26, 2026",Japonica/Jasponica,kg,60.83,Weekly-Average-Prices-July-20-26-2026.pdf
"July 20, 2026","July 26, 2026",Other Special Rice White Rice,kg,59.41,Weekly-Average-Prices-July-20-26-2026.pdf
"July 20, 2026","July 26, 2026",Premium 5% broken,kg,51.45,Weekly-Average-Prices-July-20-26-2026.pdf
"July 20, 2026","July 26, 2026",Well Milled 1-19% bran streak,kg,47.94,Weekly-Average-Prices-July-20-26-2026.pdf
"July 20, 2026","July 26, 2026",Basmati kg - Glutinous,kg,76.69,Weekly-Average-Prices-July-20-26-2026.pdf
"July 20, 2026","July 26, 2026",Japonica/Jasponica kg - Other Special Rice White Rice,kg,59.74,Weekly-Average-Prices-July-20-26-2026.pdf
"July 20, 2026","July 26, 2026",Premium 5% broken,kg,54.01,Weekly-Average-Prices-July-20-26-2026.pdf
"July 20, 2026","July 26, 2026",Well Milled 1-19% bran streak,kg,48.52,Weekly-Average-Prices-July-20-26-2026.pdf
"July 20, 2026","July 26, 2026",Regular Milled 20-40% bran streak,kg,44.43,Weekly-Average-Prices-July-20-26-2026.pdf
"July 20, 2026","July 26, 2026","Corn (White) Cob, Glutinous",kg,93.37,Weekly-Average-Prices-July-20-26-2026.pdf
"July 20, 2026","July 26, 2026","Corn (Yellow) Cob, Sweet Corn",kg,85.01,Weekly-Average-Prices-July-20-26-2026.pdf
"July 20, 2026","July 26, 2026","Corn Grits (White, Food Grade)",kg,73.95,Weekly-Average-Prices-July-20-26-2026.pdf
"July 20, 2026","July 26, 2026","Corn Grits (Yellow, Food Grade)",kg,79.17,Weekly-Average-Prices-July-20-26-2026.pdf
"July 20, 2026","July 26, 2026","Corn Cracked (Yellow, Feed Grade)",kg,45.41,Weekly-Average-Prices-July-20-26-2026.pdf
"July 20, 2026","July 26, 2026",Corn Grits (Feed Grade),kg,45.41,Weekly-Average-Prices-July-20-26-2026.pdf
"July 20, 2026","July 26, 2026",Mungbean,kg,145.27,Weekly-Average-Prices-July-20-26-2026.pdf
"July 20, 2026","July 26, 2026",Alumahan (Indian Mackerel) Medium (4-6 pcs/kg),kg,327.55,Weekly-Average-Prices-July-20-26-2026.pdf
"July 20, 2026","July 26, 2026","Bangus, Large Large (1-2 pcs)",kg,262.79,Weekly-Average-Prices-July-20-26-2026.pdf
"July 20, 2026","July 26, 2026","Bangus, Medium Medium (3-4 pcs/kg)",kg,235.13,Weekly-Average-Prices-July-20-26-2026.pdf
"July 20, 2026","July 26, 2026","Bonito (Frigate Tuna) kg - Galunggong, Local Male, Medium (12-14 pcs/kg)",kg,269.08,Weekly-Average-Prices-July-20-26-2026.pdf
"July 20, 2026","July 26, 2026","Galunggong, Imported Male, Medium (12-14 pcs/kg)",kg,226.67,Weekly-Average-Prices-July-20-26-2026.pdf
"July 20, 2026","July 26, 2026","Salmon Belly, Local kg - Sardines (Tamban)",kg,115.05,Weekly-Average-Prices-July-20-26-2026.pdf
"July 20, 2026","July 26, 2026","Squid (Pusit Bisaya), Local Medium",kg,454.54,Weekly-Average-Prices-July-20-26-2026.pdf
"July 20, 2026","July 26, 2026","Tambakol (Yellow-Fin Tuna), Local Medium, Fresh or Chilled",kg,295.39,Weekly-Average-Prices-July-20-26-2026.pdf
"July 20, 2026","July 26, 2026",Tilapia Medium (5-6 pcs/kg),kg,152.37,Weekly-Average-Prices-July-20-26-2026.pdf
"July 20, 2026","July 26, 2026","BEEF PRODUCTS Beef Brisket, Local Meat with Bones",kg,440.29,Weekly-Average-Prices-July-20-26-2026.pdf
"July 20, 2026","July 26, 2026","Beef Rump, Local Lean Meat/ Tapadera",kg,493.36,Weekly-Average-Prices-July-20-26-2026.pdf
"July 20, 2026","July 26, 2026","Pork Belly (Liempo), Local",kg,380.7,Weekly-Average-Prices-July-20-26-2026.pdf
"July 20, 2026","July 26, 2026","Pork Belly (Liempo), Imported",kg,306.02,Weekly-Average-Prices-July-20-26-2026.pdf
"July 20, 2026","July 26, 2026","Pork Picnic Shoulder (Kasim), Local",kg,327.81,Weekly-Average-Prices-July-20-26-2026.pdf
"July 20, 2026","July 26, 2026","Pork Picnic Shoulder (Kasim), Imported",kg,241.96,Weekly-Average-Prices-July-20-26-2026.pdf
"July 20, 2026","July 26, 2026","Whole Chicken, Local Fully Dressed",kg,212.99,Weekly-Average-Prices-July-20-26-2026.pdf
"July 20, 2026","July 26, 2026","Chicken Egg (White, Pewee) 41-45 grams/pc",pc,5.92,Weekly-Average-Prices-July-20-26-2026.pdf
"July 20, 2026","July 26, 2026","Chicken Egg (White, Extra Small) 46-50 grams/pc",pc,6.48,Weekly-Average-Prices-July-20-26-2026.pdf
"July 20, 2026","July 26, 2026","Chicken Egg (White, Small) 51-55 grams/pc",pc,7.13,Weekly-Average-Prices-July-20-26-2026.pdf
"July 20, 2026","July 26, 2026","Chicken Egg (White, Medium) 56-60 grams/pc",pc,7.91,Weekly-Average-Prices-July-20-26-2026.pdf
"July 20, 2026","July 26, 2026","Chicken Egg (White, Large) 61-65 grams/pc",pc,8.59,Weekly-Average-Prices-July-20-26-2026.pdf
"July 20, 2026","July 26, 2026","Chicken Egg (White, Extra Large) 66-70 grams/pc",pc,9.26,Weekly-Average-Prices-July-20-26-2026.pdf
"July 20, 2026","July 26, 2026","Chicken Egg (White, Jumbo) 71> grams/pc",pc,9.93,Weekly-Average-Prices-July-20-26-2026.pdf
"July 20, 2026","July 26, 2026","Chicken Egg (Brown, Medium) Medium",pc,10.5,Weekly-Average-Prices-July-20-26-2026.pdf
"July 20, 2026","July 26, 2026","Chicken Egg (Brown, Large) Large",pc,11.3,Weekly-Average-Prices-July-20-26-2026.pdf
"July 20, 2026","July 26, 2026","Chicken Egg (Brown, Extra Large) Extra Large",pc,10.76,Weekly-Average-Prices-July-20-26-2026.pdf
"July 20, 2026","July 26, 2026",Ampalaya 4-5 pcs/kg,kg,107.89,Weekly-Average-Prices-July-20-26-2026.pdf
"July 20, 2026","July 26, 2026","Chilli (Green), Local Haba/Panigang",kg,118.39,Weekly-Average-Prices-July-20-26-2026.pdf
"July 20, 2026","July 26, 2026",Eggplant 3-4 Small Bundles,kg,116.63,Weekly-Average-Prices-July-20-26-2026.pdf
"July 20, 2026","July 26, 2026",Native Pechay 3-4 Small Bundles,kg,93.32,Weekly-Average-Prices-July-20-26-2026.pdf
"July 20, 2026","July 26, 2026",Pole Sitao 3-4 Small Bundles,kg,116.8,Weekly-Average-Prices-July-20-26-2026.pdf
"July 20, 2026","July 26, 2026",Squash Suprema Variety,kg,66.73,Weekly-Average-Prices-July-20-26-2026.pdf
"July 20, 2026","July 26, 2026",Tomato 15-18 pcs/kg,kg,118.16,Weekly-Average-Prices-July-20-26-2026.pdf
"July 20, 2026","July 26, 2026","Bell Pepper (Green), Local Medium (151-250gm/pc)",kg,241.21,Weekly-Average-Prices-July-20-26-2026.pdf
"July 20, 2026","July 26, 2026","Bell Pepper (Red), Local Medium (151-250gm/pc)",kg,218.76,Weekly-Average-Prices-July-20-26-2026.pdf
"July 20, 2026","July 26, 2026","Broccoli, Local Medium (8-10 cm diameter/bunch hd)",kg,205.44,Weekly-Average-Prices-July-20-26-2026.pdf
"July 20, 2026","July 26, 2026","Cauliflower, Local Medium (8-10 cm diameter/bunch hd)",kg,173.89,Weekly-Average-Prices-July-20-26-2026.pdf
"July 20, 2026","July 26, 2026",Cabbage (Rare Ball) 510 gm - 1 kg/head,kg,87.13,Weekly-Average-Prices-July-20-26-2026.pdf
"July 20, 2026","July 26, 2026",Cabbage (Scorpio) 750 gm - 1 kg/head,kg,91.14,Weekly-Average-Prices-July-20-26-2026.pdf
"July 20, 2026","July 26, 2026",Cabbage (Wonder Ball) 510 gm - 1 kg/head,kg,76.26,Weekly-Average-Prices-July-20-26-2026.pdf
"July 20, 2026","July 26, 2026","Carrots, Local 8-10 pcs/kg",kg,109.74,Weekly-Average-Prices-July-20-26-2026.pdf
"July 20, 2026","July 26, 2026",Celery Medium (501-800 g),kg,153.32,Weekly-Average-Prices-July-20-26-2026.pdf
"July 20, 2026","July 26, 2026",Chayote Medium (301-400 g),kg,58.97,Weekly-Average-Prices-July-20-26-2026.pdf
"July 20, 2026","July 26, 2026","Habichuelas/Baguio Beans, Local",kg,131.26,Weekly-Average-Prices-July-20-26-2026.pdf
"July 20, 2026","July 26, 2026",Pechay Baguio,kg,83.1,Weekly-Average-Prices-July-20-26-2026.pdf
"July 20, 2026","July 26, 2026",Lettuce (Green Ice),kg,170.4,Weekly-Average-Prices-July-20-26-2026.pdf
"July 20, 2026","July 26, 2026",Lettuce (Iceberg) Medium (301-450 cm diameter/bunch hd),kg,185.45,Weekly-Average-Prices-July-20-26-2026.pdf
"July 20, 2026","July 26, 2026",Lettuce (Romaine),kg,204.16,Weekly-Average-Prices-July-20-26-2026.pdf
"July 20, 2026","July 26, 2026","White Potato, Local 10-12 pcs/kg",kg,131.59,Weekly-Average-Prices-July-20-26-2026.pdf
"July 20, 2026","July 26, 2026","Chilli (Red), Local Tingala",kg,176.47,Weekly-Average-Prices-July-20-26-2026.pdf
"July 20, 2026","July 26, 2026","Garlic, Native/Local",kg,360.59,Weekly-Average-Prices-July-20-26-2026.pdf
"July 20, 2026","July 26, 2026","Garlic, Imported",kg,147.81,Weekly-Average-Prices-July-20-26-2026.pdf
"July 20, 2026","July 26, 2026","Ginger, Local Fairly well-matured, Medium (150-300 gm)",kg,175.77,Weekly-Average-Prices-July-20-26-2026.pdf
"July 20, 2026","July 26, 2026","Red Onion, Local 13-15 pcs/kg",kg,107.53,Weekly-Average-Prices-July-20-26-2026.pdf
"July 20, 2026","July 26, 2026","Red Onion, Imported",kg,88.0,Weekly-Average-Prices-July-20-26-2026.pdf
"July 20, 2026","July 26, 2026","White Onion, Local",kg,103.07,Weekly-Average-Prices-July-20-26-2026.pdf
"July 20, 2026","July 26, 2026","White Onion, Imported",kg,135.67,Weekly-Average-Prices-July-20-26-2026.pdf
"July 20, 2026","July 26, 2026",Avocado,kg,182.55,Weekly-Average-Prices-July-20-26-2026.pdf
"July 20, 2026","July 26, 2026",Banana (Lakatan) 8-10 pcs/kg,kg,95.82,Weekly-Average-Prices-July-20-26-2026.pdf
"July 20, 2026","July 26, 2026",Banana (Latundan) 10-12 pcs/kg,kg,75.9,Weekly-Average-Prices-July-20-26-2026.pdf
"July 20, 2026","July 26, 2026",Banana (Saba),kg,62.68,Weekly-Average-Prices-July-20-26-2026.pdf
"July 20, 2026","July 26, 2026",Calamansi,kg,124.26,Weekly-Average-Prices-July-20-26-2026.pdf
"July 20, 2026","July 26, 2026","Mango (Carabao) Ripe, 3-4 pcs/kg",kg,153.32,Weekly-Average-Prices-July-20-26-2026.pdf
"July 20, 2026","July 26, 2026",Melon,kg,101.03,Weekly-Average-Prices-July-20-26-2026.pdf
"July 20, 2026","July 26, 2026","Papaya Solo, Ripe, 2-3 pcs/kg",kg,77.37,Weekly-Average-Prices-July-20-26-2026.pdf
"July 20, 2026","July 26, 2026",Pomelo,kg,174.84,Weekly-Average-Prices-July-20-26-2026.pdf
"July 20, 2026","July 26, 2026",Watermelon,kg,76.88,Weekly-Average-Prices-July-20-26-2026.pdf
"July 20, 2026","July 26, 2026",Salt (Rock),kg,22.2,Weekly-Average-Prices-July-20-26-2026.pdf
"July 20, 2026","July 26, 2026",Salt (Iodized),kg,42.29,Weekly-Average-Prices-July-20-26-2026.pdf
"July 20, 2026","July 26, 2026",Sugar (Refined),kg,81.41,Weekly-Average-Prices-July-20-26-2026.pdf
"July 20, 2026","July 26, 2026",Sugar (Washed),kg,74.22,Weekly-Average-Prices-July-20-26-2026.pdf
"July 20, 2026","July 26, 2026",Sugar (Brown),kg,72.22,Weekly-Average-Prices-July-20-26-2026.pdf
"July 20, 2026","July 26, 2026",Cooking Oil (Palm) 350 ml/bottle,ml,39.4,Weekly-Average-Prices-July-20-26-2026.pdf
"July 20, 2026","July 26, 2026",Cooking Oil (Palm) 1 Liter/bottle,L,100.31,Weekly-Average-Prices-July-20-26-2026.pdf
"July 20, 2026","July 26, 2026",Cooking Oil (Coconut) 350 ml/bottle,ml,60.88,Weekly-Average-Prices-July-20-26-2026.pdf
"July 20, 2026","July 26, 2026",Cooking Oil (Coconut) 1 Liter/bottle,L,158.67,Weekly-Average-Prices-July-20-26-2026.pdf
"July 27, 2026","August 2, 2026",P20 Benteng Bigas Meron Naᵃ,kg,20.0,Weekly-Average-Prices-July-27-August-2-2026.pdf
"July 27, 2026","August 2, 2026",Basmati,kg,190.77,Weekly-Average-Prices-July-27-August-2-2026.pdf
"July 27, 2026","August 2, 2026",Glutinous,kg,61.12,Weekly-Average-Prices-July-27-August-2-2026.pdf
"July 27, 2026","August 2, 2026",Japonica/Jasponica,kg,60.84,Weekly-Average-Prices-July-27-August-2-2026.pdf
"July 27, 2026","August 2, 2026",Other Special Rice White Rice,kg,59.59,Weekly-Average-Prices-July-27-August-2-2026.pdf
"July 27, 2026","August 2, 2026",Premium 5% broken,kg,51.48,Weekly-Average-Prices-July-27-August-2-2026.pdf
"July 27, 2026","August 2, 2026",Well Milled 1-19% bran streak,kg,47.89,Weekly-Average-Prices-July-27-August-2-2026.pdf
"July 27, 2026","August 2, 2026",Basmati kg - Glutinous,kg,76.63,Weekly-Average-Prices-July-27-August-2-2026.pdf
"July 27, 2026","August 2, 2026",Japonica/Jasponica kg - Other Special Rice White Rice,kg,59.8,Weekly-Average-Prices-July-27-August-2-2026.pdf
"July 27, 2026","August 2, 2026",Premium 5% broken,kg,54.08,Weekly-Average-Prices-July-27-August-2-2026.pdf
"July 27, 2026","August 2, 2026",Well Milled 1-19% bran streak,kg,48.41,Weekly-Average-Prices-July-27-August-2-2026.pdf
"July 27, 2026","August 2, 2026",Regular Milled 20-40% bran streak,kg,44.32,Weekly-Average-Prices-July-27-August-2-2026.pdf
"July 27, 2026","August 2, 2026","Corn (White) Cob, Glutinous",kg,94.47,Weekly-Average-Prices-July-27-August-2-2026.pdf
"July 27, 2026","August 2, 2026","Corn (Yellow) Cob, Sweet Corn",kg,85.05,Weekly-Average-Prices-July-27-August-2-2026.pdf
"July 27, 2026","August 2, 2026","Corn Grits (White, Food Grade)",kg,73.95,Weekly-Average-Prices-July-27-August-2-2026.pdf
"July 27, 2026","August 2, 2026","Corn Grits (Yellow, Food Grade)",kg,79.17,Weekly-Average-Prices-July-27-August-2-2026.pdf
"July 27, 2026","August 2, 2026","Corn Cracked (Yellow, Feed Grade)",kg,45.41,Weekly-Average-Prices-July-27-August-2-2026.pdf
"July 27, 2026","August 2, 2026",Corn Grits (Feed Grade),kg,45.41,Weekly-Average-Prices-July-27-August-2-2026.pdf
"July 27, 2026","August 2, 2026",Mungbean,kg,145.96,Weekly-Average-Prices-July-27-August-2-2026.pdf
"July 27, 2026","August 2, 2026",Alumahan (Indian Mackerel) Medium (4-6 pcs/kg),kg,341.12,Weekly-Average-Prices-July-27-August-2-2026.pdf
"July 27, 2026","August 2, 2026","Bangus, Large Large (1-2 pcs)",kg,262.18,Weekly-Average-Prices-July-27-August-2-2026.pdf
"July 27, 2026","August 2, 2026","Bangus, Medium Medium (3-4 pcs/kg)",kg,235.99,Weekly-Average-Prices-July-27-August-2-2026.pdf
"July 27, 2026","August 2, 2026","Bonito (Frigate Tuna) kg - Galunggong, Local Male, Medium (12-14 pcs/kg)",kg,274.23,Weekly-Average-Prices-July-27-August-2-2026.pdf
"July 27, 2026","August 2, 2026","Galunggong, Imported Male, Medium (12-14 pcs/kg) kg - Salmon Belly, Local kg - Sardines (Tamban)",kg,116.0,Weekly-Average-Prices-July-27-August-2-2026.pdf
"July 27, 2026","August 2, 2026","Squid (Pusit Bisaya), Local Medium",kg,453.69,Weekly-Average-Prices-July-27-August-2-2026.pdf
"July 27, 2026","August 2, 2026","Tambakol (Yellow-Fin Tuna), Local Medium, Fresh or Chilled",kg,291.92,Weekly-Average-Prices-July-27-August-2-2026.pdf
"July 27, 2026","August 2, 2026",Tilapia Medium (5-6 pcs/kg),kg,153.47,Weekly-Average-Prices-July-27-August-2-2026.pdf
"July 27, 2026","August 2, 2026","BEEF PRODUCTS Beef Brisket, Local Meat with Bones",kg,441.69,Weekly-Average-Prices-July-27-August-2-2026.pdf
"July 27, 2026","August 2, 2026","Beef Rump, Local Lean Meat/ Tapadera",kg,494.09,Weekly-Average-Prices-July-27-August-2-2026.pdf
"July 27, 2026","August 2, 2026","Pork Belly (Liempo), Local",kg,382.21,Weekly-Average-Prices-July-27-August-2-2026.pdf
"July 27, 2026","August 2, 2026","Pork Belly (Liempo), Imported",kg,307.16,Weekly-Average-Prices-July-27-August-2-2026.pdf
"July 27, 2026","August 2, 2026","Pork Picnic Shoulder (Kasim), Local",kg,329.18,Weekly-Average-Prices-July-27-August-2-2026.pdf
"July 27, 2026","August 2, 2026","Pork Picnic Shoulder (Kasim), Imported",kg,242.03,Weekly-Average-Prices-July-27-August-2-2026.pdf
"July 27, 2026","August 2, 2026","Whole Chicken, Local Fully Dressed",kg,209.8,Weekly-Average-Prices-July-27-August-2-2026.pdf
"July 27, 2026","August 2, 2026","Chicken Egg (White, Pewee) 41-45 grams/pc",pc,6.01,Weekly-Average-Prices-July-27-August-2-2026.pdf
"July 27, 2026","August 2, 2026","Chicken Egg (White, Extra Small) 46-50 grams/pc",pc,6.58,Weekly-Average-Prices-July-27-August-2-2026.pdf
"July 27, 2026","August 2, 2026","Chicken Egg (White, Small) 51-55 grams/pc",pc,7.2,Weekly-Average-Prices-July-27-August-2-2026.pdf
"July 27, 2026","August 2, 2026","Chicken Egg (White, Medium) 56-60 grams/pc",pc,7.96,Weekly-Average-Prices-July-27-August-2-2026.pdf
"July 27, 2026","August 2, 2026","Chicken Egg (White, Large) 61-65 grams/pc",pc,8.62,Weekly-Average-Prices-July-27-August-2-2026.pdf
"July 27, 2026","August 2, 2026","Chicken Egg (White, Extra Large) 66-70 grams/pc",pc,9.28,Weekly-Average-Prices-July-27-August-2-2026.pdf
"July 27, 2026","August 2, 2026","Chicken Egg (White, Jumbo) 71> grams/pc",pc,9.95,Weekly-Average-Prices-July-27-August-2-2026.pdf
"July 27, 2026","August 2, 2026","Chicken Egg (Brown, Medium) Medium",pc,10.4,Weekly-Average-Prices-July-27-August-2-2026.pdf
"July 27, 2026","August 2, 2026","Chicken Egg (Brown, Large) Large",pc,11.02,Weekly-Average-Prices-July-27-August-2-2026.pdf
"July 27, 2026","August 2, 2026","Chicken Egg (Brown, Extra Large) Extra Large",pc,10.79,Weekly-Average-Prices-July-27-August-2-2026.pdf
"July 27, 2026","August 2, 2026",Ampalaya 4-5 pcs/kg,kg,101.66,Weekly-Average-Prices-July-27-August-2-2026.pdf
"July 27, 2026","August 2, 2026","Chilli (Green), Local Haba/Panigang",kg,119.09,Weekly-Average-Prices-July-27-August-2-2026.pdf
"July 27, 2026","August 2, 2026",Eggplant 3-4 Small Bundles,kg,115.56,Weekly-Average-Prices-July-27-August-2-2026.pdf
"July 27, 2026","August 2, 2026",Native Pechay 3-4 Small Bundles,kg,95.51,Weekly-Average-Prices-July-27-August-2-2026.pdf
"July 27, 2026","August 2, 2026",Pole Sitao 3-4 Small Bundles,kg,111.18,Weekly-Average-Prices-July-27-August-2-2026.pdf
"July 27, 2026","August 2, 2026",Squash Suprema Variety,kg,66.63,Weekly-Average-Prices-July-27-August-2-2026.pdf
"July 27, 2026","August 2, 2026",Tomato 15-18 pcs/kg,kg,112.0,Weekly-Average-Prices-July-27-August-2-2026.pdf
"July 27, 2026","August 2, 2026","Bell Pepper (Green), Local Medium (151-250gm/pc)",kg,235.31,Weekly-Average-Prices-July-27-August-2-2026.pdf
"July 27, 2026","August 2, 2026","Bell Pepper (Red), Local Medium (151-250gm/pc)",kg,213.67,Weekly-Average-Prices-July-27-August-2-2026.pdf
"July 27, 2026","August 2, 2026","Broccoli, Local Medium (8-10 cm diameter/bunch hd)",kg,228.73,Weekly-Average-Prices-July-27-August-2-2026.pdf
"July 27, 2026","August 2, 2026","Cauliflower, Local Medium (8-10 cm diameter/bunch hd)",kg,181.8,Weekly-Average-Prices-July-27-August-2-2026.pdf
"July 27, 2026","August 2, 2026",Cabbage (Rare Ball) 510 gm - 1 kg/head,kg,78.66,Weekly-Average-Prices-July-27-August-2-2026.pdf
"July 27, 2026","August 2, 2026",Cabbage (Scorpio) 750 gm - 1 kg/head,kg,92.34,Weekly-Average-Prices-July-27-August-2-2026.pdf
"July 27, 2026","August 2, 2026",Cabbage (Wonder Ball) 510 gm - 1 kg/head,kg,71.55,Weekly-Average-Prices-July-27-August-2-2026.pdf
"July 27, 2026","August 2, 2026","Carrots, Local 8-10 pcs/kg",kg,107.7,Weekly-Average-Prices-July-27-August-2-2026.pdf
"July 27, 2026","August 2, 2026",Celery Medium (501-800 g),kg,151.0,Weekly-Average-Prices-July-27-August-2-2026.pdf
"July 27, 2026","August 2, 2026",Chayote Medium (301-400 g),kg,55.77,Weekly-Average-Prices-July-27-August-2-2026.pdf
"July 27, 2026","August 2, 2026","Habichuelas/Baguio Beans, Local",kg,120.01,Weekly-Average-Prices-July-27-August-2-2026.pdf
"July 27, 2026","August 2, 2026",Pechay Baguio,kg,81.24,Weekly-Average-Prices-July-27-August-2-2026.pdf
"July 27, 2026","August 2, 2026",Lettuce (Green Ice),kg,164.62,Weekly-Average-Prices-July-27-August-2-2026.pdf
"July 27, 2026","August 2, 2026",Lettuce (Iceberg) Medium (301-450 cm diameter/bunch hd),kg,183.17,Weekly-Average-Prices-July-27-August-2-2026.pdf
"July 27, 2026","August 2, 2026",Lettuce (Romaine),kg,185.55,Weekly-Average-Prices-July-27-August-2-2026.pdf
"July 27, 2026","August 2, 2026","White Potato, Local 10-12 pcs/kg",kg,125.96,Weekly-Average-Prices-July-27-August-2-2026.pdf
"July 27, 2026","August 2, 2026","Chilli (Red), Local Tingala",kg,164.3,Weekly-Average-Prices-July-27-August-2-2026.pdf
"July 27, 2026","August 2, 2026","Garlic, Native/Local",kg,361.39,Weekly-Average-Prices-July-27-August-2-2026.pdf
"July 27, 2026","August 2, 2026","Garlic, Imported",kg,149.7,Weekly-Average-Prices-July-27-August-2-2026.pdf
"July 27, 2026","August 2, 2026","Ginger, Local Fairly well-matured, Medium (150-300 gm)",kg,177.48,Weekly-Average-Prices-July-27-August-2-2026.pdf
"July 27, 2026","August 2, 2026","Red Onion, Local 13-15 pcs/kg",kg,108.39,Weekly-Average-Prices-July-27-August-2-2026.pdf
"July 27, 2026","August 2, 2026","Red Onion, Imported",kg,88.0,Weekly-Average-Prices-July-27-August-2-2026.pdf
"July 27, 2026","August 2, 2026","White Onion, Local",kg,104.49,Weekly-Average-Prices-July-27-August-2-2026.pdf
"July 27, 2026","August 2, 2026","White Onion, Imported",kg,134.52,Weekly-Average-Prices-July-27-August-2-2026.pdf
"July 27, 2026","August 2, 2026",Avocado,kg,181.22,Weekly-Average-Prices-July-27-August-2-2026.pdf
"July 27, 2026","August 2, 2026",Banana (Lakatan) 8-10 pcs/kg,kg,96.69,Weekly-Average-Prices-July-27-August-2-2026.pdf
"July 27, 2026","August 2, 2026",Banana (Latundan) 10-12 pcs/kg,kg,76.74,Weekly-Average-Prices-July-27-August-2-2026.pdf
"July 27, 2026","August 2, 2026",Banana (Saba),kg,63.0,Weekly-Average-Prices-July-27-August-2-2026.pdf
"July 27, 2026","August 2, 2026",Calamansi,kg,122.8,Weekly-Average-Prices-July-27-August-2-2026.pdf
"July 27, 2026","August 2, 2026","Mango (Carabao) Ripe, 3-4 pcs/kg",kg,158.01,Weekly-Average-Prices-July-27-August-2-2026.pdf
"July 27, 2026","August 2, 2026",Melon,kg,101.27,Weekly-Average-Prices-July-27-August-2-2026.pdf
"July 27, 2026","August 2, 2026","Papaya Solo, Ripe, 2-3 pcs/kg",kg,77.78,Weekly-Average-Prices-July-27-August-2-2026.pdf
"July 27, 2026","August 2, 2026",Pomelo,kg,176.15,Weekly-Average-Prices-July-27-August-2-2026.pdf
"July 27, 2026","August 2, 2026",Watermelon,kg,77.1,Weekly-Average-Prices-July-27-August-2-2026.pdf
"July 27, 2026","August 2, 2026",Salt (Rock),kg,22.0,Weekly-Average-Prices-July-27-August-2-2026.pdf
"July 27, 2026","August 2, 2026",Salt (Iodized),kg,42.97,Weekly-Average-Prices-July-27-August-2-2026.pdf
"July 27, 2026","August 2, 2026",Sugar (Refined),kg,81.65,Weekly-Average-Prices-July-27-August-2-2026.pdf
"July 27, 2026","August 2, 2026",Sugar (Washed),kg,74.46,Weekly-Average-Prices-July-27-August-2-2026.pdf
"July 27, 2026","August 2, 2026",Sugar (Brown),kg,72.24,Weekly-Average-Prices-July-27-August-2-2026.pdf
"July 27, 2026","August 2, 2026",Cooking Oil (Palm) 350 ml/bottle,ml,39.43,Weekly-Average-Prices-July-27-August-2-2026.pdf
"July 27, 2026","August 2, 2026",Cooking Oil (Palm) 1 Liter/bottle,L,100.25,Weekly-Average-Prices-July-27-August-2-2026.pdf
"July 27, 2026","August 2, 2026",Cooking Oil (Coconut) 350 ml/bottle,ml,61.04,Weekly-Average-Prices-July-27-August-2-2026.pdf
"July 27, 2026","August 2, 2026",Cooking Oil (Coconut) 1 Liter/bottle,L,157.44,Weekly-Average-Prices-July-27-August-2-2026.pdf
"July 6, 2026","July 12, 2026",P20 Benteng Bigas Meron Naᵃ,kg,20.0,Weekly-Average-Prices-July-6-12-2026.pdf
"July 6, 2026","July 12, 2026",Basmati,kg,190.77,Weekly-Average-Prices-July-6-12-2026.pdf
"July 6, 2026","July 12, 2026",Glutinous,kg,60.82,Weekly-Average-Prices-July-6-12-2026.pdf
"July 6, 2026","July 12, 2026",Japonica/Jasponica,kg,60.89,Weekly-Average-Prices-July-6-12-2026.pdf
"July 6, 2026","July 12, 2026",Other Special Rice White Rice,kg,59.31,Weekly-Average-Prices-July-6-12-2026.pdf
"July 6, 2026","July 12, 2026",Premium 5% broken,kg,50.93,Weekly-Average-Prices-July-6-12-2026.pdf
"July 6, 2026","July 12, 2026",Well Milled 1-19% bran streak,kg,47.96,Weekly-Average-Prices-July-6-12-2026.pdf
"July 6, 2026","July 12, 2026",Basmati kg - Glutinous,kg,77.18,Weekly-Average-Prices-July-6-12-2026.pdf
"July 6, 2026","July 12, 2026",Japonica/Jasponica kg - Other Special Rice White Rice,kg,59.86,Weekly-Average-Prices-July-6-12-2026.pdf
"July 6, 2026","July 12, 2026",Premium 5% broken,kg,54.03,Weekly-Average-Prices-July-6-12-2026.pdf
"July 6, 2026","July 12, 2026",Well Milled 1-19% bran streak,kg,48.99,Weekly-Average-Prices-July-6-12-2026.pdf
"July 6, 2026","July 12, 2026",Regular Milled 20-40% bran streak,kg,44.46,Weekly-Average-Prices-July-6-12-2026.pdf
"July 6, 2026","July 12, 2026","Corn (White) Cob, Glutinous",kg,94.11,Weekly-Average-Prices-July-6-12-2026.pdf
"July 6, 2026","July 12, 2026","Corn (Yellow) Cob, Sweet Corn",kg,86.2,Weekly-Average-Prices-July-6-12-2026.pdf
"July 6, 2026","July 12, 2026","Corn Grits (White, Food Grade)",kg,73.95,Weekly-Average-Prices-July-6-12-2026.pdf
"July 6, 2026","July 12, 2026","Corn Grits (Yellow, Food Grade)",kg,79.17,Weekly-Average-Prices-July-6-12-2026.pdf
"July 6, 2026","July 12, 2026","Corn Cracked (Yellow, Feed Grade)",kg,45.38,Weekly-Average-Prices-July-6-12-2026.pdf
"July 6, 2026","July 12, 2026",Corn Grits (Feed Grade),kg,45.89,Weekly-Average-Prices-July-6-12-2026.pdf
"July 6, 2026","July 12, 2026",Mungbean,kg,145.6,Weekly-Average-Prices-July-6-12-2026.pdf
"July 6, 2026","July 12, 2026",Alumahan (Indian Mackerel) Medium (4-6 pcs/kg),kg,317.83,Weekly-Average-Prices-July-6-12-2026.pdf
"July 6, 2026","July 12, 2026","Bangus, Large Large (1-2 pcs)",kg,255.22,Weekly-Average-Prices-July-6-12-2026.pdf
"July 6, 2026","July 12, 2026","Bangus, Medium Medium (3-4 pcs/kg)",kg,231.69,Weekly-Average-Prices-July-6-12-2026.pdf
"July 6, 2026","July 12, 2026","Bonito (Frigate Tuna) kg - Galunggong, Local Male, Medium (12-14 pcs/kg)",kg,255.44,Weekly-Average-Prices-July-6-12-2026.pdf
"July 6, 2026","July 12, 2026","Galunggong, Imported Male, Medium (12-14 pcs/kg) kg - Salmon Belly, Local kg - Sardines (Tamban)",kg,130.37,Weekly-Average-Prices-July-6-12-2026.pdf
"July 6, 2026","July 12, 2026","Squid (Pusit Bisaya), Local Medium",kg,452.25,Weekly-Average-Prices-July-6-12-2026.pdf
"July 6, 2026","July 12, 2026","Tambakol (Yellow-Fin Tuna), Local Medium, Fresh or Chilled",kg,289.5,Weekly-Average-Prices-July-6-12-2026.pdf
"July 6, 2026","July 12, 2026",Tilapia Medium (5-6 pcs/kg),kg,152.68,Weekly-Average-Prices-July-6-12-2026.pdf
"July 6, 2026","July 12, 2026","BEEF PRODUCTS Beef Brisket, Local Meat with Bones",kg,442.68,Weekly-Average-Prices-July-6-12-2026.pdf
"July 6, 2026","July 12, 2026","Beef Rump, Local Lean Meat/ Tapadera",kg,494.75,Weekly-Average-Prices-July-6-12-2026.pdf
"July 6, 2026","July 12, 2026","Pork Belly (Liempo), Local",kg,381.76,Weekly-Average-Prices-July-6-12-2026.pdf
"July 6, 2026","July 12, 2026","Pork Belly (Liempo), Imported",kg,306.35,Weekly-Average-Prices-July-6-12-2026.pdf
"July 6, 2026","July 12, 2026","Pork Picnic Shoulder (Kasim), Local",kg,328.2,Weekly-Average-Prices-July-6-12-2026.pdf
"July 6, 2026","July 12, 2026","Pork Picnic Shoulder (Kasim), Imported",kg,243.24,Weekly-Average-Prices-July-6-12-2026.pdf
"July 6, 2026","July 12, 2026","Whole Chicken, Local Fully Dressed",kg,203.21,Weekly-Average-Prices-July-6-12-2026.pdf
"July 6, 2026","July 12, 2026","Chicken Egg (White, Pewee) 41-45 grams/pc",pc,5.86,Weekly-Average-Prices-July-6-12-2026.pdf
"July 6, 2026","July 12, 2026","Chicken Egg (White, Extra Small) 46-50 grams/pc",pc,6.36,Weekly-Average-Prices-July-6-12-2026.pdf
"July 6, 2026","July 12, 2026","Chicken Egg (White, Small) 51-55 grams/pc",pc,7.08,Weekly-Average-Prices-July-6-12-2026.pdf
"July 6, 2026","July 12, 2026","Chicken Egg (White, Medium) 56-60 grams/pc",pc,7.87,Weekly-Average-Prices-July-6-12-2026.pdf
"July 6, 2026","July 12, 2026","Chicken Egg (White, Large) 61-65 grams/pc",pc,8.57,Weekly-Average-Prices-July-6-12-2026.pdf
"July 6, 2026","July 12, 2026","Chicken Egg (White, Extra Large) 66-70 grams/pc",pc,9.25,Weekly-Average-Prices-July-6-12-2026.pdf
"July 6, 2026","July 12, 2026","Chicken Egg (White, Jumbo) 71> grams/pc",pc,9.92,Weekly-Average-Prices-July-6-12-2026.pdf
"July 6, 2026","July 12, 2026","Chicken Egg (Brown, Medium) Medium",pc,10.68,Weekly-Average-Prices-July-6-12-2026.pdf
"July 6, 2026","July 12, 2026","Chicken Egg (Brown, Large) Large",pc,10.97,Weekly-Average-Prices-July-6-12-2026.pdf
"July 6, 2026","July 12, 2026","Chicken Egg (Brown, Extra Large) Extra Large",pc,10.0,Weekly-Average-Prices-July-6-12-2026.pdf
"July 6, 2026","July 12, 2026",Ampalaya 4-5 pcs/kg,kg,114.65,Weekly-Average-Prices-July-6-12-2026.pdf
"July 6, 2026","July 12, 2026","Chilli (Green), Local Haba/Panigang",kg,112.85,Weekly-Average-Prices-July-6-12-2026.pdf
"July 6, 2026","July 12, 2026",Eggplant 3-4 Small Bundles,kg,89.24,Weekly-Average-Prices-July-6-12-2026.pdf
"July 6, 2026","July 12, 2026",Native Pechay 3-4 Small Bundles,kg,96.73,Weekly-Average-Prices-July-6-12-2026.pdf
"July 6, 2026","July 12, 2026",Pole Sitao 3-4 Small Bundles,kg,133.15,Weekly-Average-Prices-July-6-12-2026.pdf
"July 6, 2026","July 12, 2026",Squash Suprema Variety,kg,67.99,Weekly-Average-Prices-July-6-12-2026.pdf
"July 6, 2026","July 12, 2026",Tomato 15-18 pcs/kg,kg,118.95,Weekly-Average-Prices-July-6-12-2026.pdf
"July 6, 2026","July 12, 2026","Bell Pepper (Green), Local Medium (151-250gm/pc)",kg,262.84,Weekly-Average-Prices-July-6-12-2026.pdf
"July 6, 2026","July 12, 2026","Bell Pepper (Red), Local Medium (151-250gm/pc)",kg,220.07,Weekly-Average-Prices-July-6-12-2026.pdf
"July 6, 2026","July 12, 2026","Broccoli, Local Medium (8-10 cm diameter/bunch hd)",kg,196.39,Weekly-Average-Prices-July-6-12-2026.pdf
"July 6, 2026","July 12, 2026","Cauliflower, Local Medium (8-10 cm diameter/bunch hd)",kg,181.45,Weekly-Average-Prices-July-6-12-2026.pdf
"July 6, 2026","July 12, 2026",Cabbage (Rare Ball) 510 gm - 1 kg/head,kg,98.94,Weekly-Average-Prices-July-6-12-2026.pdf
"July 6, 2026","July 12, 2026",Cabbage (Scorpio) 750 gm - 1 kg/head,kg,106.22,Weekly-Average-Prices-July-6-12-2026.pdf
"July 6, 2026","July 12, 2026",Cabbage (Wonder Ball) 510 gm - 1 kg/head,kg,93.68,Weekly-Average-Prices-July-6-12-2026.pdf
"July 6, 2026","July 12, 2026","Carrots, Local 8-10 pcs/kg",kg,111.26,Weekly-Average-Prices-July-6-12-2026.pdf
"July 6, 2026","July 12, 2026",Celery Medium (501-800 g),kg,152.64,Weekly-Average-Prices-July-6-12-2026.pdf
"July 6, 2026","July 12, 2026",Chayote Medium (301-400 g),kg,64.32,Weekly-Average-Prices-July-6-12-2026.pdf
"July 6, 2026","July 12, 2026","Habichuelas/Baguio Beans, Local",kg,132.73,Weekly-Average-Prices-July-6-12-2026.pdf
"July 6, 2026","July 12, 2026",Pechay Baguio,kg,85.34,Weekly-Average-Prices-July-6-12-2026.pdf
"July 6, 2026","July 12, 2026",Lettuce (Green Ice),kg,208.43,Weekly-Average-Prices-July-6-12-2026.pdf
"July 6, 2026","July 12, 2026",Lettuce (Iceberg) Medium (301-450 cm diameter/bunch hd),kg,205.37,Weekly-Average-Prices-July-6-12-2026.pdf
"July 6, 2026","July 12, 2026",Lettuce (Romaine),kg,257.98,Weekly-Average-Prices-July-6-12-2026.pdf
"July 6, 2026","July 12, 2026","White Potato, Local 10-12 pcs/kg",kg,125.97,Weekly-Average-Prices-July-6-12-2026.pdf
"July 6, 2026","July 12, 2026","Chilli (Red), Local Tingala",kg,187.17,Weekly-Average-Prices-July-6-12-2026.pdf
"July 6, 2026","July 12, 2026","Garlic, Native/Local",kg,349.57,Weekly-Average-Prices-July-6-12-2026.pdf
"July 6, 2026","July 12, 2026","Garlic, Imported",kg,148.35,Weekly-Average-Prices-July-6-12-2026.pdf
"July 6, 2026","July 12, 2026","Ginger, Local Fairly well-matured, Medium (150-300 gm)",kg,174.83,Weekly-Average-Prices-July-6-12-2026.pdf
"July 6, 2026","July 12, 2026","Red Onion, Local 13-15 pcs/kg",kg,106.94,Weekly-Average-Prices-July-6-12-2026.pdf
"July 6, 2026","July 12, 2026","Red Onion, Imported",kg,88.0,Weekly-Average-Prices-July-6-12-2026.pdf
"July 6, 2026","July 12, 2026","White Onion, Local",kg,102.4,Weekly-Average-Prices-July-6-12-2026.pdf
"July 6, 2026","July 12, 2026","White Onion, Imported",kg,135.71,Weekly-Average-Prices-July-6-12-2026.pdf
"July 6, 2026","July 12, 2026",Avocado,kg,187.72,Weekly-Average-Prices-July-6-12-2026.pdf
"July 6, 2026","July 12, 2026",Banana (Lakatan) 8-10 pcs/kg,kg,96.07,Weekly-Average-Prices-July-6-12-2026.pdf
"July 6, 2026","July 12, 2026",Banana (Latundan) 10-12 pcs/kg,kg,75.77,Weekly-Average-Prices-July-6-12-2026.pdf
"July 6, 2026","July 12, 2026",Banana (Saba),kg,62.19,Weekly-Average-Prices-July-6-12-2026.pdf
"July 6, 2026","July 12, 2026",Calamansi,kg,113.16,Weekly-Average-Prices-July-6-12-2026.pdf
"July 6, 2026","July 12, 2026","Mango (Carabao) Ripe, 3-4 pcs/kg",kg,145.31,Weekly-Average-Prices-July-6-12-2026.pdf
"July 6, 2026","July 12, 2026",Melon,kg,102.09,Weekly-Average-Prices-July-6-12-2026.pdf
"July 6, 2026","July 12, 2026","Papaya Solo, Ripe, 2-3 pcs/kg",kg,76.96,Weekly-Average-Prices-July-6-12-2026.pdf
"July 6, 2026","July 12, 2026",Pomelo,kg,176.94,Weekly-Average-Prices-July-6-12-2026.pdf
"July 6, 2026","July 12, 2026",Watermelon,kg,76.61,Weekly-Average-Prices-July-6-12-2026.pdf
"July 6, 2026","July 12, 2026",Salt (Rock),kg,22.3,Weekly-Average-Prices-July-6-12-2026.pdf
"July 6, 2026","July 12, 2026",Salt (Iodized),kg,41.73,Weekly-Average-Prices-July-6-12-2026.pdf
"July 6, 2026","July 12, 2026",Sugar (Refined),kg,81.36,Weekly-Average-Prices-July-6-12-2026.pdf
"July 6, 2026","July 12, 2026",Sugar (Washed),kg,74.42,Weekly-Average-Prices-July-6-12-2026.pdf
"July 6, 2026","July 12, 2026",Sugar (Brown),kg,72.41,Weekly-Average-Prices-July-6-12-2026.pdf
"July 6, 2026","July 12, 2026",Cooking Oil (Palm) 350 ml/bottle,ml,39.37,Weekly-Average-Prices-July-6-12-2026.pdf
"July 6, 2026","July 12, 2026",Cooking Oil (Palm) 1 Liter/bottle,L,100.37,Weekly-Average-Prices-July-6-12-2026.pdf
"July 6, 2026","July 12, 2026",Cooking Oil (Coconut) 350 ml/bottle,ml,60.76,Weekly-Average-Prices-July-6-12-2026.pdf
"July 6, 2026","July 12, 2026",Cooking Oil (Coconut) 1 Liter/bottle,L,160.42,Weekly-Average-Prices-July-6-12-2026.pdf
"June 1, 2026","June 6, 2026",P20 Benteng Bigas Meron Naᵃ,kg,20.0,Weekly-Average-Prices-June-1-6-2026.pdf
"June 1, 2026","June 6, 2026",Basmati,kg,210.0,Weekly-Average-Prices-June-1-6-2026.pdf
"June 1, 2026","June 6, 2026",Glutinous,kg,61.12,Weekly-Average-Prices-June-1-6-2026.pdf
"June 1, 2026","June 6, 2026",Japonica/Jasponica,kg,62.88,Weekly-Average-Prices-June-1-6-2026.pdf
"June 1, 2026","June 6, 2026",Other Special Rice White Rice,kg,59.73,Weekly-Average-Prices-June-1-6-2026.pdf
"June 1, 2026","June 6, 2026",Premium 5% broken,kg,50.94,Weekly-Average-Prices-June-1-6-2026.pdf
"June 1, 2026","June 6, 2026",Well Milled 1-19% bran streak,kg,48.01,Weekly-Average-Prices-June-1-6-2026.pdf
"June 1, 2026","June 6, 2026",Regular Milled 20-40% bran streak,kg,42.5,Weekly-Average-Prices-June-1-6-2026.pdf
"June 1, 2026","June 6, 2026",Basmati kg - Glutinous,kg,76.69,Weekly-Average-Prices-June-1-6-2026.pdf
"June 1, 2026","June 6, 2026",Japonica/Jasponica kg - Other Special Rice White Rice,kg,60.16,Weekly-Average-Prices-June-1-6-2026.pdf
"June 1, 2026","June 6, 2026",Premium 5% broken,kg,54.78,Weekly-Average-Prices-June-1-6-2026.pdf
"June 1, 2026","June 6, 2026",Well Milled 1-19% bran streak,kg,49.67,Weekly-Average-Prices-June-1-6-2026.pdf
"June 1, 2026","June 6, 2026",Regular Milled 20-40% bran streak,kg,44.88,Weekly-Average-Prices-June-1-6-2026.pdf
"June 1, 2026","June 6, 2026","Corn (White) Cob, Glutinous",kg,78.26,Weekly-Average-Prices-June-1-6-2026.pdf
"June 1, 2026","June 6, 2026","Corn (Yellow) Cob, Sweet Corn",kg,74.37,Weekly-Average-Prices-June-1-6-2026.pdf
"June 1, 2026","June 6, 2026","Corn Grits (White, Food Grade)",kg,102.5,Weekly-Average-Prices-June-1-6-2026.pdf
"June 1, 2026","June 6, 2026","Corn Grits (Yellow, Food Grade)",kg,102.5,Weekly-Average-Prices-June-1-6-2026.pdf
"June 1, 2026","June 6, 2026","Corn Cracked (Yellow, Feed Grade)",kg,49.21,Weekly-Average-Prices-June-1-6-2026.pdf
"June 1, 2026","June 6, 2026",Corn Grits (Feed Grade),kg,46.7,Weekly-Average-Prices-June-1-6-2026.pdf
"June 1, 2026","June 6, 2026",Mungbean,kg,148.56,Weekly-Average-Prices-June-1-6-2026.pdf
"June 1, 2026","June 6, 2026",Alumahan (Indian Mackerel) Medium (4-6 pcs/kg),kg,319.59,Weekly-Average-Prices-June-1-6-2026.pdf
"June 1, 2026","June 6, 2026","Bangus, Large Large (1-2 pcs)",kg,249.05,Weekly-Average-Prices-June-1-6-2026.pdf
"June 1, 2026","June 6, 2026","Bangus, Medium Medium (3-4 pcs/kg)",kg,228.72,Weekly-Average-Prices-June-1-6-2026.pdf
"June 1, 2026","June 6, 2026","Bonito (Frigate Tuna) kg - Galunggong, Local Male, Medium (12-14 pcs/kg)",kg,244.15,Weekly-Average-Prices-June-1-6-2026.pdf
"June 1, 2026","June 6, 2026","Galunggong, Imported Male, Medium (12-14 pcs/kg) kg - Salmon Belly, Local kg - Sardines (Tamban)",kg,137.73,Weekly-Average-Prices-June-1-6-2026.pdf
"June 1, 2026","June 6, 2026","Squid (Pusit Bisaya), Local Medium",kg,454.62,Weekly-Average-Prices-June-1-6-2026.pdf
"June 1, 2026","June 6, 2026","Tambakol (Yellow-Fin Tuna), Local Medium, Fresh or Chilled",kg,294.4,Weekly-Average-Prices-June-1-6-2026.pdf
"June 1, 2026","June 6, 2026",Tilapia Medium (5-6 pcs/kg),kg,154.27,Weekly-Average-Prices-June-1-6-2026.pdf
"June 1, 2026","June 6, 2026","BEEF PRODUCTS Beef Brisket, Local Meat with Bones",kg,444.82,Weekly-Average-Prices-June-1-6-2026.pdf
"June 1, 2026","June 6, 2026","Beef Rump, Local Lean Meat/ Tapadera",kg,495.43,Weekly-Average-Prices-June-1-6-2026.pdf
"June 1, 2026","June 6, 2026","Pork Belly (Liempo), Local",kg,397.21,Weekly-Average-Prices-June-1-6-2026.pdf
"June 1, 2026","June 6, 2026","Pork Belly (Liempo), Imported",kg,312.13,Weekly-Average-Prices-June-1-6-2026.pdf
"June 1, 2026","June 6, 2026","Pork Picnic Shoulder (Kasim), Local",kg,344.11,Weekly-Average-Prices-June-1-6-2026.pdf
"June 1, 2026","June 6, 2026","Pork Picnic Shoulder (Kasim), Imported",kg,252.54,Weekly-Average-Prices-June-1-6-2026.pdf
"June 1, 2026","June 6, 2026","Whole Chicken, Local Fully Dressed",kg,202.89,Weekly-Average-Prices-June-1-6-2026.pdf
"June 1, 2026","June 6, 2026","Chicken Egg (White, Pewee) 41-45 grams/pc",pc,5.96,Weekly-Average-Prices-June-1-6-2026.pdf
"June 1, 2026","June 6, 2026","Chicken Egg (White, Extra Small) 46-50 grams/pc",pc,6.48,Weekly-Average-Prices-June-1-6-2026.pdf
"June 1, 2026","June 6, 2026","Chicken Egg (White, Small) 51-55 grams/pc",pc,7.23,Weekly-Average-Prices-June-1-6-2026.pdf
"June 1, 2026","June 6, 2026","Chicken Egg (White, Medium) 56-60 grams/pc",pc,7.97,Weekly-Average-Prices-June-1-6-2026.pdf
"June 1, 2026","June 6, 2026","Chicken Egg (White, Large) 61-65 grams/pc",pc,8.58,Weekly-Average-Prices-June-1-6-2026.pdf
"June 1, 2026","June 6, 2026","Chicken Egg (White, Extra Large) 66-70 grams/pc",pc,9.14,Weekly-Average-Prices-June-1-6-2026.pdf
"June 1, 2026","June 6, 2026","Chicken Egg (White, Jumbo) 71> grams/pc",pc,9.81,Weekly-Average-Prices-June-1-6-2026.pdf
"June 1, 2026","June 6, 2026","Chicken Egg (Brown, Medium) Medium",pc,10.96,Weekly-Average-Prices-June-1-6-2026.pdf
"June 1, 2026","June 6, 2026","Chicken Egg (Brown, Large) Large",pc,12.31,Weekly-Average-Prices-June-1-6-2026.pdf
"June 1, 2026","June 6, 2026","Chicken Egg (Brown, Extra Large) Extra Large",pc,11.57,Weekly-Average-Prices-June-1-6-2026.pdf
"June 1, 2026","June 6, 2026",Ampalaya 4-5 pcs/kg,kg,133.19,Weekly-Average-Prices-June-1-6-2026.pdf
"June 1, 2026","June 6, 2026","Chilli (Green), Local Haba/Panigang",kg,124.94,Weekly-Average-Prices-June-1-6-2026.pdf
"June 1, 2026","June 6, 2026",Eggplant 3-4 Small Bundles,kg,86.93,Weekly-Average-Prices-June-1-6-2026.pdf
"June 1, 2026","June 6, 2026",Native Pechay 3-4 Small Bundles,kg,101.46,Weekly-Average-Prices-June-1-6-2026.pdf
"June 1, 2026","June 6, 2026",Pole Sitao 3-4 Small Bundles,kg,120.51,Weekly-Average-Prices-June-1-6-2026.pdf
"June 1, 2026","June 6, 2026",Squash Suprema Variety,kg,63.57,Weekly-Average-Prices-June-1-6-2026.pdf
"June 1, 2026","June 6, 2026",Tomato 15-18 pcs/kg,kg,67.67,Weekly-Average-Prices-June-1-6-2026.pdf
"June 1, 2026","June 6, 2026","Bell Pepper (Green), Local Medium (151-250gm/pc)",kg,257.98,Weekly-Average-Prices-June-1-6-2026.pdf
"June 1, 2026","June 6, 2026","Bell Pepper (Red), Local Medium (151-250gm/pc)",kg,240.1,Weekly-Average-Prices-June-1-6-2026.pdf
"June 1, 2026","June 6, 2026","Broccoli, Local Medium (8-10 cm diameter/bunch hd)",kg,181.0,Weekly-Average-Prices-June-1-6-2026.pdf
"June 1, 2026","June 6, 2026","Cauliflower, Local Medium (8-10 cm diameter/bunch hd)",kg,132.69,Weekly-Average-Prices-June-1-6-2026.pdf
"June 1, 2026","June 6, 2026",Cabbage (Rare Ball) 510 gm - 1 kg/head,kg,64.08,Weekly-Average-Prices-June-1-6-2026.pdf
"June 1, 2026","June 6, 2026",Cabbage (Scorpio) 750 gm - 1 kg/head,kg,67.43,Weekly-Average-Prices-June-1-6-2026.pdf
"June 1, 2026","June 6, 2026",Cabbage (Wonder Ball) 510 gm - 1 kg/head,kg,59.45,Weekly-Average-Prices-June-1-6-2026.pdf
"June 1, 2026","June 6, 2026","Carrots, Local 8-10 pcs/kg",kg,132.52,Weekly-Average-Prices-June-1-6-2026.pdf
"June 1, 2026","June 6, 2026",Celery Medium (501-800 g),kg,143.91,Weekly-Average-Prices-June-1-6-2026.pdf
"June 1, 2026","June 6, 2026",Chayote Medium (301-400 g),kg,88.99,Weekly-Average-Prices-June-1-6-2026.pdf
"June 1, 2026","June 6, 2026","Habichuelas/Baguio Beans, Local",kg,154.42,Weekly-Average-Prices-June-1-6-2026.pdf
"June 1, 2026","June 6, 2026",Pechay Baguio,kg,77.42,Weekly-Average-Prices-June-1-6-2026.pdf
"June 1, 2026","June 6, 2026",Lettuce (Green Ice),kg,204.95,Weekly-Average-Prices-June-1-6-2026.pdf
"June 1, 2026","June 6, 2026",Lettuce (Iceberg) Medium (301-450 cm diameter/bunch hd),kg,193.73,Weekly-Average-Prices-June-1-6-2026.pdf
"June 1, 2026","June 6, 2026",Lettuce (Romaine),kg,234.04,Weekly-Average-Prices-June-1-6-2026.pdf
"June 1, 2026","June 6, 2026","White Potato, Local 10-12 pcs/kg",kg,102.99,Weekly-Average-Prices-June-1-6-2026.pdf
"June 1, 2026","June 6, 2026","Chilli (Red), Local Tingala",kg,143.06,Weekly-Average-Prices-June-1-6-2026.pdf
"June 1, 2026","June 6, 2026","Garlic, Native/Local",kg,403.85,Weekly-Average-Prices-June-1-6-2026.pdf
"June 1, 2026","June 6, 2026","Garlic, Imported",kg,146.22,Weekly-Average-Prices-June-1-6-2026.pdf
"June 1, 2026","June 6, 2026","Ginger, Local Fairly well-matured, Medium (150-300 gm)",kg,173.11,Weekly-Average-Prices-June-1-6-2026.pdf
"June 1, 2026","June 6, 2026","Red Onion, Local 13-15 pcs/kg",kg,104.07,Weekly-Average-Prices-June-1-6-2026.pdf
"June 1, 2026","June 6, 2026","Red Onion, Imported",kg,90.0,Weekly-Average-Prices-June-1-6-2026.pdf
"June 1, 2026","June 6, 2026","White Onion, Local",kg,98.03,Weekly-Average-Prices-June-1-6-2026.pdf
"June 1, 2026","June 6, 2026","White Onion, Imported",kg,103.0,Weekly-Average-Prices-June-1-6-2026.pdf
"June 1, 2026","June 6, 2026",Avocado,kg,226.41,Weekly-Average-Prices-June-1-6-2026.pdf
"June 1, 2026","June 6, 2026",Banana (Lakatan) 8-10 pcs/kg,kg,98.44,Weekly-Average-Prices-June-1-6-2026.pdf
"June 1, 2026","June 6, 2026",Banana (Latundan) 10-12 pcs/kg,kg,75.19,Weekly-Average-Prices-June-1-6-2026.pdf
"June 1, 2026","June 6, 2026",Banana (Saba),kg,59.08,Weekly-Average-Prices-June-1-6-2026.pdf
"June 1, 2026","June 6, 2026",Calamansi,kg,124.24,Weekly-Average-Prices-June-1-6-2026.pdf
"June 1, 2026","June 6, 2026","Mango (Carabao) Ripe, 3-4 pcs/kg",kg,145.99,Weekly-Average-Prices-June-1-6-2026.pdf
"June 1, 2026","June 6, 2026",Melon,kg,102.34,Weekly-Average-Prices-June-1-6-2026.pdf
"June 1, 2026","June 6, 2026","Papaya Solo, Ripe, 2-3 pcs/kg",kg,73.41,Weekly-Average-Prices-June-1-6-2026.pdf
"June 1, 2026","June 6, 2026",Pomelo,kg,177.76,Weekly-Average-Prices-June-1-6-2026.pdf
"June 1, 2026","June 6, 2026",Watermelon,kg,75.16,Weekly-Average-Prices-June-1-6-2026.pdf
"June 1, 2026","June 6, 2026",Salt (Rock),kg,21.59,Weekly-Average-Prices-June-1-6-2026.pdf
"June 1, 2026","June 6, 2026",Salt (Iodized),kg,41.96,Weekly-Average-Prices-June-1-6-2026.pdf
"June 1, 2026","June 6, 2026",Sugar (Refined),kg,82.21,Weekly-Average-Prices-June-1-6-2026.pdf
"June 1, 2026","June 6, 2026",Sugar (Washed),kg,75.32,Weekly-Average-Prices-June-1-6-2026.pdf
"June 1, 2026","June 6, 2026",Sugar (Brown),kg,73.13,Weekly-Average-Prices-June-1-6-2026.pdf
"June 1, 2026","June 6, 2026",Cooking Oil (Palm) 350 ml/bottle,ml,39.06,Weekly-Average-Prices-June-1-6-2026.pdf
"June 1, 2026","June 6, 2026",Cooking Oil (Palm) 1 Liter/bottle,L,98.6,Weekly-Average-Prices-June-1-6-2026.pdf
"June 1, 2026","June 6, 2026",Cooking Oil (Coconut) 350 ml/bottle,ml,60.22,Weekly-Average-Prices-June-1-6-2026.pdf
"June 1, 2026","June 6, 2026",Cooking Oil (Coconut) 1 Liter/bottle,L,162.09,Weekly-Average-Prices-June-1-6-2026.pdf
"June 15, 2026","June 20, 2026",P20 Benteng Bigas Meron Naᵃ,kg,20.0,Weekly-Average-Prices-June-15-20-2026.pdf
"June 15, 2026","June 20, 2026",Basmati,kg,195.52,Weekly-Average-Prices-June-15-20-2026.pdf
"June 15, 2026","June 20, 2026",Glutinous,kg,61.12,Weekly-Average-Prices-June-15-20-2026.pdf
"June 15, 2026","June 20, 2026",Japonica/Jasponica,kg,62.65,Weekly-Average-Prices-June-15-20-2026.pdf
"June 15, 2026","June 20, 2026",Other Special Rice White Rice,kg,59.65,Weekly-Average-Prices-June-15-20-2026.pdf
"June 15, 2026","June 20, 2026",Premium 5% broken,kg,50.67,Weekly-Average-Prices-June-15-20-2026.pdf
"June 15, 2026","June 20, 2026",Well Milled 1-19% bran streak,kg,47.92,Weekly-Average-Prices-June-15-20-2026.pdf
"June 15, 2026","June 20, 2026",Basmati kg - Glutinous,kg,77.15,Weekly-Average-Prices-June-15-20-2026.pdf
"June 15, 2026","June 20, 2026",Japonica/Jasponica kg - Other Special Rice White Rice,kg,59.99,Weekly-Average-Prices-June-15-20-2026.pdf
"June 15, 2026","June 20, 2026",Premium 5% broken,kg,54.53,Weekly-Average-Prices-June-15-20-2026.pdf
"June 15, 2026","June 20, 2026",Well Milled 1-19% bran streak,kg,49.31,Weekly-Average-Prices-June-15-20-2026.pdf
"June 15, 2026","June 20, 2026",Regular Milled 20-40% bran streak,kg,44.77,Weekly-Average-Prices-June-15-20-2026.pdf
"June 15, 2026","June 20, 2026","Corn (White) Cob, Glutinous",kg,90.55,Weekly-Average-Prices-June-15-20-2026.pdf
"June 15, 2026","June 20, 2026","Corn (Yellow) Cob, Sweet Corn",kg,80.56,Weekly-Average-Prices-June-15-20-2026.pdf
"June 15, 2026","June 20, 2026","Corn Grits (White, Food Grade)",kg,104.09,Weekly-Average-Prices-June-15-20-2026.pdf
"June 15, 2026","June 20, 2026","Corn Grits (Yellow, Food Grade)",kg,104.09,Weekly-Average-Prices-June-15-20-2026.pdf
"June 15, 2026","June 20, 2026","Corn Cracked (Yellow, Feed Grade)",kg,47.33,Weekly-Average-Prices-June-15-20-2026.pdf
"June 15, 2026","June 20, 2026",Corn Grits (Feed Grade),kg,45.5,Weekly-Average-Prices-June-15-20-2026.pdf
"June 15, 2026","June 20, 2026",Mungbean,kg,145.62,Weekly-Average-Prices-June-15-20-2026.pdf
"June 15, 2026","June 20, 2026",Alumahan (Indian Mackerel) Medium (4-6 pcs/kg),kg,305.71,Weekly-Average-Prices-June-15-20-2026.pdf
"June 15, 2026","June 20, 2026","Bangus, Large Large (1-2 pcs)",kg,249.48,Weekly-Average-Prices-June-15-20-2026.pdf
"June 15, 2026","June 20, 2026","Bangus, Medium Medium (3-4 pcs/kg)",kg,228.37,Weekly-Average-Prices-June-15-20-2026.pdf
"June 15, 2026","June 20, 2026",Bonito (Frigate Tuna),kg,280.0,Weekly-Average-Prices-June-15-20-2026.pdf
"June 15, 2026","June 20, 2026","Galunggong, Local Male, Medium (12-14 pcs/kg)",kg,226.88,Weekly-Average-Prices-June-15-20-2026.pdf
"June 15, 2026","June 20, 2026","Galunggong, Imported Male, Medium (12-14 pcs/kg) kg - Salmon Belly, Local kg - Sardines (Tamban)",kg,154.39,Weekly-Average-Prices-June-15-20-2026.pdf
"June 15, 2026","June 20, 2026","Squid (Pusit Bisaya), Local Medium",kg,442.72,Weekly-Average-Prices-June-15-20-2026.pdf
"June 15, 2026","June 20, 2026","Tambakol (Yellow-Fin Tuna), Local Medium, Fresh or Chilled",kg,296.82,Weekly-Average-Prices-June-15-20-2026.pdf
"June 15, 2026","June 20, 2026",Tilapia Medium (5-6 pcs/kg),kg,155.93,Weekly-Average-Prices-June-15-20-2026.pdf
"June 15, 2026","June 20, 2026","BEEF PRODUCTS Beef Brisket, Local Meat with Bones",kg,445.34,Weekly-Average-Prices-June-15-20-2026.pdf
"June 15, 2026","June 20, 2026","Beef Rump, Local Lean Meat/ Tapadera",kg,496.5,Weekly-Average-Prices-June-15-20-2026.pdf
"June 15, 2026","June 20, 2026","Pork Belly (Liempo), Local",kg,393.59,Weekly-Average-Prices-June-15-20-2026.pdf
"June 15, 2026","June 20, 2026","Pork Belly (Liempo), Imported",kg,311.19,Weekly-Average-Prices-June-15-20-2026.pdf
"June 15, 2026","June 20, 2026","Pork Picnic Shoulder (Kasim), Local",kg,339.86,Weekly-Average-Prices-June-15-20-2026.pdf
"June 15, 2026","June 20, 2026","Pork Picnic Shoulder (Kasim), Imported",kg,249.87,Weekly-Average-Prices-June-15-20-2026.pdf
"June 15, 2026","June 20, 2026","Whole Chicken, Local Fully Dressed",kg,204.38,Weekly-Average-Prices-June-15-20-2026.pdf
"June 15, 2026","June 20, 2026","Chicken Egg (White, Pewee) 41-45 grams/pc",pc,6.01,Weekly-Average-Prices-June-15-20-2026.pdf
"June 15, 2026","June 20, 2026","Chicken Egg (White, Extra Small) 46-50 grams/pc",pc,6.55,Weekly-Average-Prices-June-15-20-2026.pdf
"June 15, 2026","June 20, 2026","Chicken Egg (White, Small) 51-55 grams/pc",pc,7.28,Weekly-Average-Prices-June-15-20-2026.pdf
"June 15, 2026","June 20, 2026","Chicken Egg (White, Medium) 56-60 grams/pc",pc,7.97,Weekly-Average-Prices-June-15-20-2026.pdf
"June 15, 2026","June 20, 2026","Chicken Egg (White, Large) 61-65 grams/pc",pc,8.58,Weekly-Average-Prices-June-15-20-2026.pdf
"June 15, 2026","June 20, 2026","Chicken Egg (White, Extra Large) 66-70 grams/pc",pc,9.16,Weekly-Average-Prices-June-15-20-2026.pdf
"June 15, 2026","June 20, 2026","Chicken Egg (White, Jumbo) 71> grams/pc",pc,9.73,Weekly-Average-Prices-June-15-20-2026.pdf
"June 15, 2026","June 20, 2026","Chicken Egg (Brown, Medium) Medium",pc,11.0,Weekly-Average-Prices-June-15-20-2026.pdf
"June 15, 2026","June 20, 2026","Chicken Egg (Brown, Large) Large",pc,12.3,Weekly-Average-Prices-June-15-20-2026.pdf
"June 15, 2026","June 20, 2026","Chicken Egg (Brown, Extra Large) Extra Large",pc,11.9,Weekly-Average-Prices-June-15-20-2026.pdf
"June 15, 2026","June 20, 2026",Ampalaya 4-5 pcs/kg,kg,141.18,Weekly-Average-Prices-June-15-20-2026.pdf
"June 15, 2026","June 20, 2026","Chilli (Green), Local Haba/Panigang",kg,122.64,Weekly-Average-Prices-June-15-20-2026.pdf
"June 15, 2026","June 20, 2026",Eggplant 3-4 Small Bundles,kg,88.99,Weekly-Average-Prices-June-15-20-2026.pdf
"June 15, 2026","June 20, 2026",Native Pechay 3-4 Small Bundles,kg,124.38,Weekly-Average-Prices-June-15-20-2026.pdf
"June 15, 2026","June 20, 2026",Pole Sitao 3-4 Small Bundles,kg,135.34,Weekly-Average-Prices-June-15-20-2026.pdf
"June 15, 2026","June 20, 2026",Squash Suprema Variety,kg,65.88,Weekly-Average-Prices-June-15-20-2026.pdf
"June 15, 2026","June 20, 2026",Tomato 15-18 pcs/kg,kg,71.85,Weekly-Average-Prices-June-15-20-2026.pdf
"June 15, 2026","June 20, 2026","Bell Pepper (Green), Local Medium (151-250gm/pc)",kg,284.14,Weekly-Average-Prices-June-15-20-2026.pdf
"June 15, 2026","June 20, 2026","Bell Pepper (Red), Local Medium (151-250gm/pc)",kg,243.27,Weekly-Average-Prices-June-15-20-2026.pdf
"June 15, 2026","June 20, 2026","Broccoli, Local Medium (8-10 cm diameter/bunch hd)",kg,203.89,Weekly-Average-Prices-June-15-20-2026.pdf
"June 15, 2026","June 20, 2026","Cauliflower, Local Medium (8-10 cm diameter/bunch hd)",kg,177.38,Weekly-Average-Prices-June-15-20-2026.pdf
"June 15, 2026","June 20, 2026",Cabbage (Rare Ball) 510 gm - 1 kg/head,kg,74.47,Weekly-Average-Prices-June-15-20-2026.pdf
"June 15, 2026","June 20, 2026",Cabbage (Scorpio) 750 gm - 1 kg/head,kg,78.2,Weekly-Average-Prices-June-15-20-2026.pdf
"June 15, 2026","June 20, 2026",Cabbage (Wonder Ball) 510 gm - 1 kg/head,kg,69.18,Weekly-Average-Prices-June-15-20-2026.pdf
"June 15, 2026","June 20, 2026","Carrots, Local 8-10 pcs/kg",kg,120.5,Weekly-Average-Prices-June-15-20-2026.pdf
"June 15, 2026","June 20, 2026",Celery Medium (501-800 g),kg,146.02,Weekly-Average-Prices-June-15-20-2026.pdf
"June 15, 2026","June 20, 2026",Chayote Medium (301-400 g),kg,83.42,Weekly-Average-Prices-June-15-20-2026.pdf
"June 15, 2026","June 20, 2026","Habichuelas/Baguio Beans, Local",kg,173.05,Weekly-Average-Prices-June-15-20-2026.pdf
"June 15, 2026","June 20, 2026",Pechay Baguio,kg,83.2,Weekly-Average-Prices-June-15-20-2026.pdf
"June 15, 2026","June 20, 2026",Lettuce (Green Ice),kg,230.07,Weekly-Average-Prices-June-15-20-2026.pdf
"June 15, 2026","June 20, 2026",Lettuce (Iceberg) Medium (301-450 cm diameter/bunch hd),kg,218.1,Weekly-Average-Prices-June-15-20-2026.pdf
"June 15, 2026","June 20, 2026",Lettuce (Romaine),kg,281.34,Weekly-Average-Prices-June-15-20-2026.pdf
"June 15, 2026","June 20, 2026","White Potato, Local 10-12 pcs/kg",kg,121.72,Weekly-Average-Prices-June-15-20-2026.pdf
"June 15, 2026","June 20, 2026","Chilli (Red), Local Tingala",kg,201.24,Weekly-Average-Prices-June-15-20-2026.pdf
"June 15, 2026","June 20, 2026","Garlic, Native/Local",kg,393.33,Weekly-Average-Prices-June-15-20-2026.pdf
"June 15, 2026","June 20, 2026","Garlic, Imported",kg,146.81,Weekly-Average-Prices-June-15-20-2026.pdf
"June 15, 2026","June 20, 2026","Ginger, Local Fairly well-matured, Medium (150-300 gm)",kg,176.63,Weekly-Average-Prices-June-15-20-2026.pdf
"June 15, 2026","June 20, 2026","Red Onion, Local 13-15 pcs/kg",kg,106.56,Weekly-Average-Prices-June-15-20-2026.pdf
"June 15, 2026","June 20, 2026","Red Onion, Imported",kg,88.57,Weekly-Average-Prices-June-15-20-2026.pdf
"June 15, 2026","June 20, 2026","White Onion, Local",kg,99.7,Weekly-Average-Prices-June-15-20-2026.pdf
"June 15, 2026","June 20, 2026",Avocado,kg,222.02,Weekly-Average-Prices-June-15-20-2026.pdf
"June 15, 2026","June 20, 2026",Banana (Lakatan) 8-10 pcs/kg,kg,98.51,Weekly-Average-Prices-June-15-20-2026.pdf
"June 15, 2026","June 20, 2026",Banana (Latundan) 10-12 pcs/kg,kg,75.4,Weekly-Average-Prices-June-15-20-2026.pdf
"June 15, 2026","June 20, 2026",Banana (Saba),kg,60.21,Weekly-Average-Prices-June-15-20-2026.pdf
"June 15, 2026","June 20, 2026",Calamansi,kg,118.92,Weekly-Average-Prices-June-15-20-2026.pdf
"June 15, 2026","June 20, 2026","Mango (Carabao) Ripe, 3-4 pcs/kg",kg,140.88,Weekly-Average-Prices-June-15-20-2026.pdf
"June 15, 2026","June 20, 2026",Melon,kg,103.75,Weekly-Average-Prices-June-15-20-2026.pdf
"June 15, 2026","June 20, 2026","Papaya Solo, Ripe, 2-3 pcs/kg",kg,73.72,Weekly-Average-Prices-June-15-20-2026.pdf
"June 15, 2026","June 20, 2026",Pomelo,kg,179.38,Weekly-Average-Prices-June-15-20-2026.pdf
"June 15, 2026","June 20, 2026",Watermelon,kg,75.46,Weekly-Average-Prices-June-15-20-2026.pdf
"June 15, 2026","June 20, 2026",Salt (Rock),kg,21.71,Weekly-Average-Prices-June-15-20-2026.pdf
"June 15, 2026","June 20, 2026",Salt (Iodized),kg,41.96,Weekly-Average-Prices-June-15-20-2026.pdf
"June 15, 2026","June 20, 2026",Sugar (Refined),kg,82.08,Weekly-Average-Prices-June-15-20-2026.pdf
"June 15, 2026","June 20, 2026",Sugar (Washed),kg,75.11,Weekly-Average-Prices-June-15-20-2026.pdf
"June 15, 2026","June 20, 2026",Sugar (Brown),kg,73.1,Weekly-Average-Prices-June-15-20-2026.pdf
"June 15, 2026","June 20, 2026",Cooking Oil (Palm) 350 ml/bottle,ml,39.27,Weekly-Average-Prices-June-15-20-2026.pdf
"June 15, 2026","June 20, 2026",Cooking Oil (Palm) 1 Liter/bottle,L,99.27,Weekly-Average-Prices-June-15-20-2026.pdf
"June 15, 2026","June 20, 2026",Cooking Oil (Coconut) 350 ml/bottle,ml,60.51,Weekly-Average-Prices-June-15-20-2026.pdf
"June 15, 2026","June 20, 2026",Cooking Oil (Coconut) 1 Liter/bottle,L,162.35,Weekly-Average-Prices-June-15-20-2026.pdf
"June 22, 2026","June 27, 2026",P20 Benteng Bigas Meron Naᵃ,kg,20.0,Weekly-Average-Prices-June-22-27-2026.pdf
"June 22, 2026","June 27, 2026",Basmati,kg,194.29,Weekly-Average-Prices-June-22-27-2026.pdf
"June 22, 2026","June 27, 2026",Glutinous,kg,61.46,Weekly-Average-Prices-June-22-27-2026.pdf
"June 22, 2026","June 27, 2026",Japonica/Jasponica,kg,61.37,Weekly-Average-Prices-June-22-27-2026.pdf
"June 22, 2026","June 27, 2026",Other Special Rice White Rice,kg,59.57,Weekly-Average-Prices-June-22-27-2026.pdf
"June 22, 2026","June 27, 2026",Premium 5% broken,kg,50.6,Weekly-Average-Prices-June-22-27-2026.pdf
"June 22, 2026","June 27, 2026",Well Milled 1-19% bran streak,kg,47.98,Weekly-Average-Prices-June-22-27-2026.pdf
"June 22, 2026","June 27, 2026",Regular Milled 20-40% bran streak,kg,49.2,Weekly-Average-Prices-June-22-27-2026.pdf
"June 22, 2026","June 27, 2026",Basmati kg - Glutinous,kg,78.71,Weekly-Average-Prices-June-22-27-2026.pdf
"June 22, 2026","June 27, 2026",Japonica/Jasponica kg - Other Special Rice White Rice,kg,59.78,Weekly-Average-Prices-June-22-27-2026.pdf
"June 22, 2026","June 27, 2026",Premium 5% broken,kg,54.28,Weekly-Average-Prices-June-22-27-2026.pdf
"June 22, 2026","June 27, 2026",Well Milled 1-19% bran streak,kg,49.31,Weekly-Average-Prices-June-22-27-2026.pdf
"June 22, 2026","June 27, 2026",Regular Milled 20-40% bran streak,kg,44.94,Weekly-Average-Prices-June-22-27-2026.pdf
"June 22, 2026","June 27, 2026","Corn (White) Cob, Glutinous",kg,94.63,Weekly-Average-Prices-June-22-27-2026.pdf
"June 22, 2026","June 27, 2026","Corn (Yellow) Cob, Sweet Corn",kg,83.99,Weekly-Average-Prices-June-22-27-2026.pdf
"June 22, 2026","June 27, 2026","Corn Grits (White, Food Grade)",kg,78.68,Weekly-Average-Prices-June-22-27-2026.pdf
"June 22, 2026","June 27, 2026","Corn Grits (Yellow, Food Grade)",kg,85.0,Weekly-Average-Prices-June-22-27-2026.pdf
"June 22, 2026","June 27, 2026","Corn Cracked (Yellow, Feed Grade)",kg,45.33,Weekly-Average-Prices-June-22-27-2026.pdf
"June 22, 2026","June 27, 2026",Corn Grits (Feed Grade),kg,45.62,Weekly-Average-Prices-June-22-27-2026.pdf
"June 22, 2026","June 27, 2026",Mungbean,kg,146.69,Weekly-Average-Prices-June-22-27-2026.pdf
"June 22, 2026","June 27, 2026",Alumahan (Indian Mackerel) Medium (4-6 pcs/kg),kg,289.58,Weekly-Average-Prices-June-22-27-2026.pdf
"June 22, 2026","June 27, 2026","Bangus, Large Large (1-2 pcs)",kg,249.86,Weekly-Average-Prices-June-22-27-2026.pdf
"June 22, 2026","June 27, 2026","Bangus, Medium Medium (3-4 pcs/kg)",kg,230.77,Weekly-Average-Prices-June-22-27-2026.pdf
"June 22, 2026","June 27, 2026","Bonito (Frigate Tuna) kg - Galunggong, Local Male, Medium (12-14 pcs/kg)",kg,219.22,Weekly-Average-Prices-June-22-27-2026.pdf
"June 22, 2026","June 27, 2026","Galunggong, Imported Male, Medium (12-14 pcs/kg) kg - Salmon Belly, Local kg - Sardines (Tamban)",kg,137.56,Weekly-Average-Prices-June-22-27-2026.pdf
"June 22, 2026","June 27, 2026","Squid (Pusit Bisaya), Local Medium",kg,443.46,Weekly-Average-Prices-June-22-27-2026.pdf
"June 22, 2026","June 27, 2026","Tambakol (Yellow-Fin Tuna), Local Medium, Fresh or Chilled",kg,273.72,Weekly-Average-Prices-June-22-27-2026.pdf
"June 22, 2026","June 27, 2026",Tilapia Medium (5-6 pcs/kg),kg,153.78,Weekly-Average-Prices-June-22-27-2026.pdf
"June 22, 2026","June 27, 2026","BEEF PRODUCTS Beef Brisket, Local Meat with Bones",kg,445.35,Weekly-Average-Prices-June-22-27-2026.pdf
"June 22, 2026","June 27, 2026","Beef Rump, Local Lean Meat/ Tapadera",kg,496.34,Weekly-Average-Prices-June-22-27-2026.pdf
"June 22, 2026","June 27, 2026","Pork Belly (Liempo), Local",kg,385.23,Weekly-Average-Prices-June-22-27-2026.pdf
"June 22, 2026","June 27, 2026","Pork Belly (Liempo), Imported",kg,308.79,Weekly-Average-Prices-June-22-27-2026.pdf
"June 22, 2026","June 27, 2026","Pork Picnic Shoulder (Kasim), Local",kg,331.24,Weekly-Average-Prices-June-22-27-2026.pdf
"June 22, 2026","June 27, 2026","Pork Picnic Shoulder (Kasim), Imported",kg,244.13,Weekly-Average-Prices-June-22-27-2026.pdf
"June 22, 2026","June 27, 2026","Whole Chicken, Local Fully Dressed",kg,203.95,Weekly-Average-Prices-June-22-27-2026.pdf
"June 22, 2026","June 27, 2026","Chicken Egg (White, Pewee) 41-45 grams/pc",pc,6.05,Weekly-Average-Prices-June-22-27-2026.pdf
"June 22, 2026","June 27, 2026","Chicken Egg (White, Extra Small) 46-50 grams/pc",pc,6.46,Weekly-Average-Prices-June-22-27-2026.pdf
"June 22, 2026","June 27, 2026","Chicken Egg (White, Small) 51-55 grams/pc",pc,7.16,Weekly-Average-Prices-June-22-27-2026.pdf
"June 22, 2026","June 27, 2026","Chicken Egg (White, Medium) 56-60 grams/pc",pc,7.92,Weekly-Average-Prices-June-22-27-2026.pdf
"June 22, 2026","June 27, 2026","Chicken Egg (White, Large) 61-65 grams/pc",pc,8.58,Weekly-Average-Prices-June-22-27-2026.pdf
"June 22, 2026","June 27, 2026","Chicken Egg (White, Extra Large) 66-70 grams/pc",pc,9.18,Weekly-Average-Prices-June-22-27-2026.pdf
"June 22, 2026","June 27, 2026","Chicken Egg (White, Jumbo) 71> grams/pc",pc,9.79,Weekly-Average-Prices-June-22-27-2026.pdf
"June 22, 2026","June 27, 2026","Chicken Egg (Brown, Medium) Medium",pc,10.66,Weekly-Average-Prices-June-22-27-2026.pdf
"June 22, 2026","June 27, 2026","Chicken Egg (Brown, Large) Large",pc,11.57,Weekly-Average-Prices-June-22-27-2026.pdf
"June 22, 2026","June 27, 2026","Chicken Egg (Brown, Extra Large) Extra Large",pc,10.0,Weekly-Average-Prices-June-22-27-2026.pdf
"June 22, 2026","June 27, 2026",Ampalaya 4-5 pcs/kg,kg,124.75,Weekly-Average-Prices-June-22-27-2026.pdf
"June 22, 2026","June 27, 2026","Chilli (Green), Local Haba/Panigang",kg,117.31,Weekly-Average-Prices-June-22-27-2026.pdf
"June 22, 2026","June 27, 2026",Eggplant 3-4 Small Bundles,kg,101.89,Weekly-Average-Prices-June-22-27-2026.pdf
"June 22, 2026","June 27, 2026",Native Pechay 3-4 Small Bundles,kg,113.91,Weekly-Average-Prices-June-22-27-2026.pdf
"June 22, 2026","June 27, 2026",Pole Sitao 3-4 Small Bundles,kg,112.81,Weekly-Average-Prices-June-22-27-2026.pdf
"June 22, 2026","June 27, 2026",Squash Suprema Variety,kg,67.05,Weekly-Average-Prices-June-22-27-2026.pdf
"June 22, 2026","June 27, 2026",Tomato 15-18 pcs/kg,kg,72.51,Weekly-Average-Prices-June-22-27-2026.pdf
"June 22, 2026","June 27, 2026","Bell Pepper (Green), Local Medium (151-250gm/pc)",kg,283.0,Weekly-Average-Prices-June-22-27-2026.pdf
"June 22, 2026","June 27, 2026","Bell Pepper (Red), Local Medium (151-250gm/pc)",kg,243.32,Weekly-Average-Prices-June-22-27-2026.pdf
"June 22, 2026","June 27, 2026","Broccoli, Local Medium (8-10 cm diameter/bunch hd)",kg,247.12,Weekly-Average-Prices-June-22-27-2026.pdf
"June 22, 2026","June 27, 2026","Cauliflower, Local Medium (8-10 cm diameter/bunch hd)",kg,192.94,Weekly-Average-Prices-June-22-27-2026.pdf
"June 22, 2026","June 27, 2026",Cabbage (Rare Ball) 510 gm - 1 kg/head,kg,96.1,Weekly-Average-Prices-June-22-27-2026.pdf
"June 22, 2026","June 27, 2026",Cabbage (Scorpio) 750 gm - 1 kg/head,kg,98.55,Weekly-Average-Prices-June-22-27-2026.pdf
"June 22, 2026","June 27, 2026",Cabbage (Wonder Ball) 510 gm - 1 kg/head,kg,90.26,Weekly-Average-Prices-June-22-27-2026.pdf
"June 22, 2026","June 27, 2026","Carrots, Local 8-10 pcs/kg",kg,116.0,Weekly-Average-Prices-June-22-27-2026.pdf
"June 22, 2026","June 27, 2026",Celery Medium (501-800 g),kg,149.2,Weekly-Average-Prices-June-22-27-2026.pdf
"June 22, 2026","June 27, 2026",Chayote Medium (301-400 g),kg,74.47,Weekly-Average-Prices-June-22-27-2026.pdf
"June 22, 2026","June 27, 2026","Habichuelas/Baguio Beans, Local",kg,140.69,Weekly-Average-Prices-June-22-27-2026.pdf
"June 22, 2026","June 27, 2026",Pechay Baguio,kg,84.23,Weekly-Average-Prices-June-22-27-2026.pdf
"June 22, 2026","June 27, 2026",Lettuce (Green Ice),kg,245.64,Weekly-Average-Prices-June-22-27-2026.pdf
"June 22, 2026","June 27, 2026",Lettuce (Iceberg) Medium (301-450 cm diameter/bunch hd),kg,209.96,Weekly-Average-Prices-June-22-27-2026.pdf
"June 22, 2026","June 27, 2026",Lettuce (Romaine),kg,313.67,Weekly-Average-Prices-June-22-27-2026.pdf
"June 22, 2026","June 27, 2026","White Potato, Local 10-12 pcs/kg",kg,119.38,Weekly-Average-Prices-June-22-27-2026.pdf
"June 22, 2026","June 27, 2026","Chilli (Red), Local Tingala",kg,206.44,Weekly-Average-Prices-June-22-27-2026.pdf
"June 22, 2026","June 27, 2026","Garlic, Native/Local",kg,376.83,Weekly-Average-Prices-June-22-27-2026.pdf
"June 22, 2026","June 27, 2026","Garlic, Imported",kg,145.93,Weekly-Average-Prices-June-22-27-2026.pdf
"June 22, 2026","June 27, 2026","Ginger, Local Fairly well-matured, Medium (150-300 gm)",kg,179.54,Weekly-Average-Prices-June-22-27-2026.pdf
"June 22, 2026","June 27, 2026","Red Onion, Local 13-15 pcs/kg",kg,107.06,Weekly-Average-Prices-June-22-27-2026.pdf
"June 22, 2026","June 27, 2026","Red Onion, Imported kg - White Onion, Local",kg,101.08,Weekly-Average-Prices-June-22-27-2026.pdf
"June 22, 2026","June 27, 2026","White Onion, Imported",kg,141.71,Weekly-Average-Prices-June-22-27-2026.pdf
"June 22, 2026","June 27, 2026",Avocado,kg,209.74,Weekly-Average-Prices-June-22-27-2026.pdf
"June 22, 2026","June 27, 2026",Banana (Lakatan) 8-10 pcs/kg,kg,98.0,Weekly-Average-Prices-June-22-27-2026.pdf
"June 22, 2026","June 27, 2026",Banana (Latundan) 10-12 pcs/kg,kg,74.99,Weekly-Average-Prices-June-22-27-2026.pdf
"June 22, 2026","June 27, 2026",Banana (Saba),kg,60.78,Weekly-Average-Prices-June-22-27-2026.pdf
"June 22, 2026","June 27, 2026",Calamansi,kg,115.41,Weekly-Average-Prices-June-22-27-2026.pdf
"June 22, 2026","June 27, 2026","Mango (Carabao) Ripe, 3-4 pcs/kg",kg,139.09,Weekly-Average-Prices-June-22-27-2026.pdf
"June 22, 2026","June 27, 2026",Melon,kg,102.04,Weekly-Average-Prices-June-22-27-2026.pdf
"June 22, 2026","June 27, 2026","Papaya Solo, Ripe, 2-3 pcs/kg",kg,75.17,Weekly-Average-Prices-June-22-27-2026.pdf
"June 22, 2026","June 27, 2026",Pomelo,kg,174.19,Weekly-Average-Prices-June-22-27-2026.pdf
"June 22, 2026","June 27, 2026",Watermelon,kg,76.56,Weekly-Average-Prices-June-22-27-2026.pdf
"June 22, 2026","June 27, 2026",Salt (Rock),kg,21.68,Weekly-Average-Prices-June-22-27-2026.pdf
"June 22, 2026","June 27, 2026",Salt (Iodized),kg,42.02,Weekly-Average-Prices-June-22-27-2026.pdf
"June 22, 2026","June 27, 2026",Sugar (Refined),kg,81.87,Weekly-Average-Prices-June-22-27-2026.pdf
"June 22, 2026","June 27, 2026",Sugar (Washed),kg,74.82,Weekly-Average-Prices-June-22-27-2026.pdf
"June 22, 2026","June 27, 2026",Sugar (Brown),kg,73.32,Weekly-Average-Prices-June-22-27-2026.pdf
"June 22, 2026","June 27, 2026",Cooking Oil (Palm) 350 ml/bottle,ml,39.23,Weekly-Average-Prices-June-22-27-2026.pdf
"June 22, 2026","June 27, 2026",Cooking Oil (Palm) 1 Liter/bottle,L,101.09,Weekly-Average-Prices-June-22-27-2026.pdf
"June 22, 2026","June 27, 2026",Cooking Oil (Coconut) 350 ml/bottle,ml,60.68,Weekly-Average-Prices-June-22-27-2026.pdf
"June 22, 2026","June 27, 2026",Cooking Oil (Coconut) 1 Liter/bottle,L,162.3,Weekly-Average-Prices-June-22-27-2026.pdf
"June 29, 2026","July 5, 2026",P20 Benteng Bigas Meron Naᵃ,kg,20.0,Weekly-Average-Prices-June-29-July-5-2026.pdf
"June 29, 2026","July 5, 2026",Basmati,kg,192.4,Weekly-Average-Prices-June-29-July-5-2026.pdf
"June 29, 2026","July 5, 2026",Glutinous,kg,61.16,Weekly-Average-Prices-June-29-July-5-2026.pdf
"June 29, 2026","July 5, 2026",Japonica/Jasponica,kg,60.72,Weekly-Average-Prices-June-29-July-5-2026.pdf
"June 29, 2026","July 5, 2026",Other Special Rice White Rice,kg,59.43,Weekly-Average-Prices-June-29-July-5-2026.pdf
"June 29, 2026","July 5, 2026",Premium 5% broken,kg,50.74,Weekly-Average-Prices-June-29-July-5-2026.pdf
"June 29, 2026","July 5, 2026",Well Milled 1-19% bran streak,kg,47.97,Weekly-Average-Prices-June-29-July-5-2026.pdf
"June 29, 2026","July 5, 2026",Regular Milled 20-40% bran streak,kg,49.25,Weekly-Average-Prices-June-29-July-5-2026.pdf
"June 29, 2026","July 5, 2026",Basmati kg - Glutinous,kg,77.27,Weekly-Average-Prices-June-29-July-5-2026.pdf
"June 29, 2026","July 5, 2026",Japonica/Jasponica kg - Other Special Rice White Rice,kg,59.7,Weekly-Average-Prices-June-29-July-5-2026.pdf
"June 29, 2026","July 5, 2026",Premium 5% broken,kg,54.11,Weekly-Average-Prices-June-29-July-5-2026.pdf
"June 29, 2026","July 5, 2026",Well Milled 1-19% bran streak,kg,49.16,Weekly-Average-Prices-June-29-July-5-2026.pdf
"June 29, 2026","July 5, 2026",Regular Milled 20-40% bran streak,kg,44.48,Weekly-Average-Prices-June-29-July-5-2026.pdf
"June 29, 2026","July 5, 2026","Corn (White) Cob, Glutinous",kg,94.46,Weekly-Average-Prices-June-29-July-5-2026.pdf
"June 29, 2026","July 5, 2026","Corn (Yellow) Cob, Sweet Corn",kg,85.96,Weekly-Average-Prices-June-29-July-5-2026.pdf
"June 29, 2026","July 5, 2026","Corn Grits (White, Food Grade)",kg,75.88,Weekly-Average-Prices-June-29-July-5-2026.pdf
"June 29, 2026","July 5, 2026","Corn Grits (Yellow, Food Grade)",kg,81.82,Weekly-Average-Prices-June-29-July-5-2026.pdf
"June 29, 2026","July 5, 2026","Corn Cracked (Yellow, Feed Grade)",kg,45.41,Weekly-Average-Prices-June-29-July-5-2026.pdf
"June 29, 2026","July 5, 2026",Corn Grits (Feed Grade),kg,46.61,Weekly-Average-Prices-June-29-July-5-2026.pdf
"June 29, 2026","July 5, 2026",Mungbean,kg,145.39,Weekly-Average-Prices-June-29-July-5-2026.pdf
"June 29, 2026","July 5, 2026",Alumahan (Indian Mackerel) Medium (4-6 pcs/kg),kg,315.01,Weekly-Average-Prices-June-29-July-5-2026.pdf
"June 29, 2026","July 5, 2026","Bangus, Large Large (1-2 pcs)",kg,255.61,Weekly-Average-Prices-June-29-July-5-2026.pdf
"June 29, 2026","July 5, 2026","Bangus, Medium Medium (3-4 pcs/kg)",kg,232.81,Weekly-Average-Prices-June-29-July-5-2026.pdf
"June 29, 2026","July 5, 2026","Bonito (Frigate Tuna) kg - Galunggong, Local Male, Medium (12-14 pcs/kg)",kg,246.52,Weekly-Average-Prices-June-29-July-5-2026.pdf
"June 29, 2026","July 5, 2026","Galunggong, Imported Male, Medium (12-14 pcs/kg) kg - Salmon Belly, Local kg - Sardines (Tamban)",kg,126.87,Weekly-Average-Prices-June-29-July-5-2026.pdf
"June 29, 2026","July 5, 2026","Squid (Pusit Bisaya), Local Medium",kg,451.98,Weekly-Average-Prices-June-29-July-5-2026.pdf
"June 29, 2026","July 5, 2026","Tambakol (Yellow-Fin Tuna), Local Medium, Fresh or Chilled",kg,285.23,Weekly-Average-Prices-June-29-July-5-2026.pdf
"June 29, 2026","July 5, 2026",Tilapia Medium (5-6 pcs/kg),kg,154.05,Weekly-Average-Prices-June-29-July-5-2026.pdf
"June 29, 2026","July 5, 2026","BEEF PRODUCTS Beef Brisket, Local Meat with Bones",kg,443.05,Weekly-Average-Prices-June-29-July-5-2026.pdf
"June 29, 2026","July 5, 2026","Beef Rump, Local Lean Meat/ Tapadera",kg,494.32,Weekly-Average-Prices-June-29-July-5-2026.pdf
"June 29, 2026","July 5, 2026","Pork Belly (Liempo), Local",kg,382.6,Weekly-Average-Prices-June-29-July-5-2026.pdf
"June 29, 2026","July 5, 2026","Pork Belly (Liempo), Imported",kg,306.87,Weekly-Average-Prices-June-29-July-5-2026.pdf
"June 29, 2026","July 5, 2026","Pork Picnic Shoulder (Kasim), Local",kg,329.15,Weekly-Average-Prices-June-29-July-5-2026.pdf
"June 29, 2026","July 5, 2026","Pork Picnic Shoulder (Kasim), Imported",kg,244.22,Weekly-Average-Prices-June-29-July-5-2026.pdf
"June 29, 2026","July 5, 2026","Whole Chicken, Local Fully Dressed",kg,202.11,Weekly-Average-Prices-June-29-July-5-2026.pdf
"June 29, 2026","July 5, 2026","Chicken Egg (White, Pewee) 41-45 grams/pc",pc,5.88,Weekly-Average-Prices-June-29-July-5-2026.pdf
"June 29, 2026","July 5, 2026","Chicken Egg (White, Extra Small) 46-50 grams/pc",pc,6.33,Weekly-Average-Prices-June-29-July-5-2026.pdf
"June 29, 2026","July 5, 2026","Chicken Egg (White, Small) 51-55 grams/pc",pc,7.08,Weekly-Average-Prices-June-29-July-5-2026.pdf
"June 29, 2026","July 5, 2026","Chicken Egg (White, Medium) 56-60 grams/pc",pc,7.87,Weekly-Average-Prices-June-29-July-5-2026.pdf
"June 29, 2026","July 5, 2026","Chicken Egg (White, Large) 61-65 grams/pc",pc,8.55,Weekly-Average-Prices-June-29-July-5-2026.pdf
"June 29, 2026","July 5, 2026","Chicken Egg (White, Extra Large) 66-70 grams/pc",pc,9.21,Weekly-Average-Prices-June-29-July-5-2026.pdf
"June 29, 2026","July 5, 2026","Chicken Egg (White, Jumbo) 71> grams/pc",pc,9.83,Weekly-Average-Prices-June-29-July-5-2026.pdf
"June 29, 2026","July 5, 2026","Chicken Egg (Brown, Medium) Medium",pc,10.55,Weekly-Average-Prices-June-29-July-5-2026.pdf
"June 29, 2026","July 5, 2026","Chicken Egg (Brown, Large) Large",pc,11.17,Weekly-Average-Prices-June-29-July-5-2026.pdf
"June 29, 2026","July 5, 2026","Chicken Egg (Brown, Extra Large) Extra Large",pc,10.22,Weekly-Average-Prices-June-29-July-5-2026.pdf
"June 29, 2026","July 5, 2026",Ampalaya 4-5 pcs/kg,kg,107.12,Weekly-Average-Prices-June-29-July-5-2026.pdf
"June 29, 2026","July 5, 2026","Chilli (Green), Local Haba/Panigang",kg,113.08,Weekly-Average-Prices-June-29-July-5-2026.pdf
"June 29, 2026","July 5, 2026",Eggplant 3-4 Small Bundles,kg,91.81,Weekly-Average-Prices-June-29-July-5-2026.pdf
"June 29, 2026","July 5, 2026",Native Pechay 3-4 Small Bundles,kg,103.55,Weekly-Average-Prices-June-29-July-5-2026.pdf
"June 29, 2026","July 5, 2026",Pole Sitao 3-4 Small Bundles,kg,130.42,Weekly-Average-Prices-June-29-July-5-2026.pdf
"June 29, 2026","July 5, 2026",Squash Suprema Variety,kg,67.27,Weekly-Average-Prices-June-29-July-5-2026.pdf
"June 29, 2026","July 5, 2026",Tomato 15-18 pcs/kg,kg,82.12,Weekly-Average-Prices-June-29-July-5-2026.pdf
"June 29, 2026","July 5, 2026","Bell Pepper (Green), Local Medium (151-250gm/pc)",kg,275.28,Weekly-Average-Prices-June-29-July-5-2026.pdf
"June 29, 2026","July 5, 2026","Bell Pepper (Red), Local Medium (151-250gm/pc)",kg,233.47,Weekly-Average-Prices-June-29-July-5-2026.pdf
"June 29, 2026","July 5, 2026","Broccoli, Local Medium (8-10 cm diameter/bunch hd)",kg,209.85,Weekly-Average-Prices-June-29-July-5-2026.pdf
"June 29, 2026","July 5, 2026","Cauliflower, Local Medium (8-10 cm diameter/bunch hd)",kg,187.58,Weekly-Average-Prices-June-29-July-5-2026.pdf
"June 29, 2026","July 5, 2026",Cabbage (Rare Ball) 510 gm - 1 kg/head,kg,103.72,Weekly-Average-Prices-June-29-July-5-2026.pdf
"June 29, 2026","July 5, 2026",Cabbage (Scorpio) 750 gm - 1 kg/head,kg,103.56,Weekly-Average-Prices-June-29-July-5-2026.pdf
"June 29, 2026","July 5, 2026",Cabbage (Wonder Ball) 510 gm - 1 kg/head,kg,97.23,Weekly-Average-Prices-June-29-July-5-2026.pdf
"June 29, 2026","July 5, 2026","Carrots, Local 8-10 pcs/kg",kg,112.21,Weekly-Average-Prices-June-29-July-5-2026.pdf
"June 29, 2026","July 5, 2026",Celery Medium (501-800 g),kg,150.75,Weekly-Average-Prices-June-29-July-5-2026.pdf
"June 29, 2026","July 5, 2026",Chayote Medium (301-400 g),kg,69.05,Weekly-Average-Prices-June-29-July-5-2026.pdf
"June 29, 2026","July 5, 2026","Habichuelas/Baguio Beans, Local",kg,139.3,Weekly-Average-Prices-June-29-July-5-2026.pdf
"June 29, 2026","July 5, 2026",Pechay Baguio,kg,84.36,Weekly-Average-Prices-June-29-July-5-2026.pdf
"June 29, 2026","July 5, 2026",Lettuce (Green Ice),kg,233.55,Weekly-Average-Prices-June-29-July-5-2026.pdf
"June 29, 2026","July 5, 2026",Lettuce (Iceberg) Medium (301-450 cm diameter/bunch hd),kg,216.25,Weekly-Average-Prices-June-29-July-5-2026.pdf
"June 29, 2026","July 5, 2026",Lettuce (Romaine),kg,275.33,Weekly-Average-Prices-June-29-July-5-2026.pdf
"June 29, 2026","July 5, 2026","White Potato, Local 10-12 pcs/kg",kg,121.21,Weekly-Average-Prices-June-29-July-5-2026.pdf
"June 29, 2026","July 5, 2026","Chilli (Red), Local Tingala",kg,194.01,Weekly-Average-Prices-June-29-July-5-2026.pdf
"June 29, 2026","July 5, 2026","Garlic, Native/Local",kg,366.15,Weekly-Average-Prices-June-29-July-5-2026.pdf
"June 29, 2026","July 5, 2026","Garlic, Imported",kg,147.4,Weekly-Average-Prices-June-29-July-5-2026.pdf
"June 29, 2026","July 5, 2026","Ginger, Local Fairly well-matured, Medium (150-300 gm)",kg,177.13,Weekly-Average-Prices-June-29-July-5-2026.pdf
"June 29, 2026","July 5, 2026","Red Onion, Local 13-15 pcs/kg",kg,106.73,Weekly-Average-Prices-June-29-July-5-2026.pdf
"June 29, 2026","July 5, 2026","Red Onion, Imported",kg,88.0,Weekly-Average-Prices-June-29-July-5-2026.pdf
"June 29, 2026","July 5, 2026","White Onion, Local",kg,101.3,Weekly-Average-Prices-June-29-July-5-2026.pdf
"June 29, 2026","July 5, 2026","White Onion, Imported",kg,139.87,Weekly-Average-Prices-June-29-July-5-2026.pdf
"June 29, 2026","July 5, 2026",Avocado,kg,200.82,Weekly-Average-Prices-June-29-July-5-2026.pdf
"June 29, 2026","July 5, 2026",Banana (Lakatan) 8-10 pcs/kg,kg,96.05,Weekly-Average-Prices-June-29-July-5-2026.pdf
"June 29, 2026","July 5, 2026",Banana (Latundan) 10-12 pcs/kg,kg,75.85,Weekly-Average-Prices-June-29-July-5-2026.pdf
"June 29, 2026","July 5, 2026",Banana (Saba),kg,61.75,Weekly-Average-Prices-June-29-July-5-2026.pdf
"June 29, 2026","July 5, 2026",Calamansi,kg,114.43,Weekly-Average-Prices-June-29-July-5-2026.pdf
"June 29, 2026","July 5, 2026","Mango (Carabao) Ripe, 3-4 pcs/kg",kg,141.06,Weekly-Average-Prices-June-29-July-5-2026.pdf
"June 29, 2026","July 5, 2026",Melon,kg,101.39,Weekly-Average-Prices-June-29-July-5-2026.pdf
"June 29, 2026","July 5, 2026","Papaya Solo, Ripe, 2-3 pcs/kg",kg,76.73,Weekly-Average-Prices-June-29-July-5-2026.pdf
"June 29, 2026","July 5, 2026",Pomelo,kg,176.2,Weekly-Average-Prices-June-29-July-5-2026.pdf
"June 29, 2026","July 5, 2026",Watermelon,kg,75.98,Weekly-Average-Prices-June-29-July-5-2026.pdf
"June 29, 2026","July 5, 2026",Salt (Rock),kg,22.12,Weekly-Average-Prices-June-29-July-5-2026.pdf
"June 29, 2026","July 5, 2026",Salt (Iodized),kg,41.61,Weekly-Average-Prices-June-29-July-5-2026.pdf
"June 29, 2026","July 5, 2026",Sugar (Refined),kg,81.35,Weekly-Average-Prices-June-29-July-5-2026.pdf
"June 29, 2026","July 5, 2026",Sugar (Washed),kg,74.41,Weekly-Average-Prices-June-29-July-5-2026.pdf
"June 29, 2026","July 5, 2026",Sugar (Brown),kg,72.56,Weekly-Average-Prices-June-29-July-5-2026.pdf
"June 29, 2026","July 5, 2026",Cooking Oil (Palm) 350 ml/bottle,ml,39.36,Weekly-Average-Prices-June-29-July-5-2026.pdf
"June 29, 2026","July 5, 2026",Cooking Oil (Palm) 1 Liter/bottle,L,100.47,Weekly-Average-Prices-June-29-July-5-2026.pdf
"June 29, 2026","July 5, 2026",Cooking Oil (Coconut) 350 ml/bottle,ml,60.97,Weekly-Average-Prices-June-29-July-5-2026.pdf
"June 29, 2026","July 5, 2026",Cooking Oil (Coconut) 1 Liter/bottle,L,161.53,Weekly-Average-Prices-June-29-July-5-2026.pdf
"June 8, 2026","June 13, 2026",P20 Benteng Bigas Meron Naᵃ,kg,20.0,Weekly-Average-Prices-June-8-13-2026.pdf
"June 8, 2026","June 13, 2026",Basmati,kg,201.2,Weekly-Average-Prices-June-8-13-2026.pdf
"June 8, 2026","June 13, 2026",Glutinous,kg,61.0,Weekly-Average-Prices-June-8-13-2026.pdf
"June 8, 2026","June 13, 2026",Japonica/Jasponica,kg,62.53,Weekly-Average-Prices-June-8-13-2026.pdf
"June 8, 2026","June 13, 2026",Other Special Rice White Rice,kg,59.59,Weekly-Average-Prices-June-8-13-2026.pdf
"June 8, 2026","June 13, 2026",Premium 5% broken,kg,50.79,Weekly-Average-Prices-June-8-13-2026.pdf
"June 8, 2026","June 13, 2026",Well Milled 1-19% bran streak,kg,47.94,Weekly-Average-Prices-June-8-13-2026.pdf
"June 8, 2026","June 13, 2026",Regular Milled 20-40% bran streak,kg,42.5,Weekly-Average-Prices-June-8-13-2026.pdf
"June 8, 2026","June 13, 2026",Basmati kg - Glutinous,kg,76.04,Weekly-Average-Prices-June-8-13-2026.pdf
"June 8, 2026","June 13, 2026",Japonica/Jasponica kg - Other Special Rice White Rice,kg,59.93,Weekly-Average-Prices-June-8-13-2026.pdf
"June 8, 2026","June 13, 2026",Premium 5% broken,kg,54.76,Weekly-Average-Prices-June-8-13-2026.pdf
"June 8, 2026","June 13, 2026",Well Milled 1-19% bran streak,kg,49.55,Weekly-Average-Prices-June-8-13-2026.pdf
"June 8, 2026","June 13, 2026",Regular Milled 20-40% bran streak,kg,44.67,Weekly-Average-Prices-June-8-13-2026.pdf
"June 8, 2026","June 13, 2026","Corn (White) Cob, Glutinous",kg,79.39,Weekly-Average-Prices-June-8-13-2026.pdf
"June 8, 2026","June 13, 2026","Corn (Yellow) Cob, Sweet Corn",kg,75.19,Weekly-Average-Prices-June-8-13-2026.pdf
"June 8, 2026","June 13, 2026","Corn Grits (White, Food Grade)",kg,102.5,Weekly-Average-Prices-June-8-13-2026.pdf
"June 8, 2026","June 13, 2026","Corn Grits (Yellow, Food Grade)",kg,102.5,Weekly-Average-Prices-June-8-13-2026.pdf
"June 8, 2026","June 13, 2026","Corn Cracked (Yellow, Feed Grade)",kg,48.35,Weekly-Average-Prices-June-8-13-2026.pdf
"June 8, 2026","June 13, 2026",Corn Grits (Feed Grade),kg,46.0,Weekly-Average-Prices-June-8-13-2026.pdf
"June 8, 2026","June 13, 2026",Mungbean,kg,146.24,Weekly-Average-Prices-June-8-13-2026.pdf
"June 8, 2026","June 13, 2026",Alumahan (Indian Mackerel) Medium (4-6 pcs/kg),kg,306.22,Weekly-Average-Prices-June-8-13-2026.pdf
"June 8, 2026","June 13, 2026","Bangus, Large Large (1-2 pcs)",kg,249.33,Weekly-Average-Prices-June-8-13-2026.pdf
"June 8, 2026","June 13, 2026","Bangus, Medium Medium (3-4 pcs/kg)",kg,228.58,Weekly-Average-Prices-June-8-13-2026.pdf
"June 8, 2026","June 13, 2026","Bonito (Frigate Tuna) kg - Galunggong, Local Male, Medium (12-14 pcs/kg)",kg,238.44,Weekly-Average-Prices-June-8-13-2026.pdf
"June 8, 2026","June 13, 2026","Galunggong, Imported Male, Medium (12-14 pcs/kg) kg - Salmon Belly, Local kg - Sardines (Tamban)",kg,150.45,Weekly-Average-Prices-June-8-13-2026.pdf
"June 8, 2026","June 13, 2026","Squid (Pusit Bisaya), Local Medium",kg,445.12,Weekly-Average-Prices-June-8-13-2026.pdf
"June 8, 2026","June 13, 2026","Tambakol (Yellow-Fin Tuna), Local Medium, Fresh or Chilled",kg,299.64,Weekly-Average-Prices-June-8-13-2026.pdf
"June 8, 2026","June 13, 2026",Tilapia Medium (5-6 pcs/kg),kg,154.69,Weekly-Average-Prices-June-8-13-2026.pdf
"June 8, 2026","June 13, 2026","BEEF PRODUCTS Beef Brisket, Local Meat with Bones",kg,444.13,Weekly-Average-Prices-June-8-13-2026.pdf
"June 8, 2026","June 13, 2026","Beef Rump, Local Lean Meat/ Tapadera",kg,494.1,Weekly-Average-Prices-June-8-13-2026.pdf
"June 8, 2026","June 13, 2026","Pork Belly (Liempo), Local",kg,394.1,Weekly-Average-Prices-June-8-13-2026.pdf
"June 8, 2026","June 13, 2026","Pork Belly (Liempo), Imported",kg,311.96,Weekly-Average-Prices-June-8-13-2026.pdf
"June 8, 2026","June 13, 2026","Pork Picnic Shoulder (Kasim), Local",kg,341.33,Weekly-Average-Prices-June-8-13-2026.pdf
"June 8, 2026","June 13, 2026","Pork Picnic Shoulder (Kasim), Imported",kg,252.44,Weekly-Average-Prices-June-8-13-2026.pdf
"June 8, 2026","June 13, 2026","Whole Chicken, Local Fully Dressed",kg,204.18,Weekly-Average-Prices-June-8-13-2026.pdf
"June 8, 2026","June 13, 2026","Chicken Egg (White, Pewee) 41-45 grams/pc",pc,6.02,Weekly-Average-Prices-June-8-13-2026.pdf
"June 8, 2026","June 13, 2026","Chicken Egg (White, Extra Small) 46-50 grams/pc",pc,6.5,Weekly-Average-Prices-June-8-13-2026.pdf
"June 8, 2026","June 13, 2026","Chicken Egg (White, Small) 51-55 grams/pc",pc,7.25,Weekly-Average-Prices-June-8-13-2026.pdf
"June 8, 2026","June 13, 2026","Chicken Egg (White, Medium) 56-60 grams/pc",pc,7.97,Weekly-Average-Prices-June-8-13-2026.pdf
"June 8, 2026","June 13, 2026","Chicken Egg (White, Large) 61-65 grams/pc",pc,8.57,Weekly-Average-Prices-June-8-13-2026.pdf
"June 8, 2026","June 13, 2026","Chicken Egg (White, Extra Large) 66-70 grams/pc",pc,9.15,Weekly-Average-Prices-June-8-13-2026.pdf
"June 8, 2026","June 13, 2026","Chicken Egg (White, Jumbo) 71> grams/pc",pc,9.76,Weekly-Average-Prices-June-8-13-2026.pdf
"June 8, 2026","June 13, 2026","Chicken Egg (Brown, Medium) Medium",pc,10.95,Weekly-Average-Prices-June-8-13-2026.pdf
"June 8, 2026","June 13, 2026","Chicken Egg (Brown, Large) Large",pc,12.66,Weekly-Average-Prices-June-8-13-2026.pdf
"June 8, 2026","June 13, 2026","Chicken Egg (Brown, Extra Large) Extra Large",pc,11.57,Weekly-Average-Prices-June-8-13-2026.pdf
"June 8, 2026","June 13, 2026",Ampalaya 4-5 pcs/kg,kg,134.91,Weekly-Average-Prices-June-8-13-2026.pdf
"June 8, 2026","June 13, 2026","Chilli (Green), Local Haba/Panigang",kg,126.67,Weekly-Average-Prices-June-8-13-2026.pdf
"June 8, 2026","June 13, 2026",Eggplant 3-4 Small Bundles,kg,91.02,Weekly-Average-Prices-June-8-13-2026.pdf
"June 8, 2026","June 13, 2026",Native Pechay 3-4 Small Bundles,kg,113.67,Weekly-Average-Prices-June-8-13-2026.pdf
"June 8, 2026","June 13, 2026",Pole Sitao 3-4 Small Bundles,kg,175.36,Weekly-Average-Prices-June-8-13-2026.pdf
"June 8, 2026","June 13, 2026",Squash Suprema Variety,kg,65.01,Weekly-Average-Prices-June-8-13-2026.pdf
"June 8, 2026","June 13, 2026",Tomato 15-18 pcs/kg,kg,70.01,Weekly-Average-Prices-June-8-13-2026.pdf
"June 8, 2026","June 13, 2026","Bell Pepper (Green), Local Medium (151-250gm/pc)",kg,285.82,Weekly-Average-Prices-June-8-13-2026.pdf
"June 8, 2026","June 13, 2026","Bell Pepper (Red), Local Medium (151-250gm/pc)",kg,235.57,Weekly-Average-Prices-June-8-13-2026.pdf
"June 8, 2026","June 13, 2026","Broccoli, Local Medium (8-10 cm diameter/bunch hd)",kg,189.33,Weekly-Average-Prices-June-8-13-2026.pdf
"June 8, 2026","June 13, 2026","Cauliflower, Local Medium (8-10 cm diameter/bunch hd)",kg,150.5,Weekly-Average-Prices-June-8-13-2026.pdf
"June 8, 2026","June 13, 2026",Cabbage (Rare Ball) 510 gm - 1 kg/head,kg,69.6,Weekly-Average-Prices-June-8-13-2026.pdf
"June 8, 2026","June 13, 2026",Cabbage (Scorpio) 750 gm - 1 kg/head,kg,73.82,Weekly-Average-Prices-June-8-13-2026.pdf
"June 8, 2026","June 13, 2026",Cabbage (Wonder Ball) 510 gm - 1 kg/head,kg,65.81,Weekly-Average-Prices-June-8-13-2026.pdf
"June 8, 2026","June 13, 2026","Carrots, Local 8-10 pcs/kg",kg,127.33,Weekly-Average-Prices-June-8-13-2026.pdf
"June 8, 2026","June 13, 2026",Celery Medium (501-800 g),kg,145.21,Weekly-Average-Prices-June-8-13-2026.pdf
"June 8, 2026","June 13, 2026",Chayote Medium (301-400 g),kg,89.37,Weekly-Average-Prices-June-8-13-2026.pdf
"June 8, 2026","June 13, 2026","Habichuelas/Baguio Beans, Local",kg,186.18,Weekly-Average-Prices-June-8-13-2026.pdf
"June 8, 2026","June 13, 2026",Pechay Baguio,kg,81.73,Weekly-Average-Prices-June-8-13-2026.pdf
"June 8, 2026","June 13, 2026",Lettuce (Green Ice),kg,210.39,Weekly-Average-Prices-June-8-13-2026.pdf
"June 8, 2026","June 13, 2026",Lettuce (Iceberg) Medium (301-450 cm diameter/bunch hd),kg,208.79,Weekly-Average-Prices-June-8-13-2026.pdf
"June 8, 2026","June 13, 2026",Lettuce (Romaine),kg,257.45,Weekly-Average-Prices-June-8-13-2026.pdf
"June 8, 2026","June 13, 2026","White Potato, Local 10-12 pcs/kg",kg,117.04,Weekly-Average-Prices-June-8-13-2026.pdf
"June 8, 2026","June 13, 2026","Chilli (Red), Local Tingala",kg,184.37,Weekly-Average-Prices-June-8-13-2026.pdf
"June 8, 2026","June 13, 2026","Garlic, Native/Local",kg,377.08,Weekly-Average-Prices-June-8-13-2026.pdf
"June 8, 2026","June 13, 2026","Garlic, Imported",kg,146.22,Weekly-Average-Prices-June-8-13-2026.pdf
"June 8, 2026","June 13, 2026","Ginger, Local Fairly well-matured, Medium (150-300 gm)",kg,173.67,Weekly-Average-Prices-June-8-13-2026.pdf
"June 8, 2026","June 13, 2026","Red Onion, Local 13-15 pcs/kg",kg,105.39,Weekly-Average-Prices-June-8-13-2026.pdf
"June 8, 2026","June 13, 2026","Red Onion, Imported",kg,88.0,Weekly-Average-Prices-June-8-13-2026.pdf
"June 8, 2026","June 13, 2026","White Onion, Local",kg,98.7,Weekly-Average-Prices-June-8-13-2026.pdf
"June 8, 2026","June 13, 2026","White Onion, Imported",kg,114.0,Weekly-Average-Prices-June-8-13-2026.pdf
"June 8, 2026","June 13, 2026",Avocado,kg,221.44,Weekly-Average-Prices-June-8-13-2026.pdf
"June 8, 2026","June 13, 2026",Banana (Lakatan) 8-10 pcs/kg,kg,97.9,Weekly-Average-Prices-June-8-13-2026.pdf
"June 8, 2026","June 13, 2026",Banana (Latundan) 10-12 pcs/kg,kg,74.99,Weekly-Average-Prices-June-8-13-2026.pdf
"June 8, 2026","June 13, 2026",Banana (Saba),kg,58.91,Weekly-Average-Prices-June-8-13-2026.pdf
"June 8, 2026","June 13, 2026",Calamansi,kg,122.71,Weekly-Average-Prices-June-8-13-2026.pdf
"June 8, 2026","June 13, 2026","Mango (Carabao) Ripe, 3-4 pcs/kg",kg,141.97,Weekly-Average-Prices-June-8-13-2026.pdf
"June 8, 2026","June 13, 2026",Melon,kg,103.57,Weekly-Average-Prices-June-8-13-2026.pdf
"June 8, 2026","June 13, 2026","Papaya Solo, Ripe, 2-3 pcs/kg",kg,73.56,Weekly-Average-Prices-June-8-13-2026.pdf
"June 8, 2026","June 13, 2026",Pomelo,kg,177.69,Weekly-Average-Prices-June-8-13-2026.pdf
"June 8, 2026","June 13, 2026",Watermelon,kg,75.04,Weekly-Average-Prices-June-8-13-2026.pdf
"June 8, 2026","June 13, 2026",Salt (Rock),kg,21.78,Weekly-Average-Prices-June-8-13-2026.pdf
"June 8, 2026","June 13, 2026",Salt (Iodized),kg,42.11,Weekly-Average-Prices-June-8-13-2026.pdf
"June 8, 2026","June 13, 2026",Sugar (Refined),kg,82.1,Weekly-Average-Prices-June-8-13-2026.pdf
"June 8, 2026","June 13, 2026",Sugar (Washed),kg,75.29,Weekly-Average-Prices-June-8-13-2026.pdf
"June 8, 2026","June 13, 2026",Sugar (Brown),kg,73.16,Weekly-Average-Prices-June-8-13-2026.pdf
"June 8, 2026","June 13, 2026",Cooking Oil (Palm) 350 ml/bottle,ml,39.17,Weekly-Average-Prices-June-8-13-2026.pdf
"June 8, 2026","June 13, 2026",Cooking Oil (Palm) 1 Liter/bottle,L,98.75,Weekly-Average-Prices-June-8-13-2026.pdf
"June 8, 2026","June 13, 2026",Cooking Oil (Coconut) 350 ml/bottle,ml,60.36,Weekly-Average-Prices-June-8-13-2026.pdf
"June 8, 2026","June 13, 2026",Cooking Oil (Coconut) 1 Liter/bottle,L,162.59,Weekly-Average-Prices-June-8-13-2026.pdf
"May 11, 2026","May 16, 2026",P20 Benteng Bigas Meron Naᵃ,kg,20.0,Weekly-Average-Prices-May-11-16-2026.pdf
"May 11, 2026","May 16, 2026",Basmati,kg,214.41,Weekly-Average-Prices-May-11-16-2026.pdf
"May 11, 2026","May 16, 2026",Glutinous,kg,61.33,Weekly-Average-Prices-May-11-16-2026.pdf
"May 11, 2026","May 16, 2026",Japonica/Jasponica,kg,63.82,Weekly-Average-Prices-May-11-16-2026.pdf
"May 11, 2026","May 16, 2026",Other Special Rice White Rice,kg,59.64,Weekly-Average-Prices-May-11-16-2026.pdf
"May 11, 2026","May 16, 2026",Premium 5% broken,kg,57.6,Weekly-Average-Prices-May-11-16-2026.pdf
"May 11, 2026","May 16, 2026",Well Milled 1-19% bran streak,kg,48.06,Weekly-Average-Prices-May-11-16-2026.pdf
"May 11, 2026","May 16, 2026",Regular Milled 20-40% bran streak,kg,42.5,Weekly-Average-Prices-May-11-16-2026.pdf
"May 11, 2026","May 16, 2026",Basmati kg - Glutinous,kg,76.32,Weekly-Average-Prices-May-11-16-2026.pdf
"May 11, 2026","May 16, 2026",Japonica/Jasponica kg - Other Special Rice White Rice,kg,60.38,Weekly-Average-Prices-May-11-16-2026.pdf
"May 11, 2026","May 16, 2026",Premium 5% broken,kg,55.6,Weekly-Average-Prices-May-11-16-2026.pdf
"May 11, 2026","May 16, 2026",Well Milled 1-19% bran streak,kg,50.27,Weekly-Average-Prices-May-11-16-2026.pdf
"May 11, 2026","May 16, 2026",Regular Milled 20-40% bran streak,kg,45.2,Weekly-Average-Prices-May-11-16-2026.pdf
"May 11, 2026","May 16, 2026","Corn (White) Cob, Glutinous",kg,80.56,Weekly-Average-Prices-May-11-16-2026.pdf
"May 11, 2026","May 16, 2026","Corn (Yellow) Cob, Sweet Corn",kg,71.8,Weekly-Average-Prices-May-11-16-2026.pdf
"May 11, 2026","May 16, 2026","Corn Grits (White, Food Grade)",kg,111.25,Weekly-Average-Prices-May-11-16-2026.pdf
"May 11, 2026","May 16, 2026","Corn Grits (Yellow, Food Grade)",kg,111.25,Weekly-Average-Prices-May-11-16-2026.pdf
"May 11, 2026","May 16, 2026","Corn Cracked (Yellow, Feed Grade)",kg,49.11,Weekly-Average-Prices-May-11-16-2026.pdf
"May 11, 2026","May 16, 2026",Corn Grits (Feed Grade),kg,46.76,Weekly-Average-Prices-May-11-16-2026.pdf
"May 11, 2026","May 16, 2026",Mungbean,kg,157.53,Weekly-Average-Prices-May-11-16-2026.pdf
"May 11, 2026","May 16, 2026",Alumahan (Indian Mackerel) Medium (4-6 pcs/kg),kg,307.89,Weekly-Average-Prices-May-11-16-2026.pdf
"May 11, 2026","May 16, 2026","Bangus, Large Large (1-2 pcs)",kg,251.5,Weekly-Average-Prices-May-11-16-2026.pdf
"May 11, 2026","May 16, 2026","Bangus, Medium Medium (3-4 pcs/kg)",kg,230.6,Weekly-Average-Prices-May-11-16-2026.pdf
"May 11, 2026","May 16, 2026","Bonito (Frigate Tuna) kg - Galunggong, Local Male, Medium (12-14 pcs/kg)",kg,240.27,Weekly-Average-Prices-May-11-16-2026.pdf
"May 11, 2026","May 16, 2026","Galunggong, Imported Male, Medium (12-14 pcs/kg) kg - Salmon Belly, Local kg - Sardines (Tamban)",kg,156.56,Weekly-Average-Prices-May-11-16-2026.pdf
"May 11, 2026","May 16, 2026","Squid (Pusit Bisaya), Local Medium",kg,447.8,Weekly-Average-Prices-May-11-16-2026.pdf
"May 11, 2026","May 16, 2026","Tambakol (Yellow-Fin Tuna), Local Medium, Fresh or Chilled",kg,299.25,Weekly-Average-Prices-May-11-16-2026.pdf
"May 11, 2026","May 16, 2026",Tilapia Medium (5-6 pcs/kg),kg,154.29,Weekly-Average-Prices-May-11-16-2026.pdf
"May 11, 2026","May 16, 2026","BEEF PRODUCTS Beef Brisket, Local Meat with Bones",kg,444.14,Weekly-Average-Prices-May-11-16-2026.pdf
"May 11, 2026","May 16, 2026","Beef Rump, Local Lean Meat/ Tapadera",kg,494.72,Weekly-Average-Prices-May-11-16-2026.pdf
"May 11, 2026","May 16, 2026","Pork Belly (Liempo), Local",kg,403.67,Weekly-Average-Prices-May-11-16-2026.pdf
"May 11, 2026","May 16, 2026","Pork Belly (Liempo), Imported",kg,313.51,Weekly-Average-Prices-May-11-16-2026.pdf
"May 11, 2026","May 16, 2026","Pork Picnic Shoulder (Kasim), Local",kg,348.26,Weekly-Average-Prices-May-11-16-2026.pdf
"May 11, 2026","May 16, 2026","Pork Picnic Shoulder (Kasim), Imported",kg,254.17,Weekly-Average-Prices-May-11-16-2026.pdf
"May 11, 2026","May 16, 2026","Whole Chicken, Local Fully Dressed",kg,193.87,Weekly-Average-Prices-May-11-16-2026.pdf
"May 11, 2026","May 16, 2026","Chicken Egg (White, Pewee) 41-45 grams/pc",pc,6.12,Weekly-Average-Prices-May-11-16-2026.pdf
"May 11, 2026","May 16, 2026","Chicken Egg (White, Extra Small) 46-50 grams/pc",pc,6.72,Weekly-Average-Prices-May-11-16-2026.pdf
"May 11, 2026","May 16, 2026","Chicken Egg (White, Small) 51-55 grams/pc",pc,7.37,Weekly-Average-Prices-May-11-16-2026.pdf
"May 11, 2026","May 16, 2026","Chicken Egg (White, Medium) 56-60 grams/pc",pc,8.03,Weekly-Average-Prices-May-11-16-2026.pdf
"May 11, 2026","May 16, 2026","Chicken Egg (White, Large) 61-65 grams/pc",pc,8.62,Weekly-Average-Prices-May-11-16-2026.pdf
"May 11, 2026","May 16, 2026","Chicken Egg (White, Extra Large) 66-70 grams/pc",pc,9.18,Weekly-Average-Prices-May-11-16-2026.pdf
"May 11, 2026","May 16, 2026","Chicken Egg (White, Jumbo) 71> grams/pc",pc,9.82,Weekly-Average-Prices-May-11-16-2026.pdf
"May 11, 2026","May 16, 2026","Chicken Egg (Brown, Medium) Medium",pc,10.73,Weekly-Average-Prices-May-11-16-2026.pdf
"May 11, 2026","May 16, 2026","Chicken Egg (Brown, Large) Large",pc,12.13,Weekly-Average-Prices-May-11-16-2026.pdf
"May 11, 2026","May 16, 2026","Chicken Egg (Brown, Extra Large) Extra Large",pc,11.88,Weekly-Average-Prices-May-11-16-2026.pdf
"May 11, 2026","May 16, 2026",Ampalaya 4-5 pcs/kg,kg,118.32,Weekly-Average-Prices-May-11-16-2026.pdf
"May 11, 2026","May 16, 2026","Chilli (Green), Local Haba/Panigang",kg,120.54,Weekly-Average-Prices-May-11-16-2026.pdf
"May 11, 2026","May 16, 2026",Eggplant 3-4 Small Bundles,kg,84.59,Weekly-Average-Prices-May-11-16-2026.pdf
"May 11, 2026","May 16, 2026",Native Pechay 3-4 Small Bundles,kg,78.55,Weekly-Average-Prices-May-11-16-2026.pdf
"May 11, 2026","May 16, 2026",Pole Sitao 3-4 Small Bundles,kg,107.37,Weekly-Average-Prices-May-11-16-2026.pdf
"May 11, 2026","May 16, 2026",Squash Suprema Variety,kg,63.82,Weekly-Average-Prices-May-11-16-2026.pdf
"May 11, 2026","May 16, 2026",Tomato 15-18 pcs/kg,kg,62.24,Weekly-Average-Prices-May-11-16-2026.pdf
"May 11, 2026","May 16, 2026","Bell Pepper (Green), Local Medium (151-250gm/pc)",kg,240.3,Weekly-Average-Prices-May-11-16-2026.pdf
"May 11, 2026","May 16, 2026","Bell Pepper (Red), Local Medium (151-250gm/pc)",kg,243.85,Weekly-Average-Prices-May-11-16-2026.pdf
"May 11, 2026","May 16, 2026","Broccoli, Local Medium (8-10 cm diameter/bunch hd)",kg,165.16,Weekly-Average-Prices-May-11-16-2026.pdf
"May 11, 2026","May 16, 2026","Cauliflower, Local Medium (8-10 cm diameter/bunch hd)",kg,129.48,Weekly-Average-Prices-May-11-16-2026.pdf
"May 11, 2026","May 16, 2026",Cabbage (Rare Ball) 510 gm - 1 kg/head,kg,58.85,Weekly-Average-Prices-May-11-16-2026.pdf
"May 11, 2026","May 16, 2026",Cabbage (Scorpio) 750 gm - 1 kg/head,kg,65.33,Weekly-Average-Prices-May-11-16-2026.pdf
"May 11, 2026","May 16, 2026",Cabbage (Wonder Ball) 510 gm - 1 kg/head,kg,58.82,Weekly-Average-Prices-May-11-16-2026.pdf
"May 11, 2026","May 16, 2026","Carrots, Local 8-10 pcs/kg",kg,139.23,Weekly-Average-Prices-May-11-16-2026.pdf
"May 11, 2026","May 16, 2026",Celery Medium (501-800 g),kg,147.41,Weekly-Average-Prices-May-11-16-2026.pdf
"May 11, 2026","May 16, 2026",Chayote Medium (301-400 g),kg,64.62,Weekly-Average-Prices-May-11-16-2026.pdf
"May 11, 2026","May 16, 2026","Habichuelas/Baguio Beans, Local",kg,123.6,Weekly-Average-Prices-May-11-16-2026.pdf
"May 11, 2026","May 16, 2026",Pechay Baguio,kg,74.59,Weekly-Average-Prices-May-11-16-2026.pdf
"May 11, 2026","May 16, 2026",Lettuce (Green Ice),kg,264.52,Weekly-Average-Prices-May-11-16-2026.pdf
"May 11, 2026","May 16, 2026",Lettuce (Iceberg) Medium (301-450 cm diameter/bunch hd),kg,191.56,Weekly-Average-Prices-May-11-16-2026.pdf
"May 11, 2026","May 16, 2026",Lettuce (Romaine),kg,236.89,Weekly-Average-Prices-May-11-16-2026.pdf
"May 11, 2026","May 16, 2026","White Potato, Local 10-12 pcs/kg",kg,97.04,Weekly-Average-Prices-May-11-16-2026.pdf
"May 11, 2026","May 16, 2026","Chilli (Red), Local Tingala",kg,139.73,Weekly-Average-Prices-May-11-16-2026.pdf
"May 11, 2026","May 16, 2026","Garlic, Native/Local",kg,400.0,Weekly-Average-Prices-May-11-16-2026.pdf
"May 11, 2026","May 16, 2026","Garlic, Imported",kg,146.79,Weekly-Average-Prices-May-11-16-2026.pdf
"May 11, 2026","May 16, 2026","Ginger, Local Fairly well-matured, Medium (150-300 gm)",kg,166.48,Weekly-Average-Prices-May-11-16-2026.pdf
"May 11, 2026","May 16, 2026","Red Onion, Local 13-15 pcs/kg",kg,94.99,Weekly-Average-Prices-May-11-16-2026.pdf
"May 11, 2026","May 16, 2026","Red Onion, Imported",kg,86.76,Weekly-Average-Prices-May-11-16-2026.pdf
"May 11, 2026","May 16, 2026","White Onion, Local",kg,90.33,Weekly-Average-Prices-May-11-16-2026.pdf
"May 11, 2026","May 16, 2026","White Onion, Imported",kg,90.32,Weekly-Average-Prices-May-11-16-2026.pdf
"May 11, 2026","May 16, 2026",Avocado,kg,235.96,Weekly-Average-Prices-May-11-16-2026.pdf
"May 11, 2026","May 16, 2026",Banana (Lakatan) 8-10 pcs/kg,kg,98.78,Weekly-Average-Prices-May-11-16-2026.pdf
"May 11, 2026","May 16, 2026",Banana (Latundan) 10-12 pcs/kg,kg,75.37,Weekly-Average-Prices-May-11-16-2026.pdf
"May 11, 2026","May 16, 2026",Banana (Saba),kg,59.02,Weekly-Average-Prices-May-11-16-2026.pdf
"May 11, 2026","May 16, 2026",Calamansi,kg,136.94,Weekly-Average-Prices-May-11-16-2026.pdf
"May 11, 2026","May 16, 2026","Mango (Carabao) Ripe, 3-4 pcs/kg",kg,153.25,Weekly-Average-Prices-May-11-16-2026.pdf
"May 11, 2026","May 16, 2026",Melon,kg,102.99,Weekly-Average-Prices-May-11-16-2026.pdf
"May 11, 2026","May 16, 2026","Papaya Solo, Ripe, 2-3 pcs/kg",kg,73.72,Weekly-Average-Prices-May-11-16-2026.pdf
"May 11, 2026","May 16, 2026",Pomelo,kg,176.7,Weekly-Average-Prices-May-11-16-2026.pdf
"May 11, 2026","May 16, 2026",Watermelon,kg,75.52,Weekly-Average-Prices-May-11-16-2026.pdf
"May 11, 2026","May 16, 2026",Salt (Rock),kg,21.15,Weekly-Average-Prices-May-11-16-2026.pdf
"May 11, 2026","May 16, 2026",Salt (Iodized),kg,41.23,Weekly-Average-Prices-May-11-16-2026.pdf
"May 11, 2026","May 16, 2026",Sugar (Refined),kg,82.15,Weekly-Average-Prices-May-11-16-2026.pdf
"May 11, 2026","May 16, 2026",Sugar (Washed),kg,75.07,Weekly-Average-Prices-May-11-16-2026.pdf
"May 11, 2026","May 16, 2026",Sugar (Brown),kg,73.06,Weekly-Average-Prices-May-11-16-2026.pdf
"May 11, 2026","May 16, 2026",Cooking Oil (Palm) 350 ml/bottle,ml,39.55,Weekly-Average-Prices-May-11-16-2026.pdf
"May 11, 2026","May 16, 2026",Cooking Oil (Palm) 1 Liter/bottle,L,98.59,Weekly-Average-Prices-May-11-16-2026.pdf
"May 11, 2026","May 16, 2026",Cooking Oil (Coconut) 350 ml/bottle,ml,59.95,Weekly-Average-Prices-May-11-16-2026.pdf
"May 11, 2026","May 16, 2026",Cooking Oil (Coconut) 1 Liter/bottle,L,161.73,Weekly-Average-Prices-May-11-16-2026.pdf
"May 18, 2026","May 23, 2026",P20 Benteng Bigas Meron Naᵃ,kg,20.0,Weekly-Average-Prices-May-18-23-2026.pdf
"May 18, 2026","May 23, 2026",Basmati,kg,220.0,Weekly-Average-Prices-May-18-23-2026.pdf
"May 18, 2026","May 23, 2026",Glutinous,kg,61.32,Weekly-Average-Prices-May-18-23-2026.pdf
"May 18, 2026","May 23, 2026",Japonica/Jasponica,kg,63.36,Weekly-Average-Prices-May-18-23-2026.pdf
"May 18, 2026","May 23, 2026",Other Special Rice White Rice,kg,59.72,Weekly-Average-Prices-May-18-23-2026.pdf
"May 18, 2026","May 23, 2026",Premium 5% broken,kg,52.92,Weekly-Average-Prices-May-18-23-2026.pdf
"May 18, 2026","May 23, 2026",Well Milled 1-19% bran streak,kg,48.03,Weekly-Average-Prices-May-18-23-2026.pdf
"May 18, 2026","May 23, 2026",Regular Milled 20-40% bran streak,kg,42.5,Weekly-Average-Prices-May-18-23-2026.pdf
"May 18, 2026","May 23, 2026",Basmati kg - Glutinous,kg,76.18,Weekly-Average-Prices-May-18-23-2026.pdf
"May 18, 2026","May 23, 2026",Japonica/Jasponica kg - Other Special Rice White Rice,kg,60.52,Weekly-Average-Prices-May-18-23-2026.pdf
"May 18, 2026","May 23, 2026",Premium 5% broken,kg,55.31,Weekly-Average-Prices-May-18-23-2026.pdf
"May 18, 2026","May 23, 2026",Well Milled 1-19% bran streak,kg,49.99,Weekly-Average-Prices-May-18-23-2026.pdf
"May 18, 2026","May 23, 2026",Regular Milled 20-40% bran streak,kg,45.3,Weekly-Average-Prices-May-18-23-2026.pdf
"May 18, 2026","May 23, 2026","Corn (White) Cob, Glutinous",kg,79.72,Weekly-Average-Prices-May-18-23-2026.pdf
"May 18, 2026","May 23, 2026","Corn (Yellow) Cob, Sweet Corn",kg,72.54,Weekly-Average-Prices-May-18-23-2026.pdf
"May 18, 2026","May 23, 2026","Corn Grits (White, Food Grade)",kg,102.5,Weekly-Average-Prices-May-18-23-2026.pdf
"May 18, 2026","May 23, 2026","Corn Grits (Yellow, Food Grade)",kg,102.5,Weekly-Average-Prices-May-18-23-2026.pdf
"May 18, 2026","May 23, 2026","Corn Cracked (Yellow, Feed Grade)",kg,49.0,Weekly-Average-Prices-May-18-23-2026.pdf
"May 18, 2026","May 23, 2026",Corn Grits (Feed Grade),kg,46.75,Weekly-Average-Prices-May-18-23-2026.pdf
"May 18, 2026","May 23, 2026",Mungbean,kg,154.05,Weekly-Average-Prices-May-18-23-2026.pdf
"May 18, 2026","May 23, 2026",Alumahan (Indian Mackerel) Medium (4-6 pcs/kg),kg,300.04,Weekly-Average-Prices-May-18-23-2026.pdf
"May 18, 2026","May 23, 2026","Bangus, Large Large (1-2 pcs)",kg,249.33,Weekly-Average-Prices-May-18-23-2026.pdf
"May 18, 2026","May 23, 2026","Bangus, Medium Medium (3-4 pcs/kg)",kg,228.82,Weekly-Average-Prices-May-18-23-2026.pdf
"May 18, 2026","May 23, 2026","Bonito (Frigate Tuna) kg - Galunggong, Local Male, Medium (12-14 pcs/kg)",kg,229.52,Weekly-Average-Prices-May-18-23-2026.pdf
"May 18, 2026","May 23, 2026","Galunggong, Imported Male, Medium (12-14 pcs/kg) kg - Salmon Belly, Local kg - Sardines (Tamban)",kg,155.38,Weekly-Average-Prices-May-18-23-2026.pdf
"May 18, 2026","May 23, 2026","Squid (Pusit Bisaya), Local Medium",kg,443.5,Weekly-Average-Prices-May-18-23-2026.pdf
"May 18, 2026","May 23, 2026","Tambakol (Yellow-Fin Tuna), Local Medium, Fresh or Chilled",kg,294.69,Weekly-Average-Prices-May-18-23-2026.pdf
"May 18, 2026","May 23, 2026",Tilapia Medium (5-6 pcs/kg),kg,154.73,Weekly-Average-Prices-May-18-23-2026.pdf
"May 18, 2026","May 23, 2026","BEEF PRODUCTS Beef Brisket, Local Meat with Bones",kg,445.26,Weekly-Average-Prices-May-18-23-2026.pdf
"May 18, 2026","May 23, 2026","Beef Rump, Local Lean Meat/ Tapadera",kg,496.54,Weekly-Average-Prices-May-18-23-2026.pdf
"May 18, 2026","May 23, 2026","Pork Belly (Liempo), Local",kg,402.92,Weekly-Average-Prices-May-18-23-2026.pdf
"May 18, 2026","May 23, 2026","Pork Belly (Liempo), Imported",kg,313.3,Weekly-Average-Prices-May-18-23-2026.pdf
"May 18, 2026","May 23, 2026","Pork Picnic Shoulder (Kasim), Local",kg,347.61,Weekly-Average-Prices-May-18-23-2026.pdf
"May 18, 2026","May 23, 2026","Pork Picnic Shoulder (Kasim), Imported",kg,254.33,Weekly-Average-Prices-May-18-23-2026.pdf
"May 18, 2026","May 23, 2026","Whole Chicken, Local Fully Dressed",kg,195.26,Weekly-Average-Prices-May-18-23-2026.pdf
"May 18, 2026","May 23, 2026","Chicken Egg (White, Pewee) 41-45 grams/pc",pc,6.09,Weekly-Average-Prices-May-18-23-2026.pdf
"May 18, 2026","May 23, 2026","Chicken Egg (White, Extra Small) 46-50 grams/pc",pc,6.63,Weekly-Average-Prices-May-18-23-2026.pdf
"May 18, 2026","May 23, 2026","Chicken Egg (White, Small) 51-55 grams/pc",pc,7.31,Weekly-Average-Prices-May-18-23-2026.pdf
"May 18, 2026","May 23, 2026","Chicken Egg (White, Medium) 56-60 grams/pc",pc,7.99,Weekly-Average-Prices-May-18-23-2026.pdf
"May 18, 2026","May 23, 2026","Chicken Egg (White, Large) 61-65 grams/pc",pc,8.6,Weekly-Average-Prices-May-18-23-2026.pdf
"May 18, 2026","May 23, 2026","Chicken Egg (White, Extra Large) 66-70 grams/pc",pc,9.16,Weekly-Average-Prices-May-18-23-2026.pdf
"May 18, 2026","May 23, 2026","Chicken Egg (White, Jumbo) 71> grams/pc",pc,9.8,Weekly-Average-Prices-May-18-23-2026.pdf
"May 18, 2026","May 23, 2026","Chicken Egg (Brown, Medium) Medium",pc,10.69,Weekly-Average-Prices-May-18-23-2026.pdf
"May 18, 2026","May 23, 2026","Chicken Egg (Brown, Large) Large",pc,11.96,Weekly-Average-Prices-May-18-23-2026.pdf
"May 18, 2026","May 23, 2026","Chicken Egg (Brown, Extra Large) Extra Large",pc,12.0,Weekly-Average-Prices-May-18-23-2026.pdf
"May 18, 2026","May 23, 2026",Ampalaya 4-5 pcs/kg,kg,120.88,Weekly-Average-Prices-May-18-23-2026.pdf
"May 18, 2026","May 23, 2026","Chilli (Green), Local Haba/Panigang",kg,122.73,Weekly-Average-Prices-May-18-23-2026.pdf
"May 18, 2026","May 23, 2026",Eggplant 3-4 Small Bundles,kg,89.02,Weekly-Average-Prices-May-18-23-2026.pdf
"May 18, 2026","May 23, 2026",Native Pechay 3-4 Small Bundles,kg,80.96,Weekly-Average-Prices-May-18-23-2026.pdf
"May 18, 2026","May 23, 2026",Pole Sitao 3-4 Small Bundles,kg,110.85,Weekly-Average-Prices-May-18-23-2026.pdf
"May 18, 2026","May 23, 2026",Squash Suprema Variety,kg,63.25,Weekly-Average-Prices-May-18-23-2026.pdf
"May 18, 2026","May 23, 2026",Tomato 15-18 pcs/kg,kg,63.92,Weekly-Average-Prices-May-18-23-2026.pdf
"May 18, 2026","May 23, 2026","Bell Pepper (Green), Local Medium (151-250gm/pc)",kg,244.14,Weekly-Average-Prices-May-18-23-2026.pdf
"May 18, 2026","May 23, 2026","Bell Pepper (Red), Local Medium (151-250gm/pc)",kg,245.6,Weekly-Average-Prices-May-18-23-2026.pdf
"May 18, 2026","May 23, 2026","Broccoli, Local Medium (8-10 cm diameter/bunch hd)",kg,148.46,Weekly-Average-Prices-May-18-23-2026.pdf
"May 18, 2026","May 23, 2026","Cauliflower, Local Medium (8-10 cm diameter/bunch hd)",kg,135.29,Weekly-Average-Prices-May-18-23-2026.pdf
"May 18, 2026","May 23, 2026",Cabbage (Rare Ball) 510 gm - 1 kg/head,kg,59.44,Weekly-Average-Prices-May-18-23-2026.pdf
"May 18, 2026","May 23, 2026",Cabbage (Scorpio) 750 gm - 1 kg/head,kg,65.0,Weekly-Average-Prices-May-18-23-2026.pdf
"May 18, 2026","May 23, 2026",Cabbage (Wonder Ball) 510 gm - 1 kg/head,kg,58.95,Weekly-Average-Prices-May-18-23-2026.pdf
"May 18, 2026","May 23, 2026","Carrots, Local 8-10 pcs/kg",kg,135.01,Weekly-Average-Prices-May-18-23-2026.pdf
"May 18, 2026","May 23, 2026",Celery Medium (501-800 g),kg,147.2,Weekly-Average-Prices-May-18-23-2026.pdf
"May 18, 2026","May 23, 2026",Chayote Medium (301-400 g),kg,70.07,Weekly-Average-Prices-May-18-23-2026.pdf
"May 18, 2026","May 23, 2026","Habichuelas/Baguio Beans, Local",kg,125.1,Weekly-Average-Prices-May-18-23-2026.pdf
"May 18, 2026","May 23, 2026",Pechay Baguio,kg,75.98,Weekly-Average-Prices-May-18-23-2026.pdf
"May 18, 2026","May 23, 2026",Lettuce (Green Ice),kg,245.58,Weekly-Average-Prices-May-18-23-2026.pdf
"May 18, 2026","May 23, 2026",Lettuce (Iceberg) Medium (301-450 cm diameter/bunch hd),kg,194.75,Weekly-Average-Prices-May-18-23-2026.pdf
"May 18, 2026","May 23, 2026",Lettuce (Romaine),kg,224.93,Weekly-Average-Prices-May-18-23-2026.pdf
"May 18, 2026","May 23, 2026","White Potato, Local 10-12 pcs/kg",kg,97.29,Weekly-Average-Prices-May-18-23-2026.pdf
"May 18, 2026","May 23, 2026","Chilli (Red), Local Tingala",kg,141.06,Weekly-Average-Prices-May-18-23-2026.pdf
"May 18, 2026","May 23, 2026","Garlic, Native/Local",kg,400.0,Weekly-Average-Prices-May-18-23-2026.pdf
"May 18, 2026","May 23, 2026","Garlic, Imported",kg,146.35,Weekly-Average-Prices-May-18-23-2026.pdf
"May 18, 2026","May 23, 2026","Ginger, Local Fairly well-matured, Medium (150-300 gm)",kg,171.53,Weekly-Average-Prices-May-18-23-2026.pdf
"May 18, 2026","May 23, 2026","Red Onion, Local 13-15 pcs/kg",kg,98.85,Weekly-Average-Prices-May-18-23-2026.pdf
"May 18, 2026","May 23, 2026","Red Onion, Imported",kg,93.33,Weekly-Average-Prices-May-18-23-2026.pdf
"May 18, 2026","May 23, 2026","White Onion, Local",kg,95.01,Weekly-Average-Prices-May-18-23-2026.pdf
"May 18, 2026","May 23, 2026","White Onion, Imported",kg,96.11,Weekly-Average-Prices-May-18-23-2026.pdf
"May 18, 2026","May 23, 2026",Avocado,kg,239.17,Weekly-Average-Prices-May-18-23-2026.pdf
"May 18, 2026","May 23, 2026",Banana (Lakatan) 8-10 pcs/kg,kg,98.97,Weekly-Average-Prices-May-18-23-2026.pdf
"May 18, 2026","May 23, 2026",Banana (Latundan) 10-12 pcs/kg,kg,75.76,Weekly-Average-Prices-May-18-23-2026.pdf
"May 18, 2026","May 23, 2026",Banana (Saba),kg,59.56,Weekly-Average-Prices-May-18-23-2026.pdf
"May 18, 2026","May 23, 2026",Calamansi,kg,133.99,Weekly-Average-Prices-May-18-23-2026.pdf
"May 18, 2026","May 23, 2026","Mango (Carabao) Ripe, 3-4 pcs/kg",kg,153.0,Weekly-Average-Prices-May-18-23-2026.pdf
"May 18, 2026","May 23, 2026",Melon,kg,103.22,Weekly-Average-Prices-May-18-23-2026.pdf
"May 18, 2026","May 23, 2026","Papaya Solo, Ripe, 2-3 pcs/kg",kg,73.95,Weekly-Average-Prices-May-18-23-2026.pdf
"May 18, 2026","May 23, 2026",Pomelo,kg,179.34,Weekly-Average-Prices-May-18-23-2026.pdf
"May 18, 2026","May 23, 2026",Watermelon,kg,75.59,Weekly-Average-Prices-May-18-23-2026.pdf
"May 18, 2026","May 23, 2026",Salt (Rock),kg,21.06,Weekly-Average-Prices-May-18-23-2026.pdf
"May 18, 2026","May 23, 2026",Salt (Iodized),kg,41.12,Weekly-Average-Prices-May-18-23-2026.pdf
"May 18, 2026","May 23, 2026",Sugar (Refined),kg,82.18,Weekly-Average-Prices-May-18-23-2026.pdf
"May 18, 2026","May 23, 2026",Sugar (Washed),kg,75.06,Weekly-Average-Prices-May-18-23-2026.pdf
"May 18, 2026","May 23, 2026",Sugar (Brown),kg,72.99,Weekly-Average-Prices-May-18-23-2026.pdf
"May 18, 2026","May 23, 2026",Cooking Oil (Palm) 350 ml/bottle,ml,39.24,Weekly-Average-Prices-May-18-23-2026.pdf
"May 18, 2026","May 23, 2026",Cooking Oil (Palm) 1 Liter/bottle,L,98.21,Weekly-Average-Prices-May-18-23-2026.pdf
"May 18, 2026","May 23, 2026",Cooking Oil (Coconut) 350 ml/bottle,ml,60.11,Weekly-Average-Prices-May-18-23-2026.pdf
"May 18, 2026","May 23, 2026",Cooking Oil (Coconut) 1 Liter/bottle,L,161.75,Weekly-Average-Prices-May-18-23-2026.pdf
"May 25, 2026","May 30, 2026",P20 Benteng Bigas Meron Naᵃ,kg,20.0,Weekly-Average-Prices-May-25-30-2026.pdf
"May 25, 2026","May 30, 2026",Basmati,kg,210.0,Weekly-Average-Prices-May-25-30-2026.pdf
"May 25, 2026","May 30, 2026",Glutinous,kg,61.19,Weekly-Average-Prices-May-25-30-2026.pdf
"May 25, 2026","May 30, 2026",Japonica/Jasponica,kg,63.09,Weekly-Average-Prices-May-25-30-2026.pdf
"May 25, 2026","May 30, 2026",Other Special Rice White Rice,kg,59.69,Weekly-Average-Prices-May-25-30-2026.pdf
"May 25, 2026","May 30, 2026",Premium 5% broken,kg,51.38,Weekly-Average-Prices-May-25-30-2026.pdf
"May 25, 2026","May 30, 2026",Well Milled 1-19% bran streak,kg,48.02,Weekly-Average-Prices-May-25-30-2026.pdf
"May 25, 2026","May 30, 2026",Regular Milled 20-40% bran streak,kg,42.5,Weekly-Average-Prices-May-25-30-2026.pdf
"May 25, 2026","May 30, 2026",Basmati kg - Glutinous,kg,76.87,Weekly-Average-Prices-May-25-30-2026.pdf
"May 25, 2026","May 30, 2026",Japonica/Jasponica kg - Other Special Rice White Rice,kg,60.3,Weekly-Average-Prices-May-25-30-2026.pdf
"May 25, 2026","May 30, 2026",Premium 5% broken,kg,54.93,Weekly-Average-Prices-May-25-30-2026.pdf
"May 25, 2026","May 30, 2026",Well Milled 1-19% bran streak,kg,49.74,Weekly-Average-Prices-May-25-30-2026.pdf
"May 25, 2026","May 30, 2026",Regular Milled 20-40% bran streak,kg,45.0,Weekly-Average-Prices-May-25-30-2026.pdf
"May 25, 2026","May 30, 2026","Corn (White) Cob, Glutinous",kg,77.64,Weekly-Average-Prices-May-25-30-2026.pdf
"May 25, 2026","May 30, 2026","Corn (Yellow) Cob, Sweet Corn",kg,72.35,Weekly-Average-Prices-May-25-30-2026.pdf
"May 25, 2026","May 30, 2026","Corn Grits (White, Food Grade)",kg,102.5,Weekly-Average-Prices-May-25-30-2026.pdf
"May 25, 2026","May 30, 2026","Corn Grits (Yellow, Food Grade)",kg,102.5,Weekly-Average-Prices-May-25-30-2026.pdf
"May 25, 2026","May 30, 2026","Corn Cracked (Yellow, Feed Grade)",kg,49.19,Weekly-Average-Prices-May-25-30-2026.pdf
"May 25, 2026","May 30, 2026",Corn Grits (Feed Grade),kg,46.62,Weekly-Average-Prices-May-25-30-2026.pdf
"May 25, 2026","May 30, 2026",Mungbean,kg,150.03,Weekly-Average-Prices-May-25-30-2026.pdf
"May 25, 2026","May 30, 2026",Alumahan (Indian Mackerel) Medium (4-6 pcs/kg),kg,315.55,Weekly-Average-Prices-May-25-30-2026.pdf
"May 25, 2026","May 30, 2026","Bangus, Large Large (1-2 pcs)",kg,249.88,Weekly-Average-Prices-May-25-30-2026.pdf
"May 25, 2026","May 30, 2026","Bangus, Medium Medium (3-4 pcs/kg)",kg,229.17,Weekly-Average-Prices-May-25-30-2026.pdf
"May 25, 2026","May 30, 2026","Bonito (Frigate Tuna) kg - Galunggong, Local Male, Medium (12-14 pcs/kg)",kg,232.3,Weekly-Average-Prices-May-25-30-2026.pdf
"May 25, 2026","May 30, 2026","Galunggong, Imported Male, Medium (12-14 pcs/kg) kg - Salmon Belly, Local kg - Sardines (Tamban)",kg,139.06,Weekly-Average-Prices-May-25-30-2026.pdf
"May 25, 2026","May 30, 2026","Squid (Pusit Bisaya), Local Medium",kg,445.99,Weekly-Average-Prices-May-25-30-2026.pdf
"May 25, 2026","May 30, 2026","Tambakol (Yellow-Fin Tuna), Local Medium, Fresh or Chilled",kg,290.56,Weekly-Average-Prices-May-25-30-2026.pdf
"May 25, 2026","May 30, 2026",Tilapia Medium (5-6 pcs/kg),kg,154.24,Weekly-Average-Prices-May-25-30-2026.pdf
"May 25, 2026","May 30, 2026","BEEF PRODUCTS Beef Brisket, Local Meat with Bones",kg,444.53,Weekly-Average-Prices-May-25-30-2026.pdf
"May 25, 2026","May 30, 2026","Beef Rump, Local Lean Meat/ Tapadera",kg,495.13,Weekly-Average-Prices-May-25-30-2026.pdf
"May 25, 2026","May 30, 2026","Pork Belly (Liempo), Local",kg,399.87,Weekly-Average-Prices-May-25-30-2026.pdf
"May 25, 2026","May 30, 2026","Pork Belly (Liempo), Imported",kg,312.76,Weekly-Average-Prices-May-25-30-2026.pdf
"May 25, 2026","May 30, 2026","Pork Picnic Shoulder (Kasim), Local",kg,345.55,Weekly-Average-Prices-May-25-30-2026.pdf
"May 25, 2026","May 30, 2026","Pork Picnic Shoulder (Kasim), Imported",kg,253.71,Weekly-Average-Prices-May-25-30-2026.pdf
"May 25, 2026","May 30, 2026","Whole Chicken, Local Fully Dressed",kg,199.16,Weekly-Average-Prices-May-25-30-2026.pdf
"May 25, 2026","May 30, 2026","Chicken Egg (White, Pewee) 41-45 grams/pc",pc,5.94,Weekly-Average-Prices-May-25-30-2026.pdf
"May 25, 2026","May 30, 2026","Chicken Egg (White, Extra Small) 46-50 grams/pc",pc,6.53,Weekly-Average-Prices-May-25-30-2026.pdf
"May 25, 2026","May 30, 2026","Chicken Egg (White, Small) 51-55 grams/pc",pc,7.26,Weekly-Average-Prices-May-25-30-2026.pdf
"May 25, 2026","May 30, 2026","Chicken Egg (White, Medium) 56-60 grams/pc",pc,7.98,Weekly-Average-Prices-May-25-30-2026.pdf
"May 25, 2026","May 30, 2026","Chicken Egg (White, Large) 61-65 grams/pc",pc,8.59,Weekly-Average-Prices-May-25-30-2026.pdf
"May 25, 2026","May 30, 2026","Chicken Egg (White, Extra Large) 66-70 grams/pc",pc,9.13,Weekly-Average-Prices-May-25-30-2026.pdf
"May 25, 2026","May 30, 2026","Chicken Egg (White, Jumbo) 71> grams/pc",pc,9.81,Weekly-Average-Prices-May-25-30-2026.pdf
"May 25, 2026","May 30, 2026","Chicken Egg (Brown, Medium) Medium",pc,10.75,Weekly-Average-Prices-May-25-30-2026.pdf
"May 25, 2026","May 30, 2026","Chicken Egg (Brown, Large) Large",pc,11.74,Weekly-Average-Prices-May-25-30-2026.pdf
"May 25, 2026","May 30, 2026","Chicken Egg (Brown, Extra Large) Extra Large",pc,11.75,Weekly-Average-Prices-May-25-30-2026.pdf
"May 25, 2026","May 30, 2026",Ampalaya 4-5 pcs/kg,kg,126.6,Weekly-Average-Prices-May-25-30-2026.pdf
"May 25, 2026","May 30, 2026","Chilli (Green), Local Haba/Panigang",kg,123.54,Weekly-Average-Prices-May-25-30-2026.pdf
"May 25, 2026","May 30, 2026",Eggplant 3-4 Small Bundles,kg,88.08,Weekly-Average-Prices-May-25-30-2026.pdf
"May 25, 2026","May 30, 2026",Native Pechay 3-4 Small Bundles,kg,86.08,Weekly-Average-Prices-May-25-30-2026.pdf
"May 25, 2026","May 30, 2026",Pole Sitao 3-4 Small Bundles,kg,117.26,Weekly-Average-Prices-May-25-30-2026.pdf
"May 25, 2026","May 30, 2026",Squash Suprema Variety,kg,63.46,Weekly-Average-Prices-May-25-30-2026.pdf
"May 25, 2026","May 30, 2026",Tomato 15-18 pcs/kg,kg,67.38,Weekly-Average-Prices-May-25-30-2026.pdf
"May 25, 2026","May 30, 2026","Bell Pepper (Green), Local Medium (151-250gm/pc)",kg,248.1,Weekly-Average-Prices-May-25-30-2026.pdf
"May 25, 2026","May 30, 2026","Bell Pepper (Red), Local Medium (151-250gm/pc)",kg,245.41,Weekly-Average-Prices-May-25-30-2026.pdf
"May 25, 2026","May 30, 2026","Broccoli, Local Medium (8-10 cm diameter/bunch hd)",kg,163.33,Weekly-Average-Prices-May-25-30-2026.pdf
"May 25, 2026","May 30, 2026","Cauliflower, Local Medium (8-10 cm diameter/bunch hd)",kg,134.17,Weekly-Average-Prices-May-25-30-2026.pdf
"May 25, 2026","May 30, 2026",Cabbage (Rare Ball) 510 gm - 1 kg/head,kg,60.62,Weekly-Average-Prices-May-25-30-2026.pdf
"May 25, 2026","May 30, 2026",Cabbage (Scorpio) 750 gm - 1 kg/head,kg,66.31,Weekly-Average-Prices-May-25-30-2026.pdf
"May 25, 2026","May 30, 2026",Cabbage (Wonder Ball) 510 gm - 1 kg/head,kg,59.33,Weekly-Average-Prices-May-25-30-2026.pdf
"May 25, 2026","May 30, 2026","Carrots, Local 8-10 pcs/kg",kg,133.35,Weekly-Average-Prices-May-25-30-2026.pdf
"May 25, 2026","May 30, 2026",Celery Medium (501-800 g),kg,146.19,Weekly-Average-Prices-May-25-30-2026.pdf
"May 25, 2026","May 30, 2026",Chayote Medium (301-400 g),kg,81.68,Weekly-Average-Prices-May-25-30-2026.pdf
"May 25, 2026","May 30, 2026","Habichuelas/Baguio Beans, Local",kg,141.03,Weekly-Average-Prices-May-25-30-2026.pdf
"May 25, 2026","May 30, 2026",Pechay Baguio,kg,76.92,Weekly-Average-Prices-May-25-30-2026.pdf
"May 25, 2026","May 30, 2026",Lettuce (Green Ice),kg,217.14,Weekly-Average-Prices-May-25-30-2026.pdf
"May 25, 2026","May 30, 2026",Lettuce (Iceberg) Medium (301-450 cm diameter/bunch hd),kg,189.01,Weekly-Average-Prices-May-25-30-2026.pdf
"May 25, 2026","May 30, 2026",Lettuce (Romaine),kg,207.07,Weekly-Average-Prices-May-25-30-2026.pdf
"May 25, 2026","May 30, 2026","White Potato, Local 10-12 pcs/kg",kg,96.97,Weekly-Average-Prices-May-25-30-2026.pdf
"May 25, 2026","May 30, 2026","Chilli (Red), Local Tingala",kg,143.01,Weekly-Average-Prices-May-25-30-2026.pdf
"May 25, 2026","May 30, 2026","Garlic, Native/Local",kg,386.36,Weekly-Average-Prices-May-25-30-2026.pdf
"May 25, 2026","May 30, 2026","Garlic, Imported",kg,146.03,Weekly-Average-Prices-May-25-30-2026.pdf
"May 25, 2026","May 30, 2026","Ginger, Local Fairly well-matured, Medium (150-300 gm)",kg,172.08,Weekly-Average-Prices-May-25-30-2026.pdf
"May 25, 2026","May 30, 2026","Red Onion, Local 13-15 pcs/kg",kg,102.01,Weekly-Average-Prices-May-25-30-2026.pdf
"May 25, 2026","May 30, 2026","Red Onion, Imported",kg,90.0,Weekly-Average-Prices-May-25-30-2026.pdf
"May 25, 2026","May 30, 2026","White Onion, Local",kg,96.66,Weekly-Average-Prices-May-25-30-2026.pdf
"May 25, 2026","May 30, 2026","White Onion, Imported",kg,97.5,Weekly-Average-Prices-May-25-30-2026.pdf
"May 25, 2026","May 30, 2026",Avocado,kg,232.31,Weekly-Average-Prices-May-25-30-2026.pdf
"May 25, 2026","May 30, 2026",Banana (Lakatan) 8-10 pcs/kg,kg,98.49,Weekly-Average-Prices-May-25-30-2026.pdf
"May 25, 2026","May 30, 2026",Banana (Latundan) 10-12 pcs/kg,kg,75.24,Weekly-Average-Prices-May-25-30-2026.pdf
"May 25, 2026","May 30, 2026",Banana (Saba),kg,58.71,Weekly-Average-Prices-May-25-30-2026.pdf
"May 25, 2026","May 30, 2026",Calamansi,kg,128.16,Weekly-Average-Prices-May-25-30-2026.pdf
"May 25, 2026","May 30, 2026","Mango (Carabao) Ripe, 3-4 pcs/kg",kg,148.96,Weekly-Average-Prices-May-25-30-2026.pdf
"May 25, 2026","May 30, 2026",Melon,kg,103.26,Weekly-Average-Prices-May-25-30-2026.pdf
"May 25, 2026","May 30, 2026","Papaya Solo, Ripe, 2-3 pcs/kg",kg,73.4,Weekly-Average-Prices-May-25-30-2026.pdf
"May 25, 2026","May 30, 2026",Pomelo,kg,176.86,Weekly-Average-Prices-May-25-30-2026.pdf
"May 25, 2026","May 30, 2026",Watermelon,kg,75.38,Weekly-Average-Prices-May-25-30-2026.pdf
"May 25, 2026","May 30, 2026",Salt (Rock),kg,21.54,Weekly-Average-Prices-May-25-30-2026.pdf
"May 25, 2026","May 30, 2026",Salt (Iodized),kg,41.67,Weekly-Average-Prices-May-25-30-2026.pdf
"May 25, 2026","May 30, 2026",Sugar (Refined),kg,82.24,Weekly-Average-Prices-May-25-30-2026.pdf
"May 25, 2026","May 30, 2026",Sugar (Washed),kg,75.29,Weekly-Average-Prices-May-25-30-2026.pdf
"May 25, 2026","May 30, 2026",Sugar (Brown),kg,73.18,Weekly-Average-Prices-May-25-30-2026.pdf
"May 25, 2026","May 30, 2026",Cooking Oil (Palm) 350 ml/bottle,ml,39.15,Weekly-Average-Prices-May-25-30-2026.pdf
"May 25, 2026","May 30, 2026",Cooking Oil (Palm) 1 Liter/bottle,L,98.49,Weekly-Average-Prices-May-25-30-2026.pdf
"May 25, 2026","May 30, 2026",Cooking Oil (Coconut) 350 ml/bottle,ml,60.18,Weekly-Average-Prices-May-25-30-2026.pdf
"May 25, 2026","May 30, 2026",Cooking Oil (Coconut) 1 Liter/bottle,L,162.22,Weekly-Average-Prices-May-25-30-2026.pdf
"May 4, 2026","May 9, 2026",P20 Benteng Bigas Meron Naᵃ,kg,20.0,Weekly-Average-Prices-May-4-9-2026.pdf
"May 4, 2026","May 9, 2026",Basmati,kg,210.83,Weekly-Average-Prices-May-4-9-2026.pdf
"May 4, 2026","May 9, 2026",Glutinous,kg,61.19,Weekly-Average-Prices-May-4-9-2026.pdf
"May 4, 2026","May 9, 2026",Japonica/Jasponica,kg,63.94,Weekly-Average-Prices-May-4-9-2026.pdf
"May 4, 2026","May 9, 2026",Other Special Rice White Rice,kg,60.27,Weekly-Average-Prices-May-4-9-2026.pdf
"May 4, 2026","May 9, 2026",Premium 5% broken,kg,58.33,Weekly-Average-Prices-May-4-9-2026.pdf
"May 4, 2026","May 9, 2026",Well Milled 1-19% bran streak,kg,48.01,Weekly-Average-Prices-May-4-9-2026.pdf
"May 4, 2026","May 9, 2026",Regular Milled 20-40% bran streak,kg,42.5,Weekly-Average-Prices-May-4-9-2026.pdf
"May 4, 2026","May 9, 2026",Basmati kg - Glutinous,kg,76.08,Weekly-Average-Prices-May-4-9-2026.pdf
"May 4, 2026","May 9, 2026",Japonica/Jasponica kg - Other Special Rice White Rice,kg,60.52,Weekly-Average-Prices-May-4-9-2026.pdf
"May 4, 2026","May 9, 2026",Premium 5% broken,kg,55.73,Weekly-Average-Prices-May-4-9-2026.pdf
"May 4, 2026","May 9, 2026",Well Milled 1-19% bran streak,kg,50.6,Weekly-Average-Prices-May-4-9-2026.pdf
"May 4, 2026","May 9, 2026",Regular Milled 20-40% bran streak,kg,45.13,Weekly-Average-Prices-May-4-9-2026.pdf
"May 4, 2026","May 9, 2026","Corn (White) Cob, Glutinous",kg,78.78,Weekly-Average-Prices-May-4-9-2026.pdf
"May 4, 2026","May 9, 2026","Corn (Yellow) Cob, Sweet Corn",kg,71.46,Weekly-Average-Prices-May-4-9-2026.pdf
"May 4, 2026","May 9, 2026","Corn Grits (White, Food Grade)",kg,120.0,Weekly-Average-Prices-May-4-9-2026.pdf
"May 4, 2026","May 9, 2026","Corn Grits (Yellow, Food Grade)",kg,120.0,Weekly-Average-Prices-May-4-9-2026.pdf
"May 4, 2026","May 9, 2026","Corn Cracked (Yellow, Feed Grade)",kg,49.24,Weekly-Average-Prices-May-4-9-2026.pdf
"May 4, 2026","May 9, 2026",Corn Grits (Feed Grade),kg,46.77,Weekly-Average-Prices-May-4-9-2026.pdf
"May 4, 2026","May 9, 2026",Mungbean,kg,157.17,Weekly-Average-Prices-May-4-9-2026.pdf
"May 4, 2026","May 9, 2026",Alumahan (Indian Mackerel) Medium (4-6 pcs/kg),kg,331.83,Weekly-Average-Prices-May-4-9-2026.pdf
"May 4, 2026","May 9, 2026","Bangus, Large Large (1-2 pcs)",kg,254.24,Weekly-Average-Prices-May-4-9-2026.pdf
"May 4, 2026","May 9, 2026","Bangus, Medium Medium (3-4 pcs/kg)",kg,231.9,Weekly-Average-Prices-May-4-9-2026.pdf
"May 4, 2026","May 9, 2026","Bonito (Frigate Tuna) kg - Galunggong, Local Male, Medium (12-14 pcs/kg)",kg,257.03,Weekly-Average-Prices-May-4-9-2026.pdf
"May 4, 2026","May 9, 2026","Galunggong, Imported Male, Medium (12-14 pcs/kg) kg - Salmon Belly, Local kg - Sardines (Tamban)",kg,177.09,Weekly-Average-Prices-May-4-9-2026.pdf
"May 4, 2026","May 9, 2026","Squid (Pusit Bisaya), Local Medium",kg,454.59,Weekly-Average-Prices-May-4-9-2026.pdf
"May 4, 2026","May 9, 2026","Tambakol (Yellow-Fin Tuna), Local Medium, Fresh or Chilled",kg,301.03,Weekly-Average-Prices-May-4-9-2026.pdf
"May 4, 2026","May 9, 2026",Tilapia Medium (5-6 pcs/kg),kg,154.8,Weekly-Average-Prices-May-4-9-2026.pdf
"May 4, 2026","May 9, 2026","BEEF PRODUCTS Beef Brisket, Local Meat with Bones",kg,442.72,Weekly-Average-Prices-May-4-9-2026.pdf
"May 4, 2026","May 9, 2026","Beef Rump, Local Lean Meat/ Tapadera",kg,493.51,Weekly-Average-Prices-May-4-9-2026.pdf
"May 4, 2026","May 9, 2026","Pork Belly (Liempo), Local",kg,403.8,Weekly-Average-Prices-May-4-9-2026.pdf
"May 4, 2026","May 9, 2026","Pork Belly (Liempo), Imported",kg,314.08,Weekly-Average-Prices-May-4-9-2026.pdf
"May 4, 2026","May 9, 2026","Pork Picnic Shoulder (Kasim), Local",kg,349.08,Weekly-Average-Prices-May-4-9-2026.pdf
"May 4, 2026","May 9, 2026","Pork Picnic Shoulder (Kasim), Imported",kg,254.72,Weekly-Average-Prices-May-4-9-2026.pdf
"May 4, 2026","May 9, 2026","Whole Chicken, Local Fully Dressed",kg,194.19,Weekly-Average-Prices-May-4-9-2026.pdf
"May 4, 2026","May 9, 2026","Chicken Egg (White, Pewee) 41-45 grams/pc",pc,6.03,Weekly-Average-Prices-May-4-9-2026.pdf
"May 4, 2026","May 9, 2026","Chicken Egg (White, Extra Small) 46-50 grams/pc",pc,6.98,Weekly-Average-Prices-May-4-9-2026.pdf
"May 4, 2026","May 9, 2026","Chicken Egg (White, Small) 51-55 grams/pc",pc,7.47,Weekly-Average-Prices-May-4-9-2026.pdf
"May 4, 2026","May 9, 2026","Chicken Egg (White, Medium) 56-60 grams/pc",pc,8.11,Weekly-Average-Prices-May-4-9-2026.pdf
"May 4, 2026","May 9, 2026","Chicken Egg (White, Large) 61-65 grams/pc",pc,8.68,Weekly-Average-Prices-May-4-9-2026.pdf
"May 4, 2026","May 9, 2026","Chicken Egg (White, Extra Large) 66-70 grams/pc",pc,9.22,Weekly-Average-Prices-May-4-9-2026.pdf
"May 4, 2026","May 9, 2026","Chicken Egg (White, Jumbo) 71> grams/pc",pc,9.92,Weekly-Average-Prices-May-4-9-2026.pdf
"May 4, 2026","May 9, 2026","Chicken Egg (Brown, Medium) Medium",pc,10.65,Weekly-Average-Prices-May-4-9-2026.pdf
"May 4, 2026","May 9, 2026","Chicken Egg (Brown, Large) Large",pc,12.09,Weekly-Average-Prices-May-4-9-2026.pdf
"May 4, 2026","May 9, 2026","Chicken Egg (Brown, Extra Large) Extra Large",pc,11.86,Weekly-Average-Prices-May-4-9-2026.pdf
"May 4, 2026","May 9, 2026",Ampalaya 4-5 pcs/kg,kg,115.97,Weekly-Average-Prices-May-4-9-2026.pdf
"May 4, 2026","May 9, 2026","Chilli (Green), Local Haba/Panigang",kg,115.93,Weekly-Average-Prices-May-4-9-2026.pdf
"May 4, 2026","May 9, 2026",Eggplant 3-4 Small Bundles,kg,81.73,Weekly-Average-Prices-May-4-9-2026.pdf
"May 4, 2026","May 9, 2026",Native Pechay 3-4 Small Bundles,kg,77.15,Weekly-Average-Prices-May-4-9-2026.pdf
"May 4, 2026","May 9, 2026",Pole Sitao 3-4 Small Bundles,kg,102.9,Weekly-Average-Prices-May-4-9-2026.pdf
"May 4, 2026","May 9, 2026",Squash Suprema Variety,kg,64.49,Weekly-Average-Prices-May-4-9-2026.pdf
"May 4, 2026","May 9, 2026",Tomato 15-18 pcs/kg,kg,62.61,Weekly-Average-Prices-May-4-9-2026.pdf
"May 4, 2026","May 9, 2026","Bell Pepper (Green), Local Medium (151-250gm/pc)",kg,233.77,Weekly-Average-Prices-May-4-9-2026.pdf
"May 4, 2026","May 9, 2026","Bell Pepper (Red), Local Medium (151-250gm/pc)",kg,240.45,Weekly-Average-Prices-May-4-9-2026.pdf
"May 4, 2026","May 9, 2026","Broccoli, Local Medium (8-10 cm diameter/bunch hd)",kg,150.51,Weekly-Average-Prices-May-4-9-2026.pdf
"May 4, 2026","May 9, 2026","Cauliflower, Local Medium (8-10 cm diameter/bunch hd)",kg,124.93,Weekly-Average-Prices-May-4-9-2026.pdf
"May 4, 2026","May 9, 2026",Cabbage (Rare Ball) 510 gm - 1 kg/head,kg,58.92,Weekly-Average-Prices-May-4-9-2026.pdf
"May 4, 2026","May 9, 2026",Cabbage (Scorpio) 750 gm - 1 kg/head,kg,67.42,Weekly-Average-Prices-May-4-9-2026.pdf
"May 4, 2026","May 9, 2026",Cabbage (Wonder Ball) 510 gm - 1 kg/head,kg,59.46,Weekly-Average-Prices-May-4-9-2026.pdf
"May 4, 2026","May 9, 2026","Carrots, Local 8-10 pcs/kg",kg,144.06,Weekly-Average-Prices-May-4-9-2026.pdf
"May 4, 2026","May 9, 2026",Celery Medium (501-800 g),kg,145.63,Weekly-Average-Prices-May-4-9-2026.pdf
"May 4, 2026","May 9, 2026",Chayote Medium (301-400 g),kg,62.47,Weekly-Average-Prices-May-4-9-2026.pdf
"May 4, 2026","May 9, 2026","Habichuelas/Baguio Beans, Local",kg,124.36,Weekly-Average-Prices-May-4-9-2026.pdf
"May 4, 2026","May 9, 2026",Pechay Baguio,kg,75.25,Weekly-Average-Prices-May-4-9-2026.pdf
"May 4, 2026","May 9, 2026",Lettuce (Green Ice),kg,167.63,Weekly-Average-Prices-May-4-9-2026.pdf
"May 4, 2026","May 9, 2026",Lettuce (Iceberg) Medium (301-450 cm diameter/bunch hd),kg,168.49,Weekly-Average-Prices-May-4-9-2026.pdf
"May 4, 2026","May 9, 2026",Lettuce (Romaine),kg,144.55,Weekly-Average-Prices-May-4-9-2026.pdf
"May 4, 2026","May 9, 2026","White Potato, Local 10-12 pcs/kg",kg,95.81,Weekly-Average-Prices-May-4-9-2026.pdf
"May 4, 2026","May 9, 2026","Chilli (Red), Local Tingala",kg,143.54,Weekly-Average-Prices-May-4-9-2026.pdf
"May 4, 2026","May 9, 2026","Garlic, Native/Local",kg,375.68,Weekly-Average-Prices-May-4-9-2026.pdf
"May 4, 2026","May 9, 2026","Garlic, Imported",kg,146.23,Weekly-Average-Prices-May-4-9-2026.pdf
"May 4, 2026","May 9, 2026","Ginger, Local Fairly well-matured, Medium (150-300 gm)",kg,164.78,Weekly-Average-Prices-May-4-9-2026.pdf
"May 4, 2026","May 9, 2026","Red Onion, Local 13-15 pcs/kg",kg,95.1,Weekly-Average-Prices-May-4-9-2026.pdf
"May 4, 2026","May 9, 2026","Red Onion, Imported",kg,88.75,Weekly-Average-Prices-May-4-9-2026.pdf
"May 4, 2026","May 9, 2026","White Onion, Local",kg,90.02,Weekly-Average-Prices-May-4-9-2026.pdf
"May 4, 2026","May 9, 2026","White Onion, Imported",kg,94.29,Weekly-Average-Prices-May-4-9-2026.pdf
"May 4, 2026","May 9, 2026",Avocado,kg,239.08,Weekly-Average-Prices-May-4-9-2026.pdf
"May 4, 2026","May 9, 2026",Banana (Lakatan) 8-10 pcs/kg,kg,98.94,Weekly-Average-Prices-May-4-9-2026.pdf
"May 4, 2026","May 9, 2026",Banana (Latundan) 10-12 pcs/kg,kg,75.29,Weekly-Average-Prices-May-4-9-2026.pdf
"May 4, 2026","May 9, 2026",Banana (Saba),kg,59.23,Weekly-Average-Prices-May-4-9-2026.pdf
"May 4, 2026","May 9, 2026",Calamansi,kg,137.47,Weekly-Average-Prices-May-4-9-2026.pdf
"May 4, 2026","May 9, 2026","Mango (Carabao) Ripe, 3-4 pcs/kg",kg,155.3,Weekly-Average-Prices-May-4-9-2026.pdf
"May 4, 2026","May 9, 2026",Melon,kg,103.11,Weekly-Average-Prices-May-4-9-2026.pdf
"May 4, 2026","May 9, 2026","Papaya Solo, Ripe, 2-3 pcs/kg",kg,73.54,Weekly-Average-Prices-May-4-9-2026.pdf
"May 4, 2026","May 9, 2026",Pomelo,kg,174.17,Weekly-Average-Prices-May-4-9-2026.pdf
"May 4, 2026","May 9, 2026",Watermelon,kg,76.06,Weekly-Average-Prices-May-4-9-2026.pdf
"May 4, 2026","May 9, 2026",Salt (Rock),kg,21.12,Weekly-Average-Prices-May-4-9-2026.pdf
"May 4, 2026","May 9, 2026",Salt (Iodized),kg,41.28,Weekly-Average-Prices-May-4-9-2026.pdf
"May 4, 2026","May 9, 2026",Sugar (Refined),kg,82.25,Weekly-Average-Prices-May-4-9-2026.pdf
"May 4, 2026","May 9, 2026",Sugar (Washed),kg,75.1,Weekly-Average-Prices-May-4-9-2026.pdf
"May 4, 2026","May 9, 2026",Sugar (Brown),kg,73.16,Weekly-Average-Prices-May-4-9-2026.pdf
"May 4, 2026","May 9, 2026",Cooking Oil (Palm) 350 ml/bottle,ml,39.52,Weekly-Average-Prices-May-4-9-2026.pdf
"May 4, 2026","May 9, 2026",Cooking Oil (Palm) 1 Liter/bottle,L,98.57,Weekly-Average-Prices-May-4-9-2026.pdf
"May 4, 2026","May 9, 2026",Cooking Oil (Coconut) 350 ml/bottle,ml,59.91,Weekly-Average-Prices-May-4-9-2026.pdf
"May 4, 2026","May 9, 2026",Cooking Oil (Coconut) 1 Liter/bottle,L,161.41,Weekly-Average-Prices-May-4-9-2026.pdf
