week_start,week_end,commodity,raw_item,specification,unit,raw_unit,weekly_average_price,price_support_families,extraction_method,source_file
2024-01-01,2024-01-05,Ampalaya,Ampalaya 4-5 pcs/kg kg 103.37,,kg,,103.37,,pdfplumber,2024\Weekly-Average-Prices-January-1-5-2024.pdf
2024-01-01,2024-01-05,Banana (Lakatan),Banana (Lakatan) 8-10 pcs/kg kg 102.00,,kg,,102.0,,pdfplumber,2024\Weekly-Average-Prices-January-1-5-2024.pdf
2024-01-01,2024-01-05,Banana (Latundan),Banana (Latundan) 10-12 pcs/kg kg 70.67,,kg,,70.67,,pdfplumber,2024\Weekly-Average-Prices-January-1-5-2024.pdf
2024-01-01,2024-01-05,Cabbage (Scorpio),Cabbage (Scorpio) 750 gm - 1 kg/head kg 72.28,,kg,,72.28,,pdfplumber,2024\Weekly-Average-Prices-January-1-5-2024.pdf
2024-01-01,2024-01-05,Calamansi,Calamansi kg 87.32,,kg,,87.32,,pdfplumber,2024\Weekly-Average-Prices-January-1-5-2024.pdf
2024-01-01,2024-01-05,Carrots,Carrots 8-10 pcs kg 108.46,,kg,,108.46,,pdfplumber,2024\Weekly-Average-Prices-January-1-5-2024.pdf
2024-01-01,2024-01-05,Eggplant,Eggplant 3-4 Small Bundles kg 102.53,,kg,,102.53,,pdfplumber,2024\Weekly-Average-Prices-January-1-5-2024.pdf
2024-01-01,2024-01-05,Garlic (Imported),Garlic (Imported) kg 148.77,,kg,,148.77,,pdfplumber,2024\Weekly-Average-Prices-January-1-5-2024.pdf
2024-01-01,2024-01-05,Garlic (Native),Garlic (Native) kg 475.00,,kg,,475.0,,pdfplumber,2024\Weekly-Average-Prices-January-1-5-2024.pdf
2024-01-01,2024-01-05,Ginger,Ginger kg 152.12,,kg,,152.12,,pdfplumber,2024\Weekly-Average-Prices-January-1-5-2024.pdf
2024-01-01,2024-01-05,Mango (Carabao),Mango (Carabao) 3-4 pcs/kg kg 200.98,,kg,,200.98,,pdfplumber,2024\Weekly-Average-Prices-January-1-5-2024.pdf
2024-01-01,2024-01-05,Papaya,Papaya 2-3 pcs/kg kg 66.73,,kg,,66.73,,pdfplumber,2024\Weekly-Average-Prices-January-1-5-2024.pdf
2024-01-01,2024-01-05,Pechay (Baguio),Pechay (Baguio) kg 69.28,,kg,,69.28,,pdfplumber,2024\Weekly-Average-Prices-January-1-5-2024.pdf
2024-01-01,2024-01-05,Pechay (Native),Pechay (Native) 3-4 Small Bundles kg 74.26,,kg,,74.26,,pdfplumber,2024\Weekly-Average-Prices-January-1-5-2024.pdf
2024-01-01,2024-01-05,Red Onion,Red Onion 13-15 pcs/kg kg 174.30,,kg,,174.3,,pdfplumber,2024\Weekly-Average-Prices-January-1-5-2024.pdf
2024-01-01,2024-01-05,Red Onion (Imported),Red Onion (Imported) kg 145.08,,kg,,145.08,,pdfplumber,2024\Weekly-Average-Prices-January-1-5-2024.pdf
2024-01-01,2024-01-05,Sitao,Sitao 3-4 Small Bundles kg 112.64,,kg,,112.64,,pdfplumber,2024\Weekly-Average-Prices-January-1-5-2024.pdf
2024-01-01,2024-01-05,Squash,Squash Suprema Variety kg 53.16,,kg,,53.16,,pdfplumber,2024\Weekly-Average-Prices-January-1-5-2024.pdf
2024-01-01,2024-01-05,Tomato,Tomato 15-18 pcs/kg kg 71.62,,kg,,71.62,,pdfplumber,2024\Weekly-Average-Prices-January-1-5-2024.pdf
2024-01-01,2024-01-05,White Onion,White Onion kg 117.21,,kg,,117.21,,pdfplumber,2024\Weekly-Average-Prices-January-1-5-2024.pdf
2024-01-01,2024-01-05,White Onion (Imported),White Onion (Imported) kg 121.81,,kg,,121.81,,pdfplumber,2024\Weekly-Average-Prices-January-1-5-2024.pdf
2024-01-01,2024-01-05,White Potato,White Potato 10-12 pcs kg 138.98,,kg,,138.98,,pdfplumber,2024\Weekly-Average-Prices-January-1-5-2024.pdf
2024-01-08,2024-01-12,Ampalaya,Ampalaya 4-5 pcs/kg kg 121.39,,kg,,121.39,,pdfplumber,2024\Weekly-Average-Prices-January-8-12-2024.pdf
2024-01-08,2024-01-12,Banana (Lakatan),Banana (Lakatan) 8-10 pcs/kg kg 104.84,,kg,,104.84,,pdfplumber,2024\Weekly-Average-Prices-January-8-12-2024.pdf
2024-01-08,2024-01-12,Banana (Latundan),Banana (Latundan) 10-12 pcs/kg kg 70.99,,kg,,70.99,,pdfplumber,2024\Weekly-Average-Prices-January-8-12-2024.pdf
2024-01-08,2024-01-12,Cabbage (Rare Ball),Cabbage (Rare Ball) Medium kg 55.85,,kg,,55.85,,pdfplumber,2024\Weekly-Average-Prices-January-8-12-2024.pdf
2024-01-08,2024-01-12,Cabbage (Scorpio),Cabbage (Scorpio) 750 gm - 1 kg/head kg 63.31,,kg,,63.31,,pdfplumber,2024\Weekly-Average-Prices-January-8-12-2024.pdf
2024-01-08,2024-01-12,Cabbage (Wonder Ball),Cabbage (Wonder Ball) Medium kg 52.59,,kg,,52.59,,pdfplumber,2024\Weekly-Average-Prices-January-8-12-2024.pdf
2024-01-08,2024-01-12,Calamansi,Calamansi kg 83.20,,kg,,83.2,,pdfplumber,2024\Weekly-Average-Prices-January-8-12-2024.pdf
2024-01-08,2024-01-12,Carrots,Carrots 8-10 pcs kg 93.26,,kg,,93.26,,pdfplumber,2024\Weekly-Average-Prices-January-8-12-2024.pdf
2024-01-08,2024-01-12,Eggplant,Eggplant 3-4 Small Bundles kg 118.49,,kg,,118.49,,pdfplumber,2024\Weekly-Average-Prices-January-8-12-2024.pdf
2024-01-08,2024-01-12,Garlic (Imported),Garlic (Imported) kg 148.20,,kg,,148.2,,pdfplumber,2024\Weekly-Average-Prices-January-8-12-2024.pdf
2024-01-08,2024-01-12,Garlic (Native),Garlic (Native) kg 450.00,,kg,,450.0,,pdfplumber,2024\Weekly-Average-Prices-January-8-12-2024.pdf
2024-01-08,2024-01-12,Ginger,Ginger kg 153.15,,kg,,153.15,,pdfplumber,2024\Weekly-Average-Prices-January-8-12-2024.pdf
2024-01-08,2024-01-12,Mango (Carabao),Mango (Carabao) 3-4 pcs/kg kg 192.02,,kg,,192.02,,pdfplumber,2024\Weekly-Average-Prices-January-8-12-2024.pdf
2024-01-08,2024-01-12,Papaya,Papaya 2-3 pcs/kg kg 66.17,,kg,,66.17,,pdfplumber,2024\Weekly-Average-Prices-January-8-12-2024.pdf
2024-01-08,2024-01-12,Pechay (Baguio),Pechay (Baguio) kg 61.77,,kg,,61.77,,pdfplumber,2024\Weekly-Average-Prices-January-8-12-2024.pdf
2024-01-08,2024-01-12,Pechay (Native),Pechay (Native) 3-4 Small Bundles kg 68.76,,kg,,68.76,,pdfplumber,2024\Weekly-Average-Prices-January-8-12-2024.pdf
2024-01-08,2024-01-12,Red Onion,Red Onion 13-15 pcs/kg kg 159.87,,kg,,159.87,,pdfplumber,2024\Weekly-Average-Prices-January-8-12-2024.pdf
2024-01-08,2024-01-12,Red Onion (Imported),Red Onion (Imported) kg 140.60,,kg,,140.6,,pdfplumber,2024\Weekly-Average-Prices-January-8-12-2024.pdf
2024-01-08,2024-01-12,Sitao,Sitao 3-4 Small Bundles kg 114.26,,kg,,114.26,,pdfplumber,2024\Weekly-Average-Prices-January-8-12-2024.pdf
2024-01-08,2024-01-12,Squash,Squash Suprema Variety kg 50.10,,kg,,50.1,,pdfplumber,2024\Weekly-Average-Prices-January-8-12-2024.pdf
2024-01-08,2024-01-12,Tomato,Tomato 15-18 pcs/kg kg 68.00,,kg,,68.0,,pdfplumber,2024\Weekly-Average-Prices-January-8-12-2024.pdf
2024-01-08,2024-01-12,White Onion,White Onion kg 110.96,,kg,,110.96,,pdfplumber,2024\Weekly-Average-Prices-January-8-12-2024.pdf
2024-01-08,2024-01-12,White Onion (Imported),White Onion (Imported) kg 120.07,,kg,,120.07,,pdfplumber,2024\Weekly-Average-Prices-January-8-12-2024.pdf
2024-01-08,2024-01-12,White Potato,White Potato 10-12 pcs kg 130.49,,kg,,130.49,,pdfplumber,2024\Weekly-Average-Prices-January-8-12-2024.pdf
2024-01-15,2024-01-19,Ampalaya,Ampalaya 4-5 pcs/kg kg 125.07,,kg,,125.07,,pdfplumber,2024\Weekly-Average-Prices-January-15-19-2024.pdf
2024-01-15,2024-01-19,Banana (Lakatan),Banana (Lakatan) 8-10 pcs/kg kg 104.31,,kg,,104.31,,pdfplumber,2024\Weekly-Average-Prices-January-15-19-2024.pdf
2024-01-15,2024-01-19,Banana (Latundan),Banana (Latundan) 10-12 pcs/kg kg 70.42,,kg,,70.42,,pdfplumber,2024\Weekly-Average-Prices-January-15-19-2024.pdf
2024-01-15,2024-01-19,Cabbage (Rare Ball),Cabbage (Rare Ball) Medium kg 55.79,,kg,,55.79,,pdfplumber,2024\Weekly-Average-Prices-January-15-19-2024.pdf
2024-01-15,2024-01-19,Cabbage (Scorpio),Cabbage (Scorpio) 750 gm - 1 kg/head kg 65.45,,kg,,65.45,,pdfplumber,2024\Weekly-Average-Prices-January-15-19-2024.pdf
2024-01-15,2024-01-19,Cabbage (Wonder Ball),Cabbage (Wonder Ball) Medium kg 51.48,,kg,,51.48,,pdfplumber,2024\Weekly-Average-Prices-January-15-19-2024.pdf
2024-01-15,2024-01-19,Calamansi,Calamansi kg 81.24,,kg,,81.24,,pdfplumber,2024\Weekly-Average-Prices-January-15-19-2024.pdf
2024-01-15,2024-01-19,Carrots,Carrots 8-10 pcs kg 88.70,,kg,,88.7,,pdfplumber,2024\Weekly-Average-Prices-January-15-19-2024.pdf
2024-01-15,2024-01-19,Eggplant,Eggplant 3-4 Small Bundles kg 119.08,,kg,,119.08,,pdfplumber,2024\Weekly-Average-Prices-January-15-19-2024.pdf
2024-01-15,2024-01-19,Garlic (Imported),Garlic (Imported) kg 148.18,,kg,,148.18,,pdfplumber,2024\Weekly-Average-Prices-January-15-19-2024.pdf
2024-01-15,2024-01-19,Garlic (Native),Garlic (Native) kg 456.25,,kg,,456.25,,pdfplumber,2024\Weekly-Average-Prices-January-15-19-2024.pdf
2024-01-15,2024-01-19,Ginger,Ginger kg 144.22,,kg,,144.22,,pdfplumber,2024\Weekly-Average-Prices-January-15-19-2024.pdf
2024-01-15,2024-01-19,Mango (Carabao),Mango (Carabao) 3-4 pcs/kg kg 184.39,,kg,,184.39,,pdfplumber,2024\Weekly-Average-Prices-January-15-19-2024.pdf
2024-01-15,2024-01-19,Papaya,Papaya 2-3 pcs/kg kg 65.76,,kg,,65.76,,pdfplumber,2024\Weekly-Average-Prices-January-15-19-2024.pdf
2024-01-15,2024-01-19,Pechay (Baguio),Pechay (Baguio) kg 61.34,,kg,,61.34,,pdfplumber,2024\Weekly-Average-Prices-January-15-19-2024.pdf
2024-01-15,2024-01-19,Pechay (Native),Pechay (Native) 3-4 Small Bundles kg 69.71,,kg,,69.71,,pdfplumber,2024\Weekly-Average-Prices-January-15-19-2024.pdf
2024-01-15,2024-01-19,Red Onion,Red Onion 13-15 pcs/kg kg 148.12,,kg,,148.12,,pdfplumber,2024\Weekly-Average-Prices-January-15-19-2024.pdf
2024-01-15,2024-01-19,Red Onion (Imported),Red Onion (Imported) kg 128.00,,kg,,128.0,,pdfplumber,2024\Weekly-Average-Prices-January-15-19-2024.pdf
2024-01-15,2024-01-19,Sitao,Sitao 3-4 Small Bundles kg 113.18,,kg,,113.18,,pdfplumber,2024\Weekly-Average-Prices-January-15-19-2024.pdf
2024-01-15,2024-01-19,Squash,Squash Suprema Variety kg 51.15,,kg,,51.15,,pdfplumber,2024\Weekly-Average-Prices-January-15-19-2024.pdf
2024-01-15,2024-01-19,Tomato,Tomato 15-18 pcs/kg kg 77.09,,kg,,77.09,,pdfplumber,2024\Weekly-Average-Prices-January-15-19-2024.pdf
2024-01-15,2024-01-19,White Onion,White Onion kg 108.83,,kg,,108.83,,pdfplumber,2024\Weekly-Average-Prices-January-15-19-2024.pdf
2024-01-15,2024-01-19,White Onion (Imported),White Onion (Imported) kg 116.04,,kg,,116.04,,pdfplumber,2024\Weekly-Average-Prices-January-15-19-2024.pdf
2024-01-15,2024-01-19,White Potato,White Potato 10-12 pcs kg 125.05,,kg,,125.05,,pdfplumber,2024\Weekly-Average-Prices-January-15-19-2024.pdf
2024-01-22,2024-01-26,Ampalaya,Ampalaya 4-5 pcs/kg kg 119.40,,kg,,119.4,,pdfplumber,2024\Weekly-Average-Prices-January-22-26-2024.pdf
2024-01-22,2024-01-26,Banana (Lakatan),Banana (Lakatan) 8-10 pcs/kg kg 104.43,,kg,,104.43,,pdfplumber,2024\Weekly-Average-Prices-January-22-26-2024.pdf
2024-01-22,2024-01-26,Banana (Latundan),Banana (Latundan) 10-12 pcs/kg kg 70.09,,kg,,70.09,,pdfplumber,2024\Weekly-Average-Prices-January-22-26-2024.pdf
2024-01-22,2024-01-26,Cabbage (Rare Ball),Cabbage (Rare Ball) Medium kg 55.71,,kg,,55.71,,pdfplumber,2024\Weekly-Average-Prices-January-22-26-2024.pdf
2024-01-22,2024-01-26,Cabbage (Scorpio),Cabbage (Scorpio) 750 gm - 1 kg/head kg 65.87,,kg,,65.87,,pdfplumber,2024\Weekly-Average-Prices-January-22-26-2024.pdf
2024-01-22,2024-01-26,Cabbage (Wonder Ball),Cabbage (Wonder Ball) Medium kg 55.12,,kg,,55.12,,pdfplumber,2024\Weekly-Average-Prices-January-22-26-2024.pdf
2024-01-22,2024-01-26,Calamansi,Calamansi kg 85.78,,kg,,85.78,,pdfplumber,2024\Weekly-Average-Prices-January-22-26-2024.pdf
2024-01-22,2024-01-26,Carrots,Carrots 8-10 pcs kg 90.39,,kg,,90.39,,pdfplumber,2024\Weekly-Average-Prices-January-22-26-2024.pdf
2024-01-22,2024-01-26,Eggplant,Eggplant 3-4 Small Bundles kg 111.90,,kg,,111.9,,pdfplumber,2024\Weekly-Average-Prices-January-22-26-2024.pdf
2024-01-22,2024-01-26,Garlic (Imported),Garlic (Imported) kg 147.94,,kg,,147.94,,pdfplumber,2024\Weekly-Average-Prices-January-22-26-2024.pdf
2024-01-22,2024-01-26,Garlic (Native),Garlic (Native) kg 500.00,,kg,,500.0,,pdfplumber,2024\Weekly-Average-Prices-January-22-26-2024.pdf
2024-01-22,2024-01-26,Ginger,Ginger kg 140.93,,kg,,140.93,,pdfplumber,2024\Weekly-Average-Prices-January-22-26-2024.pdf
2024-01-22,2024-01-26,Mango (Carabao),Mango (Carabao) 3-4 pcs/kg kg 180.23,,kg,,180.23,,pdfplumber,2024\Weekly-Average-Prices-January-22-26-2024.pdf
2024-01-22,2024-01-26,Papaya,Papaya 2-3 pcs/kg kg 65.76,,kg,,65.76,,pdfplumber,2024\Weekly-Average-Prices-January-22-26-2024.pdf
2024-01-22,2024-01-26,Pechay (Baguio),Pechay (Baguio) kg 61.57,,kg,,61.57,,pdfplumber,2024\Weekly-Average-Prices-January-22-26-2024.pdf
2024-01-22,2024-01-26,Pechay (Native),Pechay (Native) 3-4 Small Bundles kg 69.80,,kg,,69.8,,pdfplumber,2024\Weekly-Average-Prices-January-22-26-2024.pdf
2024-01-22,2024-01-26,Red Onion,Red Onion 13-15 pcs/kg kg 139.44,,kg,,139.44,,pdfplumber,2024\Weekly-Average-Prices-January-22-26-2024.pdf
2024-01-22,2024-01-26,Red Onion (Imported),Red Onion (Imported) kg 109.32,,kg,,109.32,,pdfplumber,2024\Weekly-Average-Prices-January-22-26-2024.pdf
2024-01-22,2024-01-26,Sitao,Sitao 3-4 Small Bundles kg 112.53,,kg,,112.53,,pdfplumber,2024\Weekly-Average-Prices-January-22-26-2024.pdf
2024-01-22,2024-01-26,Squash,Squash Suprema Variety kg 49.86,,kg,,49.86,,pdfplumber,2024\Weekly-Average-Prices-January-22-26-2024.pdf
2024-01-22,2024-01-26,Tomato,Tomato 15-18 pcs/kg kg 116.98,,kg,,116.98,,pdfplumber,2024\Weekly-Average-Prices-January-22-26-2024.pdf
2024-01-22,2024-01-26,White Onion,White Onion kg 97.55,,kg,,97.55,,pdfplumber,2024\Weekly-Average-Prices-January-22-26-2024.pdf
2024-01-22,2024-01-26,White Onion (Imported),White Onion (Imported) kg 110.47,,kg,,110.47,,pdfplumber,2024\Weekly-Average-Prices-January-22-26-2024.pdf
2024-01-22,2024-01-26,White Potato,White Potato 10-12 pcs kg 117.44,,kg,,117.44,,pdfplumber,2024\Weekly-Average-Prices-January-22-26-2024.pdf
2024-01-29,2024-02-02,Ampalaya,Ampalaya 4-5 pcs/kg kg 110.97,,kg,,110.97,,pdfplumber,2024\Weekly-Average-Prices-January-29-February-2-2024.pdf
2024-01-29,2024-02-02,Banana (Lakatan),Banana (Lakatan) 8-10 pcs/kg kg 104.37,,kg,,104.37,,pdfplumber,2024\Weekly-Average-Prices-January-29-February-2-2024.pdf
2024-01-29,2024-02-02,Banana (Latundan),Banana (Latundan) 10-12 pcs/kg kg 71.23,,kg,,71.23,,pdfplumber,2024\Weekly-Average-Prices-January-29-February-2-2024.pdf
2024-01-29,2024-02-02,Cabbage (Rare Ball),Cabbage (Rare Ball) Medium kg 54.75,,kg,,54.75,,pdfplumber,2024\Weekly-Average-Prices-January-29-February-2-2024.pdf
2024-01-29,2024-02-02,Cabbage (Scorpio),Cabbage (Scorpio) 750 gm - 1 kg/head kg 66.58,,kg,,66.58,,pdfplumber,2024\Weekly-Average-Prices-January-29-February-2-2024.pdf
2024-01-29,2024-02-02,Cabbage (Wonder Ball),Cabbage (Wonder Ball) Medium kg 57.82,,kg,,57.82,,pdfplumber,2024\Weekly-Average-Prices-January-29-February-2-2024.pdf
2024-01-29,2024-02-02,Calamansi,Calamansi kg 88.39,,kg,,88.39,,pdfplumber,2024\Weekly-Average-Prices-January-29-February-2-2024.pdf
2024-01-29,2024-02-02,Carrots,Carrots 8-10 pcs kg 91.68,,kg,,91.68,,pdfplumber,2024\Weekly-Average-Prices-January-29-February-2-2024.pdf
2024-01-29,2024-02-02,Eggplant,Eggplant 3-4 Small Bundles kg 97.26,,kg,,97.26,,pdfplumber,2024\Weekly-Average-Prices-January-29-February-2-2024.pdf
2024-01-29,2024-02-02,Garlic (Imported),Garlic (Imported) kg 147.81,,kg,,147.81,,pdfplumber,2024\Weekly-Average-Prices-January-29-February-2-2024.pdf
2024-01-29,2024-02-02,Garlic (Native),Garlic (Native) kg 462.50,,kg,,462.5,,pdfplumber,2024\Weekly-Average-Prices-January-29-February-2-2024.pdf
2024-01-29,2024-02-02,Ginger,Ginger kg 139.00,,kg,,139.0,,pdfplumber,2024\Weekly-Average-Prices-January-29-February-2-2024.pdf
2024-01-29,2024-02-02,Mango (Carabao),Mango (Carabao) 3-4 pcs/kg kg 171.17,,kg,,171.17,,pdfplumber,2024\Weekly-Average-Prices-January-29-February-2-2024.pdf
2024-01-29,2024-02-02,Papaya,Papaya 2-3 pcs/kg kg 64.96,,kg,,64.96,,pdfplumber,2024\Weekly-Average-Prices-January-29-February-2-2024.pdf
2024-01-29,2024-02-02,Pechay (Baguio),Pechay (Baguio) kg 61.10,,kg,,61.1,,pdfplumber,2024\Weekly-Average-Prices-January-29-February-2-2024.pdf
2024-01-29,2024-02-02,Pechay (Native),Pechay (Native) 3-4 Small Bundles kg 65.53,,kg,,65.53,,pdfplumber,2024\Weekly-Average-Prices-January-29-February-2-2024.pdf
2024-01-29,2024-02-02,Red Onion,Red Onion 13-15 pcs/kg kg 132.12,,kg,,132.12,,pdfplumber,2024\Weekly-Average-Prices-January-29-February-2-2024.pdf
2024-01-29,2024-02-02,Red Onion (Imported),Red Onion (Imported) kg 108.18,,kg,,108.18,,pdfplumber,2024\Weekly-Average-Prices-January-29-February-2-2024.pdf
2024-01-29,2024-02-02,Sitao,Sitao 3-4 Small Bundles kg 106.56,,kg,,106.56,,pdfplumber,2024\Weekly-Average-Prices-January-29-February-2-2024.pdf
2024-01-29,2024-02-02,Squash,Squash Suprema Variety kg 50.12,,kg,,50.12,,pdfplumber,2024\Weekly-Average-Prices-January-29-February-2-2024.pdf
2024-01-29,2024-02-02,Tomato,Tomato 15-18 pcs/kg kg 123.64,,kg,,123.64,,pdfplumber,2024\Weekly-Average-Prices-January-29-February-2-2024.pdf
2024-01-29,2024-02-02,White Onion,White Onion kg 91.78,,kg,,91.78,,pdfplumber,2024\Weekly-Average-Prices-January-29-February-2-2024.pdf
2024-01-29,2024-02-02,White Onion (Imported),White Onion (Imported) kg 105.97,,kg,,105.97,,pdfplumber,2024\Weekly-Average-Prices-January-29-February-2-2024.pdf
2024-01-29,2024-02-02,White Potato,White Potato 10-12 pcs kg 113.80,,kg,,113.8,,pdfplumber,2024\Weekly-Average-Prices-January-29-February-2-2024.pdf
2024-02-05,2024-02-09,Ampalaya,Ampalaya 4-5 pcs/kg kg 107.02,,kg,,107.02,,pdfplumber,2024\Weekly-Average-Prices-February-5-9-2024.pdf
2024-02-05,2024-02-09,Banana (Lakatan),Banana (Lakatan) 8-10 pcs/kg kg 104.08,,kg,,104.08,,pdfplumber,2024\Weekly-Average-Prices-February-5-9-2024.pdf
2024-02-05,2024-02-09,Banana (Latundan),Banana (Latundan) 10-12 pcs/kg kg 70.99,,kg,,70.99,,pdfplumber,2024\Weekly-Average-Prices-February-5-9-2024.pdf
2024-02-05,2024-02-09,Cabbage (Rare Ball),Cabbage (Rare Ball) Medium kg 54.72,,kg,,54.72,,pdfplumber,2024\Weekly-Average-Prices-February-5-9-2024.pdf
2024-02-05,2024-02-09,Cabbage (Scorpio),Cabbage (Scorpio) 750 gm - 1 kg/head kg 65.86,,kg,,65.86,,pdfplumber,2024\Weekly-Average-Prices-February-5-9-2024.pdf
2024-02-05,2024-02-09,Cabbage (Wonder Ball),Cabbage (Wonder Ball) Medium kg 56.90,,kg,,56.9,,pdfplumber,2024\Weekly-Average-Prices-February-5-9-2024.pdf
2024-02-05,2024-02-09,Calamansi,Calamansi kg 106.43,,kg,,106.43,,pdfplumber,2024\Weekly-Average-Prices-February-5-9-2024.pdf
2024-02-05,2024-02-09,Carrots,Carrots 8-10 pcs kg 92.90,,kg,,92.9,,pdfplumber,2024\Weekly-Average-Prices-February-5-9-2024.pdf
2024-02-05,2024-02-09,Eggplant,Eggplant 3-4 Small Bundles kg 88.06,,kg,,88.06,,pdfplumber,2024\Weekly-Average-Prices-February-5-9-2024.pdf
2024-02-05,2024-02-09,Garlic (Imported),Garlic (Imported) kg 145.84,,kg,,145.84,,pdfplumber,2024\Weekly-Average-Prices-February-5-9-2024.pdf
2024-02-05,2024-02-09,Garlic (Native),Garlic (Native) kg 435.71,,kg,,435.71,,pdfplumber,2024\Weekly-Average-Prices-February-5-9-2024.pdf
2024-02-05,2024-02-09,Ginger,Ginger kg 136.23,,kg,,136.23,,pdfplumber,2024\Weekly-Average-Prices-February-5-9-2024.pdf
2024-02-05,2024-02-09,Mango (Carabao),Mango (Carabao) 3-4 pcs/kg kg 170.48,,kg,,170.48,,pdfplumber,2024\Weekly-Average-Prices-February-5-9-2024.pdf
2024-02-05,2024-02-09,Papaya,Papaya 2-3 pcs/kg kg 66.34,,kg,,66.34,,pdfplumber,2024\Weekly-Average-Prices-February-5-9-2024.pdf
2024-02-05,2024-02-09,Pechay (Baguio),Pechay (Baguio) kg 60.21,,kg,,60.21,,pdfplumber,2024\Weekly-Average-Prices-February-5-9-2024.pdf
2024-02-05,2024-02-09,Pechay (Native),Pechay (Native) 3-4 Small Bundles kg 64.19,,kg,,64.19,,pdfplumber,2024\Weekly-Average-Prices-February-5-9-2024.pdf
2024-02-05,2024-02-09,Red Onion,Red Onion 13-15 pcs/kg kg 117.56,,kg,,117.56,,pdfplumber,2024\Weekly-Average-Prices-February-5-9-2024.pdf
2024-02-05,2024-02-09,Red Onion (Imported),Red Onion (Imported) kg 104.48,,kg,,104.48,,pdfplumber,2024\Weekly-Average-Prices-February-5-9-2024.pdf
2024-02-05,2024-02-09,Sitao,Sitao 3-4 Small Bundles kg 100.86,,kg,,100.86,,pdfplumber,2024\Weekly-Average-Prices-February-5-9-2024.pdf
2024-02-05,2024-02-09,Squash,Squash Suprema Variety kg 49.73,,kg,,49.73,,pdfplumber,2024\Weekly-Average-Prices-February-5-9-2024.pdf
2024-02-05,2024-02-09,Tomato,Tomato 15-18 pcs/kg kg 122.42,,kg,,122.42,,pdfplumber,2024\Weekly-Average-Prices-February-5-9-2024.pdf
2024-02-05,2024-02-09,White Onion,White Onion kg 86.66,,kg,,86.66,,pdfplumber,2024\Weekly-Average-Prices-February-5-9-2024.pdf
2024-02-05,2024-02-09,White Onion (Imported),White Onion (Imported) kg 103.55,,kg,,103.55,,pdfplumber,2024\Weekly-Average-Prices-February-5-9-2024.pdf
2024-02-05,2024-02-09,White Potato,White Potato 10-12 pcs kg 112.53,,kg,,112.53,,pdfplumber,2024\Weekly-Average-Prices-February-5-9-2024.pdf
2024-02-12,2024-02-16,Ampalaya,Ampalaya,,kg,,106.1,3,ocr_row_aligned,2024\Weekly-Average-Prices-February-12-16-2024.pdf
2024-02-12,2024-02-16,Banana (Lakatan),Banana ({Lakatan,,kg,,103.55,3,ocr_row_aligned,2024\Weekly-Average-Prices-February-12-16-2024.pdf
2024-02-12,2024-02-16,Banana (Latundan),Banana (Latundan),,kg,,71.5,3,ocr_row_aligned,2024\Weekly-Average-Prices-February-12-16-2024.pdf
2024-02-12,2024-02-16,Cabbage (Rare Ball),Cabbage (Rare Ball),,kg,,95.86,2,ocr_row_aligned,2024\Weekly-Average-Prices-February-12-16-2024.pdf
2024-02-12,2024-02-16,Cabbage (Scorpio),Cabbage (Scorpio},,kg,,67.75,3,ocr_row_aligned,2024\Weekly-Average-Prices-February-12-16-2024.pdf
2024-02-12,2024-02-16,Cabbage (Wonder Ball),Cabbage (Wonder Ball,,kg,,9.72,2,ocr_row_aligned,2024\Weekly-Average-Prices-February-12-16-2024.pdf
2024-02-12,2024-02-16,Calamansi,Calamansi,,kg,,103.22,3,ocr_row_aligned,2024\Weekly-Average-Prices-February-12-16-2024.pdf
2024-02-12,2024-02-16,Carrots,Carrots,,kg,,92.63,3,ocr_row_aligned,2024\Weekly-Average-Prices-February-12-16-2024.pdf
2024-02-12,2024-02-16,Eggplant,Eggplant,,kg,,81.2,3,ocr_row_aligned,2024\Weekly-Average-Prices-February-12-16-2024.pdf
2024-02-12,2024-02-16,Garlic (Imported),Garlic (Imported,,kg,,144.58,3,ocr_row_aligned,2024\Weekly-Average-Prices-February-12-16-2024.pdf
2024-02-12,2024-02-16,Garlic (Native),Garlic (Native),,kg,,436.36,3,ocr_row_aligned,2024\Weekly-Average-Prices-February-12-16-2024.pdf
2024-02-12,2024-02-16,Ginger,Ginger,,kg,,135.28,3,ocr_row_aligned,2024\Weekly-Average-Prices-February-12-16-2024.pdf
2024-02-12,2024-02-16,Mango (Carabao),Mango (Carabao},,kg,,174.91,3,ocr_row_aligned,2024\Weekly-Average-Prices-February-12-16-2024.pdf
2024-02-12,2024-02-16,Papaya,Papaya,,kg,,66.22,3,ocr_row_aligned,2024\Weekly-Average-Prices-February-12-16-2024.pdf
2024-02-12,2024-02-16,Pechay (Baguio),Pechay (Baguio),,kg,,60.28,3,ocr_row_aligned,2024\Weekly-Average-Prices-February-12-16-2024.pdf
2024-02-12,2024-02-16,Pechay (Native),Pechay (Native,,kg,,62.6,3,ocr_row_aligned,2024\Weekly-Average-Prices-February-12-16-2024.pdf
2024-02-12,2024-02-16,Red Onion,Red Onion,,kg,,109.56,3,ocr_row_aligned,2024\Weekly-Average-Prices-February-12-16-2024.pdf
2024-02-12,2024-02-16,Red Onion (Imported),Red Onion (Imported),,kg,,93.68,3,ocr_row_aligned,2024\Weekly-Average-Prices-February-12-16-2024.pdf
2024-02-12,2024-02-16,Squash,Squash,,kg,,49.68,3,ocr_row_aligned,2024\Weekly-Average-Prices-February-12-16-2024.pdf
2024-02-12,2024-02-16,Tomato,Tomato,,kg,,108.38,3,ocr_row_aligned,2024\Weekly-Average-Prices-February-12-16-2024.pdf
2024-02-12,2024-02-16,White Onion,White Onion,,kg,,86.01,3,ocr_row_aligned,2024\Weekly-Average-Prices-February-12-16-2024.pdf
2024-02-12,2024-02-16,White Onion (Imported),White Onion (Imported),,kg,,102.57,3,ocr_row_aligned,2024\Weekly-Average-Prices-February-12-16-2024.pdf
2024-02-12,2024-02-16,White Potato,White Potato,,kg,,113.87,3,ocr_row_aligned,2024\Weekly-Average-Prices-February-12-16-2024.pdf
2024-02-19,2024-02-23,Banana (Lakatan),Banana (Lakatan),,kg,,103.46,3,ocr_table,2024\Weekly-Average-Prices-February-19-23-2024.pdf
2024-02-19,2024-02-23,Banana (Latundan),!Banana (Latundan),,kg,,71.09,3,ocr_table,2024\Weekly-Average-Prices-February-19-23-2024.pdf
2024-02-19,2024-02-23,Cabbage (Rare Ball),\Cabbaae (Rare Ball),,kg,,62.52,3,ocr_table,2024\Weekly-Average-Prices-February-19-23-2024.pdf
2024-02-19,2024-02-23,Cabbage (Scorpio),\Cabbaae (Scorpio),,kg,,71.55,2,ocr_table,2024\Weekly-Average-Prices-February-19-23-2024.pdf
2024-02-19,2024-02-23,Cabbage (Wonder Ball),\Cabbaae (Wonder Ball),,kg,,64.66,3,ocr_table,2024\Weekly-Average-Prices-February-19-23-2024.pdf
2024-02-19,2024-02-23,Calamansi,Calamansi,,kg,,101.08,3,ocr_table,2024\Weekly-Average-Prices-February-19-23-2024.pdf
2024-02-19,2024-02-23,Carrots,Carrots,,kg,,96.78,3,ocr_table,2024\Weekly-Average-Prices-February-19-23-2024.pdf
2024-02-19,2024-02-23,Garlic (Imported),Garlic (Imported),,kg,,145.09,3,ocr_table,2024\Weekly-Average-Prices-February-19-23-2024.pdf
2024-02-19,2024-02-23,Garlic (Native),Garlic (Native),,kg,,438.46,3,ocr_table,2024\Weekly-Average-Prices-February-19-23-2024.pdf
2024-02-19,2024-02-23,Pechay (Baguio),Pechay (Baquio),,kg,,61.82,3,ocr_table,2024\Weekly-Average-Prices-February-19-23-2024.pdf
2024-02-19,2024-02-23,Pechay (Native),1Pechay (Native),,kg,,61.32,3,ocr_table,2024\Weekly-Average-Prices-February-19-23-2024.pdf
2024-02-19,2024-02-23,Red Onion,Red Onion,,kg,,99.05,3,ocr_table,2024\Weekly-Average-Prices-February-19-23-2024.pdf
2024-02-19,2024-02-23,Red Onion (Imported),1Red Onion (Imported),,kg,,94.74,2,ocr_table,2024\Weekly-Average-Prices-February-19-23-2024.pdf
2024-02-19,2024-02-23,Sitao,lSitao,,kg,,99.7,3,ocr_table,2024\Weekly-Average-Prices-February-19-23-2024.pdf
2024-02-19,2024-02-23,Squash,Squash,,kg,,50.23,3,ocr_table,2024\Weekly-Average-Prices-February-19-23-2024.pdf
2024-02-19,2024-02-23,Tomato,lTomato,,kg,,100.83,3,ocr_table,2024\Weekly-Average-Prices-February-19-23-2024.pdf
2024-02-19,2024-02-23,White Onion,White Onion,,kg,,83.42,2,ocr_table,2024\Weekly-Average-Prices-February-19-23-2024.pdf
2024-02-19,2024-02-23,White Onion (Imported),I\White Onion (Imported),,kg,,101.77,3,ocr_table,2024\Weekly-Average-Prices-February-19-23-2024.pdf
2024-02-19,2024-02-23,White Potato,l\White Potato,,kg,,117.88,3,ocr_table,2024\Weekly-Average-Prices-February-19-23-2024.pdf
2024-02-26,2024-03-01,Ampalaya,Ampalaya 4-5 pcs/kg kg 114.58,,kg,,114.58,,pdfplumber,2024\Weekly-Average-Prices-February-26-March-1-2024.pdf
2024-02-26,2024-03-01,Banana (Lakatan),Banana (Lakatan) 8-10 pcs/kg kg 104.12,,kg,,104.12,,pdfplumber,2024\Weekly-Average-Prices-February-26-March-1-2024.pdf
2024-02-26,2024-03-01,Banana (Latundan),Banana (Latundan) 10-12 pcs/kg kg 72.28,,kg,,72.28,,pdfplumber,2024\Weekly-Average-Prices-February-26-March-1-2024.pdf
2024-02-26,2024-03-01,Cabbage (Rare Ball),Cabbage (Rare Ball) 510 gm - 1 kg/head kg 63.92,,kg,,63.92,,pdfplumber,2024\Weekly-Average-Prices-February-26-March-1-2024.pdf
2024-02-26,2024-03-01,Cabbage (Scorpio),Cabbage (Scorpio) 750 gm - 1 kg/head kg 71.29,,kg,,71.29,,pdfplumber,2024\Weekly-Average-Prices-February-26-March-1-2024.pdf
2024-02-26,2024-03-01,Cabbage (Wonder Ball),Cabbage (Wonder Ball) 510 gm - 1 kg/head kg 63.11,,kg,,63.11,,pdfplumber,2024\Weekly-Average-Prices-February-26-March-1-2024.pdf
2024-02-26,2024-03-01,Calamansi,Calamansi kg 96.77,,kg,,96.77,,pdfplumber,2024\Weekly-Average-Prices-February-26-March-1-2024.pdf
2024-02-26,2024-03-01,Carrots,Carrots 8-10 pcs/kg kg 114.07,,kg,,114.07,,pdfplumber,2024\Weekly-Average-Prices-February-26-March-1-2024.pdf
2024-02-26,2024-03-01,Eggplant,Eggplant 3-4 Small Bundles kg 80.20,,kg,,80.2,,pdfplumber,2024\Weekly-Average-Prices-February-26-March-1-2024.pdf
2024-02-26,2024-03-01,Garlic (Imported),Garlic (Imported) kg 145.14,,kg,,145.14,,pdfplumber,2024\Weekly-Average-Prices-February-26-March-1-2024.pdf
2024-02-26,2024-03-01,Garlic (Native),Garlic (Native) kg 431.25,,kg,,431.25,,pdfplumber,2024\Weekly-Average-Prices-February-26-March-1-2024.pdf
2024-02-26,2024-03-01,Ginger,Ginger kg 132.62,,kg,,132.62,,pdfplumber,2024\Weekly-Average-Prices-February-26-March-1-2024.pdf
2024-02-26,2024-03-01,Mango (Carabao),Mango (Carabao) 3-4 pcs/kg kg 175.30,,kg,,175.3,,pdfplumber,2024\Weekly-Average-Prices-February-26-March-1-2024.pdf
2024-02-26,2024-03-01,Papaya,Papaya 2-3 pcs/kg kg 65.46,,kg,,65.46,,pdfplumber,2024\Weekly-Average-Prices-February-26-March-1-2024.pdf
2024-02-26,2024-03-01,Pechay (Baguio),Pechay (Baguio) kg 63.03,,kg,,63.03,,pdfplumber,2024\Weekly-Average-Prices-February-26-March-1-2024.pdf
2024-02-26,2024-03-01,Pechay (Native),Pechay (Native) 3-4 Small Bundles kg 59.75,,kg,,59.75,,pdfplumber,2024\Weekly-Average-Prices-February-26-March-1-2024.pdf
2024-02-26,2024-03-01,Red Onion,Red Onion 13-15 pcs/kg kg 90.59,,kg,,90.59,,pdfplumber,2024\Weekly-Average-Prices-February-26-March-1-2024.pdf
2024-02-26,2024-03-01,Red Onion (Imported),Red Onion (Imported) kg 95.88,,kg,,95.88,,pdfplumber,2024\Weekly-Average-Prices-February-26-March-1-2024.pdf
2024-02-26,2024-03-01,Sitao,Sitao 3-4 Small Bundles kg 107.29,,kg,,107.29,,pdfplumber,2024\Weekly-Average-Prices-February-26-March-1-2024.pdf
2024-02-26,2024-03-01,Squash,Squash Suprema Variety kg 48.37,,kg,,48.37,,pdfplumber,2024\Weekly-Average-Prices-February-26-March-1-2024.pdf
2024-02-26,2024-03-01,Tomato,Tomato 15-18 pcs/kg kg 94.26,,kg,,94.26,,pdfplumber,2024\Weekly-Average-Prices-February-26-March-1-2024.pdf
2024-02-26,2024-03-01,White Onion,White Onion kg 79.40,,kg,,79.4,,pdfplumber,2024\Weekly-Average-Prices-February-26-March-1-2024.pdf
2024-02-26,2024-03-01,White Onion (Imported),White Onion (Imported) kg 98.02,,kg,,98.02,,pdfplumber,2024\Weekly-Average-Prices-February-26-March-1-2024.pdf
2024-02-26,2024-03-01,White Potato,White Potato 10-12 pcs/kg kg 121.35,,kg,,121.35,,pdfplumber,2024\Weekly-Average-Prices-February-26-March-1-2024.pdf
2024-03-04,2024-03-08,Ampalaya,Ampalaya 4-5 pcs/kg kg 122.76,,kg,,122.76,,pdfplumber,2024\Weekly-Average-Prices-March-4-8-2024.pdf
2024-03-04,2024-03-08,Banana (Lakatan),Banana (Lakatan) 8-10 pcs/kg kg 105.39,,kg,,105.39,,pdfplumber,2024\Weekly-Average-Prices-March-4-8-2024.pdf
2024-03-04,2024-03-08,Banana (Latundan),Banana (Latundan) 10-12 pcs/kg kg 72.18,,kg,,72.18,,pdfplumber,2024\Weekly-Average-Prices-March-4-8-2024.pdf
2024-03-04,2024-03-08,Cabbage (Rare Ball),Cabbage (Rare Ball) 510 gm - 1 kg/head kg 61.98,,kg,,61.98,,pdfplumber,2024\Weekly-Average-Prices-March-4-8-2024.pdf
2024-03-04,2024-03-08,Cabbage (Scorpio),Cabbage (Scorpio) 750 gm - 1 kg/head kg 69.78,,kg,,69.78,,pdfplumber,2024\Weekly-Average-Prices-March-4-8-2024.pdf
2024-03-04,2024-03-08,Cabbage (Wonder Ball),Cabbage (Wonder Ball) 510 gm - 1 kg/head kg 64.78,,kg,,64.78,,pdfplumber,2024\Weekly-Average-Prices-March-4-8-2024.pdf
2024-03-04,2024-03-08,Calamansi,Calamansi kg 94.59,,kg,,94.59,,pdfplumber,2024\Weekly-Average-Prices-March-4-8-2024.pdf
2024-03-04,2024-03-08,Carrots,Carrots 8-10 pcs/kg kg 119.79,,kg,,119.79,,pdfplumber,2024\Weekly-Average-Prices-March-4-8-2024.pdf
2024-03-04,2024-03-08,Eggplant,Eggplant 3-4 Small Bundles kg 81.54,,kg,,81.54,,pdfplumber,2024\Weekly-Average-Prices-March-4-8-2024.pdf
2024-03-04,2024-03-08,Garlic (Imported),Garlic (Imported) kg 145.22,,kg,,145.22,,pdfplumber,2024\Weekly-Average-Prices-March-4-8-2024.pdf
2024-03-04,2024-03-08,Garlic (Native),Garlic (Native) kg 445.45,,kg,,445.45,,pdfplumber,2024\Weekly-Average-Prices-March-4-8-2024.pdf
2024-03-04,2024-03-08,Ginger,Ginger kg 131.49,,kg,,131.49,,pdfplumber,2024\Weekly-Average-Prices-March-4-8-2024.pdf
2024-03-04,2024-03-08,Mango (Carabao),Mango (Carabao) 3-4 pcs/kg kg 175.09,,kg,,175.09,,pdfplumber,2024\Weekly-Average-Prices-March-4-8-2024.pdf
2024-03-04,2024-03-08,Papaya,Papaya 2-3 pcs/kg kg 65.44,,kg,,65.44,,pdfplumber,2024\Weekly-Average-Prices-March-4-8-2024.pdf
2024-03-04,2024-03-08,Pechay (Baguio),Pechay (Baguio) kg 63.34,,kg,,63.34,,pdfplumber,2024\Weekly-Average-Prices-March-4-8-2024.pdf
2024-03-04,2024-03-08,Pechay (Native),Pechay (Native) 3-4 Small Bundles kg 59.78,,kg,,59.78,,pdfplumber,2024\Weekly-Average-Prices-March-4-8-2024.pdf
2024-03-04,2024-03-08,Red Onion,Red Onion 13-15 pcs/kg kg 89.96,,kg,,89.96,,pdfplumber,2024\Weekly-Average-Prices-March-4-8-2024.pdf
2024-03-04,2024-03-08,Red Onion (Imported),Red Onion (Imported) kg 93.18,,kg,,93.18,,pdfplumber,2024\Weekly-Average-Prices-March-4-8-2024.pdf
2024-03-04,2024-03-08,Sitao,Sitao 3-4 Small Bundles kg 118.03,,kg,,118.03,,pdfplumber,2024\Weekly-Average-Prices-March-4-8-2024.pdf
2024-03-04,2024-03-08,Squash,Squash Suprema Variety kg 47.68,,kg,,47.68,,pdfplumber,2024\Weekly-Average-Prices-March-4-8-2024.pdf
2024-03-04,2024-03-08,Tomato,Tomato 15-18 pcs/kg kg 81.99,,kg,,81.99,,pdfplumber,2024\Weekly-Average-Prices-March-4-8-2024.pdf
2024-03-04,2024-03-08,White Onion,White Onion kg 78.67,,kg,,78.67,,pdfplumber,2024\Weekly-Average-Prices-March-4-8-2024.pdf
2024-03-04,2024-03-08,White Onion (Imported),White Onion (Imported) kg 102.56,,kg,,102.56,,pdfplumber,2024\Weekly-Average-Prices-March-4-8-2024.pdf
2024-03-04,2024-03-08,White Potato,White Potato 10-12 pcs/kg kg 122.91,,kg,,122.91,,pdfplumber,2024\Weekly-Average-Prices-March-4-8-2024.pdf
2024-03-11,2024-03-15,Banana (Lakatan),1Banana (Lakatan) §,,kg,,105.6,3,ocr_table,2024\Weekly-Average-Prices-March-11-15-2024.pdf
2024-03-11,2024-03-15,Banana (Latundan),Banana (Latundan} 17,,kg,,71.43,2,ocr_table,2024\Weekly-Average-Prices-March-11-15-2024.pdf
2024-03-11,2024-03-15,Cabbage (Scorpio),\Cabbaae (Scorpio} 17,,kg,,68.97,3,ocr_table,2024\Weekly-Average-Prices-March-11-15-2024.pdf
2024-03-11,2024-03-15,Cabbage (Wonder Ball),\Cabbaae (Wonder Boll) 15,,kg,,62.66,3,ocr_table,2024\Weekly-Average-Prices-March-11-15-2024.pdf
2024-03-11,2024-03-15,Calamansi,Calamansi,,kg,,90.0,3,ocr_table,2024\Weekly-Average-Prices-March-11-15-2024.pdf
2024-03-11,2024-03-15,Carrots,Carrots 18,,kg,,116.39,3,ocr_table,2024\Weekly-Average-Prices-March-11-15-2024.pdf
2024-03-11,2024-03-15,Eggplant,lEqaplant 13,,kg,,82.92,2,ocr_table,2024\Weekly-Average-Prices-March-11-15-2024.pdf
2024-03-11,2024-03-15,Garlic (Native),IGarlic (Native),,kg,,495.0,2,ocr_table,2024\Weekly-Average-Prices-March-11-15-2024.pdf
2024-03-11,2024-03-15,Red Onion,1Red Onion 17.,,kg,,89.9,3,ocr_table,2024\Weekly-Average-Prices-March-11-15-2024.pdf
2024-03-11,2024-03-15,Red Onion (Imported),IRed Onion (Imported),,kg,,115.45,3,ocr_table,2024\Weekly-Average-Prices-March-11-15-2024.pdf
2024-03-11,2024-03-15,Squash,ISquash KS,,kg,,48.46,3,ocr_table,2024\Weekly-Average-Prices-March-11-15-2024.pdf
2024-03-11,2024-03-15,White Onion,IWhite Onion,,kg,,79.64,3,ocr_table,2024\Weekly-Average-Prices-March-11-15-2024.pdf
2024-03-11,2024-03-15,White Onion (Imported),IWhite Onion (Imported),,kg,,107.75,3,ocr_table,2024\Weekly-Average-Prices-March-11-15-2024.pdf
2024-03-11,2024-03-15,White Potato,IWhite Potato 17,,kg,,122.29,2,ocr_table,2024\Weekly-Average-Prices-March-11-15-2024.pdf
2024-03-18,2024-03-22,Ampalaya,Ampalaya,,kg,,124.42,3,ocr_row_aligned,2024\Weekly-Average-Prices-March-18-22-2024.pdf
2024-03-18,2024-03-22,Banana (Lakatan),Banana (Lakatan),,kg,,105.46,3,ocr_row_aligned,2024\Weekly-Average-Prices-March-18-22-2024.pdf
2024-03-18,2024-03-22,Banana (Latundan),Banana (Latundan,,kg,,72.2,3,ocr_row_aligned,2024\Weekly-Average-Prices-March-18-22-2024.pdf
2024-03-18,2024-03-22,Cabbage (Rare Ball),Cabbage (Rare Ball},,kg,,9.7,3,ocr_row_aligned,2024\Weekly-Average-Prices-March-18-22-2024.pdf
2024-03-18,2024-03-22,Cabbage (Scorpio),Cabbage (Scorpio,,kg,,68.71,4,ocr_row_aligned,2024\Weekly-Average-Prices-March-18-22-2024.pdf
2024-03-18,2024-03-22,Cabbage (Wonder Ball),Cabbage (Wonder Ball,,kg,,60.77,3,ocr_row_aligned,2024\Weekly-Average-Prices-March-18-22-2024.pdf
2024-03-18,2024-03-22,Calamansi,Calamansi,,kg,,86.17,3,ocr_row_aligned,2024\Weekly-Average-Prices-March-18-22-2024.pdf
2024-03-18,2024-03-22,Carrots,Carrots,,kg,,109.97,3,ocr_row_aligned,2024\Weekly-Average-Prices-March-18-22-2024.pdf
2024-03-18,2024-03-22,Eggplant,Eggplant,,kg,,83.57,3,ocr_row_aligned,2024\Weekly-Average-Prices-March-18-22-2024.pdf
2024-03-18,2024-03-22,Garlic (Imported),Garlic (Imported),,kg,,151.76,3,ocr_row_aligned,2024\Weekly-Average-Prices-March-18-22-2024.pdf
2024-03-18,2024-03-22,Garlic (Native),Garlic (Native,,kg,,427.78,3,ocr_row_aligned,2024\Weekly-Average-Prices-March-18-22-2024.pdf
2024-03-18,2024-03-22,Ginger,Ginger,,kg,,130.72,3,ocr_row_aligned,2024\Weekly-Average-Prices-March-18-22-2024.pdf
2024-03-18,2024-03-22,Mango (Carabao),Mango (Carabao,,kg,,159.71,2,ocr_row_aligned,2024\Weekly-Average-Prices-March-18-22-2024.pdf
2024-03-18,2024-03-22,Papaya,Papaya,,kg,,63.98,3,ocr_row_aligned,2024\Weekly-Average-Prices-March-18-22-2024.pdf
2024-03-18,2024-03-22,Pechay (Baguio),Pechay (Baguio,,kg,,64.04,3,ocr_row_aligned,2024\Weekly-Average-Prices-March-18-22-2024.pdf
2024-03-18,2024-03-22,Pechay (Native),Pechay (Native,,kg,,66.39,3,ocr_row_aligned,2024\Weekly-Average-Prices-March-18-22-2024.pdf
2024-03-18,2024-03-22,Red Onion,Red Onion,,kg,,91.45,3,ocr_row_aligned,2024\Weekly-Average-Prices-March-18-22-2024.pdf
2024-03-18,2024-03-22,Red Onion (Imported),Red Onion (Imported),,kg,,130.0,3,ocr_row_aligned,2024\Weekly-Average-Prices-March-18-22-2024.pdf
2024-03-18,2024-03-22,Sitao,Sitao,,kg,,113.01,3,ocr_row_aligned,2024\Weekly-Average-Prices-March-18-22-2024.pdf
2024-03-18,2024-03-22,Squash,Squash,,kg,,48.65,3,ocr_row_aligned,2024\Weekly-Average-Prices-March-18-22-2024.pdf
2024-03-18,2024-03-22,Tomato,Tomato,,kg,,68.42,3,ocr_row_aligned,2024\Weekly-Average-Prices-March-18-22-2024.pdf
2024-03-18,2024-03-22,White Onion,White Onion,,kg,,79.32,3,ocr_row_aligned,2024\Weekly-Average-Prices-March-18-22-2024.pdf
2024-03-18,2024-03-22,White Onion (Imported),White Onion (Imported,,kg,,117.5,3,ocr_row_aligned,2024\Weekly-Average-Prices-March-18-22-2024.pdf
2024-03-18,2024-03-22,White Potato,White Potato,,kg,,122.44,3,ocr_row_aligned,2024\Weekly-Average-Prices-March-18-22-2024.pdf
2024-03-25,2024-03-27,Ampalaya,Ampalaya,,kg,,122.56,3,ocr_row_aligned,2024\Weekly-Average-Prices-March-25-27-2024.pdf
2024-03-25,2024-03-27,Banana (Lakatan),Banana (Lakatan),,kg,,105.51,3,ocr_row_aligned,2024\Weekly-Average-Prices-March-25-27-2024.pdf
2024-03-25,2024-03-27,Banana (Latundan),Banana (Latundan,,kg,,72.29,2,ocr_row_aligned,2024\Weekly-Average-Prices-March-25-27-2024.pdf
2024-03-25,2024-03-27,Cabbage (Rare Ball),Cabbage (Rare Ball),,kg,,60.36,3,ocr_row_aligned,2024\Weekly-Average-Prices-March-25-27-2024.pdf
2024-03-25,2024-03-27,Cabbage (Scorpio),Cabbage (Scorpio),,kg,,67.5,3,ocr_row_aligned,2024\Weekly-Average-Prices-March-25-27-2024.pdf
2024-03-25,2024-03-27,Cabbage (Wonder Ball),Cabbage (Wonder Ball),,kg,,60.56,3,ocr_row_aligned,2024\Weekly-Average-Prices-March-25-27-2024.pdf
2024-03-25,2024-03-27,Calamansi,Calamansi,,kg,,84.42,3,ocr_row_aligned,2024\Weekly-Average-Prices-March-25-27-2024.pdf
2024-03-25,2024-03-27,Carrots,Carrots,,kg,,109.13,3,ocr_row_aligned,2024\Weekly-Average-Prices-March-25-27-2024.pdf
2024-03-25,2024-03-27,Eggplant,Eggplant,,kg,,85.16,3,ocr_row_aligned,2024\Weekly-Average-Prices-March-25-27-2024.pdf
2024-03-25,2024-03-27,Garlic (Native),Garlic (Native,,kg,,430.0,3,ocr_row_aligned,2024\Weekly-Average-Prices-March-25-27-2024.pdf
2024-03-25,2024-03-27,Ginger,Ginger,,kg,,140.07,3,ocr_row_aligned,2024\Weekly-Average-Prices-March-25-27-2024.pdf
2024-03-25,2024-03-27,Mango (Carabao),Mango (Carabao),,kg,,155.35,3,ocr_row_aligned,2024\Weekly-Average-Prices-March-25-27-2024.pdf
2024-03-25,2024-03-27,Papaya,Papaya,,kg,,63.71,3,ocr_row_aligned,2024\Weekly-Average-Prices-March-25-27-2024.pdf
2024-03-25,2024-03-27,Pechay (Baguio),Pechay (Baguio,,kg,,65.76,3,ocr_row_aligned,2024\Weekly-Average-Prices-March-25-27-2024.pdf
2024-03-25,2024-03-27,Pechay (Native),Pechay (Native,,kg,,69.33,3,ocr_row_aligned,2024\Weekly-Average-Prices-March-25-27-2024.pdf
2024-03-25,2024-03-27,Red Onion,Red Onion,,kg,,90.86,3,ocr_row_aligned,2024\Weekly-Average-Prices-March-25-27-2024.pdf
2024-03-25,2024-03-27,Red Onion (Imported),Red Onion (Imported),,kg,,130.0,3,ocr_row_aligned,2024\Weekly-Average-Prices-March-25-27-2024.pdf
2024-03-25,2024-03-27,Sitao,Sitao,,kg,,111.75,2,ocr_row_aligned,2024\Weekly-Average-Prices-March-25-27-2024.pdf
2024-03-25,2024-03-27,Squash,Squash,,kg,,49.3,3,ocr_row_aligned,2024\Weekly-Average-Prices-March-25-27-2024.pdf
2024-03-25,2024-03-27,Tomato,Tomato,,kg,,67.03,3,ocr_row_aligned,2024\Weekly-Average-Prices-March-25-27-2024.pdf
2024-03-25,2024-03-27,White Onion,White Onion,,kg,,80.18,3,ocr_row_aligned,2024\Weekly-Average-Prices-March-25-27-2024.pdf
2024-03-25,2024-03-27,White Onion (Imported),White Onion (Imported,,kg,,116.67,3,ocr_row_aligned,2024\Weekly-Average-Prices-March-25-27-2024.pdf
2024-03-25,2024-03-27,White Potato,White Potato,,kg,,120.91,3,ocr_row_aligned,2024\Weekly-Average-Prices-March-25-27-2024.pdf
2024-04-01,2024-04-05,Ampalaya,Ampalaya,,kg,,121.01,3,ocr_row_aligned,2024\Weekly-Average-Prices-April-1-5-2024.pdf
2024-04-01,2024-04-05,Banana (Lakatan),Banana (Lakatan),,kg,,105.6,3,ocr_row_aligned,2024\Weekly-Average-Prices-April-1-5-2024.pdf
2024-04-01,2024-04-05,Banana (Latundan),Banana (Latundan,,kg,,72.33,3,ocr_row_aligned,2024\Weekly-Average-Prices-April-1-5-2024.pdf
2024-04-01,2024-04-05,Cabbage (Rare Ball),Cabbage (Rare Ball,,kg,,63.29,3,ocr_row_aligned,2024\Weekly-Average-Prices-April-1-5-2024.pdf
2024-04-01,2024-04-05,Cabbage (Scorpio),Cabbage (Scorpio,,kg,,68.22,3,ocr_row_aligned,2024\Weekly-Average-Prices-April-1-5-2024.pdf
2024-04-01,2024-04-05,Cabbage (Wonder Ball),Cabbage (Wonder Ball,,kg,,65.22,3,ocr_row_aligned,2024\Weekly-Average-Prices-April-1-5-2024.pdf
2024-04-01,2024-04-05,Calamansi,Calamansi,,kg,,83.88,3,ocr_row_aligned,2024\Weekly-Average-Prices-April-1-5-2024.pdf
2024-04-01,2024-04-05,Carrots,Carrots,,kg,,109.79,3,ocr_row_aligned,2024\Weekly-Average-Prices-April-1-5-2024.pdf
2024-04-01,2024-04-05,Eggplant,Eggplant,,kg,,95.41,3,ocr_row_aligned,2024\Weekly-Average-Prices-April-1-5-2024.pdf
2024-04-01,2024-04-05,Garlic (Imported),Garlic (Imported),,kg,,152.84,3,ocr_row_aligned,2024\Weekly-Average-Prices-April-1-5-2024.pdf
2024-04-01,2024-04-05,Garlic (Native),Garlic (Native,,kg,,431.25,3,ocr_row_aligned,2024\Weekly-Average-Prices-April-1-5-2024.pdf
2024-04-01,2024-04-05,Ginger,Ginger,,kg,,146.88,3,ocr_row_aligned,2024\Weekly-Average-Prices-April-1-5-2024.pdf
2024-04-01,2024-04-05,Mango (Carabao),Mango (Carabao,,kg,,149.92,3,ocr_row_aligned,2024\Weekly-Average-Prices-April-1-5-2024.pdf
2024-04-01,2024-04-05,Papaya,Papaya,,kg,,63.89,3,ocr_row_aligned,2024\Weekly-Average-Prices-April-1-5-2024.pdf
2024-04-01,2024-04-05,Pechay (Baguio),Pechay (Baguio,,kg,,66.13,3,ocr_row_aligned,2024\Weekly-Average-Prices-April-1-5-2024.pdf
2024-04-01,2024-04-05,Pechay (Native),Pechay (Native,,kg,,74.91,2,ocr_row_aligned,2024\Weekly-Average-Prices-April-1-5-2024.pdf
2024-04-01,2024-04-05,Red Onion,Red Onion,,kg,,90.14,3,ocr_row_aligned,2024\Weekly-Average-Prices-April-1-5-2024.pdf
2024-04-01,2024-04-05,Sitao,Sitao,,kg,,109.0,3,ocr_row_aligned,2024\Weekly-Average-Prices-April-1-5-2024.pdf
2024-04-01,2024-04-05,Squash,Squash,,kg,,0.11,2,ocr_row_aligned,2024\Weekly-Average-Prices-April-1-5-2024.pdf
2024-04-01,2024-04-05,Tomato,Tomato,,kg,,71.06,3,ocr_row_aligned,2024\Weekly-Average-Prices-April-1-5-2024.pdf
2024-04-01,2024-04-05,White Onion,White Onion,,kg,,80.46,3,ocr_row_aligned,2024\Weekly-Average-Prices-April-1-5-2024.pdf
2024-04-01,2024-04-05,White Onion (Imported),White Onion (Imported,,kg,,93.33,3,ocr_row_aligned,2024\Weekly-Average-Prices-April-1-5-2024.pdf
2024-04-01,2024-04-05,White Potato,White Potato,,kg,,120.79,3,ocr_row_aligned,2024\Weekly-Average-Prices-April-1-5-2024.pdf
2024-04-08,2024-04-12,Ampalaya,Ampalaya,,kg,,118.01,3,ocr_row_aligned,2024\Weekly-Average-Prices-April-8-12-2024.pdf
2024-04-08,2024-04-12,Banana (Lakatan),Banana (Lakatan),,kg,,104.85,3,ocr_row_aligned,2024\Weekly-Average-Prices-April-8-12-2024.pdf
2024-04-08,2024-04-12,Banana (Latundan),Banana (Latundan,,kg,,72.8,3,ocr_row_aligned,2024\Weekly-Average-Prices-April-8-12-2024.pdf
2024-04-08,2024-04-12,Cabbage (Rare Ball),Cabbage (Rare Ball,,kg,,8.17,3,ocr_row_aligned,2024\Weekly-Average-Prices-April-8-12-2024.pdf
2024-04-08,2024-04-12,Cabbage (Scorpio),Cabbage (Scorpio,,kg,,67.05,3,ocr_row_aligned,2024\Weekly-Average-Prices-April-8-12-2024.pdf
2024-04-08,2024-04-12,Cabbage (Wonder Ball),Cabbage (Wonder Ball,,kg,,65.45,3,ocr_row_aligned,2024\Weekly-Average-Prices-April-8-12-2024.pdf
2024-04-08,2024-04-12,Calamansi,Calamansi,,kg,,80.95,3,ocr_row_aligned,2024\Weekly-Average-Prices-April-8-12-2024.pdf
2024-04-08,2024-04-12,Carrots,Carrots,,kg,,100.24,3,ocr_row_aligned,2024\Weekly-Average-Prices-April-8-12-2024.pdf
2024-04-08,2024-04-12,Eggplant,Eggplant,,kg,,84.54,3,ocr_row_aligned,2024\Weekly-Average-Prices-April-8-12-2024.pdf
2024-04-08,2024-04-12,Garlic (Imported),Garlic (Imported),,kg,,152.83,3,ocr_row_aligned,2024\Weekly-Average-Prices-April-8-12-2024.pdf
2024-04-08,2024-04-12,Garlic (Native),Garlic (Native,,kg,,433.33,3,ocr_row_aligned,2024\Weekly-Average-Prices-April-8-12-2024.pdf
2024-04-08,2024-04-12,Ginger,Ginger,,kg,,481.84,3,ocr_row_aligned,2024\Weekly-Average-Prices-April-8-12-2024.pdf
2024-04-08,2024-04-12,Mango (Carabao),Mango (Carabao,,kg,,143.62,3,ocr_row_aligned,2024\Weekly-Average-Prices-April-8-12-2024.pdf
2024-04-08,2024-04-12,Papaya,Papaya,,kg,,64.67,3,ocr_row_aligned,2024\Weekly-Average-Prices-April-8-12-2024.pdf
2024-04-08,2024-04-12,Pechay (Baguio),Pechay (Baguio,,kg,,64.71,3,ocr_row_aligned,2024\Weekly-Average-Prices-April-8-12-2024.pdf
2024-04-08,2024-04-12,Pechay (Native),Pechay (Native,,kg,,80.05,3,ocr_row_aligned,2024\Weekly-Average-Prices-April-8-12-2024.pdf
2024-04-08,2024-04-12,Red Onion,Red Onion,,kg,,88.98,3,ocr_row_aligned,2024\Weekly-Average-Prices-April-8-12-2024.pdf
2024-04-08,2024-04-12,Sitao,Sitao,,kg,,108.79,3,ocr_row_aligned,2024\Weekly-Average-Prices-April-8-12-2024.pdf
2024-04-08,2024-04-12,Squash,Squash,,kg,,49.29,3,ocr_row_aligned,2024\Weekly-Average-Prices-April-8-12-2024.pdf
2024-04-08,2024-04-12,Tomato,Tomato,,kg,,64.91,2,ocr_row_aligned,2024\Weekly-Average-Prices-April-8-12-2024.pdf
2024-04-08,2024-04-12,White Onion,White Onion,,kg,,79.87,3,ocr_row_aligned,2024\Weekly-Average-Prices-April-8-12-2024.pdf
2024-04-08,2024-04-12,White Onion (Imported),White Onion (Imported,,kg,,90.0,2,ocr_row_aligned,2024\Weekly-Average-Prices-April-8-12-2024.pdf
2024-04-08,2024-04-12,White Potato,White Potato,,kg,,113.47,3,ocr_row_aligned,2024\Weekly-Average-Prices-April-8-12-2024.pdf
2024-04-15,2024-04-20,Ampalaya,Ampalaya 4-5 pcs/kg kg 117.27,,kg,,117.27,,pdfplumber,2024\Weekly-Average-Prices-April-15-20-2024.pdf
2024-04-15,2024-04-20,Banana (Lakatan),Banana (Lakatan) 8-10 pcs/kg kg 105.23,,kg,,105.23,,pdfplumber,2024\Weekly-Average-Prices-April-15-20-2024.pdf
2024-04-15,2024-04-20,Banana (Latundan),Banana (Latundan) 10-12 pcs/kg kg 73.08,,kg,,73.08,,pdfplumber,2024\Weekly-Average-Prices-April-15-20-2024.pdf
2024-04-15,2024-04-20,Cabbage (Rare Ball),Cabbage (Rare Ball) 510 gm - 1 kg/head kg 60.15,,kg,,60.15,,pdfplumber,2024\Weekly-Average-Prices-April-15-20-2024.pdf
2024-04-15,2024-04-20,Cabbage (Scorpio),Cabbage (Scorpio) 750 gm - 1 kg/head kg 67.16,,kg,,67.16,,pdfplumber,2024\Weekly-Average-Prices-April-15-20-2024.pdf
2024-04-15,2024-04-20,Cabbage (Wonder Ball),Cabbage (Wonder Ball) 510 gm - 1 kg/head kg 66.43,,kg,,66.43,,pdfplumber,2024\Weekly-Average-Prices-April-15-20-2024.pdf
2024-04-15,2024-04-20,Calamansi,Calamansi kg 78.41,,kg,,78.41,,pdfplumber,2024\Weekly-Average-Prices-April-15-20-2024.pdf
2024-04-15,2024-04-20,Carrots,Carrots 8-10 pcs/kg kg 98.08,,kg,,98.08,,pdfplumber,2024\Weekly-Average-Prices-April-15-20-2024.pdf
2024-04-15,2024-04-20,Eggplant,Eggplant 3-4 Small Bundles kg 86.98,,kg,,86.98,,pdfplumber,2024\Weekly-Average-Prices-April-15-20-2024.pdf
2024-04-15,2024-04-20,Garlic (Imported),Garlic (Imported) kg 152.85,,kg,,152.85,,pdfplumber,2024\Weekly-Average-Prices-April-15-20-2024.pdf
2024-04-15,2024-04-20,Garlic (Native),Garlic (Native) kg 402.73,,kg,,402.73,,pdfplumber,2024\Weekly-Average-Prices-April-15-20-2024.pdf
2024-04-15,2024-04-20,Ginger,Ginger kg 145.78,,kg,,145.78,,pdfplumber,2024\Weekly-Average-Prices-April-15-20-2024.pdf
2024-04-15,2024-04-20,Mango (Carabao),Mango (Carabao) 3-4 pcs/kg kg 141.65,,kg,,141.65,,pdfplumber,2024\Weekly-Average-Prices-April-15-20-2024.pdf
2024-04-15,2024-04-20,Papaya,Papaya 2-3 pcs/kg kg 63.82,,kg,,63.82,,pdfplumber,2024\Weekly-Average-Prices-April-15-20-2024.pdf
2024-04-15,2024-04-20,Pechay (Baguio),Pechay (Baguio) kg 65.52,,kg,,65.52,,pdfplumber,2024\Weekly-Average-Prices-April-15-20-2024.pdf
2024-04-15,2024-04-20,Pechay (Native),Pechay (Native) 3-4 Small Bundles kg 74.66,,kg,,74.66,,pdfplumber,2024\Weekly-Average-Prices-April-15-20-2024.pdf
2024-04-15,2024-04-20,Red Onion,Red Onion 13-15 pcs/kg kg 90.14,,kg,,90.14,,pdfplumber,2024\Weekly-Average-Prices-April-15-20-2024.pdf
2024-04-15,2024-04-20,Sitao,Sitao 3-4 Small Bundles kg 106.31,,kg,,106.31,,pdfplumber,2024\Weekly-Average-Prices-April-15-20-2024.pdf
2024-04-15,2024-04-20,Squash,Squash Suprema Variety kg 49.46,,kg,,49.46,,pdfplumber,2024\Weekly-Average-Prices-April-15-20-2024.pdf
2024-04-15,2024-04-20,Tomato,Tomato 15-18 pcs/kg kg 62.48,,kg,,62.48,,pdfplumber,2024\Weekly-Average-Prices-April-15-20-2024.pdf
2024-04-15,2024-04-20,White Onion,White Onion kg 80.37,,kg,,80.37,,pdfplumber,2024\Weekly-Average-Prices-April-15-20-2024.pdf
2024-04-15,2024-04-20,White Onion (Imported),White Onion (Imported) kg 93.33,,kg,,93.33,,pdfplumber,2024\Weekly-Average-Prices-April-15-20-2024.pdf
2024-04-15,2024-04-20,White Potato,White Potato 10-12 pcs/kg kg 109.07,,kg,,109.07,,pdfplumber,2024\Weekly-Average-Prices-April-15-20-2024.pdf
2024-04-22,2024-04-27,Ampalaya,Ampalaya 4-5 pcs/kg kg 114.46,,kg,,114.46,,pdfplumber,2024\Weekly-Average-Prices-April-22-27-2024.pdf
2024-04-22,2024-04-27,Banana (Lakatan),Banana (Lakatan) 8-10 pcs/kg kg 104.29,,kg,,104.29,,pdfplumber,2024\Weekly-Average-Prices-April-22-27-2024.pdf
2024-04-22,2024-04-27,Banana (Latundan),Banana (Latundan) 10-12 pcs/kg kg 71.73,,kg,,71.73,,pdfplumber,2024\Weekly-Average-Prices-April-22-27-2024.pdf
2024-04-22,2024-04-27,Cabbage (Rare Ball),Cabbage (Rare Ball) 510 gm - 1 kg/head kg 66.07,,kg,,66.07,,pdfplumber,2024\Weekly-Average-Prices-April-22-27-2024.pdf
2024-04-22,2024-04-27,Cabbage (Scorpio),Cabbage (Scorpio) 750 gm - 1 kg/head kg 71.10,,kg,,71.1,,pdfplumber,2024\Weekly-Average-Prices-April-22-27-2024.pdf
2024-04-22,2024-04-27,Cabbage (Wonder Ball),Cabbage (Wonder Ball) 510 gm - 1 kg/head kg 74.28,,kg,,74.28,,pdfplumber,2024\Weekly-Average-Prices-April-22-27-2024.pdf
2024-04-22,2024-04-27,Calamansi,Calamansi kg 81.29,,kg,,81.29,,pdfplumber,2024\Weekly-Average-Prices-April-22-27-2024.pdf
2024-04-22,2024-04-27,Carrots,Carrots 8-10 pcs/kg kg 100.12,,kg,,100.12,,pdfplumber,2024\Weekly-Average-Prices-April-22-27-2024.pdf
2024-04-22,2024-04-27,Eggplant,Eggplant 3-4 Small Bundles kg 85.70,,kg,,85.7,,pdfplumber,2024\Weekly-Average-Prices-April-22-27-2024.pdf
2024-04-22,2024-04-27,Garlic (Imported),Garlic (Imported) kg 152.17,,kg,,152.17,,pdfplumber,2024\Weekly-Average-Prices-April-22-27-2024.pdf
2024-04-22,2024-04-27,Garlic (Native),Garlic (Native) kg 375.15,,kg,,375.15,,pdfplumber,2024\Weekly-Average-Prices-April-22-27-2024.pdf
2024-04-22,2024-04-27,Ginger,Ginger kg 158.81,,kg,,158.81,,pdfplumber,2024\Weekly-Average-Prices-April-22-27-2024.pdf
2024-04-22,2024-04-27,Mango (Carabao),Mango (Carabao) 3-4 pcs/kg kg 139.18,,kg,,139.18,,pdfplumber,2024\Weekly-Average-Prices-April-22-27-2024.pdf
2024-04-22,2024-04-27,Papaya,Papaya 2-3 pcs/kg kg 62.85,,kg,,62.85,,pdfplumber,2024\Weekly-Average-Prices-April-22-27-2024.pdf
2024-04-22,2024-04-27,Pechay (Baguio),Pechay (Baguio) kg 66.00,,kg,,66.0,,pdfplumber,2024\Weekly-Average-Prices-April-22-27-2024.pdf
2024-04-22,2024-04-27,Pechay (Native),Pechay (Native) 3-4 Small Bundles kg 71.35,,kg,,71.35,,pdfplumber,2024\Weekly-Average-Prices-April-22-27-2024.pdf
2024-04-22,2024-04-27,Red Onion,Red Onion 13-15 pcs/kg kg 91.16,,kg,,91.16,,pdfplumber,2024\Weekly-Average-Prices-April-22-27-2024.pdf
2024-04-22,2024-04-27,Sitao,Sitao 3-4 Small Bundles kg 106.06,,kg,,106.06,,pdfplumber,2024\Weekly-Average-Prices-April-22-27-2024.pdf
2024-04-22,2024-04-27,Squash,Squash Suprema Variety kg 49.47,,kg,,49.47,,pdfplumber,2024\Weekly-Average-Prices-April-22-27-2024.pdf
2024-04-22,2024-04-27,Tomato,Tomato 15-18 pcs/kg kg 64.45,,kg,,64.45,,pdfplumber,2024\Weekly-Average-Prices-April-22-27-2024.pdf
2024-04-22,2024-04-27,White Onion,White Onion kg 82.46,,kg,,82.46,,pdfplumber,2024\Weekly-Average-Prices-April-22-27-2024.pdf
2024-04-22,2024-04-27,White Onion (Imported),White Onion (Imported) kg 100.00,,kg,,100.0,,pdfplumber,2024\Weekly-Average-Prices-April-22-27-2024.pdf
2024-04-22,2024-04-27,White Potato,White Potato 10-12 pcs/kg kg 105.42,,kg,,105.42,,pdfplumber,2024\Weekly-Average-Prices-April-22-27-2024.pdf
2024-04-29,2024-05-04,Ampalaya,Ampalaya 4-5 pcs/kg kg 114.14,,kg,,114.14,,pdfplumber,2024\Weekly-Average-Prices-April-29-May-4-2024.pdf
2024-04-29,2024-05-04,Banana (Lakatan),Banana (Lakatan) 8-10 pcs/kg kg 104.57,,kg,,104.57,,pdfplumber,2024\Weekly-Average-Prices-April-29-May-4-2024.pdf
2024-04-29,2024-05-04,Banana (Latundan),Banana (Latundan) 10-12 pcs/kg kg 71.93,,kg,,71.93,,pdfplumber,2024\Weekly-Average-Prices-April-29-May-4-2024.pdf
2024-04-29,2024-05-04,Cabbage (Rare Ball),Cabbage (Rare Ball) 510 gm - 1 kg/head kg 68.38,,kg,,68.38,,pdfplumber,2024\Weekly-Average-Prices-April-29-May-4-2024.pdf
2024-04-29,2024-05-04,Cabbage (Scorpio),Cabbage (Scorpio) 750 gm - 1 kg/head kg 72.84,,kg,,72.84,,pdfplumber,2024\Weekly-Average-Prices-April-29-May-4-2024.pdf
2024-04-29,2024-05-04,Cabbage (Wonder Ball),Cabbage (Wonder Ball) 510 gm - 1 kg/head kg 73.74,,kg,,73.74,,pdfplumber,2024\Weekly-Average-Prices-April-29-May-4-2024.pdf
2024-04-29,2024-05-04,Calamansi,Calamansi kg 83.84,,kg,,83.84,,pdfplumber,2024\Weekly-Average-Prices-April-29-May-4-2024.pdf
2024-04-29,2024-05-04,Carrots,Carrots 8-10 pcs/kg kg 100.20,,kg,,100.2,,pdfplumber,2024\Weekly-Average-Prices-April-29-May-4-2024.pdf
2024-04-29,2024-05-04,Eggplant,Eggplant 3-4 Small Bundles kg 83.45,,kg,,83.45,,pdfplumber,2024\Weekly-Average-Prices-April-29-May-4-2024.pdf
2024-04-29,2024-05-04,Garlic (Imported),Garlic (Imported) kg 154.21,,kg,,154.21,,pdfplumber,2024\Weekly-Average-Prices-April-29-May-4-2024.pdf
2024-04-29,2024-05-04,Garlic (Native),Garlic (Native) kg 414.62,,kg,,414.62,,pdfplumber,2024\Weekly-Average-Prices-April-29-May-4-2024.pdf
2024-04-29,2024-05-04,Ginger,Ginger kg 190.29,,kg,,190.29,,pdfplumber,2024\Weekly-Average-Prices-April-29-May-4-2024.pdf
2024-04-29,2024-05-04,Mango (Carabao),Mango (Carabao) 3-4 pcs/kg kg 136.34,,kg,,136.34,,pdfplumber,2024\Weekly-Average-Prices-April-29-May-4-2024.pdf
2024-04-29,2024-05-04,Papaya,Papaya 2-3 pcs/kg kg 62.39,,kg,,62.39,,pdfplumber,2024\Weekly-Average-Prices-April-29-May-4-2024.pdf
2024-04-29,2024-05-04,Pechay (Baguio),Pechay (Baguio) kg 68.93,,kg,,68.93,,pdfplumber,2024\Weekly-Average-Prices-April-29-May-4-2024.pdf
2024-04-29,2024-05-04,Pechay (Native),Pechay (Native) 3-4 Small Bundles kg 68.57,,kg,,68.57,,pdfplumber,2024\Weekly-Average-Prices-April-29-May-4-2024.pdf
2024-04-29,2024-05-04,Red Onion,Red Onion 13-15 pcs/kg kg 94.22,,kg,,94.22,,pdfplumber,2024\Weekly-Average-Prices-April-29-May-4-2024.pdf
2024-04-29,2024-05-04,Sitao,Sitao 3-4 Small Bundles kg 109.19,,kg,,109.19,,pdfplumber,2024\Weekly-Average-Prices-April-29-May-4-2024.pdf
2024-04-29,2024-05-04,Squash,Squash Suprema Variety kg 50.62,,kg,,50.62,,pdfplumber,2024\Weekly-Average-Prices-April-29-May-4-2024.pdf
2024-04-29,2024-05-04,Tomato,Tomato 15-18 pcs/kg kg 63.56,,kg,,63.56,,pdfplumber,2024\Weekly-Average-Prices-April-29-May-4-2024.pdf
2024-04-29,2024-05-04,White Onion,White Onion kg 85.04,,kg,,85.04,,pdfplumber,2024\Weekly-Average-Prices-April-29-May-4-2024.pdf
2024-04-29,2024-05-04,White Onion (Imported),White Onion (Imported) kg 100.00,,kg,,100.0,,pdfplumber,2024\Weekly-Average-Prices-April-29-May-4-2024.pdf
2024-04-29,2024-05-04,White Potato,White Potato 10-12 pcs/kg kg 105.08,,kg,,105.08,,pdfplumber,2024\Weekly-Average-Prices-April-29-May-4-2024.pdf
2024-05-06,2024-05-11,Ampalaya,Ampalaya 4-5 pcs/kg kg 127.65,,kg,,127.65,,pdfplumber,2024\Weekly-Average-Prices-May-6-11-2024.pdf
2024-05-06,2024-05-11,Banana (Lakatan),Banana (Lakatan) 8-10 pcs/kg kg 105.74,,kg,,105.74,,pdfplumber,2024\Weekly-Average-Prices-May-6-11-2024.pdf
2024-05-06,2024-05-11,Banana (Latundan),Banana (Latundan) 10-12 pcs/kg kg 72.53,,kg,,72.53,,pdfplumber,2024\Weekly-Average-Prices-May-6-11-2024.pdf
2024-05-06,2024-05-11,Cabbage (Rare Ball),Cabbage (Rare Ball) 510 gm - 1 kg/head kg 67.39,,kg,,67.39,,pdfplumber,2024\Weekly-Average-Prices-May-6-11-2024.pdf
2024-05-06,2024-05-11,Cabbage (Scorpio),Cabbage (Scorpio) 750 gm - 1 kg/head kg 69.25,,kg,,69.25,,pdfplumber,2024\Weekly-Average-Prices-May-6-11-2024.pdf
2024-05-06,2024-05-11,Cabbage (Wonder Ball),Cabbage (Wonder Ball) 510 gm - 1 kg/head kg 73.15,,kg,,73.15,,pdfplumber,2024\Weekly-Average-Prices-May-6-11-2024.pdf
2024-05-06,2024-05-11,Calamansi,Calamansi kg 105.18,,kg,,105.18,,pdfplumber,2024\Weekly-Average-Prices-May-6-11-2024.pdf
2024-05-06,2024-05-11,Carrots,Carrots 8-10 pcs/kg kg 99.52,,kg,,99.52,,pdfplumber,2024\Weekly-Average-Prices-May-6-11-2024.pdf
2024-05-06,2024-05-11,Eggplant,Eggplant 3-4 Small Bundles kg 89.27,,kg,,89.27,,pdfplumber,2024\Weekly-Average-Prices-May-6-11-2024.pdf
2024-05-06,2024-05-11,Garlic (Imported),Garlic (Imported) kg 156.29,,kg,,156.29,,pdfplumber,2024\Weekly-Average-Prices-May-6-11-2024.pdf
2024-05-06,2024-05-11,Garlic (Native),Garlic (Native) kg 420.83,,kg,,420.83,,pdfplumber,2024\Weekly-Average-Prices-May-6-11-2024.pdf
2024-05-06,2024-05-11,Ginger,Ginger kg 201.46,,kg,,201.46,,pdfplumber,2024\Weekly-Average-Prices-May-6-11-2024.pdf
2024-05-06,2024-05-11,Mango (Carabao),Mango (Carabao) 3-4 pcs/kg kg 131.31,,kg,,131.31,,pdfplumber,2024\Weekly-Average-Prices-May-6-11-2024.pdf
2024-05-06,2024-05-11,Papaya,Papaya 2-3 pcs/kg kg 62.66,,kg,,62.66,,pdfplumber,2024\Weekly-Average-Prices-May-6-11-2024.pdf
2024-05-06,2024-05-11,Pechay (Baguio),Pechay (Baguio) kg 70.12,,kg,,70.12,,pdfplumber,2024\Weekly-Average-Prices-May-6-11-2024.pdf
2024-05-06,2024-05-11,Pechay (Native),Pechay (Native) 3-4 Small Bundles kg 71.23,,kg,,71.23,,pdfplumber,2024\Weekly-Average-Prices-May-6-11-2024.pdf
2024-05-06,2024-05-11,Red Onion,Red Onion 13-15 pcs/kg kg 102.58,,kg,,102.58,,pdfplumber,2024\Weekly-Average-Prices-May-6-11-2024.pdf
2024-05-06,2024-05-11,Sitao,Sitao 3-4 Small Bundles kg 117.92,,kg,,117.92,,pdfplumber,2024\Weekly-Average-Prices-May-6-11-2024.pdf
2024-05-06,2024-05-11,Squash,Squash Suprema Variety kg 51.36,,kg,,51.36,,pdfplumber,2024\Weekly-Average-Prices-May-6-11-2024.pdf
2024-05-06,2024-05-11,Tomato,Tomato 15-18 pcs/kg kg 63.37,,kg,,63.37,,pdfplumber,2024\Weekly-Average-Prices-May-6-11-2024.pdf
2024-05-06,2024-05-11,White Onion,White Onion kg 90.39,,kg,,90.39,,pdfplumber,2024\Weekly-Average-Prices-May-6-11-2024.pdf
2024-05-06,2024-05-11,White Onion (Imported),White Onion (Imported) kg 100.00,,kg,,100.0,,pdfplumber,2024\Weekly-Average-Prices-May-6-11-2024.pdf
2024-05-06,2024-05-11,White Potato,White Potato 10-12 pcs/kg kg 107.24,,kg,,107.24,,pdfplumber,2024\Weekly-Average-Prices-May-6-11-2024.pdf
2024-05-13,2024-05-18,Ampalaya,Ampalaya 4-5 pcs/kg kg 136.96,,kg,,136.96,,pdfplumber,2024\Weekly-Average-Prices-May-13-18-2024.pdf
2024-05-13,2024-05-18,Banana (Lakatan),Banana (Lakatan) 8-10 pcs/kg kg 105.41,,kg,,105.41,,pdfplumber,2024\Weekly-Average-Prices-May-13-18-2024.pdf
2024-05-13,2024-05-18,Banana (Latundan),Banana (Latundan) 10-12 pcs/kg kg 72.73,,kg,,72.73,,pdfplumber,2024\Weekly-Average-Prices-May-13-18-2024.pdf
2024-05-13,2024-05-18,Cabbage (Rare Ball),Cabbage (Rare Ball) 510 gm - 1 kg/head kg 63.33,,kg,,63.33,,pdfplumber,2024\Weekly-Average-Prices-May-13-18-2024.pdf
2024-05-13,2024-05-18,Cabbage (Scorpio),Cabbage (Scorpio) 750 gm - 1 kg/head kg 68.75,,kg,,68.75,,pdfplumber,2024\Weekly-Average-Prices-May-13-18-2024.pdf
2024-05-13,2024-05-18,Cabbage (Wonder Ball),Cabbage (Wonder Ball) 510 gm - 1 kg/head kg 71.54,,kg,,71.54,,pdfplumber,2024\Weekly-Average-Prices-May-13-18-2024.pdf
2024-05-13,2024-05-18,Calamansi,Calamansi kg 114.19,,kg,,114.19,,pdfplumber,2024\Weekly-Average-Prices-May-13-18-2024.pdf
2024-05-13,2024-05-18,Carrots,Carrots 8-10 pcs/kg kg 97.76,,kg,,97.76,,pdfplumber,2024\Weekly-Average-Prices-May-13-18-2024.pdf
2024-05-13,2024-05-18,Eggplant,Eggplant 3-4 Small Bundles kg 93.40,,kg,,93.4,,pdfplumber,2024\Weekly-Average-Prices-May-13-18-2024.pdf
2024-05-13,2024-05-18,Garlic (Imported),Garlic (Imported) kg 156.23,,kg,,156.23,,pdfplumber,2024\Weekly-Average-Prices-May-13-18-2024.pdf
2024-05-13,2024-05-18,Garlic (Native),Garlic (Native) kg 423.81,,kg,,423.81,,pdfplumber,2024\Weekly-Average-Prices-May-13-18-2024.pdf
2024-05-13,2024-05-18,Ginger,Ginger kg 211.67,,kg,,211.67,,pdfplumber,2024\Weekly-Average-Prices-May-13-18-2024.pdf
2024-05-13,2024-05-18,Mango (Carabao),Mango (Carabao) 3-4 pcs/kg kg 124.20,,kg,,124.2,,pdfplumber,2024\Weekly-Average-Prices-May-13-18-2024.pdf
2024-05-13,2024-05-18,Papaya,Papaya 2-3 pcs/kg kg 63.25,,kg,,63.25,,pdfplumber,2024\Weekly-Average-Prices-May-13-18-2024.pdf
2024-05-13,2024-05-18,Pechay (Baguio),Pechay (Baguio) kg 71.58,,kg,,71.58,,pdfplumber,2024\Weekly-Average-Prices-May-13-18-2024.pdf
2024-05-13,2024-05-18,Pechay (Native),Pechay (Native) 3-4 Small Bundles kg 74.07,,kg,,74.07,,pdfplumber,2024\Weekly-Average-Prices-May-13-18-2024.pdf
2024-05-13,2024-05-18,Red Onion,Red Onion 13-15 pcs/kg kg 105.86,,kg,,105.86,,pdfplumber,2024\Weekly-Average-Prices-May-13-18-2024.pdf
2024-05-13,2024-05-18,Sitao,Sitao 3-4 Small Bundles kg 128.27,,kg,,128.27,,pdfplumber,2024\Weekly-Average-Prices-May-13-18-2024.pdf
2024-05-13,2024-05-18,Squash,Squash Suprema Variety kg 51.65,,kg,,51.65,,pdfplumber,2024\Weekly-Average-Prices-May-13-18-2024.pdf
2024-05-13,2024-05-18,Tomato,Tomato 15-18 pcs/kg kg 62.87,,kg,,62.87,,pdfplumber,2024\Weekly-Average-Prices-May-13-18-2024.pdf
2024-05-13,2024-05-18,White Onion,White Onion kg 93.98,,kg,,93.98,,pdfplumber,2024\Weekly-Average-Prices-May-13-18-2024.pdf
2024-05-13,2024-05-18,White Potato,White Potato 10-12 pcs/kg kg 106.11,,kg,,106.11,,pdfplumber,2024\Weekly-Average-Prices-May-13-18-2024.pdf
2024-05-20,2024-05-25,Ampalaya,Ampalaya 4-5 pcs/kg kg 135.18,,kg,,135.18,,pdfplumber,2024\Weekly-Average-Prices-May-20-25-2024.pdf
2024-05-20,2024-05-25,Banana (Lakatan),Banana (Lakatan) 8-10 pcs/kg kg 103.53,,kg,,103.53,,pdfplumber,2024\Weekly-Average-Prices-May-20-25-2024.pdf
2024-05-20,2024-05-25,Banana (Latundan),Banana (Latundan) 10-12 pcs/kg kg 71.77,,kg,,71.77,,pdfplumber,2024\Weekly-Average-Prices-May-20-25-2024.pdf
2024-05-20,2024-05-25,Cabbage (Rare Ball),Cabbage (Rare Ball) 510 gm - 1 kg/head kg 64.62,,kg,,64.62,,pdfplumber,2024\Weekly-Average-Prices-May-20-25-2024.pdf
2024-05-20,2024-05-25,Cabbage (Scorpio),Cabbage (Scorpio) 750 gm - 1 kg/head kg 70.98,,kg,,70.98,,pdfplumber,2024\Weekly-Average-Prices-May-20-25-2024.pdf
2024-05-20,2024-05-25,Cabbage (Wonder Ball),Cabbage (Wonder Ball) 510 gm - 1 kg/head kg 69.79,,kg,,69.79,,pdfplumber,2024\Weekly-Average-Prices-May-20-25-2024.pdf
2024-05-20,2024-05-25,Calamansi,Calamansi kg 121.03,,kg,,121.03,,pdfplumber,2024\Weekly-Average-Prices-May-20-25-2024.pdf
2024-05-20,2024-05-25,Carrots,Carrots 8-10 pcs/kg kg 95.53,,kg,,95.53,,pdfplumber,2024\Weekly-Average-Prices-May-20-25-2024.pdf
2024-05-20,2024-05-25,Eggplant,Eggplant 3-4 Small Bundles kg 93.39,,kg,,93.39,,pdfplumber,2024\Weekly-Average-Prices-May-20-25-2024.pdf
2024-05-20,2024-05-25,Garlic (Imported),Garlic (Imported) kg 157.31,,kg,,157.31,,pdfplumber,2024\Weekly-Average-Prices-May-20-25-2024.pdf
2024-05-20,2024-05-25,Garlic (Native),Garlic (Native) kg 387.50,,kg,,387.5,,pdfplumber,2024\Weekly-Average-Prices-May-20-25-2024.pdf
2024-05-20,2024-05-25,Ginger,Ginger kg 219.51,,kg,,219.51,,pdfplumber,2024\Weekly-Average-Prices-May-20-25-2024.pdf
2024-05-20,2024-05-25,Mango (Carabao),Mango (Carabao) 3-4 pcs/kg kg 117.55,,kg,,117.55,,pdfplumber,2024\Weekly-Average-Prices-May-20-25-2024.pdf
2024-05-20,2024-05-25,Papaya,Papaya 2-3 pcs/kg kg 63.35,,kg,,63.35,,pdfplumber,2024\Weekly-Average-Prices-May-20-25-2024.pdf
2024-05-20,2024-05-25,Pechay (Baguio),Pechay (Baguio) kg 80.06,,kg,,80.06,,pdfplumber,2024\Weekly-Average-Prices-May-20-25-2024.pdf
2024-05-20,2024-05-25,Pechay (Native),Pechay (Native) 3-4 Small Bundles kg 87.73,,kg,,87.73,,pdfplumber,2024\Weekly-Average-Prices-May-20-25-2024.pdf
2024-05-20,2024-05-25,Red Onion,Red Onion 13-15 pcs/kg kg 106.54,,kg,,106.54,,pdfplumber,2024\Weekly-Average-Prices-May-20-25-2024.pdf
2024-05-20,2024-05-25,Sitao,Sitao 3-4 Small Bundles kg 121.95,,kg,,121.95,,pdfplumber,2024\Weekly-Average-Prices-May-20-25-2024.pdf
2024-05-20,2024-05-25,Squash,Squash Suprema Variety kg 55.27,,kg,,55.27,,pdfplumber,2024\Weekly-Average-Prices-May-20-25-2024.pdf
2024-05-20,2024-05-25,Tomato,Tomato 15-18 pcs/kg kg 73.18,,kg,,73.18,,pdfplumber,2024\Weekly-Average-Prices-May-20-25-2024.pdf
2024-05-20,2024-05-25,White Onion,White Onion kg 93.60,,kg,,93.6,,pdfplumber,2024\Weekly-Average-Prices-May-20-25-2024.pdf
2024-05-20,2024-05-25,White Potato,White Potato 10-12 pcs/kg kg 106.04,,kg,,106.04,,pdfplumber,2024\Weekly-Average-Prices-May-20-25-2024.pdf
2024-06-10,2024-06-15,Ampalaya,Ampalaya 4-5 pcs/kg kg 138.17,,kg,,138.17,,pdfplumber,2024\Weekly-Average-Prices-June-10-15-2024.pdf
2024-06-10,2024-06-15,Banana (Lakatan),Banana (Lakatan) 8-10 pcs/kg kg 104.07,,kg,,104.07,,pdfplumber,2024\Weekly-Average-Prices-June-10-15-2024.pdf
2024-06-10,2024-06-15,Banana (Latundan),Banana (Latundan) 10-12 pcs/kg kg 71.99,,kg,,71.99,,pdfplumber,2024\Weekly-Average-Prices-June-10-15-2024.pdf
2024-06-10,2024-06-15,Cabbage (Rare Ball),Cabbage (Rare Ball) 510 gm - 1 kg/head kg 71.60,,kg,,71.6,,pdfplumber,2024\Weekly-Average-Prices-June-10-15-2024.pdf
2024-06-10,2024-06-15,Cabbage (Scorpio),Cabbage (Scorpio) 750 gm - 1 kg/head kg 77.02,,kg,,77.02,,pdfplumber,2024\Weekly-Average-Prices-June-10-15-2024.pdf
2024-06-10,2024-06-15,Cabbage (Wonder Ball),Cabbage (Wonder Ball) 510 gm - 1 kg/head kg 77.54,,kg,,77.54,,pdfplumber,2024\Weekly-Average-Prices-June-10-15-2024.pdf
2024-06-10,2024-06-15,Calamansi,Calamansi kg 112.56,,kg,,112.56,,pdfplumber,2024\Weekly-Average-Prices-June-10-15-2024.pdf
2024-06-10,2024-06-15,Carrots,Carrots 8-10 pcs/kg kg 104.85,,kg,,104.85,,pdfplumber,2024\Weekly-Average-Prices-June-10-15-2024.pdf
2024-06-10,2024-06-15,Eggplant,Eggplant 3-4 Small Bundles kg 92.05,,kg,,92.05,,pdfplumber,2024\Weekly-Average-Prices-June-10-15-2024.pdf
2024-06-10,2024-06-15,Garlic (Imported),Garlic (Imported) kg 156.18,,kg,,156.18,,pdfplumber,2024\Weekly-Average-Prices-June-10-15-2024.pdf
2024-06-10,2024-06-15,Garlic (Native),Garlic (Native) kg 419.35,,kg,,419.35,,pdfplumber,2024\Weekly-Average-Prices-June-10-15-2024.pdf
2024-06-10,2024-06-15,Ginger,Ginger kg 258.24,,kg,,258.24,,pdfplumber,2024\Weekly-Average-Prices-June-10-15-2024.pdf
2024-06-10,2024-06-15,Mango (Carabao),Mango (Carabao) 3-4 pcs/kg kg 119.26,,kg,,119.26,,pdfplumber,2024\Weekly-Average-Prices-June-10-15-2024.pdf
2024-06-10,2024-06-15,Papaya,Papaya 2-3 pcs/kg kg 63.28,,kg,,63.28,,pdfplumber,2024\Weekly-Average-Prices-June-10-15-2024.pdf
2024-06-10,2024-06-15,Pechay (Baguio),Pechay (Baguio) kg 115.72,,kg,,115.72,,pdfplumber,2024\Weekly-Average-Prices-June-10-15-2024.pdf
2024-06-10,2024-06-15,Pechay (Native),Pechay (Native) 3-4 Small Bundles kg 165.66,,kg,,165.66,,pdfplumber,2024\Weekly-Average-Prices-June-10-15-2024.pdf
2024-06-10,2024-06-15,Red Onion,Red Onion 13-15 pcs/kg kg 107.86,,kg,,107.86,,pdfplumber,2024\Weekly-Average-Prices-June-10-15-2024.pdf
2024-06-10,2024-06-15,Sitao,Sitao 3-4 Small Bundles kg 118.77,,kg,,118.77,,pdfplumber,2024\Weekly-Average-Prices-June-10-15-2024.pdf
2024-06-10,2024-06-15,Squash,Squash Suprema Variety kg 69.35,,kg,,69.35,,pdfplumber,2024\Weekly-Average-Prices-June-10-15-2024.pdf
2024-06-10,2024-06-15,Tomato,Tomato 15-18 pcs/kg kg 81.88,,kg,,81.88,,pdfplumber,2024\Weekly-Average-Prices-June-10-15-2024.pdf
2024-06-10,2024-06-15,White Onion,White Onion kg 94.48,,kg,,94.48,,pdfplumber,2024\Weekly-Average-Prices-June-10-15-2024.pdf
2024-06-10,2024-06-15,White Potato,White Potato 10-12 pcs/kg kg 133.00,,kg,,133.0,,pdfplumber,2024\Weekly-Average-Prices-June-10-15-2024.pdf
2024-06-17,2024-06-22,Ampalaya,Ampalaya 4-5 pcs/kg kg 138.66,,kg,,138.66,,pdfplumber,2024\Weekly-Average-Prices-June-17-22-2024.pdf
2024-06-17,2024-06-22,Banana (Lakatan),Banana (Lakatan) 8-10 pcs/kg kg 103.52,,kg,,103.52,,pdfplumber,2024\Weekly-Average-Prices-June-17-22-2024.pdf
2024-06-17,2024-06-22,Banana (Latundan),Banana (Latundan) 10-12 pcs/kg kg 71.25,,kg,,71.25,,pdfplumber,2024\Weekly-Average-Prices-June-17-22-2024.pdf
2024-06-17,2024-06-22,Cabbage (Rare Ball),Cabbage (Rare Ball) 510 gm - 1 kg/head kg 71.33,,kg,,71.33,,pdfplumber,2024\Weekly-Average-Prices-June-17-22-2024.pdf
2024-06-17,2024-06-22,Cabbage (Scorpio),Cabbage (Scorpio) 750 gm - 1 kg/head kg 77.55,,kg,,77.55,,pdfplumber,2024\Weekly-Average-Prices-June-17-22-2024.pdf
2024-06-17,2024-06-22,Cabbage (Wonder Ball),Cabbage (Wonder Ball) 510 gm - 1 kg/head kg 76.94,,kg,,76.94,,pdfplumber,2024\Weekly-Average-Prices-June-17-22-2024.pdf
2024-06-17,2024-06-22,Calamansi,Calamansi kg 110.77,,kg,,110.77,,pdfplumber,2024\Weekly-Average-Prices-June-17-22-2024.pdf
2024-06-17,2024-06-22,Carrots,Carrots 8-10 pcs/kg kg 111.87,,kg,,111.87,,pdfplumber,2024\Weekly-Average-Prices-June-17-22-2024.pdf
2024-06-17,2024-06-22,Eggplant,Eggplant 3-4 Small Bundles kg 92.68,,kg,,92.68,,pdfplumber,2024\Weekly-Average-Prices-June-17-22-2024.pdf
2024-06-17,2024-06-22,Garlic (Imported),Garlic (Imported) kg 156.78,,kg,,156.78,,pdfplumber,2024\Weekly-Average-Prices-June-17-22-2024.pdf
2024-06-17,2024-06-22,Garlic (Native),Garlic (Native) kg 418.18,,kg,,418.18,,pdfplumber,2024\Weekly-Average-Prices-June-17-22-2024.pdf
2024-06-17,2024-06-22,Ginger,Ginger kg 246.73,,kg,,246.73,,pdfplumber,2024\Weekly-Average-Prices-June-17-22-2024.pdf
2024-06-17,2024-06-22,Mango (Carabao),Mango (Carabao) 3-4 pcs/kg kg 123.68,,kg,,123.68,,pdfplumber,2024\Weekly-Average-Prices-June-17-22-2024.pdf
2024-06-17,2024-06-22,Papaya,Papaya 2-3 pcs/kg kg 63.02,,kg,,63.02,,pdfplumber,2024\Weekly-Average-Prices-June-17-22-2024.pdf
2024-06-17,2024-06-22,Pechay (Baguio),Pechay (Baguio) kg 112.32,,kg,,112.32,,pdfplumber,2024\Weekly-Average-Prices-June-17-22-2024.pdf
2024-06-17,2024-06-22,Pechay (Native),Pechay (Native) 3-4 Small Bundles kg 159.60,,kg,,159.6,,pdfplumber,2024\Weekly-Average-Prices-June-17-22-2024.pdf
2024-06-17,2024-06-22,Red Onion,Red Onion 13-15 pcs/kg kg 108.17,,kg,,108.17,,pdfplumber,2024\Weekly-Average-Prices-June-17-22-2024.pdf
2024-06-17,2024-06-22,Sitao,Sitao 3-4 Small Bundles kg 118.04,,kg,,118.04,,pdfplumber,2024\Weekly-Average-Prices-June-17-22-2024.pdf
2024-06-17,2024-06-22,Squash,Squash Suprema Variety kg 68.97,,kg,,68.97,,pdfplumber,2024\Weekly-Average-Prices-June-17-22-2024.pdf
2024-06-17,2024-06-22,Tomato,Tomato 15-18 pcs/kg kg 107.67,,kg,,107.67,,pdfplumber,2024\Weekly-Average-Prices-June-17-22-2024.pdf
2024-06-17,2024-06-22,White Onion,White Onion kg 94.71,,kg,,94.71,,pdfplumber,2024\Weekly-Average-Prices-June-17-22-2024.pdf
2024-06-17,2024-06-22,White Potato,White Potato 10-12 pcs/kg kg 134.57,,kg,,134.57,,pdfplumber,2024\Weekly-Average-Prices-June-17-22-2024.pdf
2024-06-24,2024-06-29,Ampalaya,Ampalaya 4-5 pcs/kg kg 123.59,,kg,,123.59,,pdfplumber,2024\Weekly-Average-Prices-June-24-29-2024.pdf
2024-06-24,2024-06-29,Banana (Lakatan),Banana (Lakatan) 8-10 pcs/kg kg 103.47,,kg,,103.47,,pdfplumber,2024\Weekly-Average-Prices-June-24-29-2024.pdf
2024-06-24,2024-06-29,Banana (Latundan),Banana (Latundan) 10-12 pcs/kg kg 71.71,,kg,,71.71,,pdfplumber,2024\Weekly-Average-Prices-June-24-29-2024.pdf
2024-06-24,2024-06-29,Cabbage (Rare Ball),Cabbage (Rare Ball) 510 gm - 1 kg/head kg 76.41,,kg,,76.41,,pdfplumber,2024\Weekly-Average-Prices-June-24-29-2024.pdf
2024-06-24,2024-06-29,Cabbage (Scorpio),Cabbage (Scorpio) 750 gm - 1 kg/head kg 79.12,,kg,,79.12,,pdfplumber,2024\Weekly-Average-Prices-June-24-29-2024.pdf
2024-06-24,2024-06-29,Cabbage (Wonder Ball),Cabbage (Wonder Ball) 510 gm - 1 kg/head kg 79.18,,kg,,79.18,,pdfplumber,2024\Weekly-Average-Prices-June-24-29-2024.pdf
2024-06-24,2024-06-29,Calamansi,Calamansi kg 113.24,,kg,,113.24,,pdfplumber,2024\Weekly-Average-Prices-June-24-29-2024.pdf
2024-06-24,2024-06-29,Carrots,Carrots 8-10 pcs/kg kg 117.94,,kg,,117.94,,pdfplumber,2024\Weekly-Average-Prices-June-24-29-2024.pdf
2024-06-24,2024-06-29,Eggplant,Eggplant 3-4 Small Bundles kg 87.45,,kg,,87.45,,pdfplumber,2024\Weekly-Average-Prices-June-24-29-2024.pdf
2024-06-24,2024-06-29,Garlic (Imported),Garlic (Imported) kg 155.98,,kg,,155.98,,pdfplumber,2024\Weekly-Average-Prices-June-24-29-2024.pdf
2024-06-24,2024-06-29,Garlic (Native),Garlic (Native) kg 425.00,,kg,,425.0,,pdfplumber,2024\Weekly-Average-Prices-June-24-29-2024.pdf
2024-06-24,2024-06-29,Ginger,Ginger kg 238.58,,kg,,238.58,,pdfplumber,2024\Weekly-Average-Prices-June-24-29-2024.pdf
2024-06-24,2024-06-29,Mango (Carabao),Mango (Carabao) 3-4 pcs/kg kg 129.28,,kg,,129.28,,pdfplumber,2024\Weekly-Average-Prices-June-24-29-2024.pdf
2024-06-24,2024-06-29,Papaya,Papaya 2-3 pcs/kg kg 63.70,,kg,,63.7,,pdfplumber,2024\Weekly-Average-Prices-June-24-29-2024.pdf
2024-06-24,2024-06-29,Pechay (Baguio),Pechay (Baguio) kg 103.92,,kg,,103.92,,pdfplumber,2024\Weekly-Average-Prices-June-24-29-2024.pdf
2024-06-24,2024-06-29,Pechay (Native),Pechay (Native) 3-4 Small Bundles kg 133.52,,kg,,133.52,,pdfplumber,2024\Weekly-Average-Prices-June-24-29-2024.pdf
2024-06-24,2024-06-29,Red Onion,Red Onion 13-15 pcs/kg kg 108.02,,kg,,108.02,,pdfplumber,2024\Weekly-Average-Prices-June-24-29-2024.pdf
2024-06-24,2024-06-29,Sitao,Sitao 3-4 Small Bundles kg 120.51,,kg,,120.51,,pdfplumber,2024\Weekly-Average-Prices-June-24-29-2024.pdf
2024-06-24,2024-06-29,Squash,Squash Suprema Variety kg 66.83,,kg,,66.83,,pdfplumber,2024\Weekly-Average-Prices-June-24-29-2024.pdf
2024-06-24,2024-06-29,Tomato,Tomato 15-18 pcs/kg kg 129.73,,kg,,129.73,,pdfplumber,2024\Weekly-Average-Prices-June-24-29-2024.pdf
2024-06-24,2024-06-29,White Onion,White Onion kg 94.75,,kg,,94.75,,pdfplumber,2024\Weekly-Average-Prices-June-24-29-2024.pdf
2024-06-24,2024-06-29,White Potato,White Potato 10-12 pcs/kg kg 127.50,,kg,,127.5,,pdfplumber,2024\Weekly-Average-Prices-June-24-29-2024.pdf
2024-07-01,2024-07-06,Ampalaya,Ampalaya 4-5 pcs/kg kg 116.00,,kg,,116.0,,pdfplumber,2024\Weekly-Average-Prices-July-1-6-2024.pdf
2024-07-01,2024-07-06,Banana (Lakatan),Banana (Lakatan) 8-10 pcs/kg kg 103.74,,kg,,103.74,,pdfplumber,2024\Weekly-Average-Prices-July-1-6-2024.pdf
2024-07-01,2024-07-06,Banana (Latundan),Banana (Latundan) 10-12 pcs/kg kg 71.80,,kg,,71.8,,pdfplumber,2024\Weekly-Average-Prices-July-1-6-2024.pdf
2024-07-01,2024-07-06,Cabbage (Rare Ball),Cabbage (Rare Ball) 510 gm - 1 kg/head kg 78.30,,kg,,78.3,,pdfplumber,2024\Weekly-Average-Prices-July-1-6-2024.pdf
2024-07-01,2024-07-06,Cabbage (Scorpio),Cabbage (Scorpio) 750 gm - 1 kg/head kg 82.53,,kg,,82.53,,pdfplumber,2024\Weekly-Average-Prices-July-1-6-2024.pdf
2024-07-01,2024-07-06,Cabbage (Wonder Ball),Cabbage (Wonder Ball) 510 gm - 1 kg/head kg 83.28,,kg,,83.28,,pdfplumber,2024\Weekly-Average-Prices-July-1-6-2024.pdf
2024-07-01,2024-07-06,Calamansi,Calamansi kg 124.83,,kg,,124.83,,pdfplumber,2024\Weekly-Average-Prices-July-1-6-2024.pdf
2024-07-01,2024-07-06,Carrots,Carrots 8-10 pcs/kg kg 128.66,,kg,,128.66,,pdfplumber,2024\Weekly-Average-Prices-July-1-6-2024.pdf
2024-07-01,2024-07-06,Eggplant,Eggplant 3-4 Small Bundles kg 85.69,,kg,,85.69,,pdfplumber,2024\Weekly-Average-Prices-July-1-6-2024.pdf
2024-07-01,2024-07-06,Garlic (Imported),Garlic (Imported) kg 155.21,,kg,,155.21,,pdfplumber,2024\Weekly-Average-Prices-July-1-6-2024.pdf
2024-07-01,2024-07-06,Garlic (Native),Garlic (Native) kg 424.00,,kg,,424.0,,pdfplumber,2024\Weekly-Average-Prices-July-1-6-2024.pdf
2024-07-01,2024-07-06,Ginger,"Ginger Fairly well-matured, Medium (150-300 gm) kg 240.71",,kg,,240.71,,pdfplumber,2024\Weekly-Average-Prices-July-1-6-2024.pdf
2024-07-01,2024-07-06,Mango (Carabao),"Mango (Carabao) Ripe, 3-4 pcs/kg kg 138.00",,kg,,138.0,,pdfplumber,2024\Weekly-Average-Prices-July-1-6-2024.pdf
2024-07-01,2024-07-06,Papaya,"Papaya Solo Variety, Ripe, 2-3 pcs/kg kg 63.96",,kg,,63.96,,pdfplumber,2024\Weekly-Average-Prices-July-1-6-2024.pdf
2024-07-01,2024-07-06,Pechay (Baguio),Pechay (Baguio) kg 93.17,,kg,,93.17,,pdfplumber,2024\Weekly-Average-Prices-July-1-6-2024.pdf
2024-07-01,2024-07-06,Pechay (Native),Pechay (Native) 3-4 Small Bundles kg 92.38,,kg,,92.38,,pdfplumber,2024\Weekly-Average-Prices-July-1-6-2024.pdf
2024-07-01,2024-07-06,Red Onion,Red Onion 13-15 pcs/kg kg 107.81,,kg,,107.81,,pdfplumber,2024\Weekly-Average-Prices-July-1-6-2024.pdf
2024-07-01,2024-07-06,Sitao,Sitao 3-4 Small Bundles kg 125.51,,kg,,125.51,,pdfplumber,2024\Weekly-Average-Prices-July-1-6-2024.pdf
2024-07-01,2024-07-06,Squash,Squash Suprema Variety kg 65.47,,kg,,65.47,,pdfplumber,2024\Weekly-Average-Prices-July-1-6-2024.pdf
2024-07-01,2024-07-06,Tomato,Tomato 15-18 pcs/kg kg 159.91,,kg,,159.91,,pdfplumber,2024\Weekly-Average-Prices-July-1-6-2024.pdf
2024-07-01,2024-07-06,White Onion,White Onion kg 93.77,,kg,,93.77,,pdfplumber,2024\Weekly-Average-Prices-July-1-6-2024.pdf
2024-07-01,2024-07-06,White Potato,White Potato 10-12 pcs/kg kg 122.49,,kg,,122.49,,pdfplumber,2024\Weekly-Average-Prices-July-1-6-2024.pdf
2024-07-08,2024-07-13,Ampalaya,Ampalaya 4-5 pcs/kg kg 112.29,,kg,,112.29,,pdfplumber,2024\Weekly-Average-Prices-July-8-13-2024.pdf
2024-07-08,2024-07-13,Banana (Lakatan),Banana (Lakatan) 8-10 pcs/kg kg 104.26,,kg,,104.26,,pdfplumber,2024\Weekly-Average-Prices-July-8-13-2024.pdf
2024-07-08,2024-07-13,Banana (Latundan),Banana (Latundan) 10-12 pcs/kg kg 72.10,,kg,,72.1,,pdfplumber,2024\Weekly-Average-Prices-July-8-13-2024.pdf
2024-07-08,2024-07-13,Cabbage (Rare Ball),Cabbage (Rare Ball) 510 gm - 1 kg/head kg 74.43,,kg,,74.43,,pdfplumber,2024\Weekly-Average-Prices-July-8-13-2024.pdf
2024-07-08,2024-07-13,Cabbage (Scorpio),Cabbage (Scorpio) 750 gm - 1 kg/head kg 80.48,,kg,,80.48,,pdfplumber,2024\Weekly-Average-Prices-July-8-13-2024.pdf
2024-07-08,2024-07-13,Cabbage (Wonder Ball),Cabbage (Wonder Ball) 510 gm - 1 kg/head kg 78.92,,kg,,78.92,,pdfplumber,2024\Weekly-Average-Prices-July-8-13-2024.pdf
2024-07-08,2024-07-13,Calamansi,Calamansi kg 137.34,,kg,,137.34,,pdfplumber,2024\Weekly-Average-Prices-July-8-13-2024.pdf
2024-07-08,2024-07-13,Carrots,Carrots 8-10 pcs/kg kg 137.54,,kg,,137.54,,pdfplumber,2024\Weekly-Average-Prices-July-8-13-2024.pdf
2024-07-08,2024-07-13,Eggplant,Eggplant 3-4 Small Bundles kg 95.86,,kg,,95.86,,pdfplumber,2024\Weekly-Average-Prices-July-8-13-2024.pdf
2024-07-08,2024-07-13,Garlic (Imported),Garlic (Imported) kg 154.43,,kg,,154.43,,pdfplumber,2024\Weekly-Average-Prices-July-8-13-2024.pdf
2024-07-08,2024-07-13,Garlic (Native),Garlic (Native) kg 424.00,,kg,,424.0,,pdfplumber,2024\Weekly-Average-Prices-July-8-13-2024.pdf
2024-07-08,2024-07-13,Ginger,"Ginger Fairly well-matured, Medium (150-300 gm) kg 236.49",,kg,,236.49,,pdfplumber,2024\Weekly-Average-Prices-July-8-13-2024.pdf
2024-07-08,2024-07-13,Mango (Carabao),"Mango (Carabao) Ripe, 3-4 pcs/kg kg 145.43",,kg,,145.43,,pdfplumber,2024\Weekly-Average-Prices-July-8-13-2024.pdf
2024-07-08,2024-07-13,Papaya,"Papaya Solo Variety, Ripe, 2-3 pcs/kg kg 63.65",,kg,,63.65,,pdfplumber,2024\Weekly-Average-Prices-July-8-13-2024.pdf
2024-07-08,2024-07-13,Pechay (Baguio),Pechay (Baguio) kg 85.51,,kg,,85.51,,pdfplumber,2024\Weekly-Average-Prices-July-8-13-2024.pdf
2024-07-08,2024-07-13,Pechay (Native),Pechay (Native) 3-4 Small Bundles kg 75.98,,kg,,75.98,,pdfplumber,2024\Weekly-Average-Prices-July-8-13-2024.pdf
2024-07-08,2024-07-13,Red Onion,Red Onion 13-15 pcs/kg kg 108.29,,kg,,108.29,,pdfplumber,2024\Weekly-Average-Prices-July-8-13-2024.pdf
2024-07-08,2024-07-13,Sitao,Sitao 3-4 Small Bundles kg 118.18,,kg,,118.18,,pdfplumber,2024\Weekly-Average-Prices-July-8-13-2024.pdf
2024-07-08,2024-07-13,Squash,Squash Suprema Variety kg 65.37,,kg,,65.37,,pdfplumber,2024\Weekly-Average-Prices-July-8-13-2024.pdf
2024-07-08,2024-07-13,Tomato,Tomato 15-18 pcs/kg kg 177.40,,kg,,177.4,,pdfplumber,2024\Weekly-Average-Prices-July-8-13-2024.pdf
2024-07-08,2024-07-13,White Onion,White Onion kg 95.43,,kg,,95.43,,pdfplumber,2024\Weekly-Average-Prices-July-8-13-2024.pdf
2024-07-08,2024-07-13,White Potato,White Potato 10-12 pcs/kg kg 116.24,,kg,,116.24,,pdfplumber,2024\Weekly-Average-Prices-July-8-13-2024.pdf
2024-07-15,2024-07-20,Ampalaya,Ampalaya 4-5 pcs/kg kg 102.43,,kg,,102.43,,pdfplumber,2024\Weekly-Average-Prices-July-15-20-2024.pdf
2024-07-15,2024-07-20,Banana (Lakatan),Banana (Lakatan) 8-10 pcs/kg kg 104.92,,kg,,104.92,,pdfplumber,2024\Weekly-Average-Prices-July-15-20-2024.pdf
2024-07-15,2024-07-20,Banana (Latundan),Banana (Latundan) 10-12 pcs/kg kg 71.59,,kg,,71.59,,pdfplumber,2024\Weekly-Average-Prices-July-15-20-2024.pdf
2024-07-15,2024-07-20,Cabbage (Rare Ball),Cabbage (Rare Ball) 510 gm - 1 kg/head kg 68.81,,kg,,68.81,,pdfplumber,2024\Weekly-Average-Prices-July-15-20-2024.pdf
2024-07-15,2024-07-20,Cabbage (Scorpio),Cabbage (Scorpio) 750 gm - 1 kg/head kg 73.45,,kg,,73.45,,pdfplumber,2024\Weekly-Average-Prices-July-15-20-2024.pdf
2024-07-15,2024-07-20,Cabbage (Wonder Ball),Cabbage (Wonder Ball) 510 gm - 1 kg/head kg 71.01,,kg,,71.01,,pdfplumber,2024\Weekly-Average-Prices-July-15-20-2024.pdf
2024-07-15,2024-07-20,Calamansi,Calamansi kg 137.46,,kg,,137.46,,pdfplumber,2024\Weekly-Average-Prices-July-15-20-2024.pdf
2024-07-15,2024-07-20,Carrots,Carrots 8-10 pcs/kg kg 144.17,,kg,,144.17,,pdfplumber,2024\Weekly-Average-Prices-July-15-20-2024.pdf
2024-07-15,2024-07-20,Eggplant,Eggplant 3-4 Small Bundles kg 107.40,,kg,,107.4,,pdfplumber,2024\Weekly-Average-Prices-July-15-20-2024.pdf
2024-07-15,2024-07-20,Garlic (Imported),Garlic (Imported) kg 153.59,,kg,,153.59,,pdfplumber,2024\Weekly-Average-Prices-July-15-20-2024.pdf
2024-07-15,2024-07-20,Garlic (Native),Garlic (Native) kg 417.86,,kg,,417.86,,pdfplumber,2024\Weekly-Average-Prices-July-15-20-2024.pdf
2024-07-15,2024-07-20,Ginger,"Ginger Fairly well-matured, Medium (150-300 gm) kg 224.17",,kg,,224.17,,pdfplumber,2024\Weekly-Average-Prices-July-15-20-2024.pdf
2024-07-15,2024-07-20,Mango (Carabao),"Mango (Carabao) Ripe, 3-4 pcs/kg kg 153.06",,kg,,153.06,,pdfplumber,2024\Weekly-Average-Prices-July-15-20-2024.pdf
2024-07-15,2024-07-20,Papaya,"Papaya Solo Variety, Ripe, 2-3 pcs/kg kg 63.38",,kg,,63.38,,pdfplumber,2024\Weekly-Average-Prices-July-15-20-2024.pdf
2024-07-15,2024-07-20,Pechay (Baguio),Pechay (Baguio) kg 78.31,,kg,,78.31,,pdfplumber,2024\Weekly-Average-Prices-July-15-20-2024.pdf
2024-07-15,2024-07-20,Pechay (Native),Pechay (Native) 3-4 Small Bundles kg 67.35,,kg,,67.35,,pdfplumber,2024\Weekly-Average-Prices-July-15-20-2024.pdf
2024-07-15,2024-07-20,Red Onion,Red Onion 13-15 pcs/kg kg 109.13,,kg,,109.13,,pdfplumber,2024\Weekly-Average-Prices-July-15-20-2024.pdf
2024-07-15,2024-07-20,Sitao,Sitao 3-4 Small Bundles kg 106.23,,kg,,106.23,,pdfplumber,2024\Weekly-Average-Prices-July-15-20-2024.pdf
2024-07-15,2024-07-20,Squash,Squash Suprema Variety kg 64.08,,kg,,64.08,,pdfplumber,2024\Weekly-Average-Prices-July-15-20-2024.pdf
2024-07-15,2024-07-20,Tomato,Tomato 15-18 pcs/kg kg 189.39,,kg,,189.39,,pdfplumber,2024\Weekly-Average-Prices-July-15-20-2024.pdf
2024-07-15,2024-07-20,White Onion,White Onion kg 98.35,,kg,,98.35,,pdfplumber,2024\Weekly-Average-Prices-July-15-20-2024.pdf
2024-07-15,2024-07-20,White Potato,White Potato 10-12 pcs/kg kg 110.38,,kg,,110.38,,pdfplumber,2024\Weekly-Average-Prices-July-15-20-2024.pdf
2024-07-22,2024-07-27,Ampalaya,Ampalaya 4-5 pcs/kg kg 96.79,,kg,,96.79,,pdfplumber,2024\Weekly-Average-Prices-July-22-27-2024.pdf
2024-07-22,2024-07-27,Banana (Lakatan),Banana (Lakatan) 8-10 pcs/kg kg 105.61,,kg,,105.61,,pdfplumber,2024\Weekly-Average-Prices-July-22-27-2024.pdf
2024-07-22,2024-07-27,Banana (Latundan),Banana (Latundan) 10-12 pcs/kg kg 71.03,,kg,,71.03,,pdfplumber,2024\Weekly-Average-Prices-July-22-27-2024.pdf
2024-07-22,2024-07-27,Cabbage (Rare Ball),Cabbage (Rare Ball) 510 gm - 1 kg/head kg 67.74,,kg,,67.74,,pdfplumber,2024\Weekly-Average-Prices-July-22-27-2024.pdf
2024-07-22,2024-07-27,Cabbage (Scorpio),Cabbage (Scorpio) 750 gm - 1 kg/head kg 73.89,,kg,,73.89,,pdfplumber,2024\Weekly-Average-Prices-July-22-27-2024.pdf
2024-07-22,2024-07-27,Cabbage (Wonder Ball),Cabbage (Wonder Ball) 510 gm - 1 kg/head kg 76.19,,kg,,76.19,,pdfplumber,2024\Weekly-Average-Prices-July-22-27-2024.pdf
2024-07-22,2024-07-27,Calamansi,Calamansi kg 139.55,,kg,,139.55,,pdfplumber,2024\Weekly-Average-Prices-July-22-27-2024.pdf
2024-07-22,2024-07-27,Carrots,Carrots 8-10 pcs/kg kg 168.81,,kg,,168.81,,pdfplumber,2024\Weekly-Average-Prices-July-22-27-2024.pdf
2024-07-22,2024-07-27,Eggplant,Eggplant 3-4 Small Bundles kg 114.49,,kg,,114.49,,pdfplumber,2024\Weekly-Average-Prices-July-22-27-2024.pdf
2024-07-22,2024-07-27,Garlic (Imported),Garlic (Imported) kg 153.20,,kg,,153.2,,pdfplumber,2024\Weekly-Average-Prices-July-22-27-2024.pdf
2024-07-22,2024-07-27,Garlic (Native),Garlic (Native) kg 416.67,,kg,,416.67,,pdfplumber,2024\Weekly-Average-Prices-July-22-27-2024.pdf
2024-07-22,2024-07-27,Ginger,"Ginger Fairly well-matured, Medium (150-300 gm) kg 220.72",,kg,,220.72,,pdfplumber,2024\Weekly-Average-Prices-July-22-27-2024.pdf
2024-07-22,2024-07-27,Mango (Carabao),"Mango (Carabao) Ripe, 3-4 pcs/kg kg 162.09",,kg,,162.09,,pdfplumber,2024\Weekly-Average-Prices-July-22-27-2024.pdf
2024-07-22,2024-07-27,Papaya,"Papaya Solo Variety, Ripe, 2-3 pcs/kg kg 64.07",,kg,,64.07,,pdfplumber,2024\Weekly-Average-Prices-July-22-27-2024.pdf
2024-07-22,2024-07-27,Pechay (Baguio),Pechay (Baguio) kg 76.49,,kg,,76.49,,pdfplumber,2024\Weekly-Average-Prices-July-22-27-2024.pdf
2024-07-22,2024-07-27,Pechay (Native),Pechay (Native) 3-4 Small Bundles kg 83.53,,kg,,83.53,,pdfplumber,2024\Weekly-Average-Prices-July-22-27-2024.pdf
2024-07-22,2024-07-27,Red Onion,Red Onion 13-15 pcs/kg kg 108.45,,kg,,108.45,,pdfplumber,2024\Weekly-Average-Prices-July-22-27-2024.pdf
2024-07-22,2024-07-27,Sitao,Sitao 3-4 Small Bundles kg 104.82,,kg,,104.82,,pdfplumber,2024\Weekly-Average-Prices-July-22-27-2024.pdf
2024-07-22,2024-07-27,Squash,Squash Suprema Variety kg 64.19,,kg,,64.19,,pdfplumber,2024\Weekly-Average-Prices-July-22-27-2024.pdf
2024-07-22,2024-07-27,Tomato,Tomato 15-18 pcs/kg kg 180.58,,kg,,180.58,,pdfplumber,2024\Weekly-Average-Prices-July-22-27-2024.pdf
2024-07-22,2024-07-27,White Onion,White Onion kg 99.73,,kg,,99.73,,pdfplumber,2024\Weekly-Average-Prices-July-22-27-2024.pdf
2024-07-22,2024-07-27,White Onion (Imported),White Onion (Imported) kg 120.00,,kg,,120.0,,pdfplumber,2024\Weekly-Average-Prices-July-22-27-2024.pdf
2024-07-22,2024-07-27,White Potato,White Potato 10-12 pcs/kg kg 110.77,,kg,,110.77,,pdfplumber,2024\Weekly-Average-Prices-July-22-27-2024.pdf
2024-07-29,2024-08-03,Ampalaya,Ampalaya 4-5 pcs/kg kg 123.28,,kg,,123.28,,pdfplumber,2024\Weekly-Average-Prices-July-29-August-3-2024.pdf
2024-07-29,2024-08-03,Banana (Lakatan),Banana (Lakatan) 8-10 pcs/kg kg 105.17,,kg,,105.17,,pdfplumber,2024\Weekly-Average-Prices-July-29-August-3-2024.pdf
2024-07-29,2024-08-03,Banana (Latundan),Banana (Latundan) 10-12 pcs/kg kg 72.33,,kg,,72.33,,pdfplumber,2024\Weekly-Average-Prices-July-29-August-3-2024.pdf
2024-07-29,2024-08-03,Cabbage (Rare Ball),Cabbage (Rare Ball) 510 gm - 1 kg/head kg 68.58,,kg,,68.58,,pdfplumber,2024\Weekly-Average-Prices-July-29-August-3-2024.pdf
2024-07-29,2024-08-03,Cabbage (Scorpio),Cabbage (Scorpio) 750 gm - 1 kg/head kg 72.56,,kg,,72.56,,pdfplumber,2024\Weekly-Average-Prices-July-29-August-3-2024.pdf
2024-07-29,2024-08-03,Cabbage (Wonder Ball),Cabbage (Wonder Ball) 510 gm - 1 kg/head kg 75.23,,kg,,75.23,,pdfplumber,2024\Weekly-Average-Prices-July-29-August-3-2024.pdf
2024-07-29,2024-08-03,Calamansi,Calamansi kg 130.92,,kg,,130.92,,pdfplumber,2024\Weekly-Average-Prices-July-29-August-3-2024.pdf
2024-07-29,2024-08-03,Carrots,Carrots 8-10 pcs/kg kg 164.23,,kg,,164.23,,pdfplumber,2024\Weekly-Average-Prices-July-29-August-3-2024.pdf
2024-07-29,2024-08-03,Eggplant,Eggplant 3-4 Small Bundles kg 135.05,,kg,,135.05,,pdfplumber,2024\Weekly-Average-Prices-July-29-August-3-2024.pdf
2024-07-29,2024-08-03,Garlic (Imported),Garlic (Imported) kg 154.28,,kg,,154.28,,pdfplumber,2024\Weekly-Average-Prices-July-29-August-3-2024.pdf
2024-07-29,2024-08-03,Garlic (Native),Garlic (Native) kg 400.00,,kg,,400.0,,pdfplumber,2024\Weekly-Average-Prices-July-29-August-3-2024.pdf
2024-07-29,2024-08-03,Ginger,"Ginger Fairly well-matured, Medium (150-300 gm) kg 227.02",,kg,,227.02,,pdfplumber,2024\Weekly-Average-Prices-July-29-August-3-2024.pdf
2024-07-29,2024-08-03,Mango (Carabao),"Mango (Carabao) Ripe, 3-4 pcs/kg kg 166.54",,kg,,166.54,,pdfplumber,2024\Weekly-Average-Prices-July-29-August-3-2024.pdf
2024-07-29,2024-08-03,Papaya,"Papaya Solo Variety, Ripe, 2-3 pcs/kg kg 63.47",,kg,,63.47,,pdfplumber,2024\Weekly-Average-Prices-July-29-August-3-2024.pdf
2024-07-29,2024-08-03,Pechay (Baguio),Pechay (Baguio) kg 80.41,,kg,,80.41,,pdfplumber,2024\Weekly-Average-Prices-July-29-August-3-2024.pdf
2024-07-29,2024-08-03,Pechay (Native),Pechay (Native) 3-4 Small Bundles kg 131.89,,kg,,131.89,,pdfplumber,2024\Weekly-Average-Prices-July-29-August-3-2024.pdf
2024-07-29,2024-08-03,Red Onion,Red Onion 13-15 pcs/kg kg 109.29,,kg,,109.29,,pdfplumber,2024\Weekly-Average-Prices-July-29-August-3-2024.pdf
2024-07-29,2024-08-03,Sitao,Sitao 3-4 Small Bundles kg 115.97,,kg,,115.97,,pdfplumber,2024\Weekly-Average-Prices-July-29-August-3-2024.pdf
2024-07-29,2024-08-03,Squash,Squash Suprema Variety kg 64.44,,kg,,64.44,,pdfplumber,2024\Weekly-Average-Prices-July-29-August-3-2024.pdf
2024-07-29,2024-08-03,Tomato,Tomato 15-18 pcs/kg kg 175.86,,kg,,175.86,,pdfplumber,2024\Weekly-Average-Prices-July-29-August-3-2024.pdf
2024-07-29,2024-08-03,White Onion,White Onion kg 102.50,,kg,,102.5,,pdfplumber,2024\Weekly-Average-Prices-July-29-August-3-2024.pdf
2024-07-29,2024-08-03,White Onion (Imported),White Onion (Imported) kg 100.00,,kg,,100.0,,pdfplumber,2024\Weekly-Average-Prices-July-29-August-3-2024.pdf
2024-07-29,2024-08-03,White Potato,White Potato 10-12 pcs/kg kg 116.98,,kg,,116.98,,pdfplumber,2024\Weekly-Average-Prices-July-29-August-3-2024.pdf
2024-08-05,2024-08-10,Ampalaya,Ampalaya 4-5 pcs/kg kg 114.93,,kg,,114.93,,pdfplumber,2024\Weekly-Average-Prices-August-5-10-2024.pdf
2024-08-05,2024-08-10,Banana (Lakatan),Banana (Lakatan) 8-10 pcs/kg kg 105.97,,kg,,105.97,,pdfplumber,2024\Weekly-Average-Prices-August-5-10-2024.pdf
2024-08-05,2024-08-10,Banana (Latundan),Banana (Latundan) 10-12 pcs/kg kg 72.84,,kg,,72.84,,pdfplumber,2024\Weekly-Average-Prices-August-5-10-2024.pdf
2024-08-05,2024-08-10,Cabbage (Rare Ball),Cabbage (Rare Ball) 510 gm - 1 kg/head kg 65.44,,kg,,65.44,,pdfplumber,2024\Weekly-Average-Prices-August-5-10-2024.pdf
2024-08-05,2024-08-10,Cabbage (Scorpio),Cabbage (Scorpio) 750 gm - 1 kg/head kg 67.62,,kg,,67.62,,pdfplumber,2024\Weekly-Average-Prices-August-5-10-2024.pdf
2024-08-05,2024-08-10,Cabbage (Wonder Ball),Cabbage (Wonder Ball) 510 gm - 1 kg/head kg 72.90,,kg,,72.9,,pdfplumber,2024\Weekly-Average-Prices-August-5-10-2024.pdf
2024-08-05,2024-08-10,Calamansi,Calamansi kg 125.45,,kg,,125.45,,pdfplumber,2024\Weekly-Average-Prices-August-5-10-2024.pdf
2024-08-05,2024-08-10,Carrots,Carrots 8-10 pcs/kg kg 140.81,,kg,,140.81,,pdfplumber,2024\Weekly-Average-Prices-August-5-10-2024.pdf
2024-08-05,2024-08-10,Eggplant,Eggplant 3-4 Small Bundles kg 136.64,,kg,,136.64,,pdfplumber,2024\Weekly-Average-Prices-August-5-10-2024.pdf
2024-08-05,2024-08-10,Garlic (Imported),Garlic (Imported) kg 154.54,,kg,,154.54,,pdfplumber,2024\Weekly-Average-Prices-August-5-10-2024.pdf
2024-08-05,2024-08-10,Garlic (Native),Garlic (Native) kg 421.05,,kg,,421.05,,pdfplumber,2024\Weekly-Average-Prices-August-5-10-2024.pdf
2024-08-05,2024-08-10,Ginger,"Ginger Fairly well-matured, Medium (150-300 gm) kg 226.56",,kg,,226.56,,pdfplumber,2024\Weekly-Average-Prices-August-5-10-2024.pdf
2024-08-05,2024-08-10,Mango (Carabao),"Mango (Carabao) Ripe, 3-4 pcs/kg kg 182.83",,kg,,182.83,,pdfplumber,2024\Weekly-Average-Prices-August-5-10-2024.pdf
2024-08-05,2024-08-10,Papaya,"Papaya Solo Variety, Ripe, 2-3 pcs/kg kg 63.95",,kg,,63.95,,pdfplumber,2024\Weekly-Average-Prices-August-5-10-2024.pdf
2024-08-05,2024-08-10,Pechay (Baguio),Pechay (Baguio) kg 74.34,,kg,,74.34,,pdfplumber,2024\Weekly-Average-Prices-August-5-10-2024.pdf
2024-08-05,2024-08-10,Pechay (Native),Pechay (Native) 3-4 Small Bundles kg 129.49,,kg,,129.49,,pdfplumber,2024\Weekly-Average-Prices-August-5-10-2024.pdf
2024-08-05,2024-08-10,Red Onion,Red Onion 13-15 pcs/kg kg 109.54,,kg,,109.54,,pdfplumber,2024\Weekly-Average-Prices-August-5-10-2024.pdf
2024-08-05,2024-08-10,Sitao,Sitao 3-4 Small Bundles kg 109.91,,kg,,109.91,,pdfplumber,2024\Weekly-Average-Prices-August-5-10-2024.pdf
2024-08-05,2024-08-10,Squash,Squash Suprema Variety kg 63.58,,kg,,63.58,,pdfplumber,2024\Weekly-Average-Prices-August-5-10-2024.pdf
2024-08-05,2024-08-10,Tomato,Tomato 15-18 pcs/kg kg 127.07,,kg,,127.07,,pdfplumber,2024\Weekly-Average-Prices-August-5-10-2024.pdf
2024-08-05,2024-08-10,White Onion,White Onion kg 105.62,,kg,,105.62,,pdfplumber,2024\Weekly-Average-Prices-August-5-10-2024.pdf
2024-08-05,2024-08-10,White Potato,White Potato 10-12 pcs/kg kg 106.39,,kg,,106.39,,pdfplumber,2024\Weekly-Average-Prices-August-5-10-2024.pdf
2024-08-12,2024-08-17,Ampalaya,Ampalaya 4-5 pcs/kg kg 105.68,,kg,,105.68,,pdfplumber,2024\Weekly-Average-Prices-August-12-17-2024.pdf
2024-08-12,2024-08-17,Banana (Lakatan),Banana (Lakatan) 8-10 pcs/kg kg 106.50,,kg,,106.5,,pdfplumber,2024\Weekly-Average-Prices-August-12-17-2024.pdf
2024-08-12,2024-08-17,Banana (Latundan),Banana (Latundan) 10-12 pcs/kg kg 75.41,,kg,,75.41,,pdfplumber,2024\Weekly-Average-Prices-August-12-17-2024.pdf
2024-08-12,2024-08-17,Cabbage (Rare Ball),Cabbage (Rare Ball) 510 gm - 1 kg/head kg 65.32,,kg,,65.32,,pdfplumber,2024\Weekly-Average-Prices-August-12-17-2024.pdf
2024-08-12,2024-08-17,Cabbage (Scorpio),Cabbage (Scorpio) 750 gm - 1 kg/head kg 65.19,,kg,,65.19,,pdfplumber,2024\Weekly-Average-Prices-August-12-17-2024.pdf
2024-08-12,2024-08-17,Cabbage (Wonder Ball),Cabbage (Wonder Ball) 510 gm - 1 kg/head kg 72.10,,kg,,72.1,,pdfplumber,2024\Weekly-Average-Prices-August-12-17-2024.pdf
2024-08-12,2024-08-17,Calamansi,Calamansi kg 114.88,,kg,,114.88,,pdfplumber,2024\Weekly-Average-Prices-August-12-17-2024.pdf
2024-08-12,2024-08-17,Carrots,Carrots 8-10 pcs/kg kg 129.02,,kg,,129.02,,pdfplumber,2024\Weekly-Average-Prices-August-12-17-2024.pdf
2024-08-12,2024-08-17,Eggplant,Eggplant 3-4 Small Bundles kg 140.87,,kg,,140.87,,pdfplumber,2024\Weekly-Average-Prices-August-12-17-2024.pdf
2024-08-12,2024-08-17,Garlic (Imported),Garlic (Imported) kg 153.07,,kg,,153.07,,pdfplumber,2024\Weekly-Average-Prices-August-12-17-2024.pdf
2024-08-12,2024-08-17,Garlic (Native),Garlic (Native) kg 421.74,,kg,,421.74,,pdfplumber,2024\Weekly-Average-Prices-August-12-17-2024.pdf
2024-08-12,2024-08-17,Ginger,"Ginger Fairly well-matured, Medium (150-300 gm) kg 223.26",,kg,,223.26,,pdfplumber,2024\Weekly-Average-Prices-August-12-17-2024.pdf
2024-08-12,2024-08-17,Mango (Carabao),"Mango (Carabao) Ripe, 3-4 pcs/kg kg 193.22",,kg,,193.22,,pdfplumber,2024\Weekly-Average-Prices-August-12-17-2024.pdf
2024-08-12,2024-08-17,Papaya,"Papaya Solo Variety, Ripe, 2-3 pcs/kg kg 65.74",,kg,,65.74,,pdfplumber,2024\Weekly-Average-Prices-August-12-17-2024.pdf
2024-08-12,2024-08-17,Pechay (Baguio),Pechay (Baguio) kg 70.67,,kg,,70.67,,pdfplumber,2024\Weekly-Average-Prices-August-12-17-2024.pdf
2024-08-12,2024-08-17,Pechay (Native),Pechay (Native) 3-4 Small Bundles kg 98.65,,kg,,98.65,,pdfplumber,2024\Weekly-Average-Prices-August-12-17-2024.pdf
2024-08-12,2024-08-17,Red Onion,Red Onion 13-15 pcs/kg kg 110.47,,kg,,110.47,,pdfplumber,2024\Weekly-Average-Prices-August-12-17-2024.pdf
2024-08-12,2024-08-17,Sitao,Sitao 3-4 Small Bundles kg 104.84,,kg,,104.84,,pdfplumber,2024\Weekly-Average-Prices-August-12-17-2024.pdf
2024-08-12,2024-08-17,Squash,Squash Suprema Variety kg 60.99,,kg,,60.99,,pdfplumber,2024\Weekly-Average-Prices-August-12-17-2024.pdf
2024-08-12,2024-08-17,Tomato,Tomato 15-18 pcs/kg kg 88.92,,kg,,88.92,,pdfplumber,2024\Weekly-Average-Prices-August-12-17-2024.pdf
2024-08-12,2024-08-17,White Onion,White Onion kg 108.88,,kg,,108.88,,pdfplumber,2024\Weekly-Average-Prices-August-12-17-2024.pdf
2024-08-12,2024-08-17,White Potato,White Potato 10-12 pcs/kg kg 99.30,,kg,,99.3,,pdfplumber,2024\Weekly-Average-Prices-August-12-17-2024.pdf
2024-08-19,2024-08-24,Ampalaya,Ampalaya 4-5 pcs/kg kg 89.32,,kg,,89.32,,pdfplumber,2024\Weekly-Average-Prices-August-19-24-2024.pdf
2024-08-19,2024-08-24,Banana (Lakatan),Banana (Lakatan) 8-10 pcs/kg kg 107.11,,kg,,107.11,,pdfplumber,2024\Weekly-Average-Prices-August-19-24-2024.pdf
2024-08-19,2024-08-24,Banana (Latundan),Banana (Latundan) 10-12 pcs/kg kg 75.51,,kg,,75.51,,pdfplumber,2024\Weekly-Average-Prices-August-19-24-2024.pdf
2024-08-19,2024-08-24,Cabbage (Rare Ball),Cabbage (Rare Ball) 510 gm - 1 kg/head kg 60.87,,kg,,60.87,,pdfplumber,2024\Weekly-Average-Prices-August-19-24-2024.pdf
2024-08-19,2024-08-24,Cabbage (Scorpio),Cabbage (Scorpio) 750 gm - 1 kg/head kg 66.31,,kg,,66.31,,pdfplumber,2024\Weekly-Average-Prices-August-19-24-2024.pdf
2024-08-19,2024-08-24,Cabbage (Wonder Ball),Cabbage (Wonder Ball) 510 gm - 1 kg/head kg 69.90,,kg,,69.9,,pdfplumber,2024\Weekly-Average-Prices-August-19-24-2024.pdf
2024-08-19,2024-08-24,Calamansi,Calamansi kg 104.47,,kg,,104.47,,pdfplumber,2024\Weekly-Average-Prices-August-19-24-2024.pdf
2024-08-19,2024-08-24,Carrots,Carrots 8-10 pcs/kg kg 119.21,,kg,,119.21,,pdfplumber,2024\Weekly-Average-Prices-August-19-24-2024.pdf
2024-08-19,2024-08-24,Eggplant,Eggplant 3-4 Small Bundles kg 99.81,,kg,,99.81,,pdfplumber,2024\Weekly-Average-Prices-August-19-24-2024.pdf
2024-08-19,2024-08-24,Garlic (Imported),Garlic (Imported) kg 151.56,,kg,,151.56,,pdfplumber,2024\Weekly-Average-Prices-August-19-24-2024.pdf
2024-08-19,2024-08-24,Garlic (Native),Garlic (Native) kg 428.57,,kg,,428.57,,pdfplumber,2024\Weekly-Average-Prices-August-19-24-2024.pdf
2024-08-19,2024-08-24,Ginger,"Ginger Fairly well-matured, Medium (150-300 gm) kg 226.37",,kg,,226.37,,pdfplumber,2024\Weekly-Average-Prices-August-19-24-2024.pdf
2024-08-19,2024-08-24,Mango (Carabao),"Mango (Carabao) Ripe, 3-4 pcs/kg kg 220.84",,kg,,220.84,,pdfplumber,2024\Weekly-Average-Prices-August-19-24-2024.pdf
2024-08-19,2024-08-24,Papaya,"Papaya Solo Variety, Ripe, 2-3 pcs/kg kg 67.07",,kg,,67.07,,pdfplumber,2024\Weekly-Average-Prices-August-19-24-2024.pdf
2024-08-19,2024-08-24,Pechay (Baguio),Pechay (Baguio) kg 70.56,,kg,,70.56,,pdfplumber,2024\Weekly-Average-Prices-August-19-24-2024.pdf
2024-08-19,2024-08-24,Pechay (Native),Pechay (Native) 3-4 Small Bundles kg 87.21,,kg,,87.21,,pdfplumber,2024\Weekly-Average-Prices-August-19-24-2024.pdf
2024-08-19,2024-08-24,Red Onion,Red Onion 13-15 pcs/kg kg 109.79,,kg,,109.79,,pdfplumber,2024\Weekly-Average-Prices-August-19-24-2024.pdf
2024-08-19,2024-08-24,Sitao,Sitao 3-4 Small Bundles kg 92.67,,kg,,92.67,,pdfplumber,2024\Weekly-Average-Prices-August-19-24-2024.pdf
2024-08-19,2024-08-24,Squash,Squash Suprema Variety kg 58.93,,kg,,58.93,,pdfplumber,2024\Weekly-Average-Prices-August-19-24-2024.pdf
2024-08-19,2024-08-24,Tomato,Tomato 15-18 pcs/kg kg 82.32,,kg,,82.32,,pdfplumber,2024\Weekly-Average-Prices-August-19-24-2024.pdf
2024-08-19,2024-08-24,White Onion,White Onion kg 111.36,,kg,,111.36,,pdfplumber,2024\Weekly-Average-Prices-August-19-24-2024.pdf
2024-08-19,2024-08-24,White Onion (Imported),White Onion (Imported) kg 132.50,,kg,,132.5,,pdfplumber,2024\Weekly-Average-Prices-August-19-24-2024.pdf
2024-08-19,2024-08-24,White Potato,White Potato 10-12 pcs/kg kg 94.99,,kg,,94.99,,pdfplumber,2024\Weekly-Average-Prices-August-19-24-2024.pdf
2024-08-26,2024-08-31,Ampalaya,1Ampalaya 14-5,,kg,,76.16,3,ocr_table,2024\Weekly-Average-Prices-August-26-31-2024.pdf
2024-08-26,2024-08-31,Banana (Lakatan),IBanana (Lakatan) 18-1,,kg,,106.78,3,ocr_table,2024\Weekly-Average-Prices-August-26-31-2024.pdf
2024-08-26,2024-08-31,Banana (Latundan),/Banana (Latundan) 110-),,kg,,75.88,3,ocr_table,2024\Weekly-Average-Prices-August-26-31-2024.pdf
2024-08-26,2024-08-31,Cabbage (Rare Ball),ICabbacge (Rare Ball) 1510,,kg,,62.42,3,ocr_table,2024\Weekly-Average-Prices-August-26-31-2024.pdf
2024-08-26,2024-08-31,Cabbage (Scorpio),ICabbaae (Scorpio) 1750,,kg,,63.98,3,ocr_table,2024\Weekly-Average-Prices-August-26-31-2024.pdf
2024-08-26,2024-08-31,Cabbage (Wonder Ball),ICabbooe (Wonder Ball) 1510,,kg,,68.2,2,ocr_table,2024\Weekly-Average-Prices-August-26-31-2024.pdf
2024-08-26,2024-08-31,Calamansi,i}Calamansi,,kg,,95.03,3,ocr_table,2024\Weekly-Average-Prices-August-26-31-2024.pdf
2024-08-26,2024-08-31,Carrots,iCarrots 18-1,,kg,,107.72,3,ocr_table,2024\Weekly-Average-Prices-August-26-31-2024.pdf
2024-08-26,2024-08-31,Eggplant,Eqaolant 13-4,,kg,,77.13,3,ocr_table,2024\Weekly-Average-Prices-August-26-31-2024.pdf
2024-08-26,2024-08-31,Garlic (Imported),IGariic (Imported),,kg,,151.46,3,ocr_table,2024\Weekly-Average-Prices-August-26-31-2024.pdf
2024-08-26,2024-08-31,Garlic (Native),IGarlic (Native),,kg,,426.32,3,ocr_table,2024\Weekly-Average-Prices-August-26-31-2024.pdf
2024-08-26,2024-08-31,Papaya,IPapaya 1Solc,,kg,,69.47,3,ocr_table,2024\Weekly-Average-Prices-August-26-31-2024.pdf
2024-08-26,2024-08-31,Pechay (Baguio),IPechay (Baaquio),,kg,,70.17,3,ocr_table,2024\Weekly-Average-Prices-August-26-31-2024.pdf
2024-08-26,2024-08-31,Pechay (Native),IPechay (Native) 13-4,,kg,,83.98,2,ocr_table,2024\Weekly-Average-Prices-August-26-31-2024.pdf
2024-08-26,2024-08-31,Red Onion,IRed Onion 113-),,kg,,108.74,3,ocr_table,2024\Weekly-Average-Prices-August-26-31-2024.pdf
2024-08-26,2024-08-31,Sitao,\Sitao 13-4,,kg,,83.8,3,ocr_table,2024\Weekly-Average-Prices-August-26-31-2024.pdf
2024-08-26,2024-08-31,Squash,ISaquash iSuo,,kg,,55.54,3,ocr_table,2024\Weekly-Average-Prices-August-26-31-2024.pdf
2024-08-26,2024-08-31,Tomato,ITomato 115-),,kg,,79.45,3,ocr_table,2024\Weekly-Average-Prices-August-26-31-2024.pdf
2024-08-26,2024-08-31,White Onion,IWhite Onion,,kg,,115.57,3,ocr_table,2024\Weekly-Average-Prices-August-26-31-2024.pdf
2024-08-26,2024-08-31,White Potato,White Potato 110-1,,kg,,91.4,3,ocr_table,2024\Weekly-Average-Prices-August-26-31-2024.pdf
2024-09-02,2024-09-07,Ampalaya,Ampalaya,,kg,,75.6,3,ocr_row_aligned,2024\Weekly-Average-Prices-September-2-7-2024.pdf
2024-09-02,2024-09-07,Banana (Lakatan),Banana (Lakatan),,kg,,107.3,3,ocr_row_aligned,2024\Weekly-Average-Prices-September-2-7-2024.pdf
2024-09-02,2024-09-07,Banana (Latundan),Banana (Latundan),,kg,,74.32,3,ocr_row_aligned,2024\Weekly-Average-Prices-September-2-7-2024.pdf
2024-09-02,2024-09-07,Cabbage (Rare Ball),Cabbage (Rare Ball),,kg,,65.31,3,ocr_row_aligned,2024\Weekly-Average-Prices-September-2-7-2024.pdf
2024-09-02,2024-09-07,Cabbage (Scorpio),Cabbage (Scorpio),,kg,,65.59,2,ocr_row_aligned,2024\Weekly-Average-Prices-September-2-7-2024.pdf
2024-09-02,2024-09-07,Cabbage (Wonder Ball),Cabbage (Wonder Ball),,kg,,68.66,3,ocr_row_aligned,2024\Weekly-Average-Prices-September-2-7-2024.pdf
2024-09-02,2024-09-07,Calamansi,Calamansi,,kg,,94.53,3,ocr_row_aligned,2024\Weekly-Average-Prices-September-2-7-2024.pdf
2024-09-02,2024-09-07,Carrots,Carrots,,kg,,104.81,3,ocr_row_aligned,2024\Weekly-Average-Prices-September-2-7-2024.pdf
2024-09-02,2024-09-07,Eggplant,Eggplant,,kg,,74.07,3,ocr_row_aligned,2024\Weekly-Average-Prices-September-2-7-2024.pdf
2024-09-02,2024-09-07,Garlic (Imported),Garlic (Imported),,kg,,151.38,3,ocr_row_aligned,2024\Weekly-Average-Prices-September-2-7-2024.pdf
2024-09-02,2024-09-07,Garlic (Native),Garlic (Native),,kg,,425.0,3,ocr_row_aligned,2024\Weekly-Average-Prices-September-2-7-2024.pdf
2024-09-02,2024-09-07,Ginger,Ginger,,kg,,227.92,2,ocr_row_aligned,2024\Weekly-Average-Prices-September-2-7-2024.pdf
2024-09-02,2024-09-07,Mango (Carabao),Mango (Carabao},,kg,,284.24,3,ocr_row_aligned,2024\Weekly-Average-Prices-September-2-7-2024.pdf
2024-09-02,2024-09-07,Papaya,Papaya,,kg,,69.47,3,ocr_row_aligned,2024\Weekly-Average-Prices-September-2-7-2024.pdf
2024-09-02,2024-09-07,Pechay (Baguio),Pechay (Baquio},,kg,,72.62,3,ocr_row_aligned,2024\Weekly-Average-Prices-September-2-7-2024.pdf
2024-09-02,2024-09-07,Pechay (Native),Pechay (Native),,kg,,94.85,3,ocr_row_aligned,2024\Weekly-Average-Prices-September-2-7-2024.pdf
2024-09-02,2024-09-07,Red Onion,Red Onion,,kg,,109.99,3,ocr_row_aligned,2024\Weekly-Average-Prices-September-2-7-2024.pdf
2024-09-02,2024-09-07,Sitao,Sitao,,kg,,84.34,3,ocr_row_aligned,2024\Weekly-Average-Prices-September-2-7-2024.pdf
2024-09-02,2024-09-07,Squash,Squash,,kg,,96.25,2,ocr_row_aligned,2024\Weekly-Average-Prices-September-2-7-2024.pdf
2024-09-02,2024-09-07,Tomato,Tomato,,kg,,79.3,3,ocr_row_aligned,2024\Weekly-Average-Prices-September-2-7-2024.pdf
2024-09-02,2024-09-07,White Onion,White Onion,,kg,,118.04,3,ocr_row_aligned,2024\Weekly-Average-Prices-September-2-7-2024.pdf
2024-09-02,2024-09-07,White Onion (Imported),White Onion (Imported),,kg,,135.93,3,ocr_row_aligned,2024\Weekly-Average-Prices-September-2-7-2024.pdf
2024-09-02,2024-09-07,White Potato,White Potato,,kg,,91.49,3,ocr_row_aligned,2024\Weekly-Average-Prices-September-2-7-2024.pdf
2024-09-09,2024-09-14,Ampalaya,Ampalaya,,kg,,128.92,2,ocr_row_aligned,2024\Weekly-Average-Prices-September-9-14-2024.pdf
2024-09-09,2024-09-14,Banana (Lakatan),Banana (Lakatan),,kg,,106.57,3,ocr_row_aligned,2024\Weekly-Average-Prices-September-9-14-2024.pdf
2024-09-09,2024-09-14,Banana (Latundan),Banana (Latundan),,kg,,72.96,3,ocr_row_aligned,2024\Weekly-Average-Prices-September-9-14-2024.pdf
2024-09-09,2024-09-14,Cabbage (Rare Ball),Cabbage (Rare Ball),,kg,,65.55,2,ocr_row_aligned,2024\Weekly-Average-Prices-September-9-14-2024.pdf
2024-09-09,2024-09-14,Cabbage (Scorpio),Cabbage (Scorpio),,kg,,68.37,3,ocr_row_aligned,2024\Weekly-Average-Prices-September-9-14-2024.pdf
2024-09-09,2024-09-14,Calamansi,Calamansi,,kg,,90.26,3,ocr_row_aligned,2024\Weekly-Average-Prices-September-9-14-2024.pdf
2024-09-09,2024-09-14,Carrots,Carrots,,kg,,107.11,3,ocr_row_aligned,2024\Weekly-Average-Prices-September-9-14-2024.pdf
2024-09-09,2024-09-14,Eggplant,Eggplant,,kg,,108.48,2,ocr_row_aligned,2024\Weekly-Average-Prices-September-9-14-2024.pdf
2024-09-09,2024-09-14,Garlic (Imported),Garlic (Imported),,kg,,151.35,3,ocr_row_aligned,2024\Weekly-Average-Prices-September-9-14-2024.pdf
2024-09-09,2024-09-14,Garlic (Native),Garlic (Native),,kg,,427.27,3,ocr_row_aligned,2024\Weekly-Average-Prices-September-9-14-2024.pdf
2024-09-09,2024-09-14,Ginger,Ginger,,kg,,235.42,3,ocr_row_aligned,2024\Weekly-Average-Prices-September-9-14-2024.pdf
2024-09-09,2024-09-14,Mango (Carabao),Mango (Carabao),,kg,,289.08,3,ocr_row_aligned,2024\Weekly-Average-Prices-September-9-14-2024.pdf
2024-09-09,2024-09-14,Papaya,Papaya,,kg,,70.72,2,ocr_row_aligned,2024\Weekly-Average-Prices-September-9-14-2024.pdf
2024-09-09,2024-09-14,Pechay (Baguio),Pechay (Baguio),,kg,,72.88,3,ocr_row_aligned,2024\Weekly-Average-Prices-September-9-14-2024.pdf
2024-09-09,2024-09-14,Pechay (Native),Pechay (Native},,kg,,124.29,3,ocr_row_aligned,2024\Weekly-Average-Prices-September-9-14-2024.pdf
2024-09-09,2024-09-14,Red Onion,Red Onion,,kg,,109.72,3,ocr_row_aligned,2024\Weekly-Average-Prices-September-9-14-2024.pdf
2024-09-09,2024-09-14,Sitao,Sitao,,kg,,120.32,3,ocr_row_aligned,2024\Weekly-Average-Prices-September-9-14-2024.pdf
2024-09-09,2024-09-14,Squash,Squash,,kg,,94.13,2,ocr_row_aligned,2024\Weekly-Average-Prices-September-9-14-2024.pdf
2024-09-09,2024-09-14,Tomato,Tomato,,kg,,81.16,3,ocr_row_aligned,2024\Weekly-Average-Prices-September-9-14-2024.pdf
2024-09-09,2024-09-14,White Onion,White Onion,,kg,,128.92,3,ocr_row_aligned,2024\Weekly-Average-Prices-September-9-14-2024.pdf
2024-09-09,2024-09-14,White Potato,White Potato,,kg,,94.07,3,ocr_row_aligned,2024\Weekly-Average-Prices-September-9-14-2024.pdf
2024-09-16,2024-09-21,Ampalaya,Ampalaya,,kg,,143.33,3,ocr_row_aligned,2024\Weekly-Average-Prices-September-16-21-2024.pdf
2024-09-16,2024-09-21,Banana (Lakatan),Banana (Lakatan),,kg,,106.26,3,ocr_row_aligned,2024\Weekly-Average-Prices-September-16-21-2024.pdf
2024-09-16,2024-09-21,Banana (Latundan),Banana (Latundan),,kg,,74.18,3,ocr_row_aligned,2024\Weekly-Average-Prices-September-16-21-2024.pdf
2024-09-16,2024-09-21,Cabbage (Rare Ball),Cabbage (Rare Ball},,kg,,64.02,3,ocr_row_aligned,2024\Weekly-Average-Prices-September-16-21-2024.pdf
2024-09-16,2024-09-21,Cabbage (Scorpio),Cabbage (Scorpio},,kg,,64.66,3,ocr_row_aligned,2024\Weekly-Average-Prices-September-16-21-2024.pdf
2024-09-16,2024-09-21,Cabbage (Wonder Ball),Cabbage (Wonder Ball},,kg,,68.06,3,ocr_row_aligned,2024\Weekly-Average-Prices-September-16-21-2024.pdf
2024-09-16,2024-09-21,Calamansi,Calamansi,,kg,,83.25,3,ocr_row_aligned,2024\Weekly-Average-Prices-September-16-21-2024.pdf
2024-09-16,2024-09-21,Carrots,Carrots,,kg,,109.95,3,ocr_row_aligned,2024\Weekly-Average-Prices-September-16-21-2024.pdf
2024-09-16,2024-09-21,Eggplant,Eggplant,,kg,,134.99,3,ocr_row_aligned,2024\Weekly-Average-Prices-September-16-21-2024.pdf
2024-09-16,2024-09-21,Garlic (Imported),Garlic (Imported),,kg,,151.19,3,ocr_row_aligned,2024\Weekly-Average-Prices-September-16-21-2024.pdf
2024-09-16,2024-09-21,Garlic (Native),Garlic (Native),,kg,,420.69,3,ocr_row_aligned,2024\Weekly-Average-Prices-September-16-21-2024.pdf
2024-09-16,2024-09-21,Ginger,Ginger,,kg,,245.55,2,ocr_row_aligned,2024\Weekly-Average-Prices-September-16-21-2024.pdf
2024-09-16,2024-09-21,Mango (Carabao),Mango (Carabao},,kg,,347.7,3,ocr_row_aligned,2024\Weekly-Average-Prices-September-16-21-2024.pdf
2024-09-16,2024-09-21,Papaya,Papaya,,kg,,71.67,3,ocr_row_aligned,2024\Weekly-Average-Prices-September-16-21-2024.pdf
2024-09-16,2024-09-21,Pechay (Baguio),Pechay (Baquio),,kg,,71.25,2,ocr_row_aligned,2024\Weekly-Average-Prices-September-16-21-2024.pdf
2024-09-16,2024-09-21,Pechay (Native),Pechay (Native,,kg,,139.92,3,ocr_row_aligned,2024\Weekly-Average-Prices-September-16-21-2024.pdf
2024-09-16,2024-09-21,Red Onion,Red Onion,,kg,,110.32,3,ocr_row_aligned,2024\Weekly-Average-Prices-September-16-21-2024.pdf
2024-09-16,2024-09-21,Sitao,Sitao,,kg,,124.4,3,ocr_row_aligned,2024\Weekly-Average-Prices-September-16-21-2024.pdf
2024-09-16,2024-09-21,Squash,Squash,,kg,,51.79,3,ocr_row_aligned,2024\Weekly-Average-Prices-September-16-21-2024.pdf
2024-09-16,2024-09-21,Tomato,Tomato,,kg,,77.05,3,ocr_row_aligned,2024\Weekly-Average-Prices-September-16-21-2024.pdf
2024-09-16,2024-09-21,White Onion,White Onion,,kg,,133.73,3,ocr_row_aligned,2024\Weekly-Average-Prices-September-16-21-2024.pdf
2024-09-16,2024-09-21,White Onion (Imported),White Onion (imported),,kg,,131.22,3,ocr_row_aligned,2024\Weekly-Average-Prices-September-16-21-2024.pdf
2024-09-16,2024-09-21,White Potato,White Potato,,kg,,93.01,3,ocr_row_aligned,2024\Weekly-Average-Prices-September-16-21-2024.pdf
2024-09-23,2024-09-28,Ampalaya,Ampalaya,,kg,,160.68,3,ocr_row_aligned,2024\Weekly-Average-Prices-September-23-28-2024.pdf
2024-09-23,2024-09-28,Banana (Lakatan),Banana (Lakatan),,kg,,105.9,3,ocr_row_aligned,2024\Weekly-Average-Prices-September-23-28-2024.pdf
2024-09-23,2024-09-28,Banana (Latundan),Banana (Latundan,,kg,,73.55,2,ocr_row_aligned,2024\Weekly-Average-Prices-September-23-28-2024.pdf
2024-09-23,2024-09-28,Cabbage (Rare Ball),Cabbage (Rare Ball,,kg,,67.42,3,ocr_row_aligned,2024\Weekly-Average-Prices-September-23-28-2024.pdf
2024-09-23,2024-09-28,Cabbage (Scorpio),Cabbage (Scorpio),,kg,,66.21,3,ocr_row_aligned,2024\Weekly-Average-Prices-September-23-28-2024.pdf
2024-09-23,2024-09-28,Cabbage (Wonder Ball),Cabbage (Wonder Ball,,kg,,69.42,3,ocr_row_aligned,2024\Weekly-Average-Prices-September-23-28-2024.pdf
2024-09-23,2024-09-28,Calamansi,Calamansi,,kg,,79.54,3,ocr_row_aligned,2024\Weekly-Average-Prices-September-23-28-2024.pdf
2024-09-23,2024-09-28,Carrots,Carrots,,kg,,114.12,3,ocr_row_aligned,2024\Weekly-Average-Prices-September-23-28-2024.pdf
2024-09-23,2024-09-28,Eggplant,Eggplant,,kg,,164.92,3,ocr_row_aligned,2024\Weekly-Average-Prices-September-23-28-2024.pdf
2024-09-23,2024-09-28,Garlic (Imported),Garlic (Imported),,kg,,151.47,3,ocr_row_aligned,2024\Weekly-Average-Prices-September-23-28-2024.pdf
2024-09-23,2024-09-28,Garlic (Native),Garlic (Native,,kg,,415.94,3,ocr_row_aligned,2024\Weekly-Average-Prices-September-23-28-2024.pdf
2024-09-23,2024-09-28,Ginger,Ginger,,kg,,257.53,2,ocr_row_aligned,2024\Weekly-Average-Prices-September-23-28-2024.pdf
2024-09-23,2024-09-28,Mango (Carabao),Mango (Carabao,,kg,,360.4,3,ocr_row_aligned,2024\Weekly-Average-Prices-September-23-28-2024.pdf
2024-09-23,2024-09-28,Papaya,Papaya,,kg,,73.01,3,ocr_row_aligned,2024\Weekly-Average-Prices-September-23-28-2024.pdf
2024-09-23,2024-09-28,Pechay (Baguio),Pechay (Baquio,,kg,,73.04,3,ocr_row_aligned,2024\Weekly-Average-Prices-September-23-28-2024.pdf
2024-09-23,2024-09-28,Pechay (Native),Pechay (Native,,kg,,134.68,3,ocr_row_aligned,2024\Weekly-Average-Prices-September-23-28-2024.pdf
2024-09-23,2024-09-28,Red Onion,Red Onion,,kg,,109.78,3,ocr_row_aligned,2024\Weekly-Average-Prices-September-23-28-2024.pdf
2024-09-23,2024-09-28,Sitao,Sitao,,kg,,133.11,3,ocr_row_aligned,2024\Weekly-Average-Prices-September-23-28-2024.pdf
2024-09-23,2024-09-28,Squash,Squash,,kg,,51.14,2,ocr_row_aligned,2024\Weekly-Average-Prices-September-23-28-2024.pdf
2024-09-23,2024-09-28,Tomato,Tomato,,kg,,76.58,3,ocr_row_aligned,2024\Weekly-Average-Prices-September-23-28-2024.pdf
2024-09-23,2024-09-28,White Onion,White Onion,,kg,,127.7,3,ocr_row_aligned,2024\Weekly-Average-Prices-September-23-28-2024.pdf
2024-09-23,2024-09-28,White Onion (Imported),White Onion (Imported,,kg,,128.85,3,ocr_row_aligned,2024\Weekly-Average-Prices-September-23-28-2024.pdf
2024-09-23,2024-09-28,White Potato,White Potato,,kg,,92.67,3,ocr_row_aligned,2024\Weekly-Average-Prices-September-23-28-2024.pdf
2024-09-30,2024-10-05,Ampalaya,Ampalaya,,kg,,140.98,3,ocr_row_aligned,2024\Weekly-Average-Prices-September-30-October-5-2024.pdf
2024-09-30,2024-10-05,Banana (Lakatan),Banana (Lakatan),,kg,,106.39,3,ocr_row_aligned,2024\Weekly-Average-Prices-September-30-October-5-2024.pdf
2024-09-30,2024-10-05,Banana (Latundan),Banana (Latundan),,kg,,73.54,2,ocr_row_aligned,2024\Weekly-Average-Prices-September-30-October-5-2024.pdf
2024-09-30,2024-10-05,Cabbage (Rare Ball),Cabbage (Rare Ball),,kg,,72.69,3,ocr_row_aligned,2024\Weekly-Average-Prices-September-30-October-5-2024.pdf
2024-09-30,2024-10-05,Cabbage (Scorpio),Cabbage (Scorpio),,kg,,70.83,2,ocr_row_aligned,2024\Weekly-Average-Prices-September-30-October-5-2024.pdf
2024-09-30,2024-10-05,Calamansi,Calamansi,,kg,,74.5,3,ocr_row_aligned,2024\Weekly-Average-Prices-September-30-October-5-2024.pdf
2024-09-30,2024-10-05,Carrots,Carrots,,kg,,125.12,3,ocr_row_aligned,2024\Weekly-Average-Prices-September-30-October-5-2024.pdf
2024-09-30,2024-10-05,Eggplant,Eggplant,,kg,,135.9,3,ocr_row_aligned,2024\Weekly-Average-Prices-September-30-October-5-2024.pdf
2024-09-30,2024-10-05,Garlic (Imported),Garlic (Imported),,kg,,151.88,2,ocr_row_aligned,2024\Weekly-Average-Prices-September-30-October-5-2024.pdf
2024-09-30,2024-10-05,Garlic (Native),Garlic (Native),,kg,,352.11,3,ocr_row_aligned,2024\Weekly-Average-Prices-September-30-October-5-2024.pdf
2024-09-30,2024-10-05,Ginger,Ginger,,kg,,290.27,2,ocr_row_aligned,2024\Weekly-Average-Prices-September-30-October-5-2024.pdf
2024-09-30,2024-10-05,Mango (Carabao),Mango (Carabao},,kg,,334.24,3,ocr_row_aligned,2024\Weekly-Average-Prices-September-30-October-5-2024.pdf
2024-09-30,2024-10-05,Papaya,Papaya,,kg,,74.3,3,ocr_row_aligned,2024\Weekly-Average-Prices-September-30-October-5-2024.pdf
2024-09-30,2024-10-05,Pechay (Baguio),Pechay (Baquio},,kg,,82.85,2,ocr_row_aligned,2024\Weekly-Average-Prices-September-30-October-5-2024.pdf
2024-09-30,2024-10-05,Pechay (Native),Pechay (Native),,kg,,116.73,3,ocr_row_aligned,2024\Weekly-Average-Prices-September-30-October-5-2024.pdf
2024-09-30,2024-10-05,Red Onion,Red Onion,,kg,,109.33,3,ocr_row_aligned,2024\Weekly-Average-Prices-September-30-October-5-2024.pdf
2024-09-30,2024-10-05,Sitao,Sitao,,kg,,115.0,3,ocr_row_aligned,2024\Weekly-Average-Prices-September-30-October-5-2024.pdf
2024-09-30,2024-10-05,Squash,Squash,,kg,,50.17,2,ocr_row_aligned,2024\Weekly-Average-Prices-September-30-October-5-2024.pdf
2024-09-30,2024-10-05,Tomato,Tomato,,kg,,73.96,3,ocr_row_aligned,2024\Weekly-Average-Prices-September-30-October-5-2024.pdf
2024-09-30,2024-10-05,White Onion,White Onion,,kg,,115.75,3,ocr_row_aligned,2024\Weekly-Average-Prices-September-30-October-5-2024.pdf
2024-09-30,2024-10-05,White Onion (Imported),White Onion (Imported),,kg,,126.74,3,ocr_row_aligned,2024\Weekly-Average-Prices-September-30-October-5-2024.pdf
2024-09-30,2024-10-05,White Potato,White Potato,,kg,,91.93,3,ocr_row_aligned,2024\Weekly-Average-Prices-September-30-October-5-2024.pdf
2024-10-07,2024-10-12,Ampalaya,Ampalaya,,kg,,122.16,3,ocr_row_aligned,2024\Weekly-Average-Prices-October-7-12-2024.pdf
2024-10-07,2024-10-12,Banana (Lakatan),Banana (Lakatan},,kg,,106.71,2,ocr_row_aligned,2024\Weekly-Average-Prices-October-7-12-2024.pdf
2024-10-07,2024-10-12,Banana (Latundan),Banana (Latundan}),,kg,,72.71,2,ocr_row_aligned,2024\Weekly-Average-Prices-October-7-12-2024.pdf
2024-10-07,2024-10-12,Cabbage (Rare Ball),Cabbage (Rare Ball),,kg,,96.81,2,ocr_row_aligned,2024\Weekly-Average-Prices-October-7-12-2024.pdf
2024-10-07,2024-10-12,Cabbage (Scorpio),Cabbage (Scorpio),,kg,,88.99,3,ocr_row_aligned,2024\Weekly-Average-Prices-October-7-12-2024.pdf
2024-10-07,2024-10-12,Cabbage (Wonder Ball),Cabbage (Wonder Ball),,kg,,104.53,3,ocr_row_aligned,2024\Weekly-Average-Prices-October-7-12-2024.pdf
2024-10-07,2024-10-12,Calamansi,Calamansi,,kg,,73.85,3,ocr_row_aligned,2024\Weekly-Average-Prices-October-7-12-2024.pdf
2024-10-07,2024-10-12,Carrots,Carrots,,kg,,139.13,3,ocr_row_aligned,2024\Weekly-Average-Prices-October-7-12-2024.pdf
2024-10-07,2024-10-12,Eggplant,Eggplant,,kg,,126.71,3,ocr_row_aligned,2024\Weekly-Average-Prices-October-7-12-2024.pdf
2024-10-07,2024-10-12,Garlic (Imported),Garlic (Imported),,kg,,152.26,3,ocr_row_aligned,2024\Weekly-Average-Prices-October-7-12-2024.pdf
2024-10-07,2024-10-12,Ginger,Ginger,,kg,,254.27,2,ocr_row_aligned,2024\Weekly-Average-Prices-October-7-12-2024.pdf
2024-10-07,2024-10-12,Mango (Carabao),Mango (Carabao),,kg,,287.33,3,ocr_row_aligned,2024\Weekly-Average-Prices-October-7-12-2024.pdf
2024-10-07,2024-10-12,Papaya,Papaya,,kg,,74.95,2,ocr_row_aligned,2024\Weekly-Average-Prices-October-7-12-2024.pdf
2024-10-07,2024-10-12,Pechay (Baguio),Pechay (Baquio},,kg,,110.43,3,ocr_row_aligned,2024\Weekly-Average-Prices-October-7-12-2024.pdf
2024-10-07,2024-10-12,Pechay (Native),Pechay (Native),,kg,,95.69,3,ocr_row_aligned,2024\Weekly-Average-Prices-October-7-12-2024.pdf
2024-10-07,2024-10-12,Red Onion,Red Onion,,kg,,110.91,3,ocr_row_aligned,2024\Weekly-Average-Prices-October-7-12-2024.pdf
2024-10-07,2024-10-12,Sitao,Sitao,,kg,,105.7,3,ocr_row_aligned,2024\Weekly-Average-Prices-October-7-12-2024.pdf
2024-10-07,2024-10-12,Squash,Squash,,kg,,50.59,2,ocr_row_aligned,2024\Weekly-Average-Prices-October-7-12-2024.pdf
2024-10-07,2024-10-12,Tomato,Tomato,,kg,,84.6,3,ocr_row_aligned,2024\Weekly-Average-Prices-October-7-12-2024.pdf
2024-10-07,2024-10-12,White Onion,White Onion,,kg,,107.92,3,ocr_row_aligned,2024\Weekly-Average-Prices-October-7-12-2024.pdf
2024-10-07,2024-10-12,White Onion (Imported),White Onion (Imported),,kg,,123.11,2,ocr_row_aligned,2024\Weekly-Average-Prices-October-7-12-2024.pdf
2024-10-07,2024-10-12,White Potato,White Potato,,kg,,93.05,3,ocr_row_aligned,2024\Weekly-Average-Prices-October-7-12-2024.pdf
2024-10-14,2024-10-19,Ampalaya,Ampalaya,,kg,,106.8,3,ocr_row_aligned,2024\Weekly-Average-Prices-October-14-19-2024.pdf
2024-10-14,2024-10-19,Banana (Lakatan),Banana (Lakatan),,kg,,106.21,3,ocr_row_aligned,2024\Weekly-Average-Prices-October-14-19-2024.pdf
2024-10-14,2024-10-19,Banana (Latundan),Banana (Latundan},,kg,,72.93,3,ocr_row_aligned,2024\Weekly-Average-Prices-October-14-19-2024.pdf
2024-10-14,2024-10-19,Cabbage (Rare Ball),Cabbage (Rare Ball),,kg,,99.24,3,ocr_row_aligned,2024\Weekly-Average-Prices-October-14-19-2024.pdf
2024-10-14,2024-10-19,Cabbage (Scorpio),Cabbage (Scorpio),,kg,,95.16,3,ocr_row_aligned,2024\Weekly-Average-Prices-October-14-19-2024.pdf
2024-10-14,2024-10-19,Cabbage (Wonder Ball),Cabbage (Wonder Ball],,kg,,109.09,3,ocr_row_aligned,2024\Weekly-Average-Prices-October-14-19-2024.pdf
2024-10-14,2024-10-19,Calamansi,Calamansi,,kg,,73.19,3,ocr_row_aligned,2024\Weekly-Average-Prices-October-14-19-2024.pdf
2024-10-14,2024-10-19,Carrots,Carrots,,kg,,134.48,3,ocr_row_aligned,2024\Weekly-Average-Prices-October-14-19-2024.pdf
2024-10-14,2024-10-19,Eggplant,Eggplant,,kg,,89.71,2,ocr_row_aligned,2024\Weekly-Average-Prices-October-14-19-2024.pdf
2024-10-14,2024-10-19,Garlic (Imported),Garlic (Imported),,kg,,151.65,3,ocr_row_aligned,2024\Weekly-Average-Prices-October-14-19-2024.pdf
2024-10-14,2024-10-19,Garlic (Native),Garlic (Native),,kg,,409.09,2,ocr_row_aligned,2024\Weekly-Average-Prices-October-14-19-2024.pdf
2024-10-14,2024-10-19,Ginger,Ginger,,kg,,251.69,3,ocr_row_aligned,2024\Weekly-Average-Prices-October-14-19-2024.pdf
2024-10-14,2024-10-19,Mango (Carabao),Mango (Carabao),,kg,,235.29,2,ocr_row_aligned,2024\Weekly-Average-Prices-October-14-19-2024.pdf
2024-10-14,2024-10-19,Papaya,Papaya,,kg,,74.52,3,ocr_row_aligned,2024\Weekly-Average-Prices-October-14-19-2024.pdf
2024-10-14,2024-10-19,Pechay (Baguio),Pechay (Baguio),,kg,,117.8,3,ocr_row_aligned,2024\Weekly-Average-Prices-October-14-19-2024.pdf
2024-10-14,2024-10-19,Pechay (Native),Pechay (Native),,kg,,81.08,3,ocr_row_aligned,2024\Weekly-Average-Prices-October-14-19-2024.pdf
2024-10-14,2024-10-19,Red Onion,Red Onion,,kg,,110.16,3,ocr_row_aligned,2024\Weekly-Average-Prices-October-14-19-2024.pdf
2024-10-14,2024-10-19,Sitao,Sitao,,kg,,107.95,3,ocr_row_aligned,2024\Weekly-Average-Prices-October-14-19-2024.pdf
2024-10-14,2024-10-19,Squash,Squash,,kg,,49.1,3,ocr_row_aligned,2024\Weekly-Average-Prices-October-14-19-2024.pdf
2024-10-14,2024-10-19,Tomato,Tomato,,kg,,143.98,3,ocr_row_aligned,2024\Weekly-Average-Prices-October-14-19-2024.pdf
2024-10-14,2024-10-19,White Onion,White Onion,,kg,,105.42,3,ocr_row_aligned,2024\Weekly-Average-Prices-October-14-19-2024.pdf
2024-10-14,2024-10-19,White Onion (Imported),White Onion (Imported),,kg,,118.29,3,ocr_row_aligned,2024\Weekly-Average-Prices-October-14-19-2024.pdf
2024-10-14,2024-10-19,White Potato,White Potato,,kg,,93.47,3,ocr_row_aligned,2024\Weekly-Average-Prices-October-14-19-2024.pdf
2024-10-21,2024-10-26,Ampalaya,Ampalaya,,kg,,98.93,3,ocr_row_aligned,2024\Weekly-Average-Prices-October-21-26-2024.pdf
2024-10-21,2024-10-26,Banana (Lakatan),Banana (Lakatan),,kg,,106.46,3,ocr_row_aligned,2024\Weekly-Average-Prices-October-21-26-2024.pdf
2024-10-21,2024-10-26,Banana (Latundan),Banana (Latundan),,kg,,72.57,2,ocr_row_aligned,2024\Weekly-Average-Prices-October-21-26-2024.pdf
2024-10-21,2024-10-26,Cabbage (Rare Ball),Cabbage (Rare Ball),,kg,,107.17,3,ocr_row_aligned,2024\Weekly-Average-Prices-October-21-26-2024.pdf
2024-10-21,2024-10-26,Cabbage (Scorpio),Cabbage (Scorpio),,kg,,118.15,3,ocr_row_aligned,2024\Weekly-Average-Prices-October-21-26-2024.pdf
2024-10-21,2024-10-26,Cabbage (Wonder Ball),Cabbage (Wonder Ball),,kg,,118.29,3,ocr_row_aligned,2024\Weekly-Average-Prices-October-21-26-2024.pdf
2024-10-21,2024-10-26,Calamansi,Calamansi,,kg,,75.89,3,ocr_row_aligned,2024\Weekly-Average-Prices-October-21-26-2024.pdf
2024-10-21,2024-10-26,Carrots,Carrots,,kg,,151.02,3,ocr_row_aligned,2024\Weekly-Average-Prices-October-21-26-2024.pdf
2024-10-21,2024-10-26,Eggplant,Eqgplant,,kg,,81.26,3,ocr_row_aligned,2024\Weekly-Average-Prices-October-21-26-2024.pdf
2024-10-21,2024-10-26,Garlic (Imported),Garlic (Imported),,kg,,150.07,3,ocr_row_aligned,2024\Weekly-Average-Prices-October-21-26-2024.pdf
2024-10-21,2024-10-26,Garlic (Native),Garlic (Native),,kg,,400.0,3,ocr_row_aligned,2024\Weekly-Average-Prices-October-21-26-2024.pdf
2024-10-21,2024-10-26,Ginger,Ginger,,kg,,239.63,3,ocr_row_aligned,2024\Weekly-Average-Prices-October-21-26-2024.pdf
2024-10-21,2024-10-26,Mango (Carabao),Mango (Carabao),,kg,,212.23,3,ocr_row_aligned,2024\Weekly-Average-Prices-October-21-26-2024.pdf
2024-10-21,2024-10-26,Papaya,Papaya,,kg,,76.67,2,ocr_row_aligned,2024\Weekly-Average-Prices-October-21-26-2024.pdf
2024-10-21,2024-10-26,Pechay (Baguio),Pechay (Baquio),,kg,,126.75,3,ocr_row_aligned,2024\Weekly-Average-Prices-October-21-26-2024.pdf
2024-10-21,2024-10-26,Pechay (Native),Pechay (Native),,kg,,77.33,2,ocr_row_aligned,2024\Weekly-Average-Prices-October-21-26-2024.pdf
2024-10-21,2024-10-26,Red Onion,Red Onion,,kg,,107.08,3,ocr_row_aligned,2024\Weekly-Average-Prices-October-21-26-2024.pdf
2024-10-21,2024-10-26,Sitao,Sitao,,kg,,101.06,3,ocr_row_aligned,2024\Weekly-Average-Prices-October-21-26-2024.pdf
2024-10-21,2024-10-26,Squash,Squash,,kg,,48.42,3,ocr_row_aligned,2024\Weekly-Average-Prices-October-21-26-2024.pdf
2024-10-21,2024-10-26,Tomato,Tomato,,kg,,136.74,3,ocr_row_aligned,2024\Weekly-Average-Prices-October-21-26-2024.pdf
2024-10-21,2024-10-26,White Onion,White Onion,,kg,,105.85,3,ocr_row_aligned,2024\Weekly-Average-Prices-October-21-26-2024.pdf
2024-10-21,2024-10-26,White Onion (Imported),White Onion (Imported),,kg,,114.25,3,ocr_row_aligned,2024\Weekly-Average-Prices-October-21-26-2024.pdf
2024-10-21,2024-10-26,White Potato,White Potato,,kg,,95.83,3,ocr_row_aligned,2024\Weekly-Average-Prices-October-21-26-2024.pdf
2024-10-28,2024-11-02,Ampalaya,Ampalaya,,kg,,128.72,3,ocr_row_aligned,2024\Weekly-Average-Prices-October-28-November-2-2024.pdf
2024-10-28,2024-11-02,Banana (Lakatan),Banana (Lakatan),,kg,,106.07,3,ocr_row_aligned,2024\Weekly-Average-Prices-October-28-November-2-2024.pdf
2024-10-28,2024-11-02,Banana (Latundan),Banana (Latundan),,kg,,73.3,2,ocr_row_aligned,2024\Weekly-Average-Prices-October-28-November-2-2024.pdf
2024-10-28,2024-11-02,Cabbage (Rare Ball),Cabbage (Rare Ball),,kg,,117.76,3,ocr_row_aligned,2024\Weekly-Average-Prices-October-28-November-2-2024.pdf
2024-10-28,2024-11-02,Cabbage (Scorpio),Cabbage (Scorpio),,kg,,128.76,2,ocr_row_aligned,2024\Weekly-Average-Prices-October-28-November-2-2024.pdf
2024-10-28,2024-11-02,Cabbage (Wonder Ball),Cabbage (Wonder Ball],,kg,,119.16,3,ocr_row_aligned,2024\Weekly-Average-Prices-October-28-November-2-2024.pdf
2024-10-28,2024-11-02,Calamansi,Calamansi,,kg,,86.94,3,ocr_row_aligned,2024\Weekly-Average-Prices-October-28-November-2-2024.pdf
2024-10-28,2024-11-02,Carrots,Carrots,,kg,,161.02,3,ocr_row_aligned,2024\Weekly-Average-Prices-October-28-November-2-2024.pdf
2024-10-28,2024-11-02,Eggplant,Eggplant,,kg,,119.41,3,ocr_row_aligned,2024\Weekly-Average-Prices-October-28-November-2-2024.pdf
2024-10-28,2024-11-02,Garlic (Imported),Garlic (Imported),,kg,,152.02,3,ocr_row_aligned,2024\Weekly-Average-Prices-October-28-November-2-2024.pdf
2024-10-28,2024-11-02,Garlic (Native),Garlic (Native),,kg,,406.45,3,ocr_row_aligned,2024\Weekly-Average-Prices-October-28-November-2-2024.pdf
2024-10-28,2024-11-02,Ginger,Ginger,,kg,,232.34,3,ocr_row_aligned,2024\Weekly-Average-Prices-October-28-November-2-2024.pdf
2024-10-28,2024-11-02,Mango (Carabao),Mango (Carabao),,kg,,208.77,3,ocr_row_aligned,2024\Weekly-Average-Prices-October-28-November-2-2024.pdf
2024-10-28,2024-11-02,Papaya,Papaya,,kg,,75.56,2,ocr_row_aligned,2024\Weekly-Average-Prices-October-28-November-2-2024.pdf
2024-10-28,2024-11-02,Pechay (Baguio),Pechay (Baquio},,kg,,133.86,3,ocr_row_aligned,2024\Weekly-Average-Prices-October-28-November-2-2024.pdf
2024-10-28,2024-11-02,Pechay (Native),Pechay (Native],,kg,,109.06,3,ocr_row_aligned,2024\Weekly-Average-Prices-October-28-November-2-2024.pdf
2024-10-28,2024-11-02,Red Onion,Red Onion,,kg,,108.56,3,ocr_row_aligned,2024\Weekly-Average-Prices-October-28-November-2-2024.pdf
2024-10-28,2024-11-02,Sitao,Sitao,,kg,,140.43,3,ocr_row_aligned,2024\Weekly-Average-Prices-October-28-November-2-2024.pdf
2024-10-28,2024-11-02,Squash,Squash,,kg,,49.65,3,ocr_row_aligned,2024\Weekly-Average-Prices-October-28-November-2-2024.pdf
2024-10-28,2024-11-02,Tomato,Tomato,,kg,,172.83,3,ocr_row_aligned,2024\Weekly-Average-Prices-October-28-November-2-2024.pdf
2024-10-28,2024-11-02,White Onion,White Onion,,kg,,106.84,3,ocr_row_aligned,2024\Weekly-Average-Prices-October-28-November-2-2024.pdf
2024-10-28,2024-11-02,White Onion (Imported),White Onion (Imported),,kg,,111.99,2,ocr_row_aligned,2024\Weekly-Average-Prices-October-28-November-2-2024.pdf
2024-10-28,2024-11-02,White Potato,White Potato,,kg,,98.04,3,ocr_row_aligned,2024\Weekly-Average-Prices-October-28-November-2-2024.pdf
2024-11-04,2024-11-09,Ampalaya,Ampalaya 4-5 pcs/kg kg 142.56,,kg,,142.56,,pdfplumber,2024\Weekly-Average-Prices-November-4-9-2024.pdf
2024-11-04,2024-11-09,Banana (Lakatan),Banana (Lakatan) 8-10 pcs/kg kg 105.12,,kg,,105.12,,pdfplumber,2024\Weekly-Average-Prices-November-4-9-2024.pdf
2024-11-04,2024-11-09,Banana (Latundan),Banana (Latundan) 10-12 pcs/kg kg 72.48,,kg,,72.48,,pdfplumber,2024\Weekly-Average-Prices-November-4-9-2024.pdf
2024-11-04,2024-11-09,Cabbage (Rare Ball),Cabbage (Rare Ball) 510 gm - 1 kg/head kg 115.64,,kg,,115.64,,pdfplumber,2024\Weekly-Average-Prices-November-4-9-2024.pdf
2024-11-04,2024-11-09,Cabbage (Scorpio),Cabbage (Scorpio) 750 gm - 1 kg/head kg 126.16,,kg,,126.16,,pdfplumber,2024\Weekly-Average-Prices-November-4-9-2024.pdf
2024-11-04,2024-11-09,Cabbage (Wonder Ball),Cabbage (Wonder Ball) 510 gm - 1 kg/head kg 125.13,,kg,,125.13,,pdfplumber,2024\Weekly-Average-Prices-November-4-9-2024.pdf
2024-11-04,2024-11-09,Calamansi,Calamansi kg 84.00,,kg,,84.0,,pdfplumber,2024\Weekly-Average-Prices-November-4-9-2024.pdf
2024-11-04,2024-11-09,Carrots,Carrots 8-10 pcs/kg kg 176.16,,kg,,176.16,,pdfplumber,2024\Weekly-Average-Prices-November-4-9-2024.pdf
2024-11-04,2024-11-09,Eggplant,Eggplant 3-4 Small Bundles kg 132.86,,kg,,132.86,,pdfplumber,2024\Weekly-Average-Prices-November-4-9-2024.pdf
2024-11-04,2024-11-09,Garlic (Imported),Garlic (Imported) kg 152.94,,kg,,152.94,,pdfplumber,2024\Weekly-Average-Prices-November-4-9-2024.pdf
2024-11-04,2024-11-09,Garlic (Native),Garlic (Native) kg 407.89,,kg,,407.89,,pdfplumber,2024\Weekly-Average-Prices-November-4-9-2024.pdf
2024-11-04,2024-11-09,Ginger,"Ginger Fairly well-matured, Medium (150-300 gm) kg 221.83",,kg,,221.83,,pdfplumber,2024\Weekly-Average-Prices-November-4-9-2024.pdf
2024-11-04,2024-11-09,Mango (Carabao),"Mango (Carabao) Ripe, 3-4 pcs/kg kg 202.78",,kg,,202.78,,pdfplumber,2024\Weekly-Average-Prices-November-4-9-2024.pdf
2024-11-04,2024-11-09,Papaya,"Papaya Solo Variety, Ripe, 2-3 pcs/kg kg 75.38",,kg,,75.38,,pdfplumber,2024\Weekly-Average-Prices-November-4-9-2024.pdf
2024-11-04,2024-11-09,Pechay (Baguio),Pechay (Baguio) kg 120.94,,kg,,120.94,,pdfplumber,2024\Weekly-Average-Prices-November-4-9-2024.pdf
2024-11-04,2024-11-09,Pechay (Native),Pechay (Native) 3-4 Small Bundles kg 127.81,,kg,,127.81,,pdfplumber,2024\Weekly-Average-Prices-November-4-9-2024.pdf
2024-11-04,2024-11-09,Red Onion,Red Onion 13-15 pcs/kg kg 107.96,,kg,,107.96,,pdfplumber,2024\Weekly-Average-Prices-November-4-9-2024.pdf
2024-11-04,2024-11-09,Sitao,Sitao 3-4 Small Bundles kg 136.28,,kg,,136.28,,pdfplumber,2024\Weekly-Average-Prices-November-4-9-2024.pdf
2024-11-04,2024-11-09,Squash,Squash Suprema Variety kg 50.13,,kg,,50.13,,pdfplumber,2024\Weekly-Average-Prices-November-4-9-2024.pdf
2024-11-04,2024-11-09,Tomato,Tomato 15-18 pcs/kg kg 155.47,,kg,,155.47,,pdfplumber,2024\Weekly-Average-Prices-November-4-9-2024.pdf
2024-11-04,2024-11-09,White Onion,White Onion kg 115.57,,kg,,115.57,,pdfplumber,2024\Weekly-Average-Prices-November-4-9-2024.pdf
2024-11-04,2024-11-09,White Onion (Imported),White Onion (Imported) kg 108.83,,kg,,108.83,,pdfplumber,2024\Weekly-Average-Prices-November-4-9-2024.pdf
2024-11-04,2024-11-09,White Potato,White Potato 10-12 pcs/kg kg 103.42,,kg,,103.42,,pdfplumber,2024\Weekly-Average-Prices-November-4-9-2024.pdf
2024-11-11,2024-11-16,Ampalaya,Ampalaya,,kg,,162.5,3,ocr_row_aligned,2024\Weekly-Average-Prices-November-11-16-2024.pdf
2024-11-11,2024-11-16,Avocado,Avocado,,kg,,320.45,3,ocr_row_aligned,2024\Weekly-Average-Prices-November-11-16-2024.pdf
2024-11-11,2024-11-16,Banana (Lakatan),Banana (Lakatan),,kg,,105.66,3,ocr_row_aligned,2024\Weekly-Average-Prices-November-11-16-2024.pdf
2024-11-11,2024-11-16,Banana (Latundan),Banana (Latundan),,kg,,72.35,3,ocr_row_aligned,2024\Weekly-Average-Prices-November-11-16-2024.pdf
2024-11-11,2024-11-16,Banana (Saba),Banana (Saba),,kg,,49.85,3,ocr_row_aligned,2024\Weekly-Average-Prices-November-11-16-2024.pdf
2024-11-11,2024-11-16,Cabbage (Rare Ball),Cabbage (Rare Ball),,kg,,104.18,3,ocr_row_aligned,2024\Weekly-Average-Prices-November-11-16-2024.pdf
2024-11-11,2024-11-16,Cabbage (Scorpio),Cabbage (Scorpio),,kg,,112.91,3,ocr_row_aligned,2024\Weekly-Average-Prices-November-11-16-2024.pdf
2024-11-11,2024-11-16,Cabbage (Wonder Ball),Cabbage (Wonder Ball),,kg,,115.25,3,ocr_row_aligned,2024\Weekly-Average-Prices-November-11-16-2024.pdf
2024-11-11,2024-11-16,Calamansi,Calamansi,,kg,,83.21,3,ocr_row_aligned,2024\Weekly-Average-Prices-November-11-16-2024.pdf
2024-11-11,2024-11-16,Eggplant,Eggplant,,kg,,177.9,3,ocr_row_aligned,2024\Weekly-Average-Prices-November-11-16-2024.pdf
2024-11-11,2024-11-16,Ginger,Ginger,,kg,,224.48,3,ocr_row_aligned,2024\Weekly-Average-Prices-November-11-16-2024.pdf
2024-11-11,2024-11-16,Mango (Carabao),Mango (Carabao},,kg,,202.41,3,ocr_row_aligned,2024\Weekly-Average-Prices-November-11-16-2024.pdf
2024-11-11,2024-11-16,Papaya,Papaya,,kg,,76.07,3,ocr_row_aligned,2024\Weekly-Average-Prices-November-11-16-2024.pdf
2024-11-11,2024-11-16,Pechay (Baguio),Pechay (Baguio),,kg,,102.37,3,ocr_row_aligned,2024\Weekly-Average-Prices-November-11-16-2024.pdf
2024-11-11,2024-11-16,Pechay (Native),Pechay (Native),,kg,,113.15,3,ocr_row_aligned,2024\Weekly-Average-Prices-November-11-16-2024.pdf
2024-11-11,2024-11-16,Red Onion,Red Onion,,kg,,107.99,3,ocr_row_aligned,2024\Weekly-Average-Prices-November-11-16-2024.pdf
2024-11-11,2024-11-16,Sitao,Sitao,,kg,,125.34,3,ocr_row_aligned,2024\Weekly-Average-Prices-November-11-16-2024.pdf
2024-11-11,2024-11-16,Squash,Squash,,kg,,90.3,3,ocr_row_aligned,2024\Weekly-Average-Prices-November-11-16-2024.pdf
2024-11-11,2024-11-16,Tomato,Tomato,,kg,,174.54,3,ocr_row_aligned,2024\Weekly-Average-Prices-November-11-16-2024.pdf
2024-11-11,2024-11-16,Watermelon,Watermelon,,kg,,74.21,2,ocr_row_aligned,2024\Weekly-Average-Prices-November-11-16-2024.pdf
2024-11-11,2024-11-16,White Onion,White Onion,,kg,,115.16,3,ocr_row_aligned,2024\Weekly-Average-Prices-November-11-16-2024.pdf
2024-11-11,2024-11-16,White Onion (Imported),White Onion (Imported),,kg,,108.13,3,ocr_row_aligned,2024\Weekly-Average-Prices-November-11-16-2024.pdf
2024-11-11,2024-11-16,White Potato,White Potato,,kg,,107.7,3,ocr_row_aligned,2024\Weekly-Average-Prices-November-11-16-2024.pdf
2024-11-18,2024-11-23,Ampalaya,Ampalaya 4-5 pcs/kg kg 172.44,,kg,,172.44,,pdfplumber,2024\Weekly-Average-Prices-November-18-23-2024.pdf
2024-11-18,2024-11-23,Avocado,Avocado kg 537.93,,kg,,537.93,,pdfplumber,2024\Weekly-Average-Prices-November-18-23-2024.pdf
2024-11-18,2024-11-23,Banana (Lakatan),Banana (Lakatan) 8-10 pcs/kg kg 106.26,,kg,,106.26,,pdfplumber,2024\Weekly-Average-Prices-November-18-23-2024.pdf
2024-11-18,2024-11-23,Banana (Latundan),Banana (Latundan) 10-12 pcs/kg kg 73.41,,kg,,73.41,,pdfplumber,2024\Weekly-Average-Prices-November-18-23-2024.pdf
2024-11-18,2024-11-23,Banana (Saba),Banana (Saba) kg 50.26,,kg,,50.26,,pdfplumber,2024\Weekly-Average-Prices-November-18-23-2024.pdf
2024-11-18,2024-11-23,Cabbage (Rare Ball),Cabbage (Rare Ball) 510 gm - 1 kg/head kg 105.92,,kg,,105.92,,pdfplumber,2024\Weekly-Average-Prices-November-18-23-2024.pdf
2024-11-18,2024-11-23,Cabbage (Scorpio),Cabbage (Scorpio) 750 gm - 1 kg/head kg 113.65,,kg,,113.65,,pdfplumber,2024\Weekly-Average-Prices-November-18-23-2024.pdf
2024-11-18,2024-11-23,Cabbage (Wonder Ball),Cabbage (Wonder Ball) 510 gm - 1 kg/head kg 111.33,,kg,,111.33,,pdfplumber,2024\Weekly-Average-Prices-November-18-23-2024.pdf
2024-11-18,2024-11-23,Calamansi,Calamansi kg 86.13,,kg,,86.13,,pdfplumber,2024\Weekly-Average-Prices-November-18-23-2024.pdf
2024-11-18,2024-11-23,Carrots,Carrots 8-10 pcs/kg kg 186.49,,kg,,186.49,,pdfplumber,2024\Weekly-Average-Prices-November-18-23-2024.pdf
2024-11-18,2024-11-23,Eggplant,Eggplant 3-4 Small Bundles kg 191.54,,kg,,191.54,,pdfplumber,2024\Weekly-Average-Prices-November-18-23-2024.pdf
2024-11-18,2024-11-23,Garlic (Imported),Garlic (Imported) kg 156.11,,kg,,156.11,,pdfplumber,2024\Weekly-Average-Prices-November-18-23-2024.pdf
2024-11-18,2024-11-23,Garlic (Native),Garlic (Native) kg 407.32,,kg,,407.32,,pdfplumber,2024\Weekly-Average-Prices-November-18-23-2024.pdf
2024-11-18,2024-11-23,Ginger,"Ginger Fairly well-matured, Medium (150-300 gm) kg 249.49",,kg,,249.49,,pdfplumber,2024\Weekly-Average-Prices-November-18-23-2024.pdf
2024-11-18,2024-11-23,Mango (Carabao),"Mango (Carabao) Ripe, 3-4 pcs/kg kg 201.98",,kg,,201.98,,pdfplumber,2024\Weekly-Average-Prices-November-18-23-2024.pdf
2024-11-18,2024-11-23,Papaya,"Papaya Solo, Ripe, 2-3 pcs/kg kg 74.33",,kg,,74.33,,pdfplumber,2024\Weekly-Average-Prices-November-18-23-2024.pdf
2024-11-18,2024-11-23,Pechay (Baguio),Pechay (Baguio) kg 97.54,,kg,,97.54,,pdfplumber,2024\Weekly-Average-Prices-November-18-23-2024.pdf
2024-11-18,2024-11-23,Pechay (Native),Pechay (Native) 3-4 Small Bundles kg 109.32,,kg,,109.32,,pdfplumber,2024\Weekly-Average-Prices-November-18-23-2024.pdf
2024-11-18,2024-11-23,Red Onion,Red Onion 13-15 pcs/kg kg 109.47,,kg,,109.47,,pdfplumber,2024\Weekly-Average-Prices-November-18-23-2024.pdf
2024-11-18,2024-11-23,Sitao,Sitao 3-4 Small Bundles kg 128.08,,kg,,128.08,,pdfplumber,2024\Weekly-Average-Prices-November-18-23-2024.pdf
2024-11-18,2024-11-23,Squash,Squash Suprema Variety kg 51.16,,kg,,51.16,,pdfplumber,2024\Weekly-Average-Prices-November-18-23-2024.pdf
2024-11-18,2024-11-23,Tomato,Tomato 15-18 pcs/kg kg 190.96,,kg,,190.96,,pdfplumber,2024\Weekly-Average-Prices-November-18-23-2024.pdf
2024-11-18,2024-11-23,Watermelon,Watermelon kg 73.47,,kg,,73.47,,pdfplumber,2024\Weekly-Average-Prices-November-18-23-2024.pdf
2024-11-18,2024-11-23,White Onion,White Onion kg 106.42,,kg,,106.42,,pdfplumber,2024\Weekly-Average-Prices-November-18-23-2024.pdf
2024-11-18,2024-11-23,White Onion (Imported),White Onion (Imported) kg 108.48,,kg,,108.48,,pdfplumber,2024\Weekly-Average-Prices-November-18-23-2024.pdf
2024-11-18,2024-11-23,White Potato,White Potato 10-12 pcs/kg kg 114.37,,kg,,114.37,,pdfplumber,2024\Weekly-Average-Prices-November-18-23-2024.pdf
2024-11-25,2024-11-30,Ampalaya,Ampalaya,,kg,,168.44,3,ocr_row_aligned,2024\Weekly-Average-Prices-November-25-30-2024.pdf
2024-11-25,2024-11-30,Avocado,Avocado,,kg,,967.04,2,ocr_row_aligned,2024\Weekly-Average-Prices-November-25-30-2024.pdf
2024-11-25,2024-11-30,Banana (Lakatan),Banana (Lakatan),,kg,,105.94,3,ocr_row_aligned,2024\Weekly-Average-Prices-November-25-30-2024.pdf
2024-11-25,2024-11-30,Banana (Latundan),Banana {Latundan),,kg,,74.22,3,ocr_row_aligned,2024\Weekly-Average-Prices-November-25-30-2024.pdf
2024-11-25,2024-11-30,Banana (Saba),Banana (Saba),,kg,,50.56,2,ocr_row_aligned,2024\Weekly-Average-Prices-November-25-30-2024.pdf
2024-11-25,2024-11-30,Cabbage (Rare Ball),Cabbage (Rare Ball),,kg,,109.12,3,ocr_row_aligned,2024\Weekly-Average-Prices-November-25-30-2024.pdf
2024-11-25,2024-11-30,Cabbage (Wonder Ball),Cabbage (Wonder Ball),,kg,,112.22,3,ocr_row_aligned,2024\Weekly-Average-Prices-November-25-30-2024.pdf
2024-11-25,2024-11-30,Calamansi,Calamansi,,kg,,83.6,3,ocr_row_aligned,2024\Weekly-Average-Prices-November-25-30-2024.pdf
2024-11-25,2024-11-30,Eggplant,Eggplant,,kg,,174.56,3,ocr_row_aligned,2024\Weekly-Average-Prices-November-25-30-2024.pdf
2024-11-25,2024-11-30,Ginger,Ginger,,kg,,259.11,3,ocr_row_aligned,2024\Weekly-Average-Prices-November-25-30-2024.pdf
2024-11-25,2024-11-30,Mango (Carabao),Mango (Carabao},,kg,,212.85,3,ocr_row_aligned,2024\Weekly-Average-Prices-November-25-30-2024.pdf
2024-11-25,2024-11-30,Papaya,Papaya,,kg,,74.03,3,ocr_row_aligned,2024\Weekly-Average-Prices-November-25-30-2024.pdf
2024-11-25,2024-11-30,Pechay (Baguio),Pechay (Baguio),,kg,,96.37,3,ocr_row_aligned,2024\Weekly-Average-Prices-November-25-30-2024.pdf
2024-11-25,2024-11-30,Pechay (Native),Pechay (Native),,kg,,107.34,3,ocr_row_aligned,2024\Weekly-Average-Prices-November-25-30-2024.pdf
2024-11-25,2024-11-30,Red Onion,Red Onion,,kg,,109.55,3,ocr_row_aligned,2024\Weekly-Average-Prices-November-25-30-2024.pdf
2024-11-25,2024-11-30,Sitao,Sitao,,kg,,130.08,3,ocr_row_aligned,2024\Weekly-Average-Prices-November-25-30-2024.pdf
2024-11-25,2024-11-30,Squash,Squash,,kg,,92.04,2,ocr_row_aligned,2024\Weekly-Average-Prices-November-25-30-2024.pdf
2024-11-25,2024-11-30,Tomato,Tomato,,kg,,175.12,3,ocr_row_aligned,2024\Weekly-Average-Prices-November-25-30-2024.pdf
2024-11-25,2024-11-30,Watermelon,Watermelon,,kg,,73.64,3,ocr_row_aligned,2024\Weekly-Average-Prices-November-25-30-2024.pdf
2024-11-25,2024-11-30,White Onion,White Onion,,kg,,105.56,3,ocr_row_aligned,2024\Weekly-Average-Prices-November-25-30-2024.pdf
2024-11-25,2024-11-30,White Onion (Imported),White Onion (Imported),,kg,,108.26,3,ocr_row_aligned,2024\Weekly-Average-Prices-November-25-30-2024.pdf
2024-11-25,2024-11-30,White Potato,White Potato,,kg,,120.35,3,ocr_row_aligned,2024\Weekly-Average-Prices-November-25-30-2024.pdf
2024-12-02,2024-12-07,Ampalaya,Ampalaya,,kg,,147.26,3,ocr_row_aligned,2024\Weekly-Average-Prices-December-2-7-2024.pdf
2024-12-02,2024-12-07,Avocado,Avocado,,kg,,503.04,3,ocr_row_aligned,2024\Weekly-Average-Prices-December-2-7-2024.pdf
2024-12-02,2024-12-07,Banana (Lakatan),Banana (Lakatan),,kg,,105.62,3,ocr_row_aligned,2024\Weekly-Average-Prices-December-2-7-2024.pdf
2024-12-02,2024-12-07,Banana (Latundan),Banana (Latundan),,kg,,73.57,3,ocr_row_aligned,2024\Weekly-Average-Prices-December-2-7-2024.pdf
2024-12-02,2024-12-07,Banana (Saba),Banana (Saba),,kg,,49.55,3,ocr_row_aligned,2024\Weekly-Average-Prices-December-2-7-2024.pdf
2024-12-02,2024-12-07,Cabbage (Rare Ball),Cabbage (Rare Ball),,kg,,111.99,3,ocr_row_aligned,2024\Weekly-Average-Prices-December-2-7-2024.pdf
2024-12-02,2024-12-07,Cabbage (Wonder Ball),Cabbage {Wonder Ball),,kg,,116.85,3,ocr_row_aligned,2024\Weekly-Average-Prices-December-2-7-2024.pdf
2024-12-02,2024-12-07,Calamansi,Calamansi,,kg,,79.28,3,ocr_row_aligned,2024\Weekly-Average-Prices-December-2-7-2024.pdf
2024-12-02,2024-12-07,Carrots,Carrots,,kg,,169.96,2,ocr_row_aligned,2024\Weekly-Average-Prices-December-2-7-2024.pdf
2024-12-02,2024-12-07,Eggplant,Eggplant,,kg,,142.31,3,ocr_row_aligned,2024\Weekly-Average-Prices-December-2-7-2024.pdf
2024-12-02,2024-12-07,Garlic (Imported),Garlic (Imported),,kg,,157.67,3,ocr_row_aligned,2024\Weekly-Average-Prices-December-2-7-2024.pdf
2024-12-02,2024-12-07,Garlic (Native),Garlic (Native),,kg,,405.26,3,ocr_row_aligned,2024\Weekly-Average-Prices-December-2-7-2024.pdf
2024-12-02,2024-12-07,Ginger,Ginger,,kg,,255.41,3,ocr_row_aligned,2024\Weekly-Average-Prices-December-2-7-2024.pdf
2024-12-02,2024-12-07,Mango (Carabao),Mango (Carabao),,kg,,215.53,3,ocr_row_aligned,2024\Weekly-Average-Prices-December-2-7-2024.pdf
2024-12-02,2024-12-07,Papaya,Papaya,,kg,,73.97,3,ocr_row_aligned,2024\Weekly-Average-Prices-December-2-7-2024.pdf
2024-12-02,2024-12-07,Pechay (Baguio),Pechay (Baguio),,kg,,98.09,3,ocr_row_aligned,2024\Weekly-Average-Prices-December-2-7-2024.pdf
2024-12-02,2024-12-07,Pechay (Native),Pechay (Native),,kg,,101.42,3,ocr_row_aligned,2024\Weekly-Average-Prices-December-2-7-2024.pdf
2024-12-02,2024-12-07,Red Onion,Red Onion,,kg,,108.78,3,ocr_row_aligned,2024\Weekly-Average-Prices-December-2-7-2024.pdf
2024-12-02,2024-12-07,Sitao,Sitao,,kg,,126.46,3,ocr_row_aligned,2024\Weekly-Average-Prices-December-2-7-2024.pdf
2024-12-02,2024-12-07,Squash,Squash,,kg,,51.29,3,ocr_row_aligned,2024\Weekly-Average-Prices-December-2-7-2024.pdf
2024-12-02,2024-12-07,Tomato,Tomato,,kg,,190.5,3,ocr_row_aligned,2024\Weekly-Average-Prices-December-2-7-2024.pdf
2024-12-02,2024-12-07,Watermelon,Watermelon,,kg,,75.63,3,ocr_row_aligned,2024\Weekly-Average-Prices-December-2-7-2024.pdf
2024-12-02,2024-12-07,White Onion,White Onion,,kg,,107.0,3,ocr_row_aligned,2024\Weekly-Average-Prices-December-2-7-2024.pdf
2024-12-02,2024-12-07,White Onion (Imported),White Onion (Imported),,kg,,109.86,2,ocr_row_aligned,2024\Weekly-Average-Prices-December-2-7-2024.pdf
2024-12-02,2024-12-07,White Potato,White Potato,,kg,,139.69,3,ocr_row_aligned,2024\Weekly-Average-Prices-December-2-7-2024.pdf
2024-12-09,2024-12-14,Ampalaya,Ampalaya,,kg,,150.65,3,ocr_row_aligned,2024\Weekly-Average-Prices-December-9-14-2024.pdf
2024-12-09,2024-12-14,Banana (Lakatan),Banana (Lakatan),,kg,,105.74,3,ocr_row_aligned,2024\Weekly-Average-Prices-December-9-14-2024.pdf
2024-12-09,2024-12-14,Banana (Latundan),Banana (Latundan),,kg,,73.88,3,ocr_row_aligned,2024\Weekly-Average-Prices-December-9-14-2024.pdf
2024-12-09,2024-12-14,Banana (Saba),Banana (Saba),,kg,,49.69,3,ocr_row_aligned,2024\Weekly-Average-Prices-December-9-14-2024.pdf
2024-12-09,2024-12-14,Cabbage (Rare Ball),Cabbage (Rare Ball),,kg,,100.29,3,ocr_row_aligned,2024\Weekly-Average-Prices-December-9-14-2024.pdf
2024-12-09,2024-12-14,Cabbage (Wonder Ball),Cabbage (Wonder Ball),,kg,,111.13,2,ocr_row_aligned,2024\Weekly-Average-Prices-December-9-14-2024.pdf
2024-12-09,2024-12-14,Calamansi,Calamansi,,kg,,76.27,3,ocr_row_aligned,2024\Weekly-Average-Prices-December-9-14-2024.pdf
2024-12-09,2024-12-14,Carrots,Carrots,,kg,,163.99,3,ocr_row_aligned,2024\Weekly-Average-Prices-December-9-14-2024.pdf
2024-12-09,2024-12-14,Eggplant,Eggplant,,kg,,120.22,3,ocr_row_aligned,2024\Weekly-Average-Prices-December-9-14-2024.pdf
2024-12-09,2024-12-14,Garlic (Imported),Garlic (Imported),,kg,,158.76,3,ocr_row_aligned,2024\Weekly-Average-Prices-December-9-14-2024.pdf
2024-12-09,2024-12-14,Garlic (Native),Garlic (Native),,kg,,412.2,3,ocr_row_aligned,2024\Weekly-Average-Prices-December-9-14-2024.pdf
2024-12-09,2024-12-14,Ginger,Ginger,,kg,,261.28,3,ocr_row_aligned,2024\Weekly-Average-Prices-December-9-14-2024.pdf
2024-12-09,2024-12-14,Mango (Carabao),Mango (Carabao),,kg,,216.53,3,ocr_row_aligned,2024\Weekly-Average-Prices-December-9-14-2024.pdf
2024-12-09,2024-12-14,Papaya,Papaya,,kg,,75.1,3,ocr_row_aligned,2024\Weekly-Average-Prices-December-9-14-2024.pdf
2024-12-09,2024-12-14,Pechay (Baguio),Pechay (Baguio),,kg,,89.53,3,ocr_row_aligned,2024\Weekly-Average-Prices-December-9-14-2024.pdf
2024-12-09,2024-12-14,Pechay (Native),Pechay (Native),,kg,,90.22,3,ocr_row_aligned,2024\Weekly-Average-Prices-December-9-14-2024.pdf
2024-12-09,2024-12-14,Red Onion,Red Onion,,kg,,111.74,3,ocr_row_aligned,2024\Weekly-Average-Prices-December-9-14-2024.pdf
2024-12-09,2024-12-14,Sitao,Sitao,,kg,,123.5,2,ocr_row_aligned,2024\Weekly-Average-Prices-December-9-14-2024.pdf
2024-12-09,2024-12-14,Squash,Squash,,kg,,21.2,2,ocr_row_aligned,2024\Weekly-Average-Prices-December-9-14-2024.pdf
2024-12-09,2024-12-14,Tomato,Tomato,,kg,,225.79,3,ocr_row_aligned,2024\Weekly-Average-Prices-December-9-14-2024.pdf
2024-12-09,2024-12-14,Watermelon,Watermelon,,kg,,75.0,3,ocr_row_aligned,2024\Weekly-Average-Prices-December-9-14-2024.pdf
2024-12-09,2024-12-14,White Onion,White Onion,,kg,,109.72,3,ocr_row_aligned,2024\Weekly-Average-Prices-December-9-14-2024.pdf
2024-12-09,2024-12-14,White Onion (Imported),White Onion (Imported),,kg,,111.38,3,ocr_row_aligned,2024\Weekly-Average-Prices-December-9-14-2024.pdf
2024-12-09,2024-12-14,White Potato,White Potato,,kg,,155.96,3,ocr_row_aligned,2024\Weekly-Average-Prices-December-9-14-2024.pdf
2024-12-16,2024-12-21,Ampalaya,Ampalaya,,kg,,135.53,3,ocr_row_aligned,2024\Weekly-Average-Prices-December-16-21-2024.pdf
2024-12-16,2024-12-21,Avocado,Avocado,,kg,,403.88,3,ocr_row_aligned,2024\Weekly-Average-Prices-December-16-21-2024.pdf
2024-12-16,2024-12-21,Banana (Lakatan),Banana (Lakatan}),,kg,,106.2,3,ocr_row_aligned,2024\Weekly-Average-Prices-December-16-21-2024.pdf
2024-12-16,2024-12-21,Banana (Latundan),Banana (Latundan),,kg,,74.27,2,ocr_row_aligned,2024\Weekly-Average-Prices-December-16-21-2024.pdf
2024-12-16,2024-12-21,Banana (Saba),Banana (Saba),,kg,,49.41,2,ocr_row_aligned,2024\Weekly-Average-Prices-December-16-21-2024.pdf
2024-12-16,2024-12-21,Cabbage (Rare Ball),Cabbage (Rare Ball},,kg,,94.11,3,ocr_row_aligned,2024\Weekly-Average-Prices-December-16-21-2024.pdf
2024-12-16,2024-12-21,Cabbage (Scorpio),Cabbage (Scorpio),,kg,,102.57,3,ocr_row_aligned,2024\Weekly-Average-Prices-December-16-21-2024.pdf
2024-12-16,2024-12-21,Cabbage (Wonder Ball),Cabbage (Wonder Ball),,kg,,101.6,3,ocr_row_aligned,2024\Weekly-Average-Prices-December-16-21-2024.pdf
2024-12-16,2024-12-21,Calamansi,Calamansi,,kg,,74.43,3,ocr_row_aligned,2024\Weekly-Average-Prices-December-16-21-2024.pdf
2024-12-16,2024-12-21,Carrots,Canots,,kg,,161.55,3,ocr_row_aligned,2024\Weekly-Average-Prices-December-16-21-2024.pdf
2024-12-16,2024-12-21,Eggplant,Eggplant,,kg,,110.7,3,ocr_row_aligned,2024\Weekly-Average-Prices-December-16-21-2024.pdf
2024-12-16,2024-12-21,Garlic (Imported),Garlic (Imported),,kg,,159.6,3,ocr_row_aligned,2024\Weekly-Average-Prices-December-16-21-2024.pdf
2024-12-16,2024-12-21,Garlic (Native),Garlic (Native),,kg,,414.29,2,ocr_row_aligned,2024\Weekly-Average-Prices-December-16-21-2024.pdf
2024-12-16,2024-12-21,Ginger,Ginger,,kg,,257.27,3,ocr_row_aligned,2024\Weekly-Average-Prices-December-16-21-2024.pdf
2024-12-16,2024-12-21,Mango (Carabao),Mango (Carabao),,kg,,214.67,3,ocr_row_aligned,2024\Weekly-Average-Prices-December-16-21-2024.pdf
2024-12-16,2024-12-21,Papaya,Papaya,,kg,,75.47,3,ocr_row_aligned,2024\Weekly-Average-Prices-December-16-21-2024.pdf
2024-12-16,2024-12-21,Pechay (Baguio),Pechay (Baquio),,kg,,84.55,2,ocr_row_aligned,2024\Weekly-Average-Prices-December-16-21-2024.pdf
2024-12-16,2024-12-21,Pechay (Native),Pechay (Native),,kg,,84.73,2,ocr_row_aligned,2024\Weekly-Average-Prices-December-16-21-2024.pdf
2024-12-16,2024-12-21,Red Onion,Red Onion,,kg,,119.19,3,ocr_row_aligned,2024\Weekly-Average-Prices-December-16-21-2024.pdf
2024-12-16,2024-12-21,Red Onion (Imported),Red Onion (Imported),,kg,,140.0,3,ocr_row_aligned,2024\Weekly-Average-Prices-December-16-21-2024.pdf
2024-12-16,2024-12-21,Sitao,Sitao,,kg,,127.35,3,ocr_row_aligned,2024\Weekly-Average-Prices-December-16-21-2024.pdf
2024-12-16,2024-12-21,Squash,Squash,,kg,,52.41,3,ocr_row_aligned,2024\Weekly-Average-Prices-December-16-21-2024.pdf
2024-12-16,2024-12-21,Tomato,Tomato,,kg,,224.51,3,ocr_row_aligned,2024\Weekly-Average-Prices-December-16-21-2024.pdf
2024-12-16,2024-12-21,Watermelon,Watermelon,,kg,,75.06,3,ocr_row_aligned,2024\Weekly-Average-Prices-December-16-21-2024.pdf
2024-12-16,2024-12-21,White Onion,White Onion,,kg,,113.27,3,ocr_row_aligned,2024\Weekly-Average-Prices-December-16-21-2024.pdf
2024-12-16,2024-12-21,White Onion (Imported),White Onion (Imported),,kg,,114.17,3,ocr_row_aligned,2024\Weekly-Average-Prices-December-16-21-2024.pdf
2024-12-16,2024-12-21,White Potato,White Potato,,kg,,151.88,3,ocr_row_aligned,2024\Weekly-Average-Prices-December-16-21-2024.pdf
2024-12-23,2024-12-28,Avocado,Avocado,,kg,,378.8,3,ocr_row_aligned,2024\Weekly-Average-Prices-December-23-28-2024.pdf
2024-12-23,2024-12-28,Banana (Lakatan),Banana (Lakatan,,kg,,105.89,3,ocr_row_aligned,2024\Weekly-Average-Prices-December-23-28-2024.pdf
2024-12-23,2024-12-28,Banana (Saba),Banana (Saba,,kg,,48.54,2,ocr_row_aligned,2024\Weekly-Average-Prices-December-23-28-2024.pdf
2024-12-23,2024-12-28,Cabbage (Rare Ball),Cabbage {Rare Bol,,kg,,106.99,3,ocr_row_aligned,2024\Weekly-Average-Prices-December-23-28-2024.pdf
2024-12-23,2024-12-28,Cabbage (Scorpio),Cabbage {Scorpio,,kg,,113.04,3,ocr_row_aligned,2024\Weekly-Average-Prices-December-23-28-2024.pdf
2024-12-23,2024-12-28,Carrots,Carrots,,kg,,183.8,3,ocr_row_aligned,2024\Weekly-Average-Prices-December-23-28-2024.pdf
2024-12-23,2024-12-28,Garlic (Imported),Garlic {Imported,,kg,,160.27,3,ocr_row_aligned,2024\Weekly-Average-Prices-December-23-28-2024.pdf
2024-12-23,2024-12-28,Garlic (Native),Garlic {Native,,kg,,414.29,2,ocr_row_aligned,2024\Weekly-Average-Prices-December-23-28-2024.pdf
2024-12-23,2024-12-28,Pechay (Baguio),Pechay (Baquio,,kg,,84.94,2,ocr_row_aligned,2024\Weekly-Average-Prices-December-23-28-2024.pdf
2024-12-23,2024-12-28,Pechay (Native),Pechay (Native,,kg,,85.24,2,ocr_row_aligned,2024\Weekly-Average-Prices-December-23-28-2024.pdf
2024-12-23,2024-12-28,Red Onion,Red Onion,,kg,,126.21,2,ocr_row_aligned,2024\Weekly-Average-Prices-December-23-28-2024.pdf
2024-12-23,2024-12-28,Squash,Squash,,kg,,54.43,3,ocr_row_aligned,2024\Weekly-Average-Prices-December-23-28-2024.pdf
2024-12-23,2024-12-28,Tomato,Tomato,,kg,,242.77,2,ocr_row_aligned,2024\Weekly-Average-Prices-December-23-28-2024.pdf
2024-12-23,2024-12-28,Watermelon,Watermelon,,kg,,76.34,3,ocr_row_aligned,2024\Weekly-Average-Prices-December-23-28-2024.pdf
2024-12-23,2024-12-28,White Onion,White Onion,,kg,,116.59,2,ocr_row_aligned,2024\Weekly-Average-Prices-December-23-28-2024.pdf
2024-12-23,2024-12-28,White Onion (Imported),White Onion (Imported,,kg,,113.43,2,ocr_row_aligned,2024\Weekly-Average-Prices-December-23-28-2024.pdf
2024-12-30,2025-01-04,Ampalaya,Ampalaya,,kg,,124.06,3,ocr_row_aligned,2025\Weekly-Average-Prices-December-30-2024-January-4-2025.pdf
2024-12-30,2025-01-04,Banana (Lakatan),Banana (Lakatan),,kg,,106.5,3,ocr_row_aligned,2025\Weekly-Average-Prices-December-30-2024-January-4-2025.pdf
2024-12-30,2025-01-04,Banana (Latundan),Banana (Latundan),,kg,,75.3,2,ocr_row_aligned,2025\Weekly-Average-Prices-December-30-2024-January-4-2025.pdf
2024-12-30,2025-01-04,Banana (Saba),Banana (Saba),,kg,,48.8,3,ocr_row_aligned,2025\Weekly-Average-Prices-December-30-2024-January-4-2025.pdf
2024-12-30,2025-01-04,Cabbage (Rare Ball),Cabbage (Rare Ball),,kg,,108.98,3,ocr_row_aligned,2025\Weekly-Average-Prices-December-30-2024-January-4-2025.pdf
2024-12-30,2025-01-04,Cabbage (Scorpio),Cabbage (Scorpio),,kg,,111.77,2,ocr_row_aligned,2025\Weekly-Average-Prices-December-30-2024-January-4-2025.pdf
2024-12-30,2025-01-04,Cabbage (Wonder Ball),Cabbage (Wonder Ball),,kg,,116.32,3,ocr_row_aligned,2025\Weekly-Average-Prices-December-30-2024-January-4-2025.pdf
2024-12-30,2025-01-04,Calamansi,Calamansi,,kg,,85.28,3,ocr_row_aligned,2025\Weekly-Average-Prices-December-30-2024-January-4-2025.pdf
2024-12-30,2025-01-04,Carrots,Carrots,,kg,,205.37,2,ocr_row_aligned,2025\Weekly-Average-Prices-December-30-2024-January-4-2025.pdf
2024-12-30,2025-01-04,Eggplant,Eggplant,,kg,,130.86,3,ocr_row_aligned,2025\Weekly-Average-Prices-December-30-2024-January-4-2025.pdf
2024-12-30,2025-01-04,Garlic (Imported),Garlic (Imported),,kg,,163.45,3,ocr_row_aligned,2025\Weekly-Average-Prices-December-30-2024-January-4-2025.pdf
2024-12-30,2025-01-04,Garlic (Native),Garlic (Native),,kg,,403.57,3,ocr_row_aligned,2025\Weekly-Average-Prices-December-30-2024-January-4-2025.pdf
2024-12-30,2025-01-04,Ginger,Ginger,,kg,,241.55,3,ocr_row_aligned,2025\Weekly-Average-Prices-December-30-2024-January-4-2025.pdf
2024-12-30,2025-01-04,Mango (Carabao),Mango (Carabao),,kg,,211.56,3,ocr_row_aligned,2025\Weekly-Average-Prices-December-30-2024-January-4-2025.pdf
2024-12-30,2025-01-04,Papaya,Papaya,,kg,,77.88,3,ocr_row_aligned,2025\Weekly-Average-Prices-December-30-2024-January-4-2025.pdf
2024-12-30,2025-01-04,Pechay (Baguio),Pechay (Baguio),,kg,,87.89,4,ocr_row_aligned,2025\Weekly-Average-Prices-December-30-2024-January-4-2025.pdf
2024-12-30,2025-01-04,Pechay (Native),Pechay (Native),,kg,,85.55,3,ocr_row_aligned,2025\Weekly-Average-Prices-December-30-2024-January-4-2025.pdf
2024-12-30,2025-01-04,Red Onion,Red Onion,,kg,,135.43,3,ocr_row_aligned,2025\Weekly-Average-Prices-December-30-2024-January-4-2025.pdf
2024-12-30,2025-01-04,Squash,Squash,,kg,,56.67,3,ocr_row_aligned,2025\Weekly-Average-Prices-December-30-2024-January-4-2025.pdf
2024-12-30,2025-01-04,Tomato,Tomato,,kg,,271.5,3,ocr_row_aligned,2025\Weekly-Average-Prices-December-30-2024-January-4-2025.pdf
2024-12-30,2025-01-04,Watermelon,Watermelon,,kg,,75.29,3,ocr_row_aligned,2025\Weekly-Average-Prices-December-30-2024-January-4-2025.pdf
2024-12-30,2025-01-04,White Onion,White Onion,,kg,,120.0,3,ocr_row_aligned,2025\Weekly-Average-Prices-December-30-2024-January-4-2025.pdf
2024-12-30,2025-01-04,White Potato,White Potato,,kg,,174.4,2,ocr_row_aligned,2025\Weekly-Average-Prices-December-30-2024-January-4-2025.pdf
2025-01-06,2025-01-11,Avocado,Avocado,,kg,,343.91,2,ocr_row_aligned,2025\Weekly-Average-Prices-January-6-11-2025.pdf
2025-01-06,2025-01-11,Banana (Lakatan),Banana (Lakatan],,kg,,107.98,2,ocr_row_aligned,2025\Weekly-Average-Prices-January-6-11-2025.pdf
2025-01-06,2025-01-11,Cabbage (Rare Ball),Cabbage [Rare Ball,,kg,,87.49,2,ocr_row_aligned,2025\Weekly-Average-Prices-January-6-11-2025.pdf
2025-01-06,2025-01-11,Cabbage (Wonder Ball),Cabbage (Wonder Ball,,kg,,102.57,2,ocr_row_aligned,2025\Weekly-Average-Prices-January-6-11-2025.pdf
2025-01-06,2025-01-11,Eggplant,Eggrlont,,kg,,157.2,3,ocr_row_aligned,2025\Weekly-Average-Prices-January-6-11-2025.pdf
2025-01-06,2025-01-11,Garlic (Imported),Garlic {Imported},,kg,,163.05,2,ocr_row_aligned,2025\Weekly-Average-Prices-January-6-11-2025.pdf
2025-01-06,2025-01-11,Garlic (Native),Garlic [Native,,kg,,407.14,2,ocr_row_aligned,2025\Weekly-Average-Prices-January-6-11-2025.pdf
2025-01-06,2025-01-11,Ginger,Ginger,,kg,,224.72,2,ocr_row_aligned,2025\Weekly-Average-Prices-January-6-11-2025.pdf
2025-01-06,2025-01-11,Papaya,Papaya,,kg,,74.86,2,ocr_row_aligned,2025\Weekly-Average-Prices-January-6-11-2025.pdf
2025-01-06,2025-01-11,Pechay (Baguio),Pechay {Baguio,,kg,,81.05,3,ocr_row_aligned,2025\Weekly-Average-Prices-January-6-11-2025.pdf
2025-01-06,2025-01-11,Red Onion,Red Onion,,kg,,141.85,3,ocr_row_aligned,2025\Weekly-Average-Prices-January-6-11-2025.pdf
2025-01-06,2025-01-11,Sitao,Sitao,,kg,,129.36,3,ocr_row_aligned,2025\Weekly-Average-Prices-January-6-11-2025.pdf
2025-01-06,2025-01-11,Tomato,Tomato,,kg,,242.27,3,ocr_row_aligned,2025\Weekly-Average-Prices-January-6-11-2025.pdf
2025-01-06,2025-01-11,White Onion,White Onion,,kg,,129.17,2,ocr_row_aligned,2025\Weekly-Average-Prices-January-6-11-2025.pdf
2025-01-06,2025-01-11,White Potato,White Potato,,kg,,175.78,3,ocr_row_aligned,2025\Weekly-Average-Prices-January-6-11-2025.pdf
2025-01-13,2025-01-18,Ampalaya,Ampalaya,,kg,,165.67,2,ocr_row_aligned,2025\Weekly-Average-Prices-January-13-18-2025.pdf
2025-01-13,2025-01-18,Banana (Latundan),Bonana (latundan,,kg,,73.62,2,ocr_row_aligned,2025\Weekly-Average-Prices-January-13-18-2025.pdf
2025-01-13,2025-01-18,Eggplant,Eagclant,,kg,,165.55,2,ocr_row_aligned,2025\Weekly-Average-Prices-January-13-18-2025.pdf
2025-01-13,2025-01-18,Ginger,Ginger,,kg,,218.98,2,ocr_row_aligned,2025\Weekly-Average-Prices-January-13-18-2025.pdf
2025-01-13,2025-01-18,Watermelon,Watermelon,,kg,,74.62,3,ocr_row_aligned,2025\Weekly-Average-Prices-January-13-18-2025.pdf
2025-01-20,2025-01-25,Avocado,Avocado,,kg,,313.68,2,ocr_row_aligned,2025\Weekly-Average-Prices-January-20-25-2025.pdf
2025-01-20,2025-01-25,Banana (Latundan),Banana fLatundan,,kg,,74.5,2,ocr_row_aligned,2025\Weekly-Average-Prices-January-20-25-2025.pdf
2025-01-20,2025-01-25,Sitao,Sitao,,kg,,124.76,2,ocr_row_aligned,2025\Weekly-Average-Prices-January-20-25-2025.pdf
2025-01-20,2025-01-25,White Onion,White Onion,,kg,,121.6,2,ocr_row_aligned,2025\Weekly-Average-Prices-January-20-25-2025.pdf
2025-01-20,2025-01-25,White Potato,White Potato,,kg,,160.75,2,ocr_row_aligned,2025\Weekly-Average-Prices-January-20-25-2025.pdf
2025-02-03,2025-02-08,Banana (Latundan),Bonand fLatundan,,kg,,73.23,3,ocr_row_aligned,2025\Weekly-Average-Prices-February-3-8-2025.pdf
2025-02-03,2025-02-08,Carrots,Carrots,,kg,,117.67,3,ocr_row_aligned,2025\Weekly-Average-Prices-February-3-8-2025.pdf
2025-02-03,2025-02-08,Pechay (Native),Pechay [Native],,kg,,72.61,2,ocr_row_aligned,2025\Weekly-Average-Prices-February-3-8-2025.pdf
2025-02-03,2025-02-08,Red Onion,Red Onion,,kg,,163.02,2,ocr_row_aligned,2025\Weekly-Average-Prices-February-3-8-2025.pdf
2025-02-03,2025-02-08,Sitao,Ssitao,,kg,,110.75,2,ocr_row_aligned,2025\Weekly-Average-Prices-February-3-8-2025.pdf
2025-02-03,2025-02-08,Tomato,Tomato,,kg,,79.35,2,ocr_row_aligned,2025\Weekly-Average-Prices-February-3-8-2025.pdf
2025-02-03,2025-02-08,Watermelon,Watermelon,,kg,,76.13,3,ocr_row_aligned,2025\Weekly-Average-Prices-February-3-8-2025.pdf
2025-02-03,2025-02-08,White Potato,vihite Potato,,kg,,146.19,3,ocr_row_aligned,2025\Weekly-Average-Prices-February-3-8-2025.pdf
2025-03-24,2025-03-29,Ampalaya,Ampalaya,,kg,,117.75,2,ocr_row_aligned,2025\Weekly-Average-Prices-March-24-29-2025.pdf
2025-03-24,2025-03-29,Avocado,Avocado,,kg,,265.29,2,ocr_row_aligned,2025\Weekly-Average-Prices-March-24-29-2025.pdf
2025-03-24,2025-03-29,Banana (Latundan),Bonang fLatundan,,kg,,73.66,3,ocr_row_aligned,2025\Weekly-Average-Prices-March-24-29-2025.pdf
2025-03-24,2025-03-29,Watermelon,Watermelon,,kg,,75.02,2,ocr_row_aligned,2025\Weekly-Average-Prices-March-24-29-2025.pdf
2025-03-24,2025-03-29,White Onion,White Onion,,kg,,96.06,3,ocr_row_aligned,2025\Weekly-Average-Prices-March-24-29-2025.pdf
2025-03-31,2025-04-05,Banana (Latundan),Bonana [Latundan,,kg,,73.77,2,ocr_row_aligned,2025\Weekly-Average-Prices-March-31-April-5-2025.pdf
2025-03-31,2025-04-05,Pechay (Native),Pechay {Native,,kg,,69.76,3,ocr_row_aligned,2025\Weekly-Average-Prices-March-31-April-5-2025.pdf
2025-03-31,2025-04-05,Red Onion,Red Onion,,kg,,112.78,3,ocr_row_aligned,2025\Weekly-Average-Prices-March-31-April-5-2025.pdf
2025-04-07,2025-04-12,Banana (Latundan),Banana (Latundan,,kg,,74.07,2,ocr_row_aligned,2025\Weekly-Average-Prices-April-7-12-2025.pdf
2025-04-07,2025-04-12,Pechay (Native),Pechay (Native,,kg,,69.93,2,ocr_row_aligned,2025\Weekly-Average-Prices-April-7-12-2025.pdf
2025-04-07,2025-04-12,Sitao,Sitao,,kg,,93.37,2,ocr_row_aligned,2025\Weekly-Average-Prices-April-7-12-2025.pdf
2025-04-07,2025-04-12,White Onion,White Onion,,kg,,95.04,2,ocr_row_aligned,2025\Weekly-Average-Prices-April-7-12-2025.pdf
2025-04-07,2025-04-12,White Potato,White Potato,,kg,,94.07,3,ocr_row_aligned,2025\Weekly-Average-Prices-April-7-12-2025.pdf
2025-04-14,2025-04-16,Avocado,Avocado,,kg,,242.03,3,ocr_row_aligned,2025\Weekly-Average-Prices-April-14-16-2025.pdf
2025-04-14,2025-04-16,Banana (Lakatan),Banana flakatan,,kg,,103.94,3,ocr_row_aligned,2025\Weekly-Average-Prices-April-14-16-2025.pdf
2025-04-14,2025-04-16,Banana (Latundan),Banana flatundan,,kg,,73.34,3,ocr_row_aligned,2025\Weekly-Average-Prices-April-14-16-2025.pdf
2025-04-14,2025-04-16,Mango (Carabao),Mango [Carabao,,kg,,136.42,3,ocr_row_aligned,2025\Weekly-Average-Prices-April-14-16-2025.pdf
2025-04-14,2025-04-16,Papaya,Papaya,,kg,,72.21,3,ocr_row_aligned,2025\Weekly-Average-Prices-April-14-16-2025.pdf
2025-04-14,2025-04-16,Pechay (Native),Pechay [Native,,kg,,74.77,2,ocr_row_aligned,2025\Weekly-Average-Prices-April-14-16-2025.pdf
2025-04-14,2025-04-16,Sitao,Sitao,,kg,,93.74,3,ocr_row_aligned,2025\Weekly-Average-Prices-April-14-16-2025.pdf
2025-04-14,2025-04-16,Squash,Squash,,kg,,49.54,3,ocr_row_aligned,2025\Weekly-Average-Prices-April-14-16-2025.pdf
2025-04-14,2025-04-16,Tomato,Tomato,,kg,,55.84,2,ocr_row_aligned,2025\Weekly-Average-Prices-April-14-16-2025.pdf
2025-04-14,2025-04-16,White Potato,White Potato,,kg,,93.03,3,ocr_row_aligned,2025\Weekly-Average-Prices-April-14-16-2025.pdf
2025-04-21,2025-04-26,Avocado,Avocado,,kg,,249.37,3,ocr_row_aligned,2025\Weekly-Average-Prices-April-21-26-2025.pdf
2025-04-21,2025-04-26,Banana (Lakatan),Banana [Lakatan,,kg,,194.82,2,ocr_row_aligned,2025\Weekly-Average-Prices-April-21-26-2025.pdf
2025-04-21,2025-04-26,Banana (Latundan),Banana [Latundan,,kg,,74.17,2,ocr_row_aligned,2025\Weekly-Average-Prices-April-21-26-2025.pdf
2025-04-21,2025-04-26,Banana (Saba),Banana (Saba,,kg,,49.23,2,ocr_row_aligned,2025\Weekly-Average-Prices-April-21-26-2025.pdf
2025-04-21,2025-04-26,Cabbage (Scorpio),Cabbage [Scorpio,,kg,,114.24,2,ocr_row_aligned,2025\Weekly-Average-Prices-April-21-26-2025.pdf
2025-04-21,2025-04-26,Papaya,Papaya,,kg,,72.94,3,ocr_row_aligned,2025\Weekly-Average-Prices-April-21-26-2025.pdf
2025-04-21,2025-04-26,Pechay (Baguio),Pechay (Baguio,,kg,,93.27,3,ocr_row_aligned,2025\Weekly-Average-Prices-April-21-26-2025.pdf
2025-04-21,2025-04-26,Squash,Squash,,kg,,49.5,2,ocr_row_aligned,2025\Weekly-Average-Prices-April-21-26-2025.pdf
2025-04-21,2025-04-26,Tomato,Tomato,,kg,,64.97,3,ocr_row_aligned,2025\Weekly-Average-Prices-April-21-26-2025.pdf
2025-04-21,2025-04-26,White Potato,White Potato,,kg,,93.21,2,ocr_row_aligned,2025\Weekly-Average-Prices-April-21-26-2025.pdf
2025-04-28,2025-05-03,Ampalaya,Ampalaya 4-5 pcs/kg kg 104.23,,kg,,104.23,,pdfplumber,2025\Weekly-Average-Prices-April-28-May-3-2025.pdf
2025-04-28,2025-05-03,Avocado,Avocado kg 247.25,,kg,,247.25,,pdfplumber,2025\Weekly-Average-Prices-April-28-May-3-2025.pdf
2025-04-28,2025-05-03,Banana (Lakatan),Banana (Lakatan) 8-10 pcs/kg kg 105.33,,kg,,105.33,,pdfplumber,2025\Weekly-Average-Prices-April-28-May-3-2025.pdf
2025-04-28,2025-05-03,Banana (Latundan),Banana (Latundan) 10-12 pcs/kg kg 74.08,,kg,,74.08,,pdfplumber,2025\Weekly-Average-Prices-April-28-May-3-2025.pdf
2025-04-28,2025-05-03,Banana (Saba),Banana (Saba) kg 50.11,,kg,,50.11,,pdfplumber,2025\Weekly-Average-Prices-April-28-May-3-2025.pdf
2025-04-28,2025-05-03,Cabbage (Rare Ball),Cabbage (Rare Ball) 510 gm - 1 kg/head kg 110.55,,kg,,110.55,,pdfplumber,2025\Weekly-Average-Prices-April-28-May-3-2025.pdf
2025-04-28,2025-05-03,Cabbage (Scorpio),Cabbage (Scorpio) 750 gm - 1 kg/head kg 119.26,,kg,,119.26,,pdfplumber,2025\Weekly-Average-Prices-April-28-May-3-2025.pdf
2025-04-28,2025-05-03,Cabbage (Wonder Ball),Cabbage (Wonder Ball) 510 gm - 1 kg/head kg 116.88,,kg,,116.88,,pdfplumber,2025\Weekly-Average-Prices-April-28-May-3-2025.pdf
2025-04-28,2025-05-03,Calamansi,Calamansi kg 121.20,,kg,,121.2,,pdfplumber,2025\Weekly-Average-Prices-April-28-May-3-2025.pdf
2025-04-28,2025-05-03,Carrots,Carrots 8-10 pcs/kg kg 85.28,,kg,,85.28,,pdfplumber,2025\Weekly-Average-Prices-April-28-May-3-2025.pdf
2025-04-28,2025-05-03,Eggplant,Eggplant 3-4 Small Bundles kg 108.05,,kg,,108.05,,pdfplumber,2025\Weekly-Average-Prices-April-28-May-3-2025.pdf
2025-04-28,2025-05-03,Garlic (Imported),Garlic (Imported) kg 156.93,,kg,,156.93,,pdfplumber,2025\Weekly-Average-Prices-April-28-May-3-2025.pdf
2025-04-28,2025-05-03,Garlic (Native),Garlic (Native) kg 410.00,,kg,,410.0,,pdfplumber,2025\Weekly-Average-Prices-April-28-May-3-2025.pdf
2025-04-28,2025-05-03,Ginger,"Ginger Fairly well-matured, Medium (150-300 gm) kg 184.84",,kg,,184.84,,pdfplumber,2025\Weekly-Average-Prices-April-28-May-3-2025.pdf
2025-04-28,2025-05-03,Mango (Carabao),"Mango (Carabao) Ripe, 3-4 pcs/kg kg 138.05",,kg,,138.05,,pdfplumber,2025\Weekly-Average-Prices-April-28-May-3-2025.pdf
2025-04-28,2025-05-03,Papaya,"Papaya Solo, Ripe, 2-3 pcs/kg kg 72.90",,kg,,72.9,,pdfplumber,2025\Weekly-Average-Prices-April-28-May-3-2025.pdf
2025-04-28,2025-05-03,Pechay (Baguio),Pechay (Baguio) kg 89.71,,kg,,89.71,,pdfplumber,2025\Weekly-Average-Prices-April-28-May-3-2025.pdf
2025-04-28,2025-05-03,Pechay (Native),Pechay (Native) 3-4 Small Bundles kg 91.73,,kg,,91.73,,pdfplumber,2025\Weekly-Average-Prices-April-28-May-3-2025.pdf
2025-04-28,2025-05-03,Red Onion,Red Onion 13-15 pcs/kg kg 118.31,,kg,,118.31,,pdfplumber,2025\Weekly-Average-Prices-April-28-May-3-2025.pdf
2025-04-28,2025-05-03,Sitao,Sitao 3-4 Small Bundles kg 105.31,,kg,,105.31,,pdfplumber,2025\Weekly-Average-Prices-April-28-May-3-2025.pdf
2025-04-28,2025-05-03,Squash,Squash Suprema Variety kg 50.01,,kg,,50.01,,pdfplumber,2025\Weekly-Average-Prices-April-28-May-3-2025.pdf
2025-04-28,2025-05-03,Tomato,Tomato 15-18 pcs/kg kg 66.97,,kg,,66.97,,pdfplumber,2025\Weekly-Average-Prices-April-28-May-3-2025.pdf
2025-04-28,2025-05-03,Watermelon,Watermelon kg 73.28,,kg,,73.28,,pdfplumber,2025\Weekly-Average-Prices-April-28-May-3-2025.pdf
2025-04-28,2025-05-03,White Onion,White Onion kg 102.66,,kg,,102.66,,pdfplumber,2025\Weekly-Average-Prices-April-28-May-3-2025.pdf
2025-04-28,2025-05-03,White Onion (Imported),White Onion (Imported) kg 120.16,,kg,,120.16,,pdfplumber,2025\Weekly-Average-Prices-April-28-May-3-2025.pdf
2025-04-28,2025-05-03,White Potato,White Potato 10-12 pcs/kg kg 93.82,,kg,,93.82,,pdfplumber,2025\Weekly-Average-Prices-April-28-May-3-2025.pdf
2025-05-05,2025-05-10,Avocado,Avocado,,kg,,236.99,3,ocr_row_aligned,2025\Weekly-Average-Prices-May-5-10-2025.pdf
2025-05-05,2025-05-10,Eggplant,Eqggplant,,kg,,100.91,2,ocr_row_aligned,2025\Weekly-Average-Prices-May-5-10-2025.pdf
2025-05-05,2025-05-10,Ginger,Ginger,,kg,,194.3,2,ocr_row_aligned,2025\Weekly-Average-Prices-May-5-10-2025.pdf
2025-05-05,2025-05-10,Mango (Carabao),Mango [Carabao,,kg,,135.59,2,ocr_row_aligned,2025\Weekly-Average-Prices-May-5-10-2025.pdf
2025-05-05,2025-05-10,Pechay (Native),Pechay (Native,,kg,,91.81,3,ocr_row_aligned,2025\Weekly-Average-Prices-May-5-10-2025.pdf
2025-05-05,2025-05-10,Watermelon,Watermelon,,kg,,74.25,2,ocr_row_aligned,2025\Weekly-Average-Prices-May-5-10-2025.pdf
2025-05-05,2025-05-10,White Potato,White Potato,,kg,,92.01,2,ocr_row_aligned,2025\Weekly-Average-Prices-May-5-10-2025.pdf
2025-05-12,2025-05-17,Banana (Latundan),Banana (Latundan,,kg,,74.2,2,ocr_row_aligned,2025\Weekly-Average-Prices-May-12-17-2025.pdf
2025-05-12,2025-05-17,Cabbage (Wonder Ball),Cabbage [Wonder Ball,,kg,,105.39,2,ocr_row_aligned,2025\Weekly-Average-Prices-May-12-17-2025.pdf
2025-05-12,2025-05-17,Carrots,Canots,,kg,,37.46,3,ocr_row_aligned,2025\Weekly-Average-Prices-May-12-17-2025.pdf
2025-05-12,2025-05-17,Ginger,Ginger,,kg,,203.1,2,ocr_row_aligned,2025\Weekly-Average-Prices-May-12-17-2025.pdf
2025-05-12,2025-05-17,Pechay (Baguio),Pechay (Baguio,,kg,,87.19,3,ocr_row_aligned,2025\Weekly-Average-Prices-May-12-17-2025.pdf
2025-05-12,2025-05-17,Watermelon,Watermelon,,kg,,74.16,3,ocr_row_aligned,2025\Weekly-Average-Prices-May-12-17-2025.pdf
2025-05-12,2025-05-17,White Potato,vihite Potato,,kg,,90.51,2,ocr_row_aligned,2025\Weekly-Average-Prices-May-12-17-2025.pdf
2025-05-19,2025-05-24,Avocado,Avocado,,kg,,232.2,2,ocr_row_aligned,2025\Weekly-Average-Prices-May-19-24-2025.pdf
2025-05-19,2025-05-24,Banana (Latundan),Banana {Latundan,,kg,,74.17,2,ocr_row_aligned,2025\Weekly-Average-Prices-May-19-24-2025.pdf
2025-05-19,2025-05-24,Papaya,Papaya,,kg,,73.93,3,ocr_row_aligned,2025\Weekly-Average-Prices-May-19-24-2025.pdf
2025-05-19,2025-05-24,Pechay (Baguio),Pechay [Baquio,,kg,,84.21,2,ocr_row_aligned,2025\Weekly-Average-Prices-May-19-24-2025.pdf
2025-05-19,2025-05-24,Pechay (Native),Pechay [Native,,kg,,92.78,2,ocr_row_aligned,2025\Weekly-Average-Prices-May-19-24-2025.pdf
2025-05-19,2025-05-24,Sitao,Sitao,,kg,,105.4,3,ocr_row_aligned,2025\Weekly-Average-Prices-May-19-24-2025.pdf
2025-05-26,2025-05-31,Banana (Lakatan),Bang na (Lakatan,,kg,,104.36,2,ocr_row_aligned,2025\Weekly-Average-Prices-May-26-31-2025.pdf
2025-05-26,2025-05-31,Banana (Latundan),Banana (Latundan,,kg,,73.99,2,ocr_row_aligned,2025\Weekly-Average-Prices-May-26-31-2025.pdf
2025-05-26,2025-05-31,Carrots,Carrots,,kg,,90.25,2,ocr_row_aligned,2025\Weekly-Average-Prices-May-26-31-2025.pdf
2025-05-26,2025-05-31,Ginger,Ginger,,kg,,213.61,2,ocr_row_aligned,2025\Weekly-Average-Prices-May-26-31-2025.pdf
2025-05-26,2025-05-31,Mango (Carabao),Mango (Car bao,,kg,,133.15,2,ocr_row_aligned,2025\Weekly-Average-Prices-May-26-31-2025.pdf
2025-05-26,2025-05-31,Tomato,Tomato,,kg,,71.4,2,ocr_row_aligned,2025\Weekly-Average-Prices-May-26-31-2025.pdf
2025-05-26,2025-05-31,White Onion (Imported),White Onion {imported,,kg,,140.0,2,ocr_row_aligned,2025\Weekly-Average-Prices-May-26-31-2025.pdf
2025-06-02,2025-06-07,Banana (Lakatan),Bana na [Lakatan,,kg,,104.11,3,ocr_row_aligned,2025\Weekly-Average-Prices-June-2-7-2025.pdf
2025-06-02,2025-06-07,Banana (Latundan),Band na (Latundan,,kg,,73.53,2,ocr_row_aligned,2025\Weekly-Average-Prices-June-2-7-2025.pdf
2025-06-02,2025-06-07,Carrots,Carrots,,kg,,89.57,2,ocr_row_aligned,2025\Weekly-Average-Prices-June-2-7-2025.pdf
2025-06-02,2025-06-07,Garlic (Native),Garic (Native,,kg,,14.29,2,ocr_row_aligned,2025\Weekly-Average-Prices-June-2-7-2025.pdf
2025-06-02,2025-06-07,Mango (Carabao),Mango (Car bao,,kg,,133.73,2,ocr_row_aligned,2025\Weekly-Average-Prices-June-2-7-2025.pdf
2025-06-02,2025-06-07,Pechay (Native),Pechay [Native,,kg,,87.61,2,ocr_row_aligned,2025\Weekly-Average-Prices-June-2-7-2025.pdf
2025-06-02,2025-06-07,Tomato,Tomato,,kg,,66.2,3,ocr_row_aligned,2025\Weekly-Average-Prices-June-2-7-2025.pdf
2025-06-02,2025-06-07,White Onion (Imported),White Onion (imported,,kg,,120.7,3,ocr_row_aligned,2025\Weekly-Average-Prices-June-2-7-2025.pdf
2025-06-09,2025-06-14,Ampalaya,Ampalaya 4-5 pcs/kg kg 100.49,,kg,,100.49,,pdfplumber,2025\Weekly-Average-Prices-June-9-14-2025.pdf
2025-06-09,2025-06-14,Avocado,Avocado kg 234.51,,kg,,234.51,,pdfplumber,2025\Weekly-Average-Prices-June-9-14-2025.pdf
2025-06-09,2025-06-14,Banana (Lakatan),Banana (Lakatan) 8-10 pcs/kg kg 104.83,,kg,,104.83,,pdfplumber,2025\Weekly-Average-Prices-June-9-14-2025.pdf
2025-06-09,2025-06-14,Banana (Latundan),Banana (Latundan) 10-12 pcs/kg kg 74.59,,kg,,74.59,,pdfplumber,2025\Weekly-Average-Prices-June-9-14-2025.pdf
2025-06-09,2025-06-14,Banana (Saba),Banana (Saba) kg 51.08,,kg,,51.08,,pdfplumber,2025\Weekly-Average-Prices-June-9-14-2025.pdf
2025-06-09,2025-06-14,Cabbage (Rare Ball),Cabbage (Rare Ball) 510 gm - 1 kg/head kg 79.06,,kg,,79.06,,pdfplumber,2025\Weekly-Average-Prices-June-9-14-2025.pdf
2025-06-09,2025-06-14,Cabbage (Scorpio),Cabbage (Scorpio) 750 gm - 1 kg/head kg 98.01,,kg,,98.01,,pdfplumber,2025\Weekly-Average-Prices-June-9-14-2025.pdf
2025-06-09,2025-06-14,Cabbage (Wonder Ball),Cabbage (Wonder Ball) 510 gm - 1 kg/head kg 91.41,,kg,,91.41,,pdfplumber,2025\Weekly-Average-Prices-June-9-14-2025.pdf
2025-06-09,2025-06-14,Calamansi,Calamansi kg 107.09,,kg,,107.09,,pdfplumber,2025\Weekly-Average-Prices-June-9-14-2025.pdf
2025-06-09,2025-06-14,Carrots,Carrots 8-10 pcs/kg kg 90.33,,kg,,90.33,,pdfplumber,2025\Weekly-Average-Prices-June-9-14-2025.pdf
2025-06-09,2025-06-14,Eggplant,Eggplant 3-4 Small Bundles kg 87.43,,kg,,87.43,,pdfplumber,2025\Weekly-Average-Prices-June-9-14-2025.pdf
2025-06-09,2025-06-14,Garlic (Imported),Garlic (Imported) kg 157.79,,kg,,157.79,,pdfplumber,2025\Weekly-Average-Prices-June-9-14-2025.pdf
2025-06-09,2025-06-14,Garlic (Native),Garlic (Native) kg 414.29,,kg,,414.29,,pdfplumber,2025\Weekly-Average-Prices-June-9-14-2025.pdf
2025-06-09,2025-06-14,Ginger,"Ginger Fairly well-matured, Medium (150-300 gm) kg 213.78",,kg,,213.78,,pdfplumber,2025\Weekly-Average-Prices-June-9-14-2025.pdf
2025-06-09,2025-06-14,Mango (Carabao),"Mango (Carabao) Ripe, 3-4 pcs/kg kg 142.54",,kg,,142.54,,pdfplumber,2025\Weekly-Average-Prices-June-9-14-2025.pdf
2025-06-09,2025-06-14,Papaya,"Papaya Solo, Ripe, 2-3 pcs/kg kg 73.05",,kg,,73.05,,pdfplumber,2025\Weekly-Average-Prices-June-9-14-2025.pdf
2025-06-09,2025-06-14,Pechay (Baguio),Pechay (Baguio) kg 80.61,,kg,,80.61,,pdfplumber,2025\Weekly-Average-Prices-June-9-14-2025.pdf
2025-06-09,2025-06-14,Pechay (Native),Pechay (Native) 3-4 Small Bundles kg 88.68,,kg,,88.68,,pdfplumber,2025\Weekly-Average-Prices-June-9-14-2025.pdf
2025-06-09,2025-06-14,Red Onion,Red Onion 13-15 pcs/kg kg 131.76,,kg,,131.76,,pdfplumber,2025\Weekly-Average-Prices-June-9-14-2025.pdf
2025-06-09,2025-06-14,Sitao,Sitao 3-4 Small Bundles kg 118.99,,kg,,118.99,,pdfplumber,2025\Weekly-Average-Prices-June-9-14-2025.pdf
2025-06-09,2025-06-14,Squash,Squash Suprema Variety kg 50.64,,kg,,50.64,,pdfplumber,2025\Weekly-Average-Prices-June-9-14-2025.pdf
2025-06-09,2025-06-14,Tomato,Tomato 15-18 pcs/kg kg 70.02,,kg,,70.02,,pdfplumber,2025\Weekly-Average-Prices-June-9-14-2025.pdf
2025-06-09,2025-06-14,Watermelon,Watermelon kg 73.30,,kg,,73.3,,pdfplumber,2025\Weekly-Average-Prices-June-9-14-2025.pdf
2025-06-09,2025-06-14,White Onion,White Onion kg 107.51,,kg,,107.51,,pdfplumber,2025\Weekly-Average-Prices-June-9-14-2025.pdf
2025-06-09,2025-06-14,White Onion (Imported),White Onion (Imported) kg 140.00,,kg,,140.0,,pdfplumber,2025\Weekly-Average-Prices-June-9-14-2025.pdf
2025-06-09,2025-06-14,White Potato,White Potato 10-12 pcs/kg kg 85.23,,kg,,85.23,,pdfplumber,2025\Weekly-Average-Prices-June-9-14-2025.pdf
2025-06-16,2025-06-21,Avocado,Avocado,,kg,,230.5,3,ocr_row_aligned,2025\Weekly-Average-Prices-June-16-21-2025.pdf
2025-06-16,2025-06-21,Banana (Latundan),Banana (Latundan,,kg,,73.96,3,ocr_row_aligned,2025\Weekly-Average-Prices-June-16-21-2025.pdf
2025-06-16,2025-06-21,Calamansi,Calamansi,,kg,,108.29,2,ocr_row_aligned,2025\Weekly-Average-Prices-June-16-21-2025.pdf
2025-06-16,2025-06-21,Eggplant,Eggplant,,kg,,104.42,3,ocr_row_aligned,2025\Weekly-Average-Prices-June-16-21-2025.pdf
2025-06-16,2025-06-21,Mango (Carabao),Mango {Cav’abao,,kg,,144.52,2,ocr_row_aligned,2025\Weekly-Average-Prices-June-16-21-2025.pdf
2025-06-16,2025-06-21,Papaya,Papaya,,kg,,72.52,3,ocr_row_aligned,2025\Weekly-Average-Prices-June-16-21-2025.pdf
2025-06-16,2025-06-21,Pechay (Native),Pechay {Native,,kg,,88.65,2,ocr_row_aligned,2025\Weekly-Average-Prices-June-16-21-2025.pdf
2025-06-16,2025-06-21,Sitao,Sitao,,kg,,114.73,2,ocr_row_aligned,2025\Weekly-Average-Prices-June-16-21-2025.pdf
2025-06-16,2025-06-21,Tomato,Tomato,,kg,,69.64,2,ocr_row_aligned,2025\Weekly-Average-Prices-June-16-21-2025.pdf
2025-06-16,2025-06-21,White Onion,White Onion,,kg,,106.77,2,ocr_row_aligned,2025\Weekly-Average-Prices-June-16-21-2025.pdf
2025-06-23,2025-06-28,Ampalaya,Ampalaya,,kg,,124.79,2,ocr_row_aligned,2025\Weekly-Average-Prices-June-23-28-2025.pdf
2025-06-23,2025-06-28,Avocado,Avocado,,kg,,207.43,3,ocr_row_aligned,2025\Weekly-Average-Prices-June-23-28-2025.pdf
2025-06-23,2025-06-28,Banana (Latundan),Bonana (Latundan,,kg,,74.38,2,ocr_row_aligned,2025\Weekly-Average-Prices-June-23-28-2025.pdf
2025-06-23,2025-06-28,Calamansi,Calamansi,,kg,,106.36,2,ocr_row_aligned,2025\Weekly-Average-Prices-June-23-28-2025.pdf
2025-06-23,2025-06-28,Papaya,Papaya,,kg,,74.27,2,ocr_row_aligned,2025\Weekly-Average-Prices-June-23-28-2025.pdf
2025-06-23,2025-06-28,Pechay (Baguio),Pechay [Baquio,,kg,,79.56,2,ocr_row_aligned,2025\Weekly-Average-Prices-June-23-28-2025.pdf
2025-06-23,2025-06-28,Red Onion,Red Onion,,kg,,133.29,2,ocr_row_aligned,2025\Weekly-Average-Prices-June-23-28-2025.pdf
2025-06-23,2025-06-28,Squash,Squash,,kg,,49.34,2,ocr_row_aligned,2025\Weekly-Average-Prices-June-23-28-2025.pdf
2025-06-23,2025-06-28,Tomato,Tomato,,kg,,67.43,2,ocr_row_aligned,2025\Weekly-Average-Prices-June-23-28-2025.pdf
2025-06-23,2025-06-28,White Potato,White Potato,,kg,,34.42,2,ocr_row_aligned,2025\Weekly-Average-Prices-June-23-28-2025.pdf
2025-06-30,2025-07-05,Ampalaya,Ampalaya,,kg,,123.65,3,ocr_row_aligned,2025\Weekly-Average-Prices-June-30-July-5-2025.pdf
2025-06-30,2025-07-05,Avocado,Avocado,,kg,,200.31,2,ocr_row_aligned,2025\Weekly-Average-Prices-June-30-July-5-2025.pdf
2025-06-30,2025-07-05,Banana (Lakatan),Banana [(Lakatan,,kg,,102.63,3,ocr_row_aligned,2025\Weekly-Average-Prices-June-30-July-5-2025.pdf
2025-06-30,2025-07-05,Banana (Latundan),Bonana (Latundan,,kg,,74.85,2,ocr_row_aligned,2025\Weekly-Average-Prices-June-30-July-5-2025.pdf
2025-06-30,2025-07-05,Banana (Saba),Banana (Saba,,kg,,1.34,2,ocr_row_aligned,2025\Weekly-Average-Prices-June-30-July-5-2025.pdf
2025-06-30,2025-07-05,Eggplant,Eqaplant,,kg,,120.06,2,ocr_row_aligned,2025\Weekly-Average-Prices-June-30-July-5-2025.pdf
2025-06-30,2025-07-05,Mango (Carabao),Mango (Ca’abao,,kg,,155.47,3,ocr_row_aligned,2025\Weekly-Average-Prices-June-30-July-5-2025.pdf
2025-06-30,2025-07-05,Papaya,Papaya,,kg,,74.49,3,ocr_row_aligned,2025\Weekly-Average-Prices-June-30-July-5-2025.pdf
2025-06-30,2025-07-05,Pechay (Baguio),Pechay (Baquio,,kg,,73.98,3,ocr_row_aligned,2025\Weekly-Average-Prices-June-30-July-5-2025.pdf
2025-06-30,2025-07-05,Pechay (Native),Pechay (Native,,kg,,87.87,2,ocr_row_aligned,2025\Weekly-Average-Prices-June-30-July-5-2025.pdf
2025-06-30,2025-07-05,Sitao,sitao,,kg,,118.22,3,ocr_row_aligned,2025\Weekly-Average-Prices-June-30-July-5-2025.pdf
2025-06-30,2025-07-05,White Onion,White Onion,,kg,,118.67,2,ocr_row_aligned,2025\Weekly-Average-Prices-June-30-July-5-2025.pdf
2025-07-07,2025-07-12,Banana (Latundan),Bonana [Latundan,,kg,,75.36,3,ocr_row_aligned,2025\Weekly-Average-Prices-July-7-12-2025.pdf
2025-07-07,2025-07-12,Banana (Saba),Banana (Saba,,kg,,2.95,2,ocr_row_aligned,2025\Weekly-Average-Prices-July-7-12-2025.pdf
2025-07-07,2025-07-12,Cabbage (Rare Ball),Cabbage (Rare Ball,,kg,,72.68,3,ocr_row_aligned,2025\Weekly-Average-Prices-July-7-12-2025.pdf
2025-07-07,2025-07-12,Carrots,Carrots,,kg,,95.4,2,ocr_row_aligned,2025\Weekly-Average-Prices-July-7-12-2025.pdf
2025-07-07,2025-07-12,Ginger,Ginger,,kg,,203.24,2,ocr_row_aligned,2025\Weekly-Average-Prices-July-7-12-2025.pdf
2025-07-07,2025-07-12,Papaya,Papaya,,kg,,72.57,2,ocr_row_aligned,2025\Weekly-Average-Prices-July-7-12-2025.pdf
2025-07-07,2025-07-12,Pechay (Baguio),Pechay [Baguio,,kg,,76.63,2,ocr_row_aligned,2025\Weekly-Average-Prices-July-7-12-2025.pdf
2025-07-07,2025-07-12,Sitao,Sitao,,kg,,112.65,3,ocr_row_aligned,2025\Weekly-Average-Prices-July-7-12-2025.pdf
2025-07-07,2025-07-12,Tomato,Tomato,,kg,,64.63,3,ocr_row_aligned,2025\Weekly-Average-Prices-July-7-12-2025.pdf
2025-07-07,2025-07-12,Watermelon,Watermelon,,kg,,73.97,2,ocr_row_aligned,2025\Weekly-Average-Prices-July-7-12-2025.pdf
2025-07-07,2025-07-12,White Onion,White Onion,,kg,,120.15,3,ocr_row_aligned,2025\Weekly-Average-Prices-July-7-12-2025.pdf
2025-07-07,2025-07-12,White Potato,White Potato,,kg,,83.94,2,ocr_row_aligned,2025\Weekly-Average-Prices-July-7-12-2025.pdf
2025-07-14,2025-07-19,Ampalaya,Ampalaya,,kg,,132.68,2,ocr_row_aligned,2025\Weekly-Average-Prices-July-14-19-2025.pdf
2025-07-14,2025-07-19,Avocado,Avocado,,kg,,163.54,2,ocr_row_aligned,2025\Weekly-Average-Prices-July-14-19-2025.pdf
2025-07-14,2025-07-19,Banana (Saba),Banana (Saba,,kg,,52.6,2,ocr_row_aligned,2025\Weekly-Average-Prices-July-14-19-2025.pdf
2025-07-14,2025-07-19,Calamansi,Calamansi,,kg,,93.04,2,ocr_row_aligned,2025\Weekly-Average-Prices-July-14-19-2025.pdf
2025-07-14,2025-07-19,Eggplant,Eqaplant,,kg,,114.4,3,ocr_row_aligned,2025\Weekly-Average-Prices-July-14-19-2025.pdf
2025-07-14,2025-07-19,Mango (Carabao),Mango (Ca’abao,,kg,,162.14,2,ocr_row_aligned,2025\Weekly-Average-Prices-July-14-19-2025.pdf
2025-07-14,2025-07-19,Red Onion,Red Onion,,kg,,142.14,3,ocr_row_aligned,2025\Weekly-Average-Prices-July-14-19-2025.pdf
2025-07-14,2025-07-19,Tomato,Tomato,,kg,,62.6,3,ocr_row_aligned,2025\Weekly-Average-Prices-July-14-19-2025.pdf
2025-07-14,2025-07-19,White Onion,White Onion,,kg,,123.33,2,ocr_row_aligned,2025\Weekly-Average-Prices-July-14-19-2025.pdf
2025-07-14,2025-07-19,White Potato,White Potato,,kg,,34.57,2,ocr_row_aligned,2025\Weekly-Average-Prices-July-14-19-2025.pdf
2025-07-21,2025-07-26,Ampalaya,Ampalaya,,kg,,135.53,2,ocr_row_aligned,2025\Weekly-Average-Prices-July-21-26-2025.pdf
2025-07-21,2025-07-26,Banana (Lakatan),Banana (Lakatan,,kg,,102.72,2,ocr_row_aligned,2025\Weekly-Average-Prices-July-21-26-2025.pdf
2025-07-21,2025-07-26,Calamansi,Calamansi,,kg,,93.67,2,ocr_row_aligned,2025\Weekly-Average-Prices-July-21-26-2025.pdf
2025-07-21,2025-07-26,Carrots,Carrots,,kg,,135.6,2,ocr_row_aligned,2025\Weekly-Average-Prices-July-21-26-2025.pdf
2025-07-21,2025-07-26,Eggplant,Egaplant,,kg,,135.73,2,ocr_row_aligned,2025\Weekly-Average-Prices-July-21-26-2025.pdf
2025-07-21,2025-07-26,Papaya,Papaya,,kg,,70.59,2,ocr_row_aligned,2025\Weekly-Average-Prices-July-21-26-2025.pdf
2025-07-21,2025-07-26,Pechay (Native),Pechay (Native,,kg,,96.19,2,ocr_row_aligned,2025\Weekly-Average-Prices-July-21-26-2025.pdf
2025-07-21,2025-07-26,Red Onion,Red Onion,,kg,,145.73,3,ocr_row_aligned,2025\Weekly-Average-Prices-July-21-26-2025.pdf
2025-07-21,2025-07-26,Sitao,Sitao,,kg,,121.36,2,ocr_row_aligned,2025\Weekly-Average-Prices-July-21-26-2025.pdf
2025-07-21,2025-07-26,Tomato,Tomato,,kg,,62.65,3,ocr_row_aligned,2025\Weekly-Average-Prices-July-21-26-2025.pdf
2025-07-21,2025-07-26,White Onion,White Onion,,kg,,133.93,2,ocr_row_aligned,2025\Weekly-Average-Prices-July-21-26-2025.pdf
2025-07-28,2025-08-02,Avocado,Avocado,,kg,,161.36,2,ocr_row_aligned,2025\Weekly-Average-Prices-July-28-August-2-2025.pdf
2025-07-28,2025-08-02,Banana (Lakatan),Banana (Lakatan,,kg,,101.44,2,ocr_row_aligned,2025\Weekly-Average-Prices-July-28-August-2-2025.pdf
2025-07-28,2025-08-02,Banana (Latundan),Banona {Latundan,,kg,,75.28,2,ocr_row_aligned,2025\Weekly-Average-Prices-July-28-August-2-2025.pdf
2025-07-28,2025-08-02,Banana (Saba),Banana (Saba,,kg,,2.53,2,ocr_row_aligned,2025\Weekly-Average-Prices-July-28-August-2-2025.pdf
2025-07-28,2025-08-02,Cabbage (Rare Ball),Cabbage [Rare Ball,,kg,,104.05,2,ocr_row_aligned,2025\Weekly-Average-Prices-July-28-August-2-2025.pdf
2025-07-28,2025-08-02,Mango (Carabao),Mango (Ca'abao,,kg,,168.15,2,ocr_row_aligned,2025\Weekly-Average-Prices-July-28-August-2-2025.pdf
2025-07-28,2025-08-02,Pechay (Baguio),Pechay {Baquio,,kg,,113.66,2,ocr_row_aligned,2025\Weekly-Average-Prices-July-28-August-2-2025.pdf
2025-07-28,2025-08-02,Red Onion,Red Onion,,kg,,143.79,2,ocr_row_aligned,2025\Weekly-Average-Prices-July-28-August-2-2025.pdf
2025-07-28,2025-08-02,Sitao,Sitao,,kg,,137.43,2,ocr_row_aligned,2025\Weekly-Average-Prices-July-28-August-2-2025.pdf
2025-07-28,2025-08-02,Tomato,Tomato,,kg,,76.33,2,ocr_row_aligned,2025\Weekly-Average-Prices-July-28-August-2-2025.pdf
2025-08-04,2025-08-09,Banana (Latundan),Banana (Latundan,,kg,,74.59,3,ocr_row_aligned,2025\Weekly-Average-Prices-August-4-9-2025.pdf
2025-08-04,2025-08-09,Calamansi,Calamansi,,kg,,96.96,3,ocr_row_aligned,2025\Weekly-Average-Prices-August-4-9-2025.pdf
2025-08-04,2025-08-09,Papaya,Papaya,,kg,,71.07,2,ocr_row_aligned,2025\Weekly-Average-Prices-August-4-9-2025.pdf
2025-08-04,2025-08-09,Pechay (Baguio),Pechay {Baquio,,kg,,166.64,3,ocr_row_aligned,2025\Weekly-Average-Prices-August-4-9-2025.pdf
2025-08-04,2025-08-09,Red Onion,Red Onion,,kg,,152.75,2,ocr_row_aligned,2025\Weekly-Average-Prices-August-4-9-2025.pdf
2025-08-04,2025-08-09,Squash,Squash,,kg,,73.49,3,ocr_row_aligned,2025\Weekly-Average-Prices-August-4-9-2025.pdf
2025-08-04,2025-08-09,Tomato,Tomato,,kg,,77.18,3,ocr_row_aligned,2025\Weekly-Average-Prices-August-4-9-2025.pdf
2025-08-04,2025-08-09,White Onion,White Onion,,kg,,146.9,3,ocr_row_aligned,2025\Weekly-Average-Prices-August-4-9-2025.pdf
2025-08-11,2025-08-16,Ampalaya,Ampalaya,,kg,,171.76,2,ocr_row_aligned,2025\Weekly-Average-Prices-August-11-16-2025.pdf
2025-08-11,2025-08-16,Avocado,Avocado,,kg,,169.67,2,ocr_row_aligned,2025\Weekly-Average-Prices-August-11-16-2025.pdf
2025-08-11,2025-08-16,Banana (Latundan),Banana {Latundan,,kg,,74.68,2,ocr_row_aligned,2025\Weekly-Average-Prices-August-11-16-2025.pdf
2025-08-11,2025-08-16,Papaya,Papaya,,kg,,71.94,2,ocr_row_aligned,2025\Weekly-Average-Prices-August-11-16-2025.pdf
2025-08-11,2025-08-16,Pechay (Native),Pechay (Native,,kg,,133.34,2,ocr_row_aligned,2025\Weekly-Average-Prices-August-11-16-2025.pdf
2025-08-11,2025-08-16,Red Onion,Red Onion,,kg,,14.63,2,ocr_row_aligned,2025\Weekly-Average-Prices-August-11-16-2025.pdf
2025-08-11,2025-08-16,Sitao,Sitao,,kg,,127.9,2,ocr_row_aligned,2025\Weekly-Average-Prices-August-11-16-2025.pdf
2025-08-11,2025-08-16,Squash,Squash,,kg,,84.69,2,ocr_row_aligned,2025\Weekly-Average-Prices-August-11-16-2025.pdf
2025-08-11,2025-08-16,Tomato,Tomato,,kg,,76.44,2,ocr_row_aligned,2025\Weekly-Average-Prices-August-11-16-2025.pdf
2025-08-11,2025-08-16,White Potato,White Potato,,kg,,97.27,2,ocr_row_aligned,2025\Weekly-Average-Prices-August-11-16-2025.pdf
2025-08-18,2025-08-23,Cabbage (Wonder Ball),Cabbage (Wonder Ball,,kg,,183.46,2,ocr_row_aligned,2025\Weekly-Average-Prices-August-18-23-2025.pdf
2025-08-18,2025-08-23,Ginger,Ginger,,kg,,198.23,2,ocr_row_aligned,2025\Weekly-Average-Prices-August-18-23-2025.pdf
2025-08-18,2025-08-23,Mango (Carabao),Mangos (Com bao,,kg,,194.91,2,ocr_row_aligned,2025\Weekly-Average-Prices-August-18-23-2025.pdf
2025-08-18,2025-08-23,Pechay (Baguio),Pechay [Baguio,,kg,,169.89,3,ocr_row_aligned,2025\Weekly-Average-Prices-August-18-23-2025.pdf
2025-08-18,2025-08-23,Pechay (Native),Pechay [Native,,kg,,107.06,2,ocr_row_aligned,2025\Weekly-Average-Prices-August-18-23-2025.pdf
2025-08-18,2025-08-23,Red Onion,Red Onion,,kg,,155.47,3,ocr_row_aligned,2025\Weekly-Average-Prices-August-18-23-2025.pdf
2025-08-18,2025-08-23,White Potato,Vihite Potato,,kg,,95.61,2,ocr_row_aligned,2025\Weekly-Average-Prices-August-18-23-2025.pdf
2025-08-25,2025-08-30,Banana (Lakatan),Bonand (Lakatan,,kg,,100.16,2,ocr_row_aligned,2025\Weekly-Average-Prices-August-25-30-2025.pdf
2025-08-25,2025-08-30,Banana (Latundan),Bondna [(Latundan,,kg,,75.52,2,ocr_row_aligned,2025\Weekly-Average-Prices-August-25-30-2025.pdf
2025-08-25,2025-08-30,Cabbage (Scorpio),Cabbage (Scorpio,,kg,,135.44,2,ocr_row_aligned,2025\Weekly-Average-Prices-August-25-30-2025.pdf
2025-08-25,2025-08-30,Garlic (Imported),Garic {imported,,kg,,156.41,3,ocr_row_aligned,2025\Weekly-Average-Prices-August-25-30-2025.pdf
2025-08-25,2025-08-30,Papaya,Papaya,,kg,,70.11,3,ocr_row_aligned,2025\Weekly-Average-Prices-August-25-30-2025.pdf
2025-08-25,2025-08-30,Tomato,Tomato,,kg,,93.01,2,ocr_row_aligned,2025\Weekly-Average-Prices-August-25-30-2025.pdf
2025-08-25,2025-08-30,Watermelon,Watermelon,,kg,,74.11,2,ocr_row_aligned,2025\Weekly-Average-Prices-August-25-30-2025.pdf
2025-08-25,2025-08-30,White Potato,White Potato,,kg,,95.45,3,ocr_row_aligned,2025\Weekly-Average-Prices-August-25-30-2025.pdf
2025-09-01,2025-09-06,Ampalaya,Ampalaya,,kg,,105.39,3,ocr_row_aligned,2025\Weekly-Average-Prices-September-1-6-2025.pdf
2025-09-01,2025-09-06,Avocado,Avocado,,kg,,208.21,2,ocr_row_aligned,2025\Weekly-Average-Prices-September-1-6-2025.pdf
2025-09-01,2025-09-06,Mango (Carabao),Mango,,kg,,200.33,3,ocr_row_aligned,2025\Weekly-Average-Prices-September-1-6-2025.pdf
2025-09-01,2025-09-06,Papaya,Papaya,,kg,,67.4,2,ocr_row_aligned,2025\Weekly-Average-Prices-September-1-6-2025.pdf
2025-09-01,2025-09-06,Pechay (Native),Pechay {Native,,kg,,95.33,2,ocr_row_aligned,2025\Weekly-Average-Prices-September-1-6-2025.pdf
2025-09-01,2025-09-06,Red Onion,Red Onion,,kg,,156.05,3,ocr_row_aligned,2025\Weekly-Average-Prices-September-1-6-2025.pdf
2025-09-01,2025-09-06,Sitao,Sitao,,kg,,106.13,3,ocr_row_aligned,2025\Weekly-Average-Prices-September-1-6-2025.pdf
2025-09-01,2025-09-06,Tomato,Tomato,,kg,,130.56,2,ocr_row_aligned,2025\Weekly-Average-Prices-September-1-6-2025.pdf
2025-09-01,2025-09-06,White Potato,White Potato,,kg,,93.68,2,ocr_row_aligned,2025\Weekly-Average-Prices-September-1-6-2025.pdf
2025-09-08,2025-09-13,Avocado,Avocado,,kg,,233.71,2,ocr_row_aligned,2025\Weekly-Average-Prices-September-8-13-2025.pdf
2025-09-08,2025-09-13,Banana (Latundan),Banana (Latundan,,kg,,75.0,3,ocr_row_aligned,2025\Weekly-Average-Prices-September-8-13-2025.pdf
2025-09-08,2025-09-13,Calamansi,Calamansi,,kg,,80.36,2,ocr_row_aligned,2025\Weekly-Average-Prices-September-8-13-2025.pdf
2025-09-08,2025-09-13,Mango (Carabao),Mango (Ca‘abao,,kg,,200.33,3,ocr_row_aligned,2025\Weekly-Average-Prices-September-8-13-2025.pdf
2025-09-08,2025-09-13,Red Onion,Red Onion,,kg,,156.46,2,ocr_row_aligned,2025\Weekly-Average-Prices-September-8-13-2025.pdf
2025-09-08,2025-09-13,Squash,Squash,,kg,,30.64,2,ocr_row_aligned,2025\Weekly-Average-Prices-September-8-13-2025.pdf
2025-09-15,2025-09-20,Ampalaya,Ampalaya 4-5 pcs/kg kg 121.68,,kg,,121.68,,pdfplumber,2025\Weekly-Average-Prices-September-15-20-2025.pdf
2025-09-15,2025-09-20,Avocado,Avocado kg 282.03,,kg,,282.03,,pdfplumber,2025\Weekly-Average-Prices-September-15-20-2025.pdf
2025-09-15,2025-09-20,Banana (Lakatan),Banana (Lakatan) 8-10 pcs/kg kg 98.58,,kg,,98.58,,pdfplumber,2025\Weekly-Average-Prices-September-15-20-2025.pdf
2025-09-15,2025-09-20,Banana (Latundan),Banana (Latundan) 10-12 pcs/kg kg 74.61,,kg,,74.61,,pdfplumber,2025\Weekly-Average-Prices-September-15-20-2025.pdf
2025-09-15,2025-09-20,Banana (Saba),Banana (Saba) kg 52.11,,kg,,52.11,,pdfplumber,2025\Weekly-Average-Prices-September-15-20-2025.pdf
2025-09-15,2025-09-20,Cabbage (Rare Ball),Cabbage (Rare Ball) 510 gm - 1 kg/head kg 79.01,,kg,,79.01,,pdfplumber,2025\Weekly-Average-Prices-September-15-20-2025.pdf
2025-09-15,2025-09-20,Cabbage (Scorpio),Cabbage (Scorpio) 750 gm - 1 kg/head kg 88.60,,kg,,88.6,,pdfplumber,2025\Weekly-Average-Prices-September-15-20-2025.pdf
2025-09-15,2025-09-20,Cabbage (Wonder Ball),Cabbage (Wonder Ball) 510 gm - 1 kg/head kg 87.16,,kg,,87.16,,pdfplumber,2025\Weekly-Average-Prices-September-15-20-2025.pdf
2025-09-15,2025-09-20,Calamansi,Calamansi kg 77.92,,kg,,77.92,,pdfplumber,2025\Weekly-Average-Prices-September-15-20-2025.pdf
2025-09-15,2025-09-20,Carrots,Carrots 8-10 pcs/kg kg 259.35,,kg,,259.35,,pdfplumber,2025\Weekly-Average-Prices-September-15-20-2025.pdf
2025-09-15,2025-09-20,Eggplant,Eggplant 3-4 Small Bundles kg 91.87,,kg,,91.87,,pdfplumber,2025\Weekly-Average-Prices-September-15-20-2025.pdf
2025-09-15,2025-09-20,Garlic (Imported),Garlic (Imported) kg 154.65,,kg,,154.65,,pdfplumber,2025\Weekly-Average-Prices-September-15-20-2025.pdf
2025-09-15,2025-09-20,Garlic (Native),Garlic (Native) kg 396.88,,kg,,396.88,,pdfplumber,2025\Weekly-Average-Prices-September-15-20-2025.pdf
2025-09-15,2025-09-20,Ginger,"Ginger Fairly well-matured, Medium (150-300 gm) kg 203.10",,kg,,203.1,,pdfplumber,2025\Weekly-Average-Prices-September-15-20-2025.pdf
2025-09-15,2025-09-20,Mango (Carabao),"Mango (Carabao) Ripe, 3-4 pcs/kg kg 200.32",,kg,,200.32,,pdfplumber,2025\Weekly-Average-Prices-September-15-20-2025.pdf
2025-09-15,2025-09-20,Papaya,"Papaya Solo, Ripe, 2-3 pcs/kg kg 68.78",,kg,,68.78,,pdfplumber,2025\Weekly-Average-Prices-September-15-20-2025.pdf
2025-09-15,2025-09-20,Pechay (Baguio),Pechay (Baguio) kg 78.05,,kg,,78.05,,pdfplumber,2025\Weekly-Average-Prices-September-15-20-2025.pdf
2025-09-15,2025-09-20,Pechay (Native),Pechay (Native) 3-4 Small Bundles kg 92.85,,kg,,92.85,,pdfplumber,2025\Weekly-Average-Prices-September-15-20-2025.pdf
2025-09-15,2025-09-20,Red Onion,Red Onion 13-15 pcs/kg kg 156.31,,kg,,156.31,,pdfplumber,2025\Weekly-Average-Prices-September-15-20-2025.pdf
2025-09-15,2025-09-20,Sitao,Sitao 3-4 Small Bundles kg 110.01,,kg,,110.01,,pdfplumber,2025\Weekly-Average-Prices-September-15-20-2025.pdf
2025-09-15,2025-09-20,Squash,Squash Suprema Variety kg 80.01,,kg,,80.01,,pdfplumber,2025\Weekly-Average-Prices-September-15-20-2025.pdf
2025-09-15,2025-09-20,Tomato,Tomato 15-18 pcs/kg kg 121.33,,kg,,121.33,,pdfplumber,2025\Weekly-Average-Prices-September-15-20-2025.pdf
2025-09-15,2025-09-20,Watermelon,Watermelon kg 74.97,,kg,,74.97,,pdfplumber,2025\Weekly-Average-Prices-September-15-20-2025.pdf
2025-09-15,2025-09-20,White Onion,White Onion kg 145.79,,kg,,145.79,,pdfplumber,2025\Weekly-Average-Prices-September-15-20-2025.pdf
2025-09-15,2025-09-20,White Onion (Imported),White Onion (Imported) kg 133.17,,kg,,133.17,,pdfplumber,2025\Weekly-Average-Prices-September-15-20-2025.pdf
2025-09-15,2025-09-20,White Potato,White Potato 10-12 pcs/kg kg 102.56,,kg,,102.56,,pdfplumber,2025\Weekly-Average-Prices-September-15-20-2025.pdf
2025-09-22,2025-09-27,Ampalaya,Ampalaya 4-5 pcs/kg kg 143.40,,kg,,143.4,,pdfplumber,2025\Weekly-Average-Prices-September-22-27-2025.pdf
2025-09-22,2025-09-27,Avocado,Avocado kg 324.38,,kg,,324.38,,pdfplumber,2025\Weekly-Average-Prices-September-22-27-2025.pdf
2025-09-22,2025-09-27,Banana (Lakatan),Banana (Lakatan) 8-10 pcs/kg kg 98.11,,kg,,98.11,,pdfplumber,2025\Weekly-Average-Prices-September-22-27-2025.pdf
2025-09-22,2025-09-27,Banana (Latundan),Banana (Latundan) 10-12 pcs/kg kg 75.47,,kg,,75.47,,pdfplumber,2025\Weekly-Average-Prices-September-22-27-2025.pdf
2025-09-22,2025-09-27,Banana (Saba),Banana (Saba) kg 52.42,,kg,,52.42,,pdfplumber,2025\Weekly-Average-Prices-September-22-27-2025.pdf
2025-09-22,2025-09-27,Cabbage (Rare Ball),Cabbage (Rare Ball) 510 gm - 1 kg/head kg 91.65,,kg,,91.65,,pdfplumber,2025\Weekly-Average-Prices-September-22-27-2025.pdf
2025-09-22,2025-09-27,Cabbage (Scorpio),Cabbage (Scorpio) 750 gm - 1 kg/head kg 98.61,,kg,,98.61,,pdfplumber,2025\Weekly-Average-Prices-September-22-27-2025.pdf
2025-09-22,2025-09-27,Cabbage (Wonder Ball),Cabbage (Wonder Ball) 510 gm - 1 kg/head kg 110.12,,kg,,110.12,,pdfplumber,2025\Weekly-Average-Prices-September-22-27-2025.pdf
2025-09-22,2025-09-27,Calamansi,Calamansi kg 79.61,,kg,,79.61,,pdfplumber,2025\Weekly-Average-Prices-September-22-27-2025.pdf
2025-09-22,2025-09-27,Carrots,Carrots 8-10 pcs/kg kg 271.51,,kg,,271.51,,pdfplumber,2025\Weekly-Average-Prices-September-22-27-2025.pdf
2025-09-22,2025-09-27,Eggplant,Eggplant 3-4 Small Bundles kg 114.66,,kg,,114.66,,pdfplumber,2025\Weekly-Average-Prices-September-22-27-2025.pdf
2025-09-22,2025-09-27,Garlic (Imported),Garlic (Imported) kg 155.47,,kg,,155.47,,pdfplumber,2025\Weekly-Average-Prices-September-22-27-2025.pdf
2025-09-22,2025-09-27,Garlic (Native),Garlic (Native) kg 356.43,,kg,,356.43,,pdfplumber,2025\Weekly-Average-Prices-September-22-27-2025.pdf
2025-09-22,2025-09-27,Ginger,"Ginger Fairly well-matured, Medium (150-300 gm) kg 200.91",,kg,,200.91,,pdfplumber,2025\Weekly-Average-Prices-September-22-27-2025.pdf
2025-09-22,2025-09-27,Mango (Carabao),"Mango (Carabao) Ripe, 3-4 pcs/kg kg 195.12",,kg,,195.12,,pdfplumber,2025\Weekly-Average-Prices-September-22-27-2025.pdf
2025-09-22,2025-09-27,Papaya,"Papaya Solo, Ripe, 2-3 pcs/kg kg 68.23",,kg,,68.23,,pdfplumber,2025\Weekly-Average-Prices-September-22-27-2025.pdf
2025-09-22,2025-09-27,Pechay (Baguio),Pechay (Baguio) kg 82.87,,kg,,82.87,,pdfplumber,2025\Weekly-Average-Prices-September-22-27-2025.pdf
2025-09-22,2025-09-27,Pechay (Native),Pechay (Native) 3-4 Small Bundles kg 99.33,,kg,,99.33,,pdfplumber,2025\Weekly-Average-Prices-September-22-27-2025.pdf
2025-09-22,2025-09-27,Red Onion,Red Onion 13-15 pcs/kg kg 155.30,,kg,,155.3,,pdfplumber,2025\Weekly-Average-Prices-September-22-27-2025.pdf
2025-09-22,2025-09-27,Sitao,Sitao 3-4 Small Bundles kg 114.80,,kg,,114.8,,pdfplumber,2025\Weekly-Average-Prices-September-22-27-2025.pdf
2025-09-22,2025-09-27,Squash,Squash Suprema Variety kg 86.99,,kg,,86.99,,pdfplumber,2025\Weekly-Average-Prices-September-22-27-2025.pdf
2025-09-22,2025-09-27,Tomato,Tomato 15-18 pcs/kg kg 165.29,,kg,,165.29,,pdfplumber,2025\Weekly-Average-Prices-September-22-27-2025.pdf
2025-09-22,2025-09-27,Watermelon,Watermelon kg 74.65,,kg,,74.65,,pdfplumber,2025\Weekly-Average-Prices-September-22-27-2025.pdf
2025-09-22,2025-09-27,White Onion (Imported),White Onion (Imported) kg 134.82,,kg,,134.82,,pdfplumber,2025\Weekly-Average-Prices-September-22-27-2025.pdf
2025-09-22,2025-09-27,White Potato,White Potato 10-12 pcs/kg kg 117.03,,kg,,117.03,,pdfplumber,2025\Weekly-Average-Prices-September-22-27-2025.pdf
2025-09-29,2025-10-04,Banana (Latundan),Banana (Latundan,,kg,,75.18,2,ocr_row_aligned,2025\Weekly-Average-Prices-September-29-October-4-2025.pdf
2025-09-29,2025-10-04,Cabbage (Scorpio),Cabbage [Scorpio,,kg,,93.19,2,ocr_row_aligned,2025\Weekly-Average-Prices-September-29-October-4-2025.pdf
2025-09-29,2025-10-04,Red Onion,Red Onion,,kg,,155.44,2,ocr_row_aligned,2025\Weekly-Average-Prices-September-29-October-4-2025.pdf
2025-09-29,2025-10-04,Watermelon,Watermelon,,kg,,74.25,2,ocr_row_aligned,2025\Weekly-Average-Prices-September-29-October-4-2025.pdf
2025-10-06,2025-10-11,Ampalaya,Ampalaya,,kg,,153.54,3,ocr_row_aligned,2025\Weekly-Average-Prices-October-6-11-2025.pdf
2025-10-06,2025-10-11,Avocado,Avocado,,kg,,423.64,3,ocr_row_aligned,2025\Weekly-Average-Prices-October-6-11-2025.pdf
2025-10-06,2025-10-11,Banana (Latundan),Banana {Latundan,,kg,,74.16,2,ocr_row_aligned,2025\Weekly-Average-Prices-October-6-11-2025.pdf
2025-10-06,2025-10-11,Calamansi,Calamansi,,kg,,33.67,2,ocr_row_aligned,2025\Weekly-Average-Prices-October-6-11-2025.pdf
2025-10-06,2025-10-11,Carrots,Carrots,,kg,,235.54,3,ocr_row_aligned,2025\Weekly-Average-Prices-October-6-11-2025.pdf
2025-10-06,2025-10-11,Eggplant,Egaplant,,kg,,147.49,3,ocr_row_aligned,2025\Weekly-Average-Prices-October-6-11-2025.pdf
2025-10-06,2025-10-11,Mango (Carabao),Mango (Ca‘abao,,kg,,19.76,2,ocr_row_aligned,2025\Weekly-Average-Prices-October-6-11-2025.pdf
2025-10-06,2025-10-11,Pechay (Native),Pechay (Native,,kg,,130.5,2,ocr_row_aligned,2025\Weekly-Average-Prices-October-6-11-2025.pdf
2025-10-06,2025-10-11,Red Onion,Red Onion,,kg,,155.64,3,ocr_row_aligned,2025\Weekly-Average-Prices-October-6-11-2025.pdf
2025-10-06,2025-10-11,White Potato,White Potato,,kg,,135.27,2,ocr_row_aligned,2025\Weekly-Average-Prices-October-6-11-2025.pdf
2025-10-13,2025-10-18,Ampalaya,Ampalaya 4-5 pcs/kg kg 139.07,,kg,,139.07,,pdfplumber,2025\Weekly-Average-Prices-October-13-18-2025.pdf
2025-10-13,2025-10-18,Avocado,Avocado kg 448.29,,kg,,448.29,,pdfplumber,2025\Weekly-Average-Prices-October-13-18-2025.pdf
2025-10-13,2025-10-18,Banana (Lakatan),Banana (Lakatan) 8-10 pcs/kg kg 97.37,,kg,,97.37,,pdfplumber,2025\Weekly-Average-Prices-October-13-18-2025.pdf
2025-10-13,2025-10-18,Banana (Latundan),Banana (Latundan) 10-12 pcs/kg kg 74.51,,kg,,74.51,,pdfplumber,2025\Weekly-Average-Prices-October-13-18-2025.pdf
2025-10-13,2025-10-18,Banana (Saba),Banana (Saba) kg 52.10,,kg,,52.1,,pdfplumber,2025\Weekly-Average-Prices-October-13-18-2025.pdf
2025-10-13,2025-10-18,Cabbage (Rare Ball),Cabbage (Rare Ball) 510 gm - 1 kg/head kg 102.01,,kg,,102.01,,pdfplumber,2025\Weekly-Average-Prices-October-13-18-2025.pdf
2025-10-13,2025-10-18,Cabbage (Scorpio),Cabbage (Scorpio) 750 gm - 1 kg/head kg 103.55,,kg,,103.55,,pdfplumber,2025\Weekly-Average-Prices-October-13-18-2025.pdf
2025-10-13,2025-10-18,Cabbage (Wonder Ball),Cabbage (Wonder Ball) 510 gm - 1 kg/head kg 99.67,,kg,,99.67,,pdfplumber,2025\Weekly-Average-Prices-October-13-18-2025.pdf
2025-10-13,2025-10-18,Calamansi,Calamansi kg 82.54,,kg,,82.54,,pdfplumber,2025\Weekly-Average-Prices-October-13-18-2025.pdf
2025-10-13,2025-10-18,Carrots,Carrots 8-10 pcs/kg kg 192.03,,kg,,192.03,,pdfplumber,2025\Weekly-Average-Prices-October-13-18-2025.pdf
2025-10-13,2025-10-18,Eggplant,Eggplant 3-4 Small Bundles kg 136.82,,kg,,136.82,,pdfplumber,2025\Weekly-Average-Prices-October-13-18-2025.pdf
2025-10-13,2025-10-18,Garlic (Imported),Garlic (Imported) kg 150.94,,kg,,150.94,,pdfplumber,2025\Weekly-Average-Prices-October-13-18-2025.pdf
2025-10-13,2025-10-18,Garlic (Native),Garlic (Native) kg 390.91,,kg,,390.91,,pdfplumber,2025\Weekly-Average-Prices-October-13-18-2025.pdf
2025-10-13,2025-10-18,Ginger,"Ginger Fairly well-matured, Medium (150-300 gm) kg 195.11",,kg,,195.11,,pdfplumber,2025\Weekly-Average-Prices-October-13-18-2025.pdf
2025-10-13,2025-10-18,Mango (Carabao),"Mango (Carabao) Ripe, 3-4 pcs/kg kg 200.36",,kg,,200.36,,pdfplumber,2025\Weekly-Average-Prices-October-13-18-2025.pdf
2025-10-13,2025-10-18,Papaya,"Papaya Solo, Ripe, 2-3 pcs/kg kg 69.59",,kg,,69.59,,pdfplumber,2025\Weekly-Average-Prices-October-13-18-2025.pdf
2025-10-13,2025-10-18,Pechay (Baguio),Pechay (Baguio) kg 76.76,,kg,,76.76,,pdfplumber,2025\Weekly-Average-Prices-October-13-18-2025.pdf
2025-10-13,2025-10-18,Pechay (Native),Pechay (Native) 3-4 Small Bundles kg 123.65,,kg,,123.65,,pdfplumber,2025\Weekly-Average-Prices-October-13-18-2025.pdf
2025-10-13,2025-10-18,Red Onion,Red Onion 13-15 pcs/kg kg 154.56,,kg,,154.56,,pdfplumber,2025\Weekly-Average-Prices-October-13-18-2025.pdf
2025-10-13,2025-10-18,Red Onion (Imported),Red Onion (Imported)b kg 117.14,,kg,,117.14,,pdfplumber,2025\Weekly-Average-Prices-October-13-18-2025.pdf
2025-10-13,2025-10-18,Sitao,Sitao 3-4 Small Bundles kg 112.20,,kg,,112.2,,pdfplumber,2025\Weekly-Average-Prices-October-13-18-2025.pdf
2025-10-13,2025-10-18,Squash,Squash Suprema Variety kg 74.37,,kg,,74.37,,pdfplumber,2025\Weekly-Average-Prices-October-13-18-2025.pdf
2025-10-13,2025-10-18,Tomato,Tomato 15-18 pcs/kg kg 132.36,,kg,,132.36,,pdfplumber,2025\Weekly-Average-Prices-October-13-18-2025.pdf
2025-10-13,2025-10-18,Watermelon,Watermelon kg 76.86,,kg,,76.86,,pdfplumber,2025\Weekly-Average-Prices-October-13-18-2025.pdf
2025-10-13,2025-10-18,White Onion,White Onion kg 144.00,,kg,,144.0,,pdfplumber,2025\Weekly-Average-Prices-October-13-18-2025.pdf
2025-10-13,2025-10-18,White Onion (Imported),White Onion (Imported) kg 125.85,,kg,,125.85,,pdfplumber,2025\Weekly-Average-Prices-October-13-18-2025.pdf
2025-10-13,2025-10-18,White Potato,White Potato 10-12 pcs/kg kg 135.16,,kg,,135.16,,pdfplumber,2025\Weekly-Average-Prices-October-13-18-2025.pdf
2025-10-20,2025-10-25,Avocado,Avocado,,kg,,445.49,3,ocr_row_aligned,2025\Weekly-Average-Prices-October-20-25-2025.pdf
2025-10-20,2025-10-25,Banana (Lakatan),Banana (Lakatan,,kg,,97.36,2,ocr_row_aligned,2025\Weekly-Average-Prices-October-20-25-2025.pdf
2025-10-20,2025-10-25,Cabbage (Scorpio),Cabbage Scorpio,,kg,,100.63,2,ocr_row_aligned,2025\Weekly-Average-Prices-October-20-25-2025.pdf
2025-10-20,2025-10-25,Papaya,Papaya,,kg,,69.38,2,ocr_row_aligned,2025\Weekly-Average-Prices-October-20-25-2025.pdf
2025-10-20,2025-10-25,Sitao,Sitao,,kg,,107.15,2,ocr_row_aligned,2025\Weekly-Average-Prices-October-20-25-2025.pdf
2025-10-20,2025-10-25,Squash,squash,,kg,,73.72,2,ocr_row_aligned,2025\Weekly-Average-Prices-October-20-25-2025.pdf
2025-10-20,2025-10-25,White Potato,White Potato,,kg,,134.28,2,ocr_row_aligned,2025\Weekly-Average-Prices-October-20-25-2025.pdf
2025-10-27,2025-11-01,Ampalaya,Ampalaya 4-5 pcs/kg kg 114.68,,kg,,114.68,,pdfplumber,2025\Weekly-Average-Prices-October-27-November-1-2025.pdf
2025-10-27,2025-11-01,Avocado,Avocado kg 446.72,,kg,,446.72,,pdfplumber,2025\Weekly-Average-Prices-October-27-November-1-2025.pdf
2025-10-27,2025-11-01,Banana (Lakatan),Banana (Lakatan) 8-10 pcs/kg kg 97.53,,kg,,97.53,,pdfplumber,2025\Weekly-Average-Prices-October-27-November-1-2025.pdf
2025-10-27,2025-11-01,Banana (Latundan),Banana (Latundan) 10-12 pcs/kg kg 75.07,,kg,,75.07,,pdfplumber,2025\Weekly-Average-Prices-October-27-November-1-2025.pdf
2025-10-27,2025-11-01,Banana (Saba),Banana (Saba) kg 52.04,,kg,,52.04,,pdfplumber,2025\Weekly-Average-Prices-October-27-November-1-2025.pdf
2025-10-27,2025-11-01,Cabbage (Rare Ball),Cabbage (Rare Ball) 510 gm - 1 kg/head kg 86.20,,kg,,86.2,,pdfplumber,2025\Weekly-Average-Prices-October-27-November-1-2025.pdf
2025-10-27,2025-11-01,Cabbage (Scorpio),Cabbage (Scorpio) 750 gm - 1 kg/head kg 89.25,,kg,,89.25,,pdfplumber,2025\Weekly-Average-Prices-October-27-November-1-2025.pdf
2025-10-27,2025-11-01,Cabbage (Wonder Ball),Cabbage (Wonder Ball) 510 gm - 1 kg/head kg 85.88,,kg,,85.88,,pdfplumber,2025\Weekly-Average-Prices-October-27-November-1-2025.pdf
2025-10-27,2025-11-01,Calamansi,Calamansi kg 110.30,,kg,,110.3,,pdfplumber,2025\Weekly-Average-Prices-October-27-November-1-2025.pdf
2025-10-27,2025-11-01,Carrots,Carrots 8-10 pcs/kg kg 159.59,,kg,,159.59,,pdfplumber,2025\Weekly-Average-Prices-October-27-November-1-2025.pdf
2025-10-27,2025-11-01,Eggplant,Eggplant 3-4 Small Bundles kg 107.00,,kg,,107.0,,pdfplumber,2025\Weekly-Average-Prices-October-27-November-1-2025.pdf
2025-10-27,2025-11-01,Garlic (Imported),Garlic (Imported) kg 149.85,,kg,,149.85,,pdfplumber,2025\Weekly-Average-Prices-October-27-November-1-2025.pdf
2025-10-27,2025-11-01,Garlic (Native),Garlic (Native) kg 420.51,,kg,,420.51,,pdfplumber,2025\Weekly-Average-Prices-October-27-November-1-2025.pdf
2025-10-27,2025-11-01,Ginger,"Ginger Fairly well-matured, Medium (150-300 gm) kg 197.34",,kg,,197.34,,pdfplumber,2025\Weekly-Average-Prices-October-27-November-1-2025.pdf
2025-10-27,2025-11-01,Mango (Carabao),"Mango (Carabao) Ripe, 3-4 pcs/kg kg 201.77",,kg,,201.77,,pdfplumber,2025\Weekly-Average-Prices-October-27-November-1-2025.pdf
2025-10-27,2025-11-01,Papaya,"Papaya Solo, Ripe, 2-3 pcs/kg kg 70.30",,kg,,70.3,,pdfplumber,2025\Weekly-Average-Prices-October-27-November-1-2025.pdf
2025-10-27,2025-11-01,Pechay (Baguio),Pechay (Baguio) kg 75.65,,kg,,75.65,,pdfplumber,2025\Weekly-Average-Prices-October-27-November-1-2025.pdf
2025-10-27,2025-11-01,Pechay (Native),Pechay (Native) 3-4 Small Bundles kg 102.73,,kg,,102.73,,pdfplumber,2025\Weekly-Average-Prices-October-27-November-1-2025.pdf
2025-10-27,2025-11-01,Red Onion,Red Onion 13-15 pcs/kg kg 154.63,,kg,,154.63,,pdfplumber,2025\Weekly-Average-Prices-October-27-November-1-2025.pdf
2025-10-27,2025-11-01,Red Onion (Imported),Red Onion (Imported)b kg 117.33,,kg,,117.33,,pdfplumber,2025\Weekly-Average-Prices-October-27-November-1-2025.pdf
2025-10-27,2025-11-01,Sitao,Sitao 3-4 Small Bundles kg 106.33,,kg,,106.33,,pdfplumber,2025\Weekly-Average-Prices-October-27-November-1-2025.pdf
2025-10-27,2025-11-01,Squash,Squash Suprema Variety kg 70.07,,kg,,70.07,,pdfplumber,2025\Weekly-Average-Prices-October-27-November-1-2025.pdf
2025-10-27,2025-11-01,Tomato,Tomato 15-18 pcs/kg kg 120.36,,kg,,120.36,,pdfplumber,2025\Weekly-Average-Prices-October-27-November-1-2025.pdf
2025-10-27,2025-11-01,Watermelon,Watermelon kg 76.54,,kg,,76.54,,pdfplumber,2025\Weekly-Average-Prices-October-27-November-1-2025.pdf
2025-10-27,2025-11-01,White Onion (Imported),White Onion (Imported) kg 120.71,,kg,,120.71,,pdfplumber,2025\Weekly-Average-Prices-October-27-November-1-2025.pdf
2025-10-27,2025-11-01,White Potato,White Potato 10-12 pcs/kg kg 135.21,,kg,,135.21,,pdfplumber,2025\Weekly-Average-Prices-October-27-November-1-2025.pdf
2025-11-03,2025-11-08,Ampalaya,Ampalaya 4-5 pcs/kg kg 104.51,,kg,,104.51,,pdfplumber,2025\Weekly-Average-Prices-November-3-8-2025.pdf
2025-11-03,2025-11-08,Avocado,Avocado kg 442.70,,kg,,442.7,,pdfplumber,2025\Weekly-Average-Prices-November-3-8-2025.pdf
2025-11-03,2025-11-08,Banana (Lakatan),Banana (Lakatan) 8-10 pcs/kg kg 97.66,,kg,,97.66,,pdfplumber,2025\Weekly-Average-Prices-November-3-8-2025.pdf
2025-11-03,2025-11-08,Banana (Latundan),Banana (Latundan) 10-12 pcs/kg kg 75.38,,kg,,75.38,,pdfplumber,2025\Weekly-Average-Prices-November-3-8-2025.pdf
2025-11-03,2025-11-08,Banana (Saba),Banana (Saba) kg 52.89,,kg,,52.89,,pdfplumber,2025\Weekly-Average-Prices-November-3-8-2025.pdf
2025-11-03,2025-11-08,Cabbage (Rare Ball),Cabbage (Rare Ball) 510 gm - 1 kg/head kg 81.59,,kg,,81.59,,pdfplumber,2025\Weekly-Average-Prices-November-3-8-2025.pdf
2025-11-03,2025-11-08,Cabbage (Scorpio),Cabbage (Scorpio) 750 gm - 1 kg/head kg 83.53,,kg,,83.53,,pdfplumber,2025\Weekly-Average-Prices-November-3-8-2025.pdf
2025-11-03,2025-11-08,Cabbage (Wonder Ball),Cabbage (Wonder Ball) 510 gm - 1 kg/head kg 82.20,,kg,,82.2,,pdfplumber,2025\Weekly-Average-Prices-November-3-8-2025.pdf
2025-11-03,2025-11-08,Calamansi,Calamansi kg 134.75,,kg,,134.75,,pdfplumber,2025\Weekly-Average-Prices-November-3-8-2025.pdf
2025-11-03,2025-11-08,Carrots,Carrots 8-10 pcs/kg kg 156.09,,kg,,156.09,,pdfplumber,2025\Weekly-Average-Prices-November-3-8-2025.pdf
2025-11-03,2025-11-08,Eggplant,Eggplant 3-4 Small Bundles kg 99.23,,kg,,99.23,,pdfplumber,2025\Weekly-Average-Prices-November-3-8-2025.pdf
2025-11-03,2025-11-08,Garlic (Imported),Garlic (Imported) kg 151.27,,kg,,151.27,,pdfplumber,2025\Weekly-Average-Prices-November-3-8-2025.pdf
2025-11-03,2025-11-08,Garlic (Native),Garlic (Native) kg 414.10,,kg,,414.1,,pdfplumber,2025\Weekly-Average-Prices-November-3-8-2025.pdf
2025-11-03,2025-11-08,Ginger,"Ginger Fairly well-matured, Medium (150-300 gm) kg 194.98",,kg,,194.98,,pdfplumber,2025\Weekly-Average-Prices-November-3-8-2025.pdf
2025-11-03,2025-11-08,Mango (Carabao),"Mango (Carabao) Ripe, 3-4 pcs/kg kg 204.31",,kg,,204.31,,pdfplumber,2025\Weekly-Average-Prices-November-3-8-2025.pdf
2025-11-03,2025-11-08,Papaya,"Papaya Solo, Ripe, 2-3 pcs/kg kg 70.23",,kg,,70.23,,pdfplumber,2025\Weekly-Average-Prices-November-3-8-2025.pdf
2025-11-03,2025-11-08,Pechay (Baguio),Pechay (Baguio) kg 77.61,,kg,,77.61,,pdfplumber,2025\Weekly-Average-Prices-November-3-8-2025.pdf
2025-11-03,2025-11-08,Pechay (Native),Pechay (Native) 3-4 Small Bundles kg 101.35,,kg,,101.35,,pdfplumber,2025\Weekly-Average-Prices-November-3-8-2025.pdf
2025-11-03,2025-11-08,Red Onion,Red Onion 13-15 pcs/kg kg 167.76,,kg,,167.76,,pdfplumber,2025\Weekly-Average-Prices-November-3-8-2025.pdf
2025-11-03,2025-11-08,Red Onion (Imported),Red Onion (Imported)b kg 127.12,,kg,,127.12,,pdfplumber,2025\Weekly-Average-Prices-November-3-8-2025.pdf
2025-11-03,2025-11-08,Sitao,Sitao 3-4 Small Bundles kg 105.67,,kg,,105.67,,pdfplumber,2025\Weekly-Average-Prices-November-3-8-2025.pdf
2025-11-03,2025-11-08,Squash,Squash Suprema Variety kg 66.53,,kg,,66.53,,pdfplumber,2025\Weekly-Average-Prices-November-3-8-2025.pdf
2025-11-03,2025-11-08,Tomato,Tomato 15-18 pcs/kg kg 114.41,,kg,,114.41,,pdfplumber,2025\Weekly-Average-Prices-November-3-8-2025.pdf
2025-11-03,2025-11-08,Watermelon,Watermelon kg 76.27,,kg,,76.27,,pdfplumber,2025\Weekly-Average-Prices-November-3-8-2025.pdf
2025-11-03,2025-11-08,White Onion,White Onion kg 100.00,,kg,,100.0,,pdfplumber,2025\Weekly-Average-Prices-November-3-8-2025.pdf
2025-11-03,2025-11-08,White Onion (Imported),White Onion (Imported) kg 120.05,,kg,,120.05,,pdfplumber,2025\Weekly-Average-Prices-November-3-8-2025.pdf
2025-11-03,2025-11-08,White Potato,White Potato 10-12 pcs/kg kg 137.77,,kg,,137.77,,pdfplumber,2025\Weekly-Average-Prices-November-3-8-2025.pdf
2025-11-10,2025-11-15,Avocado,Avocado,,kg,,435.11,3,ocr_row_aligned,2025\Weekly-Average-Prices-November-10-15-2025.pdf
2025-11-10,2025-11-15,Cabbage (Scorpio),Cabbage [Scorpio,,kg,,93.16,2,ocr_row_aligned,2025\Weekly-Average-Prices-November-10-15-2025.pdf
2025-11-10,2025-11-15,Carrots,Carrots,,kg,,173.58,2,ocr_row_aligned,2025\Weekly-Average-Prices-November-10-15-2025.pdf
2025-11-10,2025-11-15,Pechay (Native),Pechay (Native,,kg,,125.47,2,ocr_row_aligned,2025\Weekly-Average-Prices-November-10-15-2025.pdf
2025-11-10,2025-11-15,Red Onion,Red Onion,,kg,,232.29,2,ocr_row_aligned,2025\Weekly-Average-Prices-November-10-15-2025.pdf
2025-11-10,2025-11-15,Squash,Squash,,kg,,66.07,2,ocr_row_aligned,2025\Weekly-Average-Prices-November-10-15-2025.pdf
2025-11-10,2025-11-15,White Onion,White Onion,,kg,,103.75,3,ocr_row_aligned,2025\Weekly-Average-Prices-November-10-15-2025.pdf
2025-11-10,2025-11-15,White Potato,White Potato,,kg,,147.93,3,ocr_row_aligned,2025\Weekly-Average-Prices-November-10-15-2025.pdf
2025-11-17,2025-11-22,Garlic (Native),Garlic [Native’,,kg,,410.2,2,ocr_row_aligned,2025\Weekly-Average-Prices-November-17-22-2025.pdf
2025-11-17,2025-11-22,Papaya,Papaya,,kg,,70.04,2,ocr_row_aligned,2025\Weekly-Average-Prices-November-17-22-2025.pdf
2025-12-01,2025-12-06,Banana (Lakatan),Banand (Lakatan,,kg,,97.65,2,ocr_row_aligned,2025\Weekly-Average-Prices-December-1-6-2025.pdf
2025-12-08,2025-12-13,Ampalaya,Ampalaya 4-5 pcs/kg kg 170.59,,kg,,170.59,,pdfplumber,2025\Weekly-Average-Prices-December-8-13-2025.pdf
2025-12-08,2025-12-13,Avocado,Avocado kg 401.46,,kg,,401.46,,pdfplumber,2025\Weekly-Average-Prices-December-8-13-2025.pdf
2025-12-08,2025-12-13,Banana (Lakatan),Banana (Lakatan) 8-10 pcs/kg kg 96.68,,kg,,96.68,,pdfplumber,2025\Weekly-Average-Prices-December-8-13-2025.pdf
2025-12-08,2025-12-13,Banana (Latundan),Banana (Latundan) 10-12 pcs/kg kg 75.47,,kg,,75.47,,pdfplumber,2025\Weekly-Average-Prices-December-8-13-2025.pdf
2025-12-08,2025-12-13,Banana (Saba),Banana (Saba) kg 53.00,,kg,,53.0,,pdfplumber,2025\Weekly-Average-Prices-December-8-13-2025.pdf
2025-12-08,2025-12-13,Cabbage (Rare Ball),Cabbage (Rare Ball) 510 gm - 1 kg/head kg 85.66,,kg,,85.66,,pdfplumber,2025\Weekly-Average-Prices-December-8-13-2025.pdf
2025-12-08,2025-12-13,Cabbage (Scorpio),Cabbage (Scorpio) 750 gm - 1 kg/head kg 84.66,,kg,,84.66,,pdfplumber,2025\Weekly-Average-Prices-December-8-13-2025.pdf
2025-12-08,2025-12-13,Cabbage (Wonder Ball),Cabbage (Wonder Ball) 510 gm - 1 kg/head kg 76.29,,kg,,76.29,,pdfplumber,2025\Weekly-Average-Prices-December-8-13-2025.pdf
2025-12-08,2025-12-13,Calamansi,Calamansi kg 106.70,,kg,,106.7,,pdfplumber,2025\Weekly-Average-Prices-December-8-13-2025.pdf
2025-12-08,2025-12-13,Carrots,Carrots 8-10 pcs/kg kg 122.07,,kg,,122.07,,pdfplumber,2025\Weekly-Average-Prices-December-8-13-2025.pdf
2025-12-08,2025-12-13,Eggplant,Eggplant 3-4 Small Bundles kg 166.21,,kg,,166.21,,pdfplumber,2025\Weekly-Average-Prices-December-8-13-2025.pdf
2025-12-08,2025-12-13,Garlic (Imported),Garlic (Imported) kg 153.02,,kg,,153.02,,pdfplumber,2025\Weekly-Average-Prices-December-8-13-2025.pdf
2025-12-08,2025-12-13,Garlic (Native),Garlic (Native) kg 409.09,,kg,,409.09,,pdfplumber,2025\Weekly-Average-Prices-December-8-13-2025.pdf
2025-12-08,2025-12-13,Ginger,"Ginger Fairly well-matured, Medium (150-300 gm) kg 173.05",,kg,,173.05,,pdfplumber,2025\Weekly-Average-Prices-December-8-13-2025.pdf
2025-12-08,2025-12-13,Mango (Carabao),"Mango (Carabao) Ripe, 3-4 pcs/kg kg 211.52",,kg,,211.52,,pdfplumber,2025\Weekly-Average-Prices-December-8-13-2025.pdf
2025-12-08,2025-12-13,Papaya,"Papaya Solo, Ripe, 2-3 pcs/kg kg 70.28",,kg,,70.28,,pdfplumber,2025\Weekly-Average-Prices-December-8-13-2025.pdf
2025-12-08,2025-12-13,Pechay (Baguio),Pechay (Baguio) kg 86.11,,kg,,86.11,,pdfplumber,2025\Weekly-Average-Prices-December-8-13-2025.pdf
2025-12-08,2025-12-13,Pechay (Native),Pechay (Native) 3-4 Small Bundles kg 118.20,,kg,,118.2,,pdfplumber,2025\Weekly-Average-Prices-December-8-13-2025.pdf
2025-12-08,2025-12-13,Red Onion,Red Onion 13-15 pcs/kg kg 281.15,,kg,,281.15,,pdfplumber,2025\Weekly-Average-Prices-December-8-13-2025.pdf
2025-12-08,2025-12-13,Red Onion (Imported),Red Onion (Imported)b kg 213.87,,kg,,213.87,,pdfplumber,2025\Weekly-Average-Prices-December-8-13-2025.pdf
2025-12-08,2025-12-13,Sitao,Sitao 3-4 Small Bundles kg 152.11,,kg,,152.11,,pdfplumber,2025\Weekly-Average-Prices-December-8-13-2025.pdf
2025-12-08,2025-12-13,Squash,Squash Suprema Variety kg 58.65,,kg,,58.65,,pdfplumber,2025\Weekly-Average-Prices-December-8-13-2025.pdf
2025-12-08,2025-12-13,Tomato,Tomato 15-18 pcs/kg kg 139.29,,kg,,139.29,,pdfplumber,2025\Weekly-Average-Prices-December-8-13-2025.pdf
2025-12-08,2025-12-13,Watermelon,Watermelon kg 79.19,,kg,,79.19,,pdfplumber,2025\Weekly-Average-Prices-December-8-13-2025.pdf
2025-12-08,2025-12-13,White Onion (Imported),White Onion (Imported) kg 137.01,,kg,,137.01,,pdfplumber,2025\Weekly-Average-Prices-December-8-13-2025.pdf
2025-12-08,2025-12-13,White Potato,White Potato 10-12 pcs/kg kg 150.68,,kg,,150.68,,pdfplumber,2025\Weekly-Average-Prices-December-8-13-2025.pdf
2025-12-15,2025-12-20,Ampalaya,Ampalaya,,kg,,145.51,2,ocr_row_aligned,2025\Weekly-Average-Prices-December-15-20-2025.pdf
2025-12-15,2025-12-20,Banana (Lakatan),Banana (Lakatan,,kg,,97.19,2,ocr_row_aligned,2025\Weekly-Average-Prices-December-15-20-2025.pdf
2025-12-15,2025-12-20,Banana (Saba),Banana (Saba,,kg,,3.18,2,ocr_row_aligned,2025\Weekly-Average-Prices-December-15-20-2025.pdf
2025-12-15,2025-12-20,Carrots,Carros,,kg,,112.9,2,ocr_row_aligned,2025\Weekly-Average-Prices-December-15-20-2025.pdf
2025-12-15,2025-12-20,Ginger,Ginger,,kg,,176.97,2,ocr_row_aligned,2025\Weekly-Average-Prices-December-15-20-2025.pdf
2025-12-15,2025-12-20,Mango (Carabao),Mango [Carabaso,,kg,,213.69,3,ocr_row_aligned,2025\Weekly-Average-Prices-December-15-20-2025.pdf
2025-12-15,2025-12-20,Red Onion,Red Onion,,kg,,253.57,3,ocr_row_aligned,2025\Weekly-Average-Prices-December-15-20-2025.pdf
2025-12-15,2025-12-20,Red Onion (Imported),Red Onion fimported b,,kg,,188.37,2,ocr_row_aligned,2025\Weekly-Average-Prices-December-15-20-2025.pdf
2025-12-15,2025-12-20,Sitao,Sitao,,kg,,146.39,3,ocr_row_aligned,2025\Weekly-Average-Prices-December-15-20-2025.pdf
2025-12-15,2025-12-20,White Potato,White Potato,,kg,,147.37,3,ocr_row_aligned,2025\Weekly-Average-Prices-December-15-20-2025.pdf
2025-12-22,2025-12-27,White Potato,White Potato,,kg,,1.12,2,ocr_row_aligned,2025\Weekly-Average-Prices-December-22-27-2025.pdf
2025-12-29,2026-01-03,Cabbage (Scorpio),Cabbage [Scorpio],,kg,,95.61,3,ocr_row_aligned,2026\Weekly-Average-Prices-December-29-2025-January-3-2026.pdf
2025-12-29,2026-01-03,Garlic (Native),Garlic [Native],,kg,,10.0,2,ocr_row_aligned,2026\Weekly-Average-Prices-December-29-2025-January-3-2026.pdf
2025-12-29,2026-01-03,White Onion (Imported),White Onion Imported),,kg,,136.14,2,ocr_row_aligned,2026\Weekly-Average-Prices-December-29-2025-January-3-2026.pdf
2026-01-05,2026-01-10,Squash,Squash,,kg,,1.47,2,ocr_row_aligned,2026\Weekly-Average-Prices-January-5-10-2026.pdf
2026-01-05,2026-01-10,White Potato,"White Potato, lood",,kg,,0.17,2,ocr_row_aligned,2026\Weekly-Average-Prices-January-5-10-2026.pdf
2026-01-12,2026-01-17,Ampalaya,Ampalaya 4-5 pcs/kg kg 157.08,,kg,,157.08,,pdfplumber,2026\Weekly-Average-Prices-January-12-17-2026.pdf
2026-01-12,2026-01-17,Avocado,Avocado kg 350.35,,kg,,350.35,,pdfplumber,2026\Weekly-Average-Prices-January-12-17-2026.pdf
2026-01-12,2026-01-17,Banana (Lakatan),Banana (Lakatan) 8-10 pcs/kg kg 98.43,,kg,,98.43,,pdfplumber,2026\Weekly-Average-Prices-January-12-17-2026.pdf
2026-01-12,2026-01-17,Banana (Latundan),Banana (Latundan) 10-12 pcs/kg kg 76.11,,kg,,76.11,,pdfplumber,2026\Weekly-Average-Prices-January-12-17-2026.pdf
2026-01-12,2026-01-17,Banana (Saba),Banana (Saba) kg 54.45,,kg,,54.45,,pdfplumber,2026\Weekly-Average-Prices-January-12-17-2026.pdf
2026-01-12,2026-01-17,Cabbage (Rare Ball),Cabbage (Rare Ball) 510 gm - 1 kg/head kg 93.56,,kg,,93.56,,pdfplumber,2026\Weekly-Average-Prices-January-12-17-2026.pdf
2026-01-12,2026-01-17,Cabbage (Scorpio),Cabbage (Scorpio) 750 gm - 1 kg/head kg 90.40,,kg,,90.4,,pdfplumber,2026\Weekly-Average-Prices-January-12-17-2026.pdf
2026-01-12,2026-01-17,Cabbage (Wonder Ball),Cabbage (Wonder Ball) 510 gm - 1 kg/head kg 91.13,,kg,,91.13,,pdfplumber,2026\Weekly-Average-Prices-January-12-17-2026.pdf
2026-01-12,2026-01-17,Calamansi,Calamansi kg 168.35,,kg,,168.35,,pdfplumber,2026\Weekly-Average-Prices-January-12-17-2026.pdf
2026-01-12,2026-01-17,Carrots,"Carrots, Local 8-10 pcs/kg kg 102.62",,kg,,102.62,,pdfplumber,2026\Weekly-Average-Prices-January-12-17-2026.pdf
2026-01-12,2026-01-17,Eggplant,Eggplant 3-4 Small Bundles kg 131.64,,kg,,131.64,,pdfplumber,2026\Weekly-Average-Prices-January-12-17-2026.pdf
2026-01-12,2026-01-17,Garlic (Imported),"Garlic, Imported kg 154.96",,kg,,154.96,,pdfplumber,2026\Weekly-Average-Prices-January-12-17-2026.pdf
2026-01-12,2026-01-17,Garlic (Native),"Garlic, Native/Local kg 383.33",,kg,,383.33,,pdfplumber,2026\Weekly-Average-Prices-January-12-17-2026.pdf
2026-01-12,2026-01-17,Ginger,"Ginger, Local Fairly well-matured, Medium (150-300 gm) kg 161.85",,kg,,161.85,,pdfplumber,2026\Weekly-Average-Prices-January-12-17-2026.pdf
2026-01-12,2026-01-17,Mango (Carabao),"Mango (Carabao) Ripe, 3-4 pcs/kg kg 211.11",,kg,,211.11,,pdfplumber,2026\Weekly-Average-Prices-January-12-17-2026.pdf
2026-01-12,2026-01-17,Papaya,"Papaya Solo, Ripe, 2-3 pcs/kg kg 72.85",,kg,,72.85,,pdfplumber,2026\Weekly-Average-Prices-January-12-17-2026.pdf
2026-01-12,2026-01-17,Pechay (Baguio),Pechay Baguio kg 94.61,,kg,,94.61,,pdfplumber,2026\Weekly-Average-Prices-January-12-17-2026.pdf
2026-01-12,2026-01-17,Pechay (Native),Native Pechay 3-4 Small Bundles kg 81.62,,kg,,81.62,,pdfplumber,2026\Weekly-Average-Prices-January-12-17-2026.pdf
2026-01-12,2026-01-17,Red Onion,"Red Onion, Local 13-15 pcs/kg kg 181.57",,kg,,181.57,,pdfplumber,2026\Weekly-Average-Prices-January-12-17-2026.pdf
2026-01-12,2026-01-17,Red Onion (Imported),"Red Onion, Imported kg 156.08",,kg,,156.08,,pdfplumber,2026\Weekly-Average-Prices-January-12-17-2026.pdf
2026-01-12,2026-01-17,Sitao,Pole Sitao 3-4 Small Bundles kg 145.61,,kg,,145.61,,pdfplumber,2026\Weekly-Average-Prices-January-12-17-2026.pdf
2026-01-12,2026-01-17,Squash,Squash Suprema Variety kg 60.36,,kg,,60.36,,pdfplumber,2026\Weekly-Average-Prices-January-12-17-2026.pdf
2026-01-12,2026-01-17,Tomato,Tomato 15-18 pcs/kg kg 161.50,,kg,,161.5,,pdfplumber,2026\Weekly-Average-Prices-January-12-17-2026.pdf
2026-01-12,2026-01-17,Watermelon,Watermelon kg 78.20,,kg,,78.2,,pdfplumber,2026\Weekly-Average-Prices-January-12-17-2026.pdf
2026-01-12,2026-01-17,White Onion (Imported),"White Onion, Imported kg 132.31",,kg,,132.31,,pdfplumber,2026\Weekly-Average-Prices-January-12-17-2026.pdf
2026-01-12,2026-01-17,White Potato,"White Potato, Local 10-12 pcs/kg kg 154.99",,kg,,154.99,,pdfplumber,2026\Weekly-Average-Prices-January-12-17-2026.pdf
2026-01-19,2026-01-24,Ampalaya,Ampalaya 4-5 pcs/kg kg 153.34,,kg,,153.34,,pdfplumber,2026\Weekly-Average-Prices-January-19-24-2026.pdf
2026-01-19,2026-01-24,Avocado,Avocado kg 343.69,,kg,,343.69,,pdfplumber,2026\Weekly-Average-Prices-January-19-24-2026.pdf
2026-01-19,2026-01-24,Banana (Lakatan),Banana (Lakatan) 8-10 pcs/kg kg 98.60,,kg,,98.6,,pdfplumber,2026\Weekly-Average-Prices-January-19-24-2026.pdf
2026-01-19,2026-01-24,Banana (Latundan),Banana (Latundan) 10-12 pcs/kg kg 76.31,,kg,,76.31,,pdfplumber,2026\Weekly-Average-Prices-January-19-24-2026.pdf
2026-01-19,2026-01-24,Banana (Saba),Banana (Saba) kg 54.88,,kg,,54.88,,pdfplumber,2026\Weekly-Average-Prices-January-19-24-2026.pdf
2026-01-19,2026-01-24,Cabbage (Rare Ball),Cabbage (Rare Ball) 510 gm - 1 kg/head kg 88.58,,kg,,88.58,,pdfplumber,2026\Weekly-Average-Prices-January-19-24-2026.pdf
2026-01-19,2026-01-24,Cabbage (Scorpio),Cabbage (Scorpio) 750 gm - 1 kg/head kg 87.35,,kg,,87.35,,pdfplumber,2026\Weekly-Average-Prices-January-19-24-2026.pdf
2026-01-19,2026-01-24,Cabbage (Wonder Ball),Cabbage (Wonder Ball) 510 gm - 1 kg/head kg 89.58,,kg,,89.58,,pdfplumber,2026\Weekly-Average-Prices-January-19-24-2026.pdf
2026-01-19,2026-01-24,Calamansi,Calamansi kg 157.62,,kg,,157.62,,pdfplumber,2026\Weekly-Average-Prices-January-19-24-2026.pdf
2026-01-19,2026-01-24,Carrots,"Carrots, Local 8-10 pcs/kg kg 98.35",,kg,,98.35,,pdfplumber,2026\Weekly-Average-Prices-January-19-24-2026.pdf
2026-01-19,2026-01-24,Eggplant,Eggplant 3-4 Small Bundles kg 122.00,,kg,,122.0,,pdfplumber,2026\Weekly-Average-Prices-January-19-24-2026.pdf
2026-01-19,2026-01-24,Garlic (Imported),"Garlic, Imported kg 153.85",,kg,,153.85,,pdfplumber,2026\Weekly-Average-Prices-January-19-24-2026.pdf
2026-01-19,2026-01-24,Garlic (Native),"Garlic, Native/Local kg 392.31",,kg,,392.31,,pdfplumber,2026\Weekly-Average-Prices-January-19-24-2026.pdf
2026-01-19,2026-01-24,Ginger,"Ginger, Local Fairly well-matured, Medium (150-300 gm) kg 160.22",,kg,,160.22,,pdfplumber,2026\Weekly-Average-Prices-January-19-24-2026.pdf
2026-01-19,2026-01-24,Mango (Carabao),"Mango (Carabao) Ripe, 3-4 pcs/kg kg 209.24",,kg,,209.24,,pdfplumber,2026\Weekly-Average-Prices-January-19-24-2026.pdf
2026-01-19,2026-01-24,Papaya,"Papaya Solo, Ripe, 2-3 pcs/kg kg 72.00",,kg,,72.0,,pdfplumber,2026\Weekly-Average-Prices-January-19-24-2026.pdf
2026-01-19,2026-01-24,Pechay (Baguio),Pechay Baguio kg 90.65,,kg,,90.65,,pdfplumber,2026\Weekly-Average-Prices-January-19-24-2026.pdf
2026-01-19,2026-01-24,Pechay (Native),Native Pechay 3-4 Small Bundles kg 76.78,,kg,,76.78,,pdfplumber,2026\Weekly-Average-Prices-January-19-24-2026.pdf
2026-01-19,2026-01-24,Red Onion,"Red Onion, Local 13-15 pcs/kg kg 170.77",,kg,,170.77,,pdfplumber,2026\Weekly-Average-Prices-January-19-24-2026.pdf
2026-01-19,2026-01-24,Red Onion (Imported),"Red Onion, Imported kg 150.18",,kg,,150.18,,pdfplumber,2026\Weekly-Average-Prices-January-19-24-2026.pdf
2026-01-19,2026-01-24,Sitao,Pole Sitao 3-4 Small Bundles kg 144.34,,kg,,144.34,,pdfplumber,2026\Weekly-Average-Prices-January-19-24-2026.pdf
2026-01-19,2026-01-24,Squash,Squash Suprema Variety kg 60.58,,kg,,60.58,,pdfplumber,2026\Weekly-Average-Prices-January-19-24-2026.pdf
2026-01-19,2026-01-24,Tomato,Tomato 15-18 pcs/kg kg 126.63,,kg,,126.63,,pdfplumber,2026\Weekly-Average-Prices-January-19-24-2026.pdf
2026-01-19,2026-01-24,Watermelon,Watermelon kg 77.78,,kg,,77.78,,pdfplumber,2026\Weekly-Average-Prices-January-19-24-2026.pdf
2026-01-19,2026-01-24,White Onion (Imported),"White Onion, Imported kg 131.05",,kg,,131.05,,pdfplumber,2026\Weekly-Average-Prices-January-19-24-2026.pdf
2026-01-19,2026-01-24,White Potato,"White Potato, Local 10-12 pcs/kg kg 148.82",,kg,,148.82,,pdfplumber,2026\Weekly-Average-Prices-January-19-24-2026.pdf
2026-02-02,2026-02-07,Red Onion,Red Onion. local,,kg,,151.48,2,ocr_row_aligned,2026\Weekly-Average-Prices-February-2-7-2026.pdf
2026-02-09,2026-02-14,Squash,Squash,,kg,,0.45,2,ocr_row_aligned,2026\Weekly-Average-Prices-February-9-14-2026.pdf
2026-02-23,2026-02-28,Banana (Latundan),Banana [Latundan,,kg,,75.42,2,ocr_row_aligned,2026\Weekly-Average-Prices-February-23-28-2026.pdf
2026-02-23,2026-02-28,Red Onion,"Red Onion, Local",,kg,,118.2,2,ocr_row_aligned,2026\Weekly-Average-Prices-February-23-28-2026.pdf
2026-02-23,2026-02-28,Tomato,Tomato,,kg,,62.43,3,ocr_row_aligned,2026\Weekly-Average-Prices-February-23-28-2026.pdf
2026-02-23,2026-02-28,White Onion,"White Onion, Local",,kg,,100.41,2,ocr_row_aligned,2026\Weekly-Average-Prices-February-23-28-2026.pdf
2026-02-23,2026-02-28,White Potato,"White Potato, toca",,kg,,112.13,3,ocr_row_aligned,2026\Weekly-Average-Prices-February-23-28-2026.pdf
2026-03-09,2026-03-14,Cabbage (Wonder Ball),‘Cabbage [Wonder bf],,kg,,0.52,2,ocr_row_aligned,2026\Weekly-Average-Prices-March-9-14-2026.pdf
2026-03-09,2026-03-14,Mango (Carabao),Mango {Caraboo),,kg,,7.52,2,ocr_row_aligned,2026\Weekly-Average-Prices-March-9-14-2026.pdf
2026-03-16,2026-03-21,Pechay (Native),‘Native Pechay,,kg,,2.5,2,ocr_row_aligned,2026\Weekly-Average-Prices-March-16-21-2026.pdf
2026-03-23,2026-03-28,White Potato,"White Potato,",,kg,,1.79,2,ocr_row_aligned,2026\Weekly-Average-Prices-March-23-28-2026.pdf
2026-04-06,2026-04-11,White Potato,"‘White Potato, Local",,kg,,0.08,2,ocr_row_aligned,2026\Weekly-Average-Prices-April-6-11-2026.pdf
2026-04-20,2026-04-25,Ampalaya,Ampalaya 4-5 pcs/kg kg 116.06,,kg,,116.06,,pdfplumber,2026\Weekly-Average-Prices-April-20-25-2026.pdf
2026-04-20,2026-04-25,Avocado,Avocado kg 240.50,,kg,,240.5,,pdfplumber,2026\Weekly-Average-Prices-April-20-25-2026.pdf
2026-04-20,2026-04-25,Banana (Lakatan),Banana (Lakatan) 8-10 pcs/kg kg 99.33,,kg,,99.33,,pdfplumber,2026\Weekly-Average-Prices-April-20-25-2026.pdf
2026-04-20,2026-04-25,Banana (Latundan),Banana (Latundan) 10-12 pcs/kg kg 75.09,,kg,,75.09,,pdfplumber,2026\Weekly-Average-Prices-April-20-25-2026.pdf
2026-04-20,2026-04-25,Banana (Saba),Banana (Saba) kg 59.03,,kg,,59.03,,pdfplumber,2026\Weekly-Average-Prices-April-20-25-2026.pdf
2026-04-20,2026-04-25,Cabbage (Rare Ball),Cabbage (Rare Ball) 510 gm - 1 kg/head kg 65.17,,kg,,65.17,,pdfplumber,2026\Weekly-Average-Prices-April-20-25-2026.pdf
2026-04-20,2026-04-25,Cabbage (Scorpio),Cabbage (Scorpio) 750 gm - 1 kg/head kg 76.27,,kg,,76.27,,pdfplumber,2026\Weekly-Average-Prices-April-20-25-2026.pdf
2026-04-20,2026-04-25,Cabbage (Wonder Ball),Cabbage (Wonder Ball) 510 gm - 1 kg/head kg 63.26,,kg,,63.26,,pdfplumber,2026\Weekly-Average-Prices-April-20-25-2026.pdf
2026-04-20,2026-04-25,Calamansi,Calamansi kg 139.24,,kg,,139.24,,pdfplumber,2026\Weekly-Average-Prices-April-20-25-2026.pdf
2026-04-20,2026-04-25,Carrots,"Carrots, Local 8-10 pcs/kg kg 157.05",,kg,,157.05,,pdfplumber,2026\Weekly-Average-Prices-April-20-25-2026.pdf
2026-04-20,2026-04-25,Eggplant,Eggplant 3-4 Small Bundles kg 76.69,,kg,,76.69,,pdfplumber,2026\Weekly-Average-Prices-April-20-25-2026.pdf
2026-04-20,2026-04-25,Garlic (Imported),"Garlic, Imported kg 147.87",,kg,,147.87,,pdfplumber,2026\Weekly-Average-Prices-April-20-25-2026.pdf
2026-04-20,2026-04-25,Garlic (Native),"Garlic, Native/Local kg 396.54",,kg,,396.54,,pdfplumber,2026\Weekly-Average-Prices-April-20-25-2026.pdf
2026-04-20,2026-04-25,Ginger,"Ginger, Local Fairly well-matured, Medium (150-300 gm) kg 156.76",,kg,,156.76,,pdfplumber,2026\Weekly-Average-Prices-April-20-25-2026.pdf
2026-04-20,2026-04-25,Mango (Carabao),"Mango (Carabao) Ripe, 3-4 pcs/kg kg 159.09",,kg,,159.09,,pdfplumber,2026\Weekly-Average-Prices-April-20-25-2026.pdf
2026-04-20,2026-04-25,Papaya,"Papaya Solo, Ripe, 2-3 pcs/kg kg 74.76",,kg,,74.76,,pdfplumber,2026\Weekly-Average-Prices-April-20-25-2026.pdf
2026-04-20,2026-04-25,Pechay (Baguio),Pechay Baguio kg 74.98,,kg,,74.98,,pdfplumber,2026\Weekly-Average-Prices-April-20-25-2026.pdf
2026-04-20,2026-04-25,Pechay (Native),Native Pechay 3-4 Small Bundles kg 74.42,,kg,,74.42,,pdfplumber,2026\Weekly-Average-Prices-April-20-25-2026.pdf
2026-04-20,2026-04-25,Red Onion,"Red Onion, Local 13-15 pcs/kg kg 97.39",,kg,,97.39,,pdfplumber,2026\Weekly-Average-Prices-April-20-25-2026.pdf
2026-04-20,2026-04-25,Red Onion (Imported),"Red Onion, Imported kg 87.69",,kg,,87.69,,pdfplumber,2026\Weekly-Average-Prices-April-20-25-2026.pdf
2026-04-20,2026-04-25,Sitao,Pole Sitao 3-4 Small Bundles kg 103.29,,kg,,103.29,,pdfplumber,2026\Weekly-Average-Prices-April-20-25-2026.pdf
2026-04-20,2026-04-25,Squash,Squash Suprema Variety kg 66.32,,kg,,66.32,,pdfplumber,2026\Weekly-Average-Prices-April-20-25-2026.pdf
2026-04-20,2026-04-25,Tomato,Tomato 15-18 pcs/kg kg 62.82,,kg,,62.82,,pdfplumber,2026\Weekly-Average-Prices-April-20-25-2026.pdf
2026-04-20,2026-04-25,Watermelon,Watermelon kg 77.88,,kg,,77.88,,pdfplumber,2026\Weekly-Average-Prices-April-20-25-2026.pdf
2026-04-20,2026-04-25,White Onion,"White Onion, Local kg 90.96",,kg,,90.96,,pdfplumber,2026\Weekly-Average-Prices-April-20-25-2026.pdf
2026-04-20,2026-04-25,White Onion (Imported),"White Onion, Imported kg 93.00",,kg,,93.0,,pdfplumber,2026\Weekly-Average-Prices-April-20-25-2026.pdf
2026-04-20,2026-04-25,White Potato,"White Potato, Local 10-12 pcs/kg kg 97.47",,kg,,97.47,,pdfplumber,2026\Weekly-Average-Prices-April-20-25-2026.pdf
2026-04-27,2026-05-02,Ampalaya,Ampalaya 4-5 pcs/kg kg 115.17,,kg,,115.17,,pdfplumber,2026\Weekly-Average-Prices-April-27-May-2-2026.pdf
2026-04-27,2026-05-02,Avocado,Avocado kg 242.62,,kg,,242.62,,pdfplumber,2026\Weekly-Average-Prices-April-27-May-2-2026.pdf
2026-04-27,2026-05-02,Banana (Lakatan),Banana (Lakatan) 8-10 pcs/kg kg 99.25,,kg,,99.25,,pdfplumber,2026\Weekly-Average-Prices-April-27-May-2-2026.pdf
2026-04-27,2026-05-02,Banana (Latundan),Banana (Latundan) 10-12 pcs/kg kg 75.18,,kg,,75.18,,pdfplumber,2026\Weekly-Average-Prices-April-27-May-2-2026.pdf
2026-04-27,2026-05-02,Banana (Saba),Banana (Saba) kg 59.27,,kg,,59.27,,pdfplumber,2026\Weekly-Average-Prices-April-27-May-2-2026.pdf
2026-04-27,2026-05-02,Cabbage (Rare Ball),Cabbage (Rare Ball) 510 gm - 1 kg/head kg 63.13,,kg,,63.13,,pdfplumber,2026\Weekly-Average-Prices-April-27-May-2-2026.pdf
2026-04-27,2026-05-02,Cabbage (Scorpio),Cabbage (Scorpio) 750 gm - 1 kg/head kg 76.87,,kg,,76.87,,pdfplumber,2026\Weekly-Average-Prices-April-27-May-2-2026.pdf
2026-04-27,2026-05-02,Cabbage (Wonder Ball),Cabbage (Wonder Ball) 510 gm - 1 kg/head kg 61.79,,kg,,61.79,,pdfplumber,2026\Weekly-Average-Prices-April-27-May-2-2026.pdf
2026-04-27,2026-05-02,Calamansi,Calamansi kg 139.66,,kg,,139.66,,pdfplumber,2026\Weekly-Average-Prices-April-27-May-2-2026.pdf
2026-04-27,2026-05-02,Carrots,"Carrots, Local 8-10 pcs/kg kg 150.74",,kg,,150.74,,pdfplumber,2026\Weekly-Average-Prices-April-27-May-2-2026.pdf
2026-04-27,2026-05-02,Eggplant,Eggplant 3-4 Small Bundles kg 78.34,,kg,,78.34,,pdfplumber,2026\Weekly-Average-Prices-April-27-May-2-2026.pdf
2026-04-27,2026-05-02,Garlic (Imported),"Garlic, Imported kg 147.35",,kg,,147.35,,pdfplumber,2026\Weekly-Average-Prices-April-27-May-2-2026.pdf
2026-04-27,2026-05-02,Garlic (Native),"Garlic, Native/Local kg 375.00",,kg,,375.0,,pdfplumber,2026\Weekly-Average-Prices-April-27-May-2-2026.pdf
2026-04-27,2026-05-02,Ginger,"Ginger, Local Fairly well-matured, Medium (150-300 gm) kg 159.07",,kg,,159.07,,pdfplumber,2026\Weekly-Average-Prices-April-27-May-2-2026.pdf
2026-04-27,2026-05-02,Mango (Carabao),"Mango (Carabao) Ripe, 3-4 pcs/kg kg 157.23",,kg,,157.23,,pdfplumber,2026\Weekly-Average-Prices-April-27-May-2-2026.pdf
2026-04-27,2026-05-02,Papaya,"Papaya Solo, Ripe, 2-3 pcs/kg kg 73.93",,kg,,73.93,,pdfplumber,2026\Weekly-Average-Prices-April-27-May-2-2026.pdf
2026-04-27,2026-05-02,Pechay (Baguio),Pechay Baguio kg 74.16,,kg,,74.16,,pdfplumber,2026\Weekly-Average-Prices-April-27-May-2-2026.pdf
2026-04-27,2026-05-02,Pechay (Native),Native Pechay 3-4 Small Bundles kg 76.76,,kg,,76.76,,pdfplumber,2026\Weekly-Average-Prices-April-27-May-2-2026.pdf
2026-04-27,2026-05-02,Red Onion,"Red Onion, Local 13-15 pcs/kg kg 95.68",,kg,,95.68,,pdfplumber,2026\Weekly-Average-Prices-April-27-May-2-2026.pdf
2026-04-27,2026-05-02,Red Onion (Imported),"Red Onion, Imported kg 86.19",,kg,,86.19,,pdfplumber,2026\Weekly-Average-Prices-April-27-May-2-2026.pdf
2026-04-27,2026-05-02,Sitao,Pole Sitao 3-4 Small Bundles kg 100.90,,kg,,100.9,,pdfplumber,2026\Weekly-Average-Prices-April-27-May-2-2026.pdf
2026-04-27,2026-05-02,Squash,Squash Suprema Variety kg 65.15,,kg,,65.15,,pdfplumber,2026\Weekly-Average-Prices-April-27-May-2-2026.pdf
2026-04-27,2026-05-02,Tomato,Tomato 15-18 pcs/kg kg 62.73,,kg,,62.73,,pdfplumber,2026\Weekly-Average-Prices-April-27-May-2-2026.pdf
2026-04-27,2026-05-02,Watermelon,Watermelon kg 77.20,,kg,,77.2,,pdfplumber,2026\Weekly-Average-Prices-April-27-May-2-2026.pdf
2026-04-27,2026-05-02,White Onion,"White Onion, Local kg 89.69",,kg,,89.69,,pdfplumber,2026\Weekly-Average-Prices-April-27-May-2-2026.pdf
2026-04-27,2026-05-02,White Onion (Imported),"White Onion, Imported kg 97.62",,kg,,97.62,,pdfplumber,2026\Weekly-Average-Prices-April-27-May-2-2026.pdf
2026-04-27,2026-05-02,White Potato,"White Potato, Local 10-12 pcs/kg kg 95.94",,kg,,95.94,,pdfplumber,2026\Weekly-Average-Prices-April-27-May-2-2026.pdf
2026-05-04,2026-05-09,Ampalaya,Ampalaya 4-5 pcs/kg kg 115.97,,kg,,115.97,,pdfplumber,2026\Weekly-Average-Prices-May-4-9-2026.pdf
2026-05-04,2026-05-09,Avocado,Avocado kg 239.08,,kg,,239.08,,pdfplumber,2026\Weekly-Average-Prices-May-4-9-2026.pdf
2026-05-04,2026-05-09,Banana (Lakatan),Banana (Lakatan) 8-10 pcs/kg kg 98.94,,kg,,98.94,,pdfplumber,2026\Weekly-Average-Prices-May-4-9-2026.pdf
2026-05-04,2026-05-09,Banana (Latundan),Banana (Latundan) 10-12 pcs/kg kg 75.29,,kg,,75.29,,pdfplumber,2026\Weekly-Average-Prices-May-4-9-2026.pdf
2026-05-04,2026-05-09,Banana (Saba),Banana (Saba) kg 59.23,,kg,,59.23,,pdfplumber,2026\Weekly-Average-Prices-May-4-9-2026.pdf
2026-05-04,2026-05-09,Cabbage (Rare Ball),Cabbage (Rare Ball) 510 gm - 1 kg/head kg 58.92,,kg,,58.92,,pdfplumber,2026\Weekly-Average-Prices-May-4-9-2026.pdf
2026-05-04,2026-05-09,Cabbage (Scorpio),Cabbage (Scorpio) 750 gm - 1 kg/head kg 67.42,,kg,,67.42,,pdfplumber,2026\Weekly-Average-Prices-May-4-9-2026.pdf
2026-05-04,2026-05-09,Cabbage (Wonder Ball),Cabbage (Wonder Ball) 510 gm - 1 kg/head kg 59.46,,kg,,59.46,,pdfplumber,2026\Weekly-Average-Prices-May-4-9-2026.pdf
2026-05-04,2026-05-09,Calamansi,Calamansi kg 137.47,,kg,,137.47,,pdfplumber,2026\Weekly-Average-Prices-May-4-9-2026.pdf
2026-05-04,2026-05-09,Carrots,"Carrots, Local 8-10 pcs/kg kg 144.06",,kg,,144.06,,pdfplumber,2026\Weekly-Average-Prices-May-4-9-2026.pdf
2026-05-04,2026-05-09,Eggplant,Eggplant 3-4 Small Bundles kg 81.73,,kg,,81.73,,pdfplumber,2026\Weekly-Average-Prices-May-4-9-2026.pdf
2026-05-04,2026-05-09,Garlic (Imported),"Garlic, Imported kg 146.23",,kg,,146.23,,pdfplumber,2026\Weekly-Average-Prices-May-4-9-2026.pdf
2026-05-04,2026-05-09,Garlic (Native),"Garlic, Native/Local kg 375.68",,kg,,375.68,,pdfplumber,2026\Weekly-Average-Prices-May-4-9-2026.pdf
2026-05-04,2026-05-09,Ginger,"Ginger, Local Fairly well-matured, Medium (150-300 gm) kg 164.78",,kg,,164.78,,pdfplumber,2026\Weekly-Average-Prices-May-4-9-2026.pdf
2026-05-04,2026-05-09,Mango (Carabao),"Mango (Carabao) Ripe, 3-4 pcs/kg kg 155.30",,kg,,155.3,,pdfplumber,2026\Weekly-Average-Prices-May-4-9-2026.pdf
2026-05-04,2026-05-09,Papaya,"Papaya Solo, Ripe, 2-3 pcs/kg kg 73.54",,kg,,73.54,,pdfplumber,2026\Weekly-Average-Prices-May-4-9-2026.pdf
2026-05-04,2026-05-09,Pechay (Baguio),Pechay Baguio kg 75.25,,kg,,75.25,,pdfplumber,2026\Weekly-Average-Prices-May-4-9-2026.pdf
2026-05-04,2026-05-09,Pechay (Native),Native Pechay 3-4 Small Bundles kg 77.15,,kg,,77.15,,pdfplumber,2026\Weekly-Average-Prices-May-4-9-2026.pdf
2026-05-04,2026-05-09,Red Onion,"Red Onion, Local 13-15 pcs/kg kg 95.10",,kg,,95.1,,pdfplumber,2026\Weekly-Average-Prices-May-4-9-2026.pdf
2026-05-04,2026-05-09,Red Onion (Imported),"Red Onion, Imported kg 88.75",,kg,,88.75,,pdfplumber,2026\Weekly-Average-Prices-May-4-9-2026.pdf
2026-05-04,2026-05-09,Sitao,Pole Sitao 3-4 Small Bundles kg 102.90,,kg,,102.9,,pdfplumber,2026\Weekly-Average-Prices-May-4-9-2026.pdf
2026-05-04,2026-05-09,Squash,Squash Suprema Variety kg 64.49,,kg,,64.49,,pdfplumber,2026\Weekly-Average-Prices-May-4-9-2026.pdf
2026-05-04,2026-05-09,Tomato,Tomato 15-18 pcs/kg kg 62.61,,kg,,62.61,,pdfplumber,2026\Weekly-Average-Prices-May-4-9-2026.pdf
2026-05-04,2026-05-09,Watermelon,Watermelon kg 76.06,,kg,,76.06,,pdfplumber,2026\Weekly-Average-Prices-May-4-9-2026.pdf
2026-05-04,2026-05-09,White Onion,"White Onion, Local kg 90.02",,kg,,90.02,,pdfplumber,2026\Weekly-Average-Prices-May-4-9-2026.pdf
2026-05-04,2026-05-09,White Onion (Imported),"White Onion, Imported kg 94.29",,kg,,94.29,,pdfplumber,2026\Weekly-Average-Prices-May-4-9-2026.pdf
2026-05-04,2026-05-09,White Potato,"White Potato, Local 10-12 pcs/kg kg 95.81",,kg,,95.81,,pdfplumber,2026\Weekly-Average-Prices-May-4-9-2026.pdf
2026-05-11,2026-05-16,Ampalaya,Ampalaya 4-5 pcs/kg kg 118.32,,kg,,118.32,,pdfplumber,2026\Weekly-Average-Prices-May-11-16-2026.pdf
2026-05-11,2026-05-16,Avocado,Avocado kg 235.96,,kg,,235.96,,pdfplumber,2026\Weekly-Average-Prices-May-11-16-2026.pdf
2026-05-11,2026-05-16,Banana (Lakatan),Banana (Lakatan) 8-10 pcs/kg kg 98.78,,kg,,98.78,,pdfplumber,2026\Weekly-Average-Prices-May-11-16-2026.pdf
2026-05-11,2026-05-16,Banana (Latundan),Banana (Latundan) 10-12 pcs/kg kg 75.37,,kg,,75.37,,pdfplumber,2026\Weekly-Average-Prices-May-11-16-2026.pdf
2026-05-11,2026-05-16,Banana (Saba),Banana (Saba) kg 59.02,,kg,,59.02,,pdfplumber,2026\Weekly-Average-Prices-May-11-16-2026.pdf
2026-05-11,2026-05-16,Cabbage (Rare Ball),Cabbage (Rare Ball) 510 gm - 1 kg/head kg 58.85,,kg,,58.85,,pdfplumber,2026\Weekly-Average-Prices-May-11-16-2026.pdf
2026-05-11,2026-05-16,Cabbage (Scorpio),Cabbage (Scorpio) 750 gm - 1 kg/head kg 65.33,,kg,,65.33,,pdfplumber,2026\Weekly-Average-Prices-May-11-16-2026.pdf
2026-05-11,2026-05-16,Cabbage (Wonder Ball),Cabbage (Wonder Ball) 510 gm - 1 kg/head kg 58.82,,kg,,58.82,,pdfplumber,2026\Weekly-Average-Prices-May-11-16-2026.pdf
2026-05-11,2026-05-16,Calamansi,Calamansi kg 136.94,,kg,,136.94,,pdfplumber,2026\Weekly-Average-Prices-May-11-16-2026.pdf
2026-05-11,2026-05-16,Carrots,"Carrots, Local 8-10 pcs/kg kg 139.23",,kg,,139.23,,pdfplumber,2026\Weekly-Average-Prices-May-11-16-2026.pdf
2026-05-11,2026-05-16,Eggplant,Eggplant 3-4 Small Bundles kg 84.59,,kg,,84.59,,pdfplumber,2026\Weekly-Average-Prices-May-11-16-2026.pdf
2026-05-11,2026-05-16,Garlic (Imported),"Garlic, Imported kg 146.79",,kg,,146.79,,pdfplumber,2026\Weekly-Average-Prices-May-11-16-2026.pdf
2026-05-11,2026-05-16,Garlic (Native),"Garlic, Native/Local kg 400.00",,kg,,400.0,,pdfplumber,2026\Weekly-Average-Prices-May-11-16-2026.pdf
2026-05-11,2026-05-16,Ginger,"Ginger, Local Fairly well-matured, Medium (150-300 gm) kg 166.48",,kg,,166.48,,pdfplumber,2026\Weekly-Average-Prices-May-11-16-2026.pdf
2026-05-11,2026-05-16,Mango (Carabao),"Mango (Carabao) Ripe, 3-4 pcs/kg kg 153.25",,kg,,153.25,,pdfplumber,2026\Weekly-Average-Prices-May-11-16-2026.pdf
2026-05-11,2026-05-16,Papaya,"Papaya Solo, Ripe, 2-3 pcs/kg kg 73.72",,kg,,73.72,,pdfplumber,2026\Weekly-Average-Prices-May-11-16-2026.pdf
2026-05-11,2026-05-16,Pechay (Baguio),Pechay Baguio kg 74.59,,kg,,74.59,,pdfplumber,2026\Weekly-Average-Prices-May-11-16-2026.pdf
2026-05-11,2026-05-16,Pechay (Native),Native Pechay 3-4 Small Bundles kg 78.55,,kg,,78.55,,pdfplumber,2026\Weekly-Average-Prices-May-11-16-2026.pdf
2026-05-11,2026-05-16,Red Onion,"Red Onion, Local 13-15 pcs/kg kg 94.99",,kg,,94.99,,pdfplumber,2026\Weekly-Average-Prices-May-11-16-2026.pdf
2026-05-11,2026-05-16,Red Onion (Imported),"Red Onion, Imported kg 86.76",,kg,,86.76,,pdfplumber,2026\Weekly-Average-Prices-May-11-16-2026.pdf
2026-05-11,2026-05-16,Sitao,Pole Sitao 3-4 Small Bundles kg 107.37,,kg,,107.37,,pdfplumber,2026\Weekly-Average-Prices-May-11-16-2026.pdf
2026-05-11,2026-05-16,Squash,Squash Suprema Variety kg 63.82,,kg,,63.82,,pdfplumber,2026\Weekly-Average-Prices-May-11-16-2026.pdf
2026-05-11,2026-05-16,Tomato,Tomato 15-18 pcs/kg kg 62.24,,kg,,62.24,,pdfplumber,2026\Weekly-Average-Prices-May-11-16-2026.pdf
2026-05-11,2026-05-16,Watermelon,Watermelon kg 75.52,,kg,,75.52,,pdfplumber,2026\Weekly-Average-Prices-May-11-16-2026.pdf
2026-05-11,2026-05-16,White Onion,"White Onion, Local kg 90.33",,kg,,90.33,,pdfplumber,2026\Weekly-Average-Prices-May-11-16-2026.pdf
2026-05-11,2026-05-16,White Onion (Imported),"White Onion, Imported kg 90.32",,kg,,90.32,,pdfplumber,2026\Weekly-Average-Prices-May-11-16-2026.pdf
2026-05-11,2026-05-16,White Potato,"White Potato, Local 10-12 pcs/kg kg 97.04",,kg,,97.04,,pdfplumber,2026\Weekly-Average-Prices-May-11-16-2026.pdf
2026-05-18,2026-05-23,Ampalaya,Ampalaya 4-5 pcs/kg kg 120.88,,kg,,120.88,,pdfplumber,2026\Weekly-Average-Prices-May-18-23-2026.pdf
2026-05-18,2026-05-23,Avocado,Avocado kg 239.17,,kg,,239.17,,pdfplumber,2026\Weekly-Average-Prices-May-18-23-2026.pdf
2026-05-18,2026-05-23,Banana (Lakatan),Banana (Lakatan) 8-10 pcs/kg kg 98.97,,kg,,98.97,,pdfplumber,2026\Weekly-Average-Prices-May-18-23-2026.pdf
2026-05-18,2026-05-23,Banana (Latundan),Banana (Latundan) 10-12 pcs/kg kg 75.76,,kg,,75.76,,pdfplumber,2026\Weekly-Average-Prices-May-18-23-2026.pdf
2026-05-18,2026-05-23,Banana (Saba),Banana (Saba) kg 59.56,,kg,,59.56,,pdfplumber,2026\Weekly-Average-Prices-May-18-23-2026.pdf
2026-05-18,2026-05-23,Cabbage (Rare Ball),Cabbage (Rare Ball) 510 gm - 1 kg/head kg 59.44,,kg,,59.44,,pdfplumber,2026\Weekly-Average-Prices-May-18-23-2026.pdf
2026-05-18,2026-05-23,Cabbage (Scorpio),Cabbage (Scorpio) 750 gm - 1 kg/head kg 65.00,,kg,,65.0,,pdfplumber,2026\Weekly-Average-Prices-May-18-23-2026.pdf
2026-05-18,2026-05-23,Cabbage (Wonder Ball),Cabbage (Wonder Ball) 510 gm - 1 kg/head kg 58.95,,kg,,58.95,,pdfplumber,2026\Weekly-Average-Prices-May-18-23-2026.pdf
2026-05-18,2026-05-23,Calamansi,Calamansi kg 133.99,,kg,,133.99,,pdfplumber,2026\Weekly-Average-Prices-May-18-23-2026.pdf
2026-05-18,2026-05-23,Carrots,"Carrots, Local 8-10 pcs/kg kg 135.01",,kg,,135.01,,pdfplumber,2026\Weekly-Average-Prices-May-18-23-2026.pdf
2026-05-18,2026-05-23,Eggplant,Eggplant 3-4 Small Bundles kg 89.02,,kg,,89.02,,pdfplumber,2026\Weekly-Average-Prices-May-18-23-2026.pdf
2026-05-18,2026-05-23,Garlic (Imported),"Garlic, Imported kg 146.35",,kg,,146.35,,pdfplumber,2026\Weekly-Average-Prices-May-18-23-2026.pdf
2026-05-18,2026-05-23,Garlic (Native),"Garlic, Native/Local kg 400.00",,kg,,400.0,,pdfplumber,2026\Weekly-Average-Prices-May-18-23-2026.pdf
2026-05-18,2026-05-23,Ginger,"Ginger, Local Fairly well-matured, Medium (150-300 gm) kg 171.53",,kg,,171.53,,pdfplumber,2026\Weekly-Average-Prices-May-18-23-2026.pdf
2026-05-18,2026-05-23,Mango (Carabao),"Mango (Carabao) Ripe, 3-4 pcs/kg kg 153.00",,kg,,153.0,,pdfplumber,2026\Weekly-Average-Prices-May-18-23-2026.pdf
2026-05-18,2026-05-23,Papaya,"Papaya Solo, Ripe, 2-3 pcs/kg kg 73.95",,kg,,73.95,,pdfplumber,2026\Weekly-Average-Prices-May-18-23-2026.pdf
2026-05-18,2026-05-23,Pechay (Baguio),Pechay Baguio kg 75.98,,kg,,75.98,,pdfplumber,2026\Weekly-Average-Prices-May-18-23-2026.pdf
2026-05-18,2026-05-23,Pechay (Native),Native Pechay 3-4 Small Bundles kg 80.96,,kg,,80.96,,pdfplumber,2026\Weekly-Average-Prices-May-18-23-2026.pdf
2026-05-18,2026-05-23,Red Onion,"Red Onion, Local 13-15 pcs/kg kg 98.85",,kg,,98.85,,pdfplumber,2026\Weekly-Average-Prices-May-18-23-2026.pdf
2026-05-18,2026-05-23,Red Onion (Imported),"Red Onion, Imported kg 93.33",,kg,,93.33,,pdfplumber,2026\Weekly-Average-Prices-May-18-23-2026.pdf
2026-05-18,2026-05-23,Sitao,Pole Sitao 3-4 Small Bundles kg 110.85,,kg,,110.85,,pdfplumber,2026\Weekly-Average-Prices-May-18-23-2026.pdf
2026-05-18,2026-05-23,Squash,Squash Suprema Variety kg 63.25,,kg,,63.25,,pdfplumber,2026\Weekly-Average-Prices-May-18-23-2026.pdf
2026-05-18,2026-05-23,Tomato,Tomato 15-18 pcs/kg kg 63.92,,kg,,63.92,,pdfplumber,2026\Weekly-Average-Prices-May-18-23-2026.pdf
2026-05-18,2026-05-23,Watermelon,Watermelon kg 75.59,,kg,,75.59,,pdfplumber,2026\Weekly-Average-Prices-May-18-23-2026.pdf
2026-05-18,2026-05-23,White Onion,"White Onion, Local kg 95.01",,kg,,95.01,,pdfplumber,2026\Weekly-Average-Prices-May-18-23-2026.pdf
2026-05-18,2026-05-23,White Onion (Imported),"White Onion, Imported kg 96.11",,kg,,96.11,,pdfplumber,2026\Weekly-Average-Prices-May-18-23-2026.pdf
2026-05-18,2026-05-23,White Potato,"White Potato, Local 10-12 pcs/kg kg 97.29",,kg,,97.29,,pdfplumber,2026\Weekly-Average-Prices-May-18-23-2026.pdf
2026-05-25,2026-05-30,Ampalaya,Ampalaya 4-5 pcs/kg kg 126.60,,kg,,126.6,,pdfplumber,2026\Weekly-Average-Prices-May-25-30-2026.pdf
2026-05-25,2026-05-30,Avocado,Avocado kg 232.31,,kg,,232.31,,pdfplumber,2026\Weekly-Average-Prices-May-25-30-2026.pdf
2026-05-25,2026-05-30,Banana (Lakatan),Banana (Lakatan) 8-10 pcs/kg kg 98.49,,kg,,98.49,,pdfplumber,2026\Weekly-Average-Prices-May-25-30-2026.pdf
2026-05-25,2026-05-30,Banana (Latundan),Banana (Latundan) 10-12 pcs/kg kg 75.24,,kg,,75.24,,pdfplumber,2026\Weekly-Average-Prices-May-25-30-2026.pdf
2026-05-25,2026-05-30,Banana (Saba),Banana (Saba) kg 58.71,,kg,,58.71,,pdfplumber,2026\Weekly-Average-Prices-May-25-30-2026.pdf
2026-05-25,2026-05-30,Cabbage (Rare Ball),Cabbage (Rare Ball) 510 gm - 1 kg/head kg 60.62,,kg,,60.62,,pdfplumber,2026\Weekly-Average-Prices-May-25-30-2026.pdf
2026-05-25,2026-05-30,Cabbage (Scorpio),Cabbage (Scorpio) 750 gm - 1 kg/head kg 66.31,,kg,,66.31,,pdfplumber,2026\Weekly-Average-Prices-May-25-30-2026.pdf
2026-05-25,2026-05-30,Cabbage (Wonder Ball),Cabbage (Wonder Ball) 510 gm - 1 kg/head kg 59.33,,kg,,59.33,,pdfplumber,2026\Weekly-Average-Prices-May-25-30-2026.pdf
2026-05-25,2026-05-30,Calamansi,Calamansi kg 128.16,,kg,,128.16,,pdfplumber,2026\Weekly-Average-Prices-May-25-30-2026.pdf
2026-05-25,2026-05-30,Carrots,"Carrots, Local 8-10 pcs/kg kg 133.35",,kg,,133.35,,pdfplumber,2026\Weekly-Average-Prices-May-25-30-2026.pdf
2026-05-25,2026-05-30,Eggplant,Eggplant 3-4 Small Bundles kg 88.08,,kg,,88.08,,pdfplumber,2026\Weekly-Average-Prices-May-25-30-2026.pdf
2026-05-25,2026-05-30,Garlic (Imported),"Garlic, Imported kg 146.03",,kg,,146.03,,pdfplumber,2026\Weekly-Average-Prices-May-25-30-2026.pdf
2026-05-25,2026-05-30,Garlic (Native),"Garlic, Native/Local kg 386.36",,kg,,386.36,,pdfplumber,2026\Weekly-Average-Prices-May-25-30-2026.pdf
2026-05-25,2026-05-30,Ginger,"Ginger, Local Fairly well-matured, Medium (150-300 gm) kg 172.08",,kg,,172.08,,pdfplumber,2026\Weekly-Average-Prices-May-25-30-2026.pdf
2026-05-25,2026-05-30,Mango (Carabao),"Mango (Carabao) Ripe, 3-4 pcs/kg kg 148.96",,kg,,148.96,,pdfplumber,2026\Weekly-Average-Prices-May-25-30-2026.pdf
2026-05-25,2026-05-30,Papaya,"Papaya Solo, Ripe, 2-3 pcs/kg kg 73.40",,kg,,73.4,,pdfplumber,2026\Weekly-Average-Prices-May-25-30-2026.pdf
2026-05-25,2026-05-30,Pechay (Baguio),Pechay Baguio kg 76.92,,kg,,76.92,,pdfplumber,2026\Weekly-Average-Prices-May-25-30-2026.pdf
2026-05-25,2026-05-30,Pechay (Native),Native Pechay 3-4 Small Bundles kg 86.08,,kg,,86.08,,pdfplumber,2026\Weekly-Average-Prices-May-25-30-2026.pdf
2026-05-25,2026-05-30,Red Onion,"Red Onion, Local 13-15 pcs/kg kg 102.01",,kg,,102.01,,pdfplumber,2026\Weekly-Average-Prices-May-25-30-2026.pdf
2026-05-25,2026-05-30,Red Onion (Imported),"Red Onion, Imported kg 90.00",,kg,,90.0,,pdfplumber,2026\Weekly-Average-Prices-May-25-30-2026.pdf
2026-05-25,2026-05-30,Sitao,Pole Sitao 3-4 Small Bundles kg 117.26,,kg,,117.26,,pdfplumber,2026\Weekly-Average-Prices-May-25-30-2026.pdf
2026-05-25,2026-05-30,Squash,Squash Suprema Variety kg 63.46,,kg,,63.46,,pdfplumber,2026\Weekly-Average-Prices-May-25-30-2026.pdf
2026-05-25,2026-05-30,Tomato,Tomato 15-18 pcs/kg kg 67.38,,kg,,67.38,,pdfplumber,2026\Weekly-Average-Prices-May-25-30-2026.pdf
2026-05-25,2026-05-30,Watermelon,Watermelon kg 75.38,,kg,,75.38,,pdfplumber,2026\Weekly-Average-Prices-May-25-30-2026.pdf
2026-05-25,2026-05-30,White Onion,"White Onion, Local kg 96.66",,kg,,96.66,,pdfplumber,2026\Weekly-Average-Prices-May-25-30-2026.pdf
2026-05-25,2026-05-30,White Onion (Imported),"White Onion, Imported kg 97.50",,kg,,97.5,,pdfplumber,2026\Weekly-Average-Prices-May-25-30-2026.pdf
2026-05-25,2026-05-30,White Potato,"White Potato, Local 10-12 pcs/kg kg 96.97",,kg,,96.97,,pdfplumber,2026\Weekly-Average-Prices-May-25-30-2026.pdf
2026-06-01,2026-06-06,Ampalaya,Ampalaya 4-5 pcs/kg kg 133.19,,kg,,133.19,,pdfplumber,2026\Weekly-Average-Prices-June-1-6-2026.pdf
2026-06-01,2026-06-06,Avocado,Avocado kg 226.41,,kg,,226.41,,pdfplumber,2026\Weekly-Average-Prices-June-1-6-2026.pdf
2026-06-01,2026-06-06,Banana (Lakatan),Banana (Lakatan) 8-10 pcs/kg kg 98.44,,kg,,98.44,,pdfplumber,2026\Weekly-Average-Prices-June-1-6-2026.pdf
2026-06-01,2026-06-06,Banana (Latundan),Banana (Latundan) 10-12 pcs/kg kg 75.19,,kg,,75.19,,pdfplumber,2026\Weekly-Average-Prices-June-1-6-2026.pdf
2026-06-01,2026-06-06,Banana (Saba),Banana (Saba) kg 59.08,,kg,,59.08,,pdfplumber,2026\Weekly-Average-Prices-June-1-6-2026.pdf
2026-06-01,2026-06-06,Cabbage (Rare Ball),Cabbage (Rare Ball) 510 gm - 1 kg/head kg 64.08,,kg,,64.08,,pdfplumber,2026\Weekly-Average-Prices-June-1-6-2026.pdf
2026-06-01,2026-06-06,Cabbage (Scorpio),Cabbage (Scorpio) 750 gm - 1 kg/head kg 67.43,,kg,,67.43,,pdfplumber,2026\Weekly-Average-Prices-June-1-6-2026.pdf
2026-06-01,2026-06-06,Cabbage (Wonder Ball),Cabbage (Wonder Ball) 510 gm - 1 kg/head kg 59.45,,kg,,59.45,,pdfplumber,2026\Weekly-Average-Prices-June-1-6-2026.pdf
2026-06-01,2026-06-06,Calamansi,Calamansi kg 124.24,,kg,,124.24,,pdfplumber,2026\Weekly-Average-Prices-June-1-6-2026.pdf
2026-06-01,2026-06-06,Carrots,"Carrots, Local 8-10 pcs/kg kg 132.52",,kg,,132.52,,pdfplumber,2026\Weekly-Average-Prices-June-1-6-2026.pdf
2026-06-01,2026-06-06,Eggplant,Eggplant 3-4 Small Bundles kg 86.93,,kg,,86.93,,pdfplumber,2026\Weekly-Average-Prices-June-1-6-2026.pdf
2026-06-01,2026-06-06,Garlic (Imported),"Garlic, Imported kg 146.22",,kg,,146.22,,pdfplumber,2026\Weekly-Average-Prices-June-1-6-2026.pdf
2026-06-01,2026-06-06,Garlic (Native),"Garlic, Native/Local kg 403.85",,kg,,403.85,,pdfplumber,2026\Weekly-Average-Prices-June-1-6-2026.pdf
2026-06-01,2026-06-06,Ginger,"Ginger, Local Fairly well-matured, Medium (150-300 gm) kg 173.11",,kg,,173.11,,pdfplumber,2026\Weekly-Average-Prices-June-1-6-2026.pdf
2026-06-01,2026-06-06,Mango (Carabao),"Mango (Carabao) Ripe, 3-4 pcs/kg kg 145.99",,kg,,145.99,,pdfplumber,2026\Weekly-Average-Prices-June-1-6-2026.pdf
2026-06-01,2026-06-06,Papaya,"Papaya Solo, Ripe, 2-3 pcs/kg kg 73.41",,kg,,73.41,,pdfplumber,2026\Weekly-Average-Prices-June-1-6-2026.pdf
2026-06-01,2026-06-06,Pechay (Baguio),Pechay Baguio kg 77.42,,kg,,77.42,,pdfplumber,2026\Weekly-Average-Prices-June-1-6-2026.pdf
2026-06-01,2026-06-06,Pechay (Native),Native Pechay 3-4 Small Bundles kg 101.46,,kg,,101.46,,pdfplumber,2026\Weekly-Average-Prices-June-1-6-2026.pdf
2026-06-01,2026-06-06,Red Onion,"Red Onion, Local 13-15 pcs/kg kg 104.07",,kg,,104.07,,pdfplumber,2026\Weekly-Average-Prices-June-1-6-2026.pdf
2026-06-01,2026-06-06,Red Onion (Imported),"Red Onion, Imported kg 90.00",,kg,,90.0,,pdfplumber,2026\Weekly-Average-Prices-June-1-6-2026.pdf
2026-06-01,2026-06-06,Sitao,Pole Sitao 3-4 Small Bundles kg 120.51,,kg,,120.51,,pdfplumber,2026\Weekly-Average-Prices-June-1-6-2026.pdf
2026-06-01,2026-06-06,Squash,Squash Suprema Variety kg 63.57,,kg,,63.57,,pdfplumber,2026\Weekly-Average-Prices-June-1-6-2026.pdf
2026-06-01,2026-06-06,Tomato,Tomato 15-18 pcs/kg kg 67.67,,kg,,67.67,,pdfplumber,2026\Weekly-Average-Prices-June-1-6-2026.pdf
2026-06-01,2026-06-06,Watermelon,Watermelon kg 75.16,,kg,,75.16,,pdfplumber,2026\Weekly-Average-Prices-June-1-6-2026.pdf
2026-06-01,2026-06-06,White Onion,"White Onion, Local kg 98.03",,kg,,98.03,,pdfplumber,2026\Weekly-Average-Prices-June-1-6-2026.pdf
2026-06-01,2026-06-06,White Onion (Imported),"White Onion, Imported kg 103.00",,kg,,103.0,,pdfplumber,2026\Weekly-Average-Prices-June-1-6-2026.pdf
2026-06-01,2026-06-06,White Potato,"White Potato, Local 10-12 pcs/kg kg 102.99",,kg,,102.99,,pdfplumber,2026\Weekly-Average-Prices-June-1-6-2026.pdf
2026-06-08,2026-06-13,Ampalaya,Ampalaya 4-5 pcs/kg kg 134.91,,kg,,134.91,,pdfplumber,2026\Weekly-Average-Prices-June-8-13-2026.pdf
2026-06-08,2026-06-13,Avocado,Avocado kg 221.44,,kg,,221.44,,pdfplumber,2026\Weekly-Average-Prices-June-8-13-2026.pdf
2026-06-08,2026-06-13,Banana (Lakatan),Banana (Lakatan) 8-10 pcs/kg kg 97.90,,kg,,97.9,,pdfplumber,2026\Weekly-Average-Prices-June-8-13-2026.pdf
2026-06-08,2026-06-13,Banana (Latundan),Banana (Latundan) 10-12 pcs/kg kg 74.99,,kg,,74.99,,pdfplumber,2026\Weekly-Average-Prices-June-8-13-2026.pdf
2026-06-08,2026-06-13,Banana (Saba),Banana (Saba) kg 58.91,,kg,,58.91,,pdfplumber,2026\Weekly-Average-Prices-June-8-13-2026.pdf
2026-06-08,2026-06-13,Cabbage (Rare Ball),Cabbage (Rare Ball) 510 gm - 1 kg/head kg 69.60,,kg,,69.6,,pdfplumber,2026\Weekly-Average-Prices-June-8-13-2026.pdf
2026-06-08,2026-06-13,Cabbage (Scorpio),Cabbage (Scorpio) 750 gm - 1 kg/head kg 73.82,,kg,,73.82,,pdfplumber,2026\Weekly-Average-Prices-June-8-13-2026.pdf
2026-06-08,2026-06-13,Cabbage (Wonder Ball),Cabbage (Wonder Ball) 510 gm - 1 kg/head kg 65.81,,kg,,65.81,,pdfplumber,2026\Weekly-Average-Prices-June-8-13-2026.pdf
2026-06-08,2026-06-13,Calamansi,Calamansi kg 122.71,,kg,,122.71,,pdfplumber,2026\Weekly-Average-Prices-June-8-13-2026.pdf
2026-06-08,2026-06-13,Carrots,"Carrots, Local 8-10 pcs/kg kg 127.33",,kg,,127.33,,pdfplumber,2026\Weekly-Average-Prices-June-8-13-2026.pdf
2026-06-08,2026-06-13,Eggplant,Eggplant 3-4 Small Bundles kg 91.02,,kg,,91.02,,pdfplumber,2026\Weekly-Average-Prices-June-8-13-2026.pdf
2026-06-08,2026-06-13,Garlic (Imported),"Garlic, Imported kg 146.22",,kg,,146.22,,pdfplumber,2026\Weekly-Average-Prices-June-8-13-2026.pdf
2026-06-08,2026-06-13,Garlic (Native),"Garlic, Native/Local kg 377.08",,kg,,377.08,,pdfplumber,2026\Weekly-Average-Prices-June-8-13-2026.pdf
2026-06-08,2026-06-13,Ginger,"Ginger, Local Fairly well-matured, Medium (150-300 gm) kg 173.67",,kg,,173.67,,pdfplumber,2026\Weekly-Average-Prices-June-8-13-2026.pdf
2026-06-08,2026-06-13,Mango (Carabao),"Mango (Carabao) Ripe, 3-4 pcs/kg kg 141.97",,kg,,141.97,,pdfplumber,2026\Weekly-Average-Prices-June-8-13-2026.pdf
2026-06-08,2026-06-13,Papaya,"Papaya Solo, Ripe, 2-3 pcs/kg kg 73.56",,kg,,73.56,,pdfplumber,2026\Weekly-Average-Prices-June-8-13-2026.pdf
2026-06-08,2026-06-13,Pechay (Baguio),Pechay Baguio kg 81.73,,kg,,81.73,,pdfplumber,2026\Weekly-Average-Prices-June-8-13-2026.pdf
2026-06-08,2026-06-13,Pechay (Native),Native Pechay 3-4 Small Bundles kg 113.67,,kg,,113.67,,pdfplumber,2026\Weekly-Average-Prices-June-8-13-2026.pdf
2026-06-08,2026-06-13,Red Onion,"Red Onion, Local 13-15 pcs/kg kg 105.39",,kg,,105.39,,pdfplumber,2026\Weekly-Average-Prices-June-8-13-2026.pdf
2026-06-08,2026-06-13,Red Onion (Imported),"Red Onion, Imported kg 88.00",,kg,,88.0,,pdfplumber,2026\Weekly-Average-Prices-June-8-13-2026.pdf
2026-06-08,2026-06-13,Sitao,Pole Sitao 3-4 Small Bundles kg 175.36,,kg,,175.36,,pdfplumber,2026\Weekly-Average-Prices-June-8-13-2026.pdf
2026-06-08,2026-06-13,Squash,Squash Suprema Variety kg 65.01,,kg,,65.01,,pdfplumber,2026\Weekly-Average-Prices-June-8-13-2026.pdf
2026-06-08,2026-06-13,Tomato,Tomato 15-18 pcs/kg kg 70.01,,kg,,70.01,,pdfplumber,2026\Weekly-Average-Prices-June-8-13-2026.pdf
2026-06-08,2026-06-13,Watermelon,Watermelon kg 75.04,,kg,,75.04,,pdfplumber,2026\Weekly-Average-Prices-June-8-13-2026.pdf
2026-06-08,2026-06-13,White Onion,"White Onion, Local kg 98.70",,kg,,98.7,,pdfplumber,2026\Weekly-Average-Prices-June-8-13-2026.pdf
2026-06-08,2026-06-13,White Onion (Imported),"White Onion, Imported kg 114.00",,kg,,114.0,,pdfplumber,2026\Weekly-Average-Prices-June-8-13-2026.pdf
2026-06-08,2026-06-13,White Potato,"White Potato, Local 10-12 pcs/kg kg 117.04",,kg,,117.04,,pdfplumber,2026\Weekly-Average-Prices-June-8-13-2026.pdf
2026-06-15,2026-06-20,Ampalaya,Ampalaya 4-5 pcs/kg kg 141.18,,kg,,141.18,,pdfplumber,2026\Weekly-Average-Prices-June-15-20-2026.pdf
2026-06-15,2026-06-20,Avocado,Avocado kg 222.02,,kg,,222.02,,pdfplumber,2026\Weekly-Average-Prices-June-15-20-2026.pdf
2026-06-15,2026-06-20,Banana (Lakatan),Banana (Lakatan) 8-10 pcs/kg kg 98.51,,kg,,98.51,,pdfplumber,2026\Weekly-Average-Prices-June-15-20-2026.pdf
2026-06-15,2026-06-20,Banana (Latundan),Banana (Latundan) 10-12 pcs/kg kg 75.40,,kg,,75.4,,pdfplumber,2026\Weekly-Average-Prices-June-15-20-2026.pdf
2026-06-15,2026-06-20,Banana (Saba),Banana (Saba) kg 60.21,,kg,,60.21,,pdfplumber,2026\Weekly-Average-Prices-June-15-20-2026.pdf
2026-06-15,2026-06-20,Cabbage (Rare Ball),Cabbage (Rare Ball) 510 gm - 1 kg/head kg 74.47,,kg,,74.47,,pdfplumber,2026\Weekly-Average-Prices-June-15-20-2026.pdf
2026-06-15,2026-06-20,Cabbage (Scorpio),Cabbage (Scorpio) 750 gm - 1 kg/head kg 78.20,,kg,,78.2,,pdfplumber,2026\Weekly-Average-Prices-June-15-20-2026.pdf
2026-06-15,2026-06-20,Cabbage (Wonder Ball),Cabbage (Wonder Ball) 510 gm - 1 kg/head kg 69.18,,kg,,69.18,,pdfplumber,2026\Weekly-Average-Prices-June-15-20-2026.pdf
2026-06-15,2026-06-20,Calamansi,Calamansi kg 118.92,,kg,,118.92,,pdfplumber,2026\Weekly-Average-Prices-June-15-20-2026.pdf
2026-06-15,2026-06-20,Carrots,"Carrots, Local 8-10 pcs/kg kg 120.50",,kg,,120.5,,pdfplumber,2026\Weekly-Average-Prices-June-15-20-2026.pdf
2026-06-15,2026-06-20,Eggplant,Eggplant 3-4 Small Bundles kg 88.99,,kg,,88.99,,pdfplumber,2026\Weekly-Average-Prices-June-15-20-2026.pdf
2026-06-15,2026-06-20,Garlic (Imported),"Garlic, Imported kg 146.81",,kg,,146.81,,pdfplumber,2026\Weekly-Average-Prices-June-15-20-2026.pdf
2026-06-15,2026-06-20,Garlic (Native),"Garlic, Native/Local kg 393.33",,kg,,393.33,,pdfplumber,2026\Weekly-Average-Prices-June-15-20-2026.pdf
2026-06-15,2026-06-20,Ginger,"Ginger, Local Fairly well-matured, Medium (150-300 gm) kg 176.63",,kg,,176.63,,pdfplumber,2026\Weekly-Average-Prices-June-15-20-2026.pdf
2026-06-15,2026-06-20,Mango (Carabao),"Mango (Carabao) Ripe, 3-4 pcs/kg kg 140.88",,kg,,140.88,,pdfplumber,2026\Weekly-Average-Prices-June-15-20-2026.pdf
2026-06-15,2026-06-20,Papaya,"Papaya Solo, Ripe, 2-3 pcs/kg kg 73.72",,kg,,73.72,,pdfplumber,2026\Weekly-Average-Prices-June-15-20-2026.pdf
2026-06-15,2026-06-20,Pechay (Baguio),Pechay Baguio kg 83.20,,kg,,83.2,,pdfplumber,2026\Weekly-Average-Prices-June-15-20-2026.pdf
2026-06-15,2026-06-20,Pechay (Native),Native Pechay 3-4 Small Bundles kg 124.38,,kg,,124.38,,pdfplumber,2026\Weekly-Average-Prices-June-15-20-2026.pdf
2026-06-15,2026-06-20,Red Onion,"Red Onion, Local 13-15 pcs/kg kg 106.56",,kg,,106.56,,pdfplumber,2026\Weekly-Average-Prices-June-15-20-2026.pdf
2026-06-15,2026-06-20,Red Onion (Imported),"Red Onion, Imported kg 88.57",,kg,,88.57,,pdfplumber,2026\Weekly-Average-Prices-June-15-20-2026.pdf
2026-06-15,2026-06-20,Sitao,Pole Sitao 3-4 Small Bundles kg 135.34,,kg,,135.34,,pdfplumber,2026\Weekly-Average-Prices-June-15-20-2026.pdf
2026-06-15,2026-06-20,Squash,Squash Suprema Variety kg 65.88,,kg,,65.88,,pdfplumber,2026\Weekly-Average-Prices-June-15-20-2026.pdf
2026-06-15,2026-06-20,Tomato,Tomato 15-18 pcs/kg kg 71.85,,kg,,71.85,,pdfplumber,2026\Weekly-Average-Prices-June-15-20-2026.pdf
2026-06-15,2026-06-20,Watermelon,Watermelon kg 75.46,,kg,,75.46,,pdfplumber,2026\Weekly-Average-Prices-June-15-20-2026.pdf
2026-06-15,2026-06-20,White Onion,"White Onion, Local kg 99.70",,kg,,99.7,,pdfplumber,2026\Weekly-Average-Prices-June-15-20-2026.pdf
2026-06-15,2026-06-20,White Potato,"White Potato, Local 10-12 pcs/kg kg 121.72",,kg,,121.72,,pdfplumber,2026\Weekly-Average-Prices-June-15-20-2026.pdf
2026-06-22,2026-06-27,Ampalaya,Ampalaya 4-5 pcs/kg kg 124.75,,kg,,124.75,,pdfplumber,2026\Weekly-Average-Prices-June-22-27-2026.pdf
2026-06-22,2026-06-27,Avocado,Avocado kg 209.74,,kg,,209.74,,pdfplumber,2026\Weekly-Average-Prices-June-22-27-2026.pdf
2026-06-22,2026-06-27,Banana (Lakatan),Banana (Lakatan) 8-10 pcs/kg kg 98.00,,kg,,98.0,,pdfplumber,2026\Weekly-Average-Prices-June-22-27-2026.pdf
2026-06-22,2026-06-27,Banana (Latundan),Banana (Latundan) 10-12 pcs/kg kg 74.99,,kg,,74.99,,pdfplumber,2026\Weekly-Average-Prices-June-22-27-2026.pdf
2026-06-22,2026-06-27,Banana (Saba),Banana (Saba) kg 60.78,,kg,,60.78,,pdfplumber,2026\Weekly-Average-Prices-June-22-27-2026.pdf
2026-06-22,2026-06-27,Cabbage (Rare Ball),Cabbage (Rare Ball) 510 gm - 1 kg/head kg 96.10,,kg,,96.1,,pdfplumber,2026\Weekly-Average-Prices-June-22-27-2026.pdf
2026-06-22,2026-06-27,Cabbage (Scorpio),Cabbage (Scorpio) 750 gm - 1 kg/head kg 98.55,,kg,,98.55,,pdfplumber,2026\Weekly-Average-Prices-June-22-27-2026.pdf
2026-06-22,2026-06-27,Cabbage (Wonder Ball),Cabbage (Wonder Ball) 510 gm - 1 kg/head kg 90.26,,kg,,90.26,,pdfplumber,2026\Weekly-Average-Prices-June-22-27-2026.pdf
2026-06-22,2026-06-27,Calamansi,Calamansi kg 115.41,,kg,,115.41,,pdfplumber,2026\Weekly-Average-Prices-June-22-27-2026.pdf
2026-06-22,2026-06-27,Carrots,"Carrots, Local 8-10 pcs/kg kg 116.00",,kg,,116.0,,pdfplumber,2026\Weekly-Average-Prices-June-22-27-2026.pdf
2026-06-22,2026-06-27,Eggplant,Eggplant 3-4 Small Bundles kg 101.89,,kg,,101.89,,pdfplumber,2026\Weekly-Average-Prices-June-22-27-2026.pdf
2026-06-22,2026-06-27,Garlic (Imported),"Garlic, Imported kg 145.93",,kg,,145.93,,pdfplumber,2026\Weekly-Average-Prices-June-22-27-2026.pdf
2026-06-22,2026-06-27,Garlic (Native),"Garlic, Native/Local kg 376.83",,kg,,376.83,,pdfplumber,2026\Weekly-Average-Prices-June-22-27-2026.pdf
2026-06-22,2026-06-27,Ginger,"Ginger, Local Fairly well-matured, Medium (150-300 gm) kg 179.54",,kg,,179.54,,pdfplumber,2026\Weekly-Average-Prices-June-22-27-2026.pdf
2026-06-22,2026-06-27,Mango (Carabao),"Mango (Carabao) Ripe, 3-4 pcs/kg kg 139.09",,kg,,139.09,,pdfplumber,2026\Weekly-Average-Prices-June-22-27-2026.pdf
2026-06-22,2026-06-27,Papaya,"Papaya Solo, Ripe, 2-3 pcs/kg kg 75.17",,kg,,75.17,,pdfplumber,2026\Weekly-Average-Prices-June-22-27-2026.pdf
2026-06-22,2026-06-27,Pechay (Baguio),Pechay Baguio kg 84.23,,kg,,84.23,,pdfplumber,2026\Weekly-Average-Prices-June-22-27-2026.pdf
2026-06-22,2026-06-27,Pechay (Native),Native Pechay 3-4 Small Bundles kg 113.91,,kg,,113.91,,pdfplumber,2026\Weekly-Average-Prices-June-22-27-2026.pdf
2026-06-22,2026-06-27,Red Onion,"Red Onion, Local 13-15 pcs/kg kg 107.06",,kg,,107.06,,pdfplumber,2026\Weekly-Average-Prices-June-22-27-2026.pdf
2026-06-22,2026-06-27,Sitao,Pole Sitao 3-4 Small Bundles kg 112.81,,kg,,112.81,,pdfplumber,2026\Weekly-Average-Prices-June-22-27-2026.pdf
2026-06-22,2026-06-27,Squash,Squash Suprema Variety kg 67.05,,kg,,67.05,,pdfplumber,2026\Weekly-Average-Prices-June-22-27-2026.pdf
2026-06-22,2026-06-27,Tomato,Tomato 15-18 pcs/kg kg 72.51,,kg,,72.51,,pdfplumber,2026\Weekly-Average-Prices-June-22-27-2026.pdf
2026-06-22,2026-06-27,Watermelon,Watermelon kg 76.56,,kg,,76.56,,pdfplumber,2026\Weekly-Average-Prices-June-22-27-2026.pdf
2026-06-22,2026-06-27,White Onion,"White Onion, Local kg 101.08",,kg,,101.08,,pdfplumber,2026\Weekly-Average-Prices-June-22-27-2026.pdf
2026-06-22,2026-06-27,White Onion (Imported),"White Onion, Imported kg 141.71",,kg,,141.71,,pdfplumber,2026\Weekly-Average-Prices-June-22-27-2026.pdf
2026-06-22,2026-06-27,White Potato,"White Potato, Local 10-12 pcs/kg kg 119.38",,kg,,119.38,,pdfplumber,2026\Weekly-Average-Prices-June-22-27-2026.pdf
2026-06-29,2026-07-05,Ampalaya,Ampalaya 4-5 pcs/kg kg 107.12,,kg,,107.12,,pdfplumber,2026\Weekly-Average-Prices-June-29-July-5-2026.pdf
2026-06-29,2026-07-05,Avocado,Avocado kg 200.82,,kg,,200.82,,pdfplumber,2026\Weekly-Average-Prices-June-29-July-5-2026.pdf
2026-06-29,2026-07-05,Banana (Lakatan),Banana (Lakatan) 8-10 pcs/kg kg 96.05,,kg,,96.05,,pdfplumber,2026\Weekly-Average-Prices-June-29-July-5-2026.pdf
2026-06-29,2026-07-05,Banana (Latundan),Banana (Latundan) 10-12 pcs/kg kg 75.85,,kg,,75.85,,pdfplumber,2026\Weekly-Average-Prices-June-29-July-5-2026.pdf
2026-06-29,2026-07-05,Banana (Saba),Banana (Saba) kg 61.75,,kg,,61.75,,pdfplumber,2026\Weekly-Average-Prices-June-29-July-5-2026.pdf
2026-06-29,2026-07-05,Cabbage (Rare Ball),Cabbage (Rare Ball) 510 gm - 1 kg/head kg 103.72,,kg,,103.72,,pdfplumber,2026\Weekly-Average-Prices-June-29-July-5-2026.pdf
2026-06-29,2026-07-05,Cabbage (Scorpio),Cabbage (Scorpio) 750 gm - 1 kg/head kg 103.56,,kg,,103.56,,pdfplumber,2026\Weekly-Average-Prices-June-29-July-5-2026.pdf
2026-06-29,2026-07-05,Cabbage (Wonder Ball),Cabbage (Wonder Ball) 510 gm - 1 kg/head kg 97.23,,kg,,97.23,,pdfplumber,2026\Weekly-Average-Prices-June-29-July-5-2026.pdf
2026-06-29,2026-07-05,Calamansi,Calamansi kg 114.43,,kg,,114.43,,pdfplumber,2026\Weekly-Average-Prices-June-29-July-5-2026.pdf
2026-06-29,2026-07-05,Carrots,"Carrots, Local 8-10 pcs/kg kg 112.21",,kg,,112.21,,pdfplumber,2026\Weekly-Average-Prices-June-29-July-5-2026.pdf
2026-06-29,2026-07-05,Eggplant,Eggplant 3-4 Small Bundles kg 91.81,,kg,,91.81,,pdfplumber,2026\Weekly-Average-Prices-June-29-July-5-2026.pdf
2026-06-29,2026-07-05,Garlic (Imported),"Garlic, Imported kg 147.40",,kg,,147.4,,pdfplumber,2026\Weekly-Average-Prices-June-29-July-5-2026.pdf
2026-06-29,2026-07-05,Garlic (Native),"Garlic, Native/Local kg 366.15",,kg,,366.15,,pdfplumber,2026\Weekly-Average-Prices-June-29-July-5-2026.pdf
2026-06-29,2026-07-05,Ginger,"Ginger, Local Fairly well-matured, Medium (150-300 gm) kg 177.13",,kg,,177.13,,pdfplumber,2026\Weekly-Average-Prices-June-29-July-5-2026.pdf
2026-06-29,2026-07-05,Mango (Carabao),"Mango (Carabao) Ripe, 3-4 pcs/kg kg 141.06",,kg,,141.06,,pdfplumber,2026\Weekly-Average-Prices-June-29-July-5-2026.pdf
2026-06-29,2026-07-05,Papaya,"Papaya Solo, Ripe, 2-3 pcs/kg kg 76.73",,kg,,76.73,,pdfplumber,2026\Weekly-Average-Prices-June-29-July-5-2026.pdf
2026-06-29,2026-07-05,Pechay (Baguio),Pechay Baguio kg 84.36,,kg,,84.36,,pdfplumber,2026\Weekly-Average-Prices-June-29-July-5-2026.pdf
2026-06-29,2026-07-05,Pechay (Native),Native Pechay 3-4 Small Bundles kg 103.55,,kg,,103.55,,pdfplumber,2026\Weekly-Average-Prices-June-29-July-5-2026.pdf
2026-06-29,2026-07-05,Red Onion,"Red Onion, Local 13-15 pcs/kg kg 106.73",,kg,,106.73,,pdfplumber,2026\Weekly-Average-Prices-June-29-July-5-2026.pdf
2026-06-29,2026-07-05,Red Onion (Imported),"Red Onion, Imported kg 88.00",,kg,,88.0,,pdfplumber,2026\Weekly-Average-Prices-June-29-July-5-2026.pdf
2026-06-29,2026-07-05,Sitao,Pole Sitao 3-4 Small Bundles kg 130.42,,kg,,130.42,,pdfplumber,2026\Weekly-Average-Prices-June-29-July-5-2026.pdf
2026-06-29,2026-07-05,Squash,Squash Suprema Variety kg 67.27,,kg,,67.27,,pdfplumber,2026\Weekly-Average-Prices-June-29-July-5-2026.pdf
2026-06-29,2026-07-05,Tomato,Tomato 15-18 pcs/kg kg 82.12,,kg,,82.12,,pdfplumber,2026\Weekly-Average-Prices-June-29-July-5-2026.pdf
2026-06-29,2026-07-05,Watermelon,Watermelon kg 75.98,,kg,,75.98,,pdfplumber,2026\Weekly-Average-Prices-June-29-July-5-2026.pdf
2026-06-29,2026-07-05,White Onion,"White Onion, Local kg 101.30",,kg,,101.3,,pdfplumber,2026\Weekly-Average-Prices-June-29-July-5-2026.pdf
2026-06-29,2026-07-05,White Onion (Imported),"White Onion, Imported kg 139.87",,kg,,139.87,,pdfplumber,2026\Weekly-Average-Prices-June-29-July-5-2026.pdf
2026-06-29,2026-07-05,White Potato,"White Potato, Local 10-12 pcs/kg kg 121.21",,kg,,121.21,,pdfplumber,2026\Weekly-Average-Prices-June-29-July-5-2026.pdf
2026-07-06,2026-07-12,Ampalaya,Ampalaya 4-5 pcs/kg kg 114.65,,kg,,114.65,,pdfplumber,2026\Weekly-Average-Prices-July-6-12-2026.pdf
2026-07-06,2026-07-12,Avocado,Avocado kg 187.72,,kg,,187.72,,pdfplumber,2026\Weekly-Average-Prices-July-6-12-2026.pdf
2026-07-06,2026-07-12,Banana (Lakatan),Banana (Lakatan) 8-10 pcs/kg kg 96.07,,kg,,96.07,,pdfplumber,2026\Weekly-Average-Prices-July-6-12-2026.pdf
2026-07-06,2026-07-12,Banana (Latundan),Banana (Latundan) 10-12 pcs/kg kg 75.77,,kg,,75.77,,pdfplumber,2026\Weekly-Average-Prices-July-6-12-2026.pdf
2026-07-06,2026-07-12,Banana (Saba),Banana (Saba) kg 62.19,,kg,,62.19,,pdfplumber,2026\Weekly-Average-Prices-July-6-12-2026.pdf
2026-07-06,2026-07-12,Cabbage (Rare Ball),Cabbage (Rare Ball) 510 gm - 1 kg/head kg 98.94,,kg,,98.94,,pdfplumber,2026\Weekly-Average-Prices-July-6-12-2026.pdf
2026-07-06,2026-07-12,Cabbage (Scorpio),Cabbage (Scorpio) 750 gm - 1 kg/head kg 106.22,,kg,,106.22,,pdfplumber,2026\Weekly-Average-Prices-July-6-12-2026.pdf
2026-07-06,2026-07-12,Cabbage (Wonder Ball),Cabbage (Wonder Ball) 510 gm - 1 kg/head kg 93.68,,kg,,93.68,,pdfplumber,2026\Weekly-Average-Prices-July-6-12-2026.pdf
2026-07-06,2026-07-12,Calamansi,Calamansi kg 113.16,,kg,,113.16,,pdfplumber,2026\Weekly-Average-Prices-July-6-12-2026.pdf
2026-07-06,2026-07-12,Carrots,"Carrots, Local 8-10 pcs/kg kg 111.26",,kg,,111.26,,pdfplumber,2026\Weekly-Average-Prices-July-6-12-2026.pdf
2026-07-06,2026-07-12,Eggplant,Eggplant 3-4 Small Bundles kg 89.24,,kg,,89.24,,pdfplumber,2026\Weekly-Average-Prices-July-6-12-2026.pdf
2026-07-06,2026-07-12,Garlic (Imported),"Garlic, Imported kg 148.35",,kg,,148.35,,pdfplumber,2026\Weekly-Average-Prices-July-6-12-2026.pdf
2026-07-06,2026-07-12,Garlic (Native),"Garlic, Native/Local kg 349.57",,kg,,349.57,,pdfplumber,2026\Weekly-Average-Prices-July-6-12-2026.pdf
2026-07-06,2026-07-12,Ginger,"Ginger, Local Fairly well-matured, Medium (150-300 gm) kg 174.83",,kg,,174.83,,pdfplumber,2026\Weekly-Average-Prices-July-6-12-2026.pdf
2026-07-06,2026-07-12,Mango (Carabao),"Mango (Carabao) Ripe, 3-4 pcs/kg kg 145.31",,kg,,145.31,,pdfplumber,2026\Weekly-Average-Prices-July-6-12-2026.pdf
2026-07-06,2026-07-12,Papaya,"Papaya Solo, Ripe, 2-3 pcs/kg kg 76.96",,kg,,76.96,,pdfplumber,2026\Weekly-Average-Prices-July-6-12-2026.pdf
2026-07-06,2026-07-12,Pechay (Baguio),Pechay Baguio kg 85.34,,kg,,85.34,,pdfplumber,2026\Weekly-Average-Prices-July-6-12-2026.pdf
2026-07-06,2026-07-12,Pechay (Native),Native Pechay 3-4 Small Bundles kg 96.73,,kg,,96.73,,pdfplumber,2026\Weekly-Average-Prices-July-6-12-2026.pdf
2026-07-06,2026-07-12,Red Onion,"Red Onion, Local 13-15 pcs/kg kg 106.94",,kg,,106.94,,pdfplumber,2026\Weekly-Average-Prices-July-6-12-2026.pdf
2026-07-06,2026-07-12,Red Onion (Imported),"Red Onion, Imported kg 88.00",,kg,,88.0,,pdfplumber,2026\Weekly-Average-Prices-July-6-12-2026.pdf
2026-07-06,2026-07-12,Sitao,Pole Sitao 3-4 Small Bundles kg 133.15,,kg,,133.15,,pdfplumber,2026\Weekly-Average-Prices-July-6-12-2026.pdf
2026-07-06,2026-07-12,Squash,Squash Suprema Variety kg 67.99,,kg,,67.99,,pdfplumber,2026\Weekly-Average-Prices-July-6-12-2026.pdf
2026-07-06,2026-07-12,Tomato,Tomato 15-18 pcs/kg kg 118.95,,kg,,118.95,,pdfplumber,2026\Weekly-Average-Prices-July-6-12-2026.pdf
2026-07-06,2026-07-12,Watermelon,Watermelon kg 76.61,,kg,,76.61,,pdfplumber,2026\Weekly-Average-Prices-July-6-12-2026.pdf
2026-07-06,2026-07-12,White Onion,"White Onion, Local kg 102.40",,kg,,102.4,,pdfplumber,2026\Weekly-Average-Prices-July-6-12-2026.pdf
2026-07-06,2026-07-12,White Onion (Imported),"White Onion, Imported kg 135.71",,kg,,135.71,,pdfplumber,2026\Weekly-Average-Prices-July-6-12-2026.pdf
2026-07-06,2026-07-12,White Potato,"White Potato, Local 10-12 pcs/kg kg 125.97",,kg,,125.97,,pdfplumber,2026\Weekly-Average-Prices-July-6-12-2026.pdf
2026-07-13,2026-07-19,Ampalaya,Ampalaya 4-5 pcs/kg kg 109.01,,kg,,109.01,,pdfplumber,2026\Weekly-Average-Prices-July-13-19-2026.pdf
2026-07-13,2026-07-19,Avocado,Avocado kg 185.02,,kg,,185.02,,pdfplumber,2026\Weekly-Average-Prices-July-13-19-2026.pdf
2026-07-13,2026-07-19,Banana (Lakatan),Banana (Lakatan) 8-10 pcs/kg kg 95.85,,kg,,95.85,,pdfplumber,2026\Weekly-Average-Prices-July-13-19-2026.pdf
2026-07-13,2026-07-19,Banana (Latundan),Banana (Latundan) 10-12 pcs/kg kg 75.87,,kg,,75.87,,pdfplumber,2026\Weekly-Average-Prices-July-13-19-2026.pdf
2026-07-13,2026-07-19,Banana (Saba),Banana (Saba) kg 62.52,,kg,,62.52,,pdfplumber,2026\Weekly-Average-Prices-July-13-19-2026.pdf
2026-07-13,2026-07-19,Cabbage (Rare Ball),Cabbage (Rare Ball) 510 gm - 1 kg/head kg 95.31,,kg,,95.31,,pdfplumber,2026\Weekly-Average-Prices-July-13-19-2026.pdf
2026-07-13,2026-07-19,Cabbage (Scorpio),Cabbage (Scorpio) 750 gm - 1 kg/head kg 95.42,,kg,,95.42,,pdfplumber,2026\Weekly-Average-Prices-July-13-19-2026.pdf
2026-07-13,2026-07-19,Cabbage (Wonder Ball),Cabbage (Wonder Ball) 510 gm - 1 kg/head kg 84.98,,kg,,84.98,,pdfplumber,2026\Weekly-Average-Prices-July-13-19-2026.pdf
2026-07-13,2026-07-19,Calamansi,Calamansi kg 115.83,,kg,,115.83,,pdfplumber,2026\Weekly-Average-Prices-July-13-19-2026.pdf
2026-07-13,2026-07-19,Carrots,"Carrots, Local 8-10 pcs/kg kg 108.38",,kg,,108.38,,pdfplumber,2026\Weekly-Average-Prices-July-13-19-2026.pdf
2026-07-13,2026-07-19,Eggplant,Eggplant 3-4 Small Bundles kg 98.49,,kg,,98.49,,pdfplumber,2026\Weekly-Average-Prices-July-13-19-2026.pdf
2026-07-13,2026-07-19,Garlic (Imported),"Garlic, Imported kg 148.01",,kg,,148.01,,pdfplumber,2026\Weekly-Average-Prices-July-13-19-2026.pdf
2026-07-13,2026-07-19,Garlic (Native),"Garlic, Native/Local kg 351.04",,kg,,351.04,,pdfplumber,2026\Weekly-Average-Prices-July-13-19-2026.pdf
2026-07-13,2026-07-19,Ginger,"Ginger, Local Fairly well-matured, Medium (150-300 gm) kg 176.09",,kg,,176.09,,pdfplumber,2026\Weekly-Average-Prices-July-13-19-2026.pdf
2026-07-13,2026-07-19,Mango (Carabao),"Mango (Carabao) Ripe, 3-4 pcs/kg kg 149.36",,kg,,149.36,,pdfplumber,2026\Weekly-Average-Prices-July-13-19-2026.pdf
2026-07-13,2026-07-19,Papaya,"Papaya Solo, Ripe, 2-3 pcs/kg kg 77.13",,kg,,77.13,,pdfplumber,2026\Weekly-Average-Prices-July-13-19-2026.pdf
2026-07-13,2026-07-19,Pechay (Baguio),Pechay Baguio kg 84.60,,kg,,84.6,,pdfplumber,2026\Weekly-Average-Prices-July-13-19-2026.pdf
2026-07-13,2026-07-19,Pechay (Native),Native Pechay 3-4 Small Bundles kg 92.04,,kg,,92.04,,pdfplumber,2026\Weekly-Average-Prices-July-13-19-2026.pdf
2026-07-13,2026-07-19,Red Onion,"Red Onion, Local 13-15 pcs/kg kg 107.17",,kg,,107.17,,pdfplumber,2026\Weekly-Average-Prices-July-13-19-2026.pdf
2026-07-13,2026-07-19,Red Onion (Imported),"Red Onion, Imported kg 88.00",,kg,,88.0,,pdfplumber,2026\Weekly-Average-Prices-July-13-19-2026.pdf
2026-07-13,2026-07-19,Sitao,Pole Sitao 3-4 Small Bundles kg 120.17,,kg,,120.17,,pdfplumber,2026\Weekly-Average-Prices-July-13-19-2026.pdf
2026-07-13,2026-07-19,Squash,Squash Suprema Variety kg 67.20,,kg,,67.2,,pdfplumber,2026\Weekly-Average-Prices-July-13-19-2026.pdf
2026-07-13,2026-07-19,Tomato,Tomato 15-18 pcs/kg kg 116.38,,kg,,116.38,,pdfplumber,2026\Weekly-Average-Prices-July-13-19-2026.pdf
2026-07-13,2026-07-19,Watermelon,Watermelon kg 76.75,,kg,,76.75,,pdfplumber,2026\Weekly-Average-Prices-July-13-19-2026.pdf
2026-07-13,2026-07-19,White Onion,"White Onion, Local kg 102.30",,kg,,102.3,,pdfplumber,2026\Weekly-Average-Prices-July-13-19-2026.pdf
2026-07-13,2026-07-19,White Onion (Imported),"White Onion, Imported kg 135.00",,kg,,135.0,,pdfplumber,2026\Weekly-Average-Prices-July-13-19-2026.pdf
2026-07-13,2026-07-19,White Potato,"White Potato, Local 10-12 pcs/kg kg 131.78",,kg,,131.78,,pdfplumber,2026\Weekly-Average-Prices-July-13-19-2026.pdf
2026-07-20,2026-07-26,Ampalaya,Ampalaya 4-5 pcs/kg kg 107.89,,kg,,107.89,,pdfplumber,2026\Weekly-Average-Prices-July-20-26-2026.pdf
2026-07-20,2026-07-26,Avocado,Avocado kg 182.55,,kg,,182.55,,pdfplumber,2026\Weekly-Average-Prices-July-20-26-2026.pdf
2026-07-20,2026-07-26,Banana (Lakatan),Banana (Lakatan) 8-10 pcs/kg kg 95.82,,kg,,95.82,,pdfplumber,2026\Weekly-Average-Prices-July-20-26-2026.pdf
2026-07-20,2026-07-26,Banana (Latundan),Banana (Latundan) 10-12 pcs/kg kg 75.90,,kg,,75.9,,pdfplumber,2026\Weekly-Average-Prices-July-20-26-2026.pdf
2026-07-20,2026-07-26,Banana (Saba),Banana (Saba) kg 62.68,,kg,,62.68,,pdfplumber,2026\Weekly-Average-Prices-July-20-26-2026.pdf
2026-07-20,2026-07-26,Cabbage (Rare Ball),Cabbage (Rare Ball) 510 gm - 1 kg/head kg 87.13,,kg,,87.13,,pdfplumber,2026\Weekly-Average-Prices-July-20-26-2026.pdf
2026-07-20,2026-07-26,Cabbage (Scorpio),Cabbage (Scorpio) 750 gm - 1 kg/head kg 91.14,,kg,,91.14,,pdfplumber,2026\Weekly-Average-Prices-July-20-26-2026.pdf
2026-07-20,2026-07-26,Cabbage (Wonder Ball),Cabbage (Wonder Ball) 510 gm - 1 kg/head kg 76.26,,kg,,76.26,,pdfplumber,2026\Weekly-Average-Prices-July-20-26-2026.pdf
2026-07-20,2026-07-26,Calamansi,Calamansi kg 124.26,,kg,,124.26,,pdfplumber,2026\Weekly-Average-Prices-July-20-26-2026.pdf
2026-07-20,2026-07-26,Carrots,"Carrots, Local 8-10 pcs/kg kg 109.74",,kg,,109.74,,pdfplumber,2026\Weekly-Average-Prices-July-20-26-2026.pdf
2026-07-20,2026-07-26,Eggplant,Eggplant 3-4 Small Bundles kg 116.63,,kg,,116.63,,pdfplumber,2026\Weekly-Average-Prices-July-20-26-2026.pdf
2026-07-20,2026-07-26,Garlic (Imported),"Garlic, Imported kg 147.81",,kg,,147.81,,pdfplumber,2026\Weekly-Average-Prices-July-20-26-2026.pdf
2026-07-20,2026-07-26,Garlic (Native),"Garlic, Native/Local kg 360.59",,kg,,360.59,,pdfplumber,2026\Weekly-Average-Prices-July-20-26-2026.pdf
2026-07-20,2026-07-26,Ginger,"Ginger, Local Fairly well-matured, Medium (150-300 gm) kg 175.77",,kg,,175.77,,pdfplumber,2026\Weekly-Average-Prices-July-20-26-2026.pdf
2026-07-20,2026-07-26,Mango (Carabao),"Mango (Carabao) Ripe, 3-4 pcs/kg kg 153.32",,kg,,153.32,,pdfplumber,2026\Weekly-Average-Prices-July-20-26-2026.pdf
2026-07-20,2026-07-26,Papaya,"Papaya Solo, Ripe, 2-3 pcs/kg kg 77.37",,kg,,77.37,,pdfplumber,2026\Weekly-Average-Prices-July-20-26-2026.pdf
2026-07-20,2026-07-26,Pechay (Baguio),Pechay Baguio kg 83.10,,kg,,83.1,,pdfplumber,2026\Weekly-Average-Prices-July-20-26-2026.pdf
2026-07-20,2026-07-26,Pechay (Native),Native Pechay 3-4 Small Bundles kg 93.32,,kg,,93.32,,pdfplumber,2026\Weekly-Average-Prices-July-20-26-2026.pdf
2026-07-20,2026-07-26,Red Onion,"Red Onion, Local 13-15 pcs/kg kg 107.53",,kg,,107.53,,pdfplumber,2026\Weekly-Average-Prices-July-20-26-2026.pdf
2026-07-20,2026-07-26,Red Onion (Imported),"Red Onion, Imported kg 88.00",,kg,,88.0,,pdfplumber,2026\Weekly-Average-Prices-July-20-26-2026.pdf
2026-07-20,2026-07-26,Sitao,Pole Sitao 3-4 Small Bundles kg 116.80,,kg,,116.8,,pdfplumber,2026\Weekly-Average-Prices-July-20-26-2026.pdf
2026-07-20,2026-07-26,Squash,Squash Suprema Variety kg 66.73,,kg,,66.73,,pdfplumber,2026\Weekly-Average-Prices-July-20-26-2026.pdf
2026-07-20,2026-07-26,Tomato,Tomato 15-18 pcs/kg kg 118.16,,kg,,118.16,,pdfplumber,2026\Weekly-Average-Prices-July-20-26-2026.pdf
2026-07-20,2026-07-26,Watermelon,Watermelon kg 76.88,,kg,,76.88,,pdfplumber,2026\Weekly-Average-Prices-July-20-26-2026.pdf
2026-07-20,2026-07-26,White Onion,"White Onion, Local kg 103.07",,kg,,103.07,,pdfplumber,2026\Weekly-Average-Prices-July-20-26-2026.pdf
2026-07-20,2026-07-26,White Onion (Imported),"White Onion, Imported kg 135.67",,kg,,135.67,,pdfplumber,2026\Weekly-Average-Prices-July-20-26-2026.pdf
2026-07-20,2026-07-26,White Potato,"White Potato, Local 10-12 pcs/kg kg 131.59",,kg,,131.59,,pdfplumber,2026\Weekly-Average-Prices-July-20-26-2026.pdf
2026-07-27,2026-08-02,Ampalaya,Ampalaya 4-5 pcs/kg kg 101.66,,kg,,101.66,,pdfplumber,2026\Weekly-Average-Prices-July-27-August-2-2026.pdf
2026-07-27,2026-08-02,Avocado,Avocado kg 181.22,,kg,,181.22,,pdfplumber,2026\Weekly-Average-Prices-July-27-August-2-2026.pdf
2026-07-27,2026-08-02,Banana (Lakatan),Banana (Lakatan) 8-10 pcs/kg kg 96.69,,kg,,96.69,,pdfplumber,2026\Weekly-Average-Prices-July-27-August-2-2026.pdf
2026-07-27,2026-08-02,Banana (Latundan),Banana (Latundan) 10-12 pcs/kg kg 76.74,,kg,,76.74,,pdfplumber,2026\Weekly-Average-Prices-July-27-August-2-2026.pdf
2026-07-27,2026-08-02,Banana (Saba),Banana (Saba) kg 63.00,,kg,,63.0,,pdfplumber,2026\Weekly-Average-Prices-July-27-August-2-2026.pdf
2026-07-27,2026-08-02,Cabbage (Rare Ball),Cabbage (Rare Ball) 510 gm - 1 kg/head kg 78.66,,kg,,78.66,,pdfplumber,2026\Weekly-Average-Prices-July-27-August-2-2026.pdf
2026-07-27,2026-08-02,Cabbage (Scorpio),Cabbage (Scorpio) 750 gm - 1 kg/head kg 92.34,,kg,,92.34,,pdfplumber,2026\Weekly-Average-Prices-July-27-August-2-2026.pdf
2026-07-27,2026-08-02,Cabbage (Wonder Ball),Cabbage (Wonder Ball) 510 gm - 1 kg/head kg 71.55,,kg,,71.55,,pdfplumber,2026\Weekly-Average-Prices-July-27-August-2-2026.pdf
2026-07-27,2026-08-02,Calamansi,Calamansi kg 122.80,,kg,,122.8,,pdfplumber,2026\Weekly-Average-Prices-July-27-August-2-2026.pdf
2026-07-27,2026-08-02,Carrots,"Carrots, Local 8-10 pcs/kg kg 107.70",,kg,,107.7,,pdfplumber,2026\Weekly-Average-Prices-July-27-August-2-2026.pdf
2026-07-27,2026-08-02,Eggplant,Eggplant 3-4 Small Bundles kg 115.56,,kg,,115.56,,pdfplumber,2026\Weekly-Average-Prices-July-27-August-2-2026.pdf
2026-07-27,2026-08-02,Garlic (Imported),"Garlic, Imported kg 149.70",,kg,,149.7,,pdfplumber,2026\Weekly-Average-Prices-July-27-August-2-2026.pdf
2026-07-27,2026-08-02,Garlic (Native),"Garlic, Native/Local kg 361.39",,kg,,361.39,,pdfplumber,2026\Weekly-Average-Prices-July-27-August-2-2026.pdf
2026-07-27,2026-08-02,Ginger,"Ginger, Local Fairly well-matured, Medium (150-300 gm) kg 177.48",,kg,,177.48,,pdfplumber,2026\Weekly-Average-Prices-July-27-August-2-2026.pdf
2026-07-27,2026-08-02,Mango (Carabao),"Mango (Carabao) Ripe, 3-4 pcs/kg kg 158.01",,kg,,158.01,,pdfplumber,2026\Weekly-Average-Prices-July-27-August-2-2026.pdf
2026-07-27,2026-08-02,Papaya,"Papaya Solo, Ripe, 2-3 pcs/kg kg 77.78",,kg,,77.78,,pdfplumber,2026\Weekly-Average-Prices-July-27-August-2-2026.pdf
2026-07-27,2026-08-02,Pechay (Baguio),Pechay Baguio kg 81.24,,kg,,81.24,,pdfplumber,2026\Weekly-Average-Prices-July-27-August-2-2026.pdf
2026-07-27,2026-08-02,Pechay (Native),Native Pechay 3-4 Small Bundles kg 95.51,,kg,,95.51,,pdfplumber,2026\Weekly-Average-Prices-July-27-August-2-2026.pdf
2026-07-27,2026-08-02,Red Onion,"Red Onion, Local 13-15 pcs/kg kg 108.39",,kg,,108.39,,pdfplumber,2026\Weekly-Average-Prices-July-27-August-2-2026.pdf
2026-07-27,2026-08-02,Red Onion (Imported),"Red Onion, Imported kg 88.00",,kg,,88.0,,pdfplumber,2026\Weekly-Average-Prices-July-27-August-2-2026.pdf
2026-07-27,2026-08-02,Sitao,Pole Sitao 3-4 Small Bundles kg 111.18,,kg,,111.18,,pdfplumber,2026\Weekly-Average-Prices-July-27-August-2-2026.pdf
2026-07-27,2026-08-02,Squash,Squash Suprema Variety kg 66.63,,kg,,66.63,,pdfplumber,2026\Weekly-Average-Prices-July-27-August-2-2026.pdf
2026-07-27,2026-08-02,Tomato,Tomato 15-18 pcs/kg kg 112.00,,kg,,112.0,,pdfplumber,2026\Weekly-Average-Prices-July-27-August-2-2026.pdf
2026-07-27,2026-08-02,Watermelon,Watermelon kg 77.10,,kg,,77.1,,pdfplumber,2026\Weekly-Average-Prices-July-27-August-2-2026.pdf
2026-07-27,2026-08-02,White Onion,"White Onion, Local kg 104.49",,kg,,104.49,,pdfplumber,2026\Weekly-Average-Prices-July-27-August-2-2026.pdf
2026-07-27,2026-08-02,White Onion (Imported),"White Onion, Imported kg 134.52",,kg,,134.52,,pdfplumber,2026\Weekly-Average-Prices-July-27-August-2-2026.pdf
2026-07-27,2026-08-02,White Potato,"White Potato, Local 10-12 pcs/kg kg 125.96",,kg,,125.96,,pdfplumber,2026\Weekly-Average-Prices-July-27-August-2-2026.pdf
2026-08-03,2026-08-09,Ampalaya,Ampalaya 4-5 pcs/kg kg 98.40,,kg,,98.4,,pdfplumber,2026\Weekly-Average-Prices-August-3-9-2026.pdf
2026-08-03,2026-08-09,Avocado,Avocado kg 178.95,,kg,,178.95,,pdfplumber,2026\Weekly-Average-Prices-August-3-9-2026.pdf
2026-08-03,2026-08-09,Banana (Lakatan),Banana (Lakatan) 8-10 pcs/kg kg 96.57,,kg,,96.57,,pdfplumber,2026\Weekly-Average-Prices-August-3-9-2026.pdf
2026-08-03,2026-08-09,Banana (Latundan),Banana (Latundan) 10-12 pcs/kg kg 76.36,,kg,,76.36,,pdfplumber,2026\Weekly-Average-Prices-August-3-9-2026.pdf
2026-08-03,2026-08-09,Banana (Saba),Banana (Saba) kg 62.54,,kg,,62.54,,pdfplumber,2026\Weekly-Average-Prices-August-3-9-2026.pdf
2026-08-03,2026-08-09,Cabbage (Rare Ball),Cabbage (Rare Ball) 510 gm - 1 kg/head kg 74.43,,kg,,74.43,,pdfplumber,2026\Weekly-Average-Prices-August-3-9-2026.pdf
2026-08-03,2026-08-09,Cabbage (Scorpio),Cabbage (Scorpio) 750 gm - 1 kg/head kg 85.99,,kg,,85.99,,pdfplumber,2026\Weekly-Average-Prices-August-3-9-2026.pdf
2026-08-03,2026-08-09,Cabbage (Wonder Ball),Cabbage (Wonder Ball) 510 gm - 1 kg/head kg 69.72,,kg,,69.72,,pdfplumber,2026\Weekly-Average-Prices-August-3-9-2026.pdf
2026-08-03,2026-08-09,Calamansi,Calamansi kg 126.13,,kg,,126.13,,pdfplumber,2026\Weekly-Average-Prices-August-3-9-2026.pdf
2026-08-03,2026-08-09,Carrots,"Carrots, Local 8-10 pcs/kg kg 104.87",,kg,,104.87,,pdfplumber,2026\Weekly-Average-Prices-August-3-9-2026.pdf
2026-08-03,2026-08-09,Eggplant,Eggplant 3-4 Small Bundles kg 110.28,,kg,,110.28,,pdfplumber,2026\Weekly-Average-Prices-August-3-9-2026.pdf
2026-08-03,2026-08-09,Garlic (Imported),"Garlic, Imported kg 148.15",,kg,,148.15,,pdfplumber,2026\Weekly-Average-Prices-August-3-9-2026.pdf
2026-08-03,2026-08-09,Garlic (Native),"Garlic, Native/Local kg 355.61",,kg,,355.61,,pdfplumber,2026\Weekly-Average-Prices-August-3-9-2026.pdf
2026-08-03,2026-08-09,Ginger,"Ginger, Local Fairly well-matured, Medium (150-300 gm) kg 176.74",,kg,,176.74,,pdfplumber,2026\Weekly-Average-Prices-August-3-9-2026.pdf
2026-08-03,2026-08-09,Mango (Carabao),"Mango (Carabao) Ripe, 3-4 pcs/kg kg 167.75",,kg,,167.75,,pdfplumber,2026\Weekly-Average-Prices-August-3-9-2026.pdf
2026-08-03,2026-08-09,Papaya,"Papaya Solo, Ripe, 2-3 pcs/kg kg 77.61",,kg,,77.61,,pdfplumber,2026\Weekly-Average-Prices-August-3-9-2026.pdf
2026-08-03,2026-08-09,Pechay (Baguio),Pechay Baguio kg 79.32,,kg,,79.32,,pdfplumber,2026\Weekly-Average-Prices-August-3-9-2026.pdf
2026-08-03,2026-08-09,Pechay (Native),Native Pechay 3-4 Small Bundles kg 101.91,,kg,,101.91,,pdfplumber,2026\Weekly-Average-Prices-August-3-9-2026.pdf
2026-08-03,2026-08-09,Red Onion,"Red Onion, Local 13-15 pcs/kg kg 106.99",,kg,,106.99,,pdfplumber,2026\Weekly-Average-Prices-August-3-9-2026.pdf
2026-08-03,2026-08-09,Red Onion (Imported),"Red Onion, Imported kg 88.57",,kg,,88.57,,pdfplumber,2026\Weekly-Average-Prices-August-3-9-2026.pdf
2026-08-03,2026-08-09,Sitao,Pole Sitao 3-4 Small Bundles kg 114.66,,kg,,114.66,,pdfplumber,2026\Weekly-Average-Prices-August-3-9-2026.pdf
2026-08-03,2026-08-09,Squash,Squash Suprema Variety kg 64.92,,kg,,64.92,,pdfplumber,2026\Weekly-Average-Prices-August-3-9-2026.pdf
2026-08-03,2026-08-09,Tomato,Tomato 15-18 pcs/kg kg 107.92,,kg,,107.92,,pdfplumber,2026\Weekly-Average-Prices-August-3-9-2026.pdf
2026-08-03,2026-08-09,Watermelon,Watermelon kg 77.11,,kg,,77.11,,pdfplumber,2026\Weekly-Average-Prices-August-3-9-2026.pdf
2026-08-03,2026-08-09,White Onion,"White Onion, Local kg 104.37",,kg,,104.37,,pdfplumber,2026\Weekly-Average-Prices-August-3-9-2026.pdf
2026-08-03,2026-08-09,White Onion (Imported),"White Onion, Imported kg 129.50",,kg,,129.5,,pdfplumber,2026\Weekly-Average-Prices-August-3-9-2026.pdf
2026-08-03,2026-08-09,White Potato,"White Potato, Local 10-12 pcs/kg kg 125.25",,kg,,125.25,,pdfplumber,2026\Weekly-Average-Prices-August-3-9-2026.pdf
2026-08-10,2026-08-16,Ampalaya,Ampalaya 4-5 pcs/kg kg 134.74,,kg,,134.74,,pdfplumber,2026\Weekly-Average-Prices-August-10-16-2026.pdf
2026-08-10,2026-08-16,Avocado,Avocado kg 182.92,,kg,,182.92,,pdfplumber,2026\Weekly-Average-Prices-August-10-16-2026.pdf
2026-08-10,2026-08-16,Banana (Lakatan),Banana (Lakatan) 8-10 pcs/kg kg 96.81,,kg,,96.81,,pdfplumber,2026\Weekly-Average-Prices-August-10-16-2026.pdf
2026-08-10,2026-08-16,Banana (Latundan),Banana (Latundan) 10-12 pcs/kg kg 76.41,,kg,,76.41,,pdfplumber,2026\Weekly-Average-Prices-August-10-16-2026.pdf
2026-08-10,2026-08-16,Banana (Saba),Banana (Saba) kg 63.19,,kg,,63.19,,pdfplumber,2026\Weekly-Average-Prices-August-10-16-2026.pdf
2026-08-10,2026-08-16,Cabbage (Rare Ball),Cabbage (Rare Ball) 510 gm - 1 kg/head kg 99.64,,kg,,99.64,,pdfplumber,2026\Weekly-Average-Prices-August-10-16-2026.pdf
2026-08-10,2026-08-16,Cabbage (Scorpio),Cabbage (Scorpio) 750 gm - 1 kg/head kg 94.60,,kg,,94.6,,pdfplumber,2026\Weekly-Average-Prices-August-10-16-2026.pdf
2026-08-10,2026-08-16,Cabbage (Wonder Ball),Cabbage (Wonder Ball) 510 gm - 1 kg/head kg 98.75,,kg,,98.75,,pdfplumber,2026\Weekly-Average-Prices-August-10-16-2026.pdf
2026-08-10,2026-08-16,Calamansi,Calamansi kg 124.93,,kg,,124.93,,pdfplumber,2026\Weekly-Average-Prices-August-10-16-2026.pdf
2026-08-10,2026-08-16,Carrots,"Carrots, Local 8-10 pcs/kg kg 113.73",,kg,,113.73,,pdfplumber,2026\Weekly-Average-Prices-August-10-16-2026.pdf
2026-08-10,2026-08-16,Eggplant,Eggplant 3-4 Small Bundles kg 137.34,,kg,,137.34,,pdfplumber,2026\Weekly-Average-Prices-August-10-16-2026.pdf
2026-08-10,2026-08-16,Garlic (Imported),"Garlic, Imported kg 148.58",,kg,,148.58,,pdfplumber,2026\Weekly-Average-Prices-August-10-16-2026.pdf
2026-08-10,2026-08-16,Garlic (Native),"Garlic, Native/Local kg 352.00",,kg,,352.0,,pdfplumber,2026\Weekly-Average-Prices-August-10-16-2026.pdf
2026-08-10,2026-08-16,Ginger,"Ginger, Local Fairly well-matured, Medium (150-300 gm) kg 180.75",,kg,,180.75,,pdfplumber,2026\Weekly-Average-Prices-August-10-16-2026.pdf
2026-08-10,2026-08-16,Mango (Carabao),"Mango (Carabao) Ripe, 3-4 pcs/kg kg 178.68",,kg,,178.68,,pdfplumber,2026\Weekly-Average-Prices-August-10-16-2026.pdf
2026-08-10,2026-08-16,Papaya,"Papaya Solo, Ripe, 2-3 pcs/kg kg 77.55",,kg,,77.55,,pdfplumber,2026\Weekly-Average-Prices-August-10-16-2026.pdf
2026-08-10,2026-08-16,Pechay (Baguio),Pechay Baguio kg 99.76,,kg,,99.76,,pdfplumber,2026\Weekly-Average-Prices-August-10-16-2026.pdf
2026-08-10,2026-08-16,Pechay (Native),Native Pechay 3-4 Small Bundles kg 154.01,,kg,,154.01,,pdfplumber,2026\Weekly-Average-Prices-August-10-16-2026.pdf
2026-08-10,2026-08-16,Red Onion,"Red Onion, Local 13-15 pcs/kg kg 109.79",,kg,,109.79,,pdfplumber,2026\Weekly-Average-Prices-August-10-16-2026.pdf
2026-08-10,2026-08-16,Red Onion (Imported),"Red Onion, Imported kg 88.33",,kg,,88.33,,pdfplumber,2026\Weekly-Average-Prices-August-10-16-2026.pdf
2026-08-10,2026-08-16,Sitao,Pole Sitao 3-4 Small Bundles kg 150.46,,kg,,150.46,,pdfplumber,2026\Weekly-Average-Prices-August-10-16-2026.pdf
2026-08-10,2026-08-16,Squash,Squash Suprema Variety kg 67.06,,kg,,67.06,,pdfplumber,2026\Weekly-Average-Prices-August-10-16-2026.pdf
2026-08-10,2026-08-16,Tomato,Tomato 15-18 pcs/kg kg 115.89,,kg,,115.89,,pdfplumber,2026\Weekly-Average-Prices-August-10-16-2026.pdf
2026-08-10,2026-08-16,Watermelon,Watermelon kg 77.07,,kg,,77.07,,pdfplumber,2026\Weekly-Average-Prices-August-10-16-2026.pdf
2026-08-10,2026-08-16,White Onion,"White Onion, Local kg 112.90",,kg,,112.9,,pdfplumber,2026\Weekly-Average-Prices-August-10-16-2026.pdf
2026-08-10,2026-08-16,White Onion (Imported),"White Onion, Imported kg 135.71",,kg,,135.71,,pdfplumber,2026\Weekly-Average-Prices-August-10-16-2026.pdf
2026-08-10,2026-08-16,White Potato,"White Potato, Local 10-12 pcs/kg kg 147.91",,kg,,147.91,,pdfplumber,2026\Weekly-Average-Prices-August-10-16-2026.pdf
2026-08-17,2026-08-23,Ampalaya,Ampalaya 4-5 pcs/kg kg 170.53,,kg,,170.53,,pdfplumber,2026\Weekly-Average-Prices-August-17-23-2026.pdf
2026-08-17,2026-08-23,Avocado,Avocado kg 190.02,,kg,,190.02,,pdfplumber,2026\Weekly-Average-Prices-August-17-23-2026.pdf
2026-08-17,2026-08-23,Banana (Lakatan),Banana (Lakatan) 8-10 pcs/kg kg 96.57,,kg,,96.57,,pdfplumber,2026\Weekly-Average-Prices-August-17-23-2026.pdf
2026-08-17,2026-08-23,Banana (Latundan),Banana (Latundan) 10-12 pcs/kg kg 76.23,,kg,,76.23,,pdfplumber,2026\Weekly-Average-Prices-August-17-23-2026.pdf
2026-08-17,2026-08-23,Banana (Saba),Banana (Saba) kg 64.00,,kg,,64.0,,pdfplumber,2026\Weekly-Average-Prices-August-17-23-2026.pdf
2026-08-17,2026-08-23,Cabbage (Rare Ball),Cabbage (Rare Ball) 510 gm - 1 kg/head kg 96.47,,kg,,96.47,,pdfplumber,2026\Weekly-Average-Prices-August-17-23-2026.pdf
2026-08-17,2026-08-23,Cabbage (Scorpio),Cabbage (Scorpio) 750 gm - 1 kg/head kg 98.69,,kg,,98.69,,pdfplumber,2026\Weekly-Average-Prices-August-17-23-2026.pdf
2026-08-17,2026-08-23,Cabbage (Wonder Ball),Cabbage (Wonder Ball) 510 gm - 1 kg/head kg 93.97,,kg,,93.97,,pdfplumber,2026\Weekly-Average-Prices-August-17-23-2026.pdf
2026-08-17,2026-08-23,Calamansi,Calamansi kg 121.89,,kg,,121.89,,pdfplumber,2026\Weekly-Average-Prices-August-17-23-2026.pdf
2026-08-17,2026-08-23,Carrots,"Carrots, Local 8-10 pcs/kg kg 114.21",,kg,,114.21,,pdfplumber,2026\Weekly-Average-Prices-August-17-23-2026.pdf
2026-08-17,2026-08-23,Eggplant,Eggplant 3-4 Small Bundles kg 178.81,,kg,,178.81,,pdfplumber,2026\Weekly-Average-Prices-August-17-23-2026.pdf
2026-08-17,2026-08-23,Garlic (Imported),"Garlic, Imported kg 150.02",,kg,,150.02,,pdfplumber,2026\Weekly-Average-Prices-August-17-23-2026.pdf
2026-08-17,2026-08-23,Garlic (Native),"Garlic, Native/Local kg 356.00",,kg,,356.0,,pdfplumber,2026\Weekly-Average-Prices-August-17-23-2026.pdf
2026-08-17,2026-08-23,Ginger,"Ginger, Local kg 184.96",,kg,,184.96,,pdfplumber,2026\Weekly-Average-Prices-August-17-23-2026.pdf
2026-08-17,2026-08-23,Mango (Carabao),"Mango (Carabao) Ripe, 3-4 pcs/kg kg 190.51",,kg,,190.51,,pdfplumber,2026\Weekly-Average-Prices-August-17-23-2026.pdf
2026-08-17,2026-08-23,Papaya,"Papaya Solo, Ripe, 2-3 pcs/kg kg 78.18",,kg,,78.18,,pdfplumber,2026\Weekly-Average-Prices-August-17-23-2026.pdf
2026-08-17,2026-08-23,Pechay (Baguio),Pechay Baguio kg 108.92,,kg,,108.92,,pdfplumber,2026\Weekly-Average-Prices-August-17-23-2026.pdf
2026-08-17,2026-08-23,Pechay (Native),Native Pechay 3-4 Small Bundles kg 233.39,,kg,,233.39,,pdfplumber,2026\Weekly-Average-Prices-August-17-23-2026.pdf
2026-08-17,2026-08-23,Red Onion,"Red Onion, Local 13-15 pcs/kg kg 111.43",,kg,,111.43,,pdfplumber,2026\Weekly-Average-Prices-August-17-23-2026.pdf
2026-08-17,2026-08-23,Red Onion (Imported),"Red Onion, Imported kg 90.00",,kg,,90.0,,pdfplumber,2026\Weekly-Average-Prices-August-17-23-2026.pdf
2026-08-17,2026-08-23,Sitao,Pole Sitao 3-4 Small Bundles kg 167.96,,kg,,167.96,,pdfplumber,2026\Weekly-Average-Prices-August-17-23-2026.pdf
2026-08-17,2026-08-23,Squash,Squash Suprema Variety kg 67.58,,kg,,67.58,,pdfplumber,2026\Weekly-Average-Prices-August-17-23-2026.pdf
2026-08-17,2026-08-23,Tomato,Tomato 15-18 pcs/kg kg 112.80,,kg,,112.8,,pdfplumber,2026\Weekly-Average-Prices-August-17-23-2026.pdf
2026-08-17,2026-08-23,Watermelon,Watermelon kg 77.18,,kg,,77.18,,pdfplumber,2026\Weekly-Average-Prices-August-17-23-2026.pdf
2026-08-17,2026-08-23,White Onion,"White Onion, Local kg 121.71",,kg,,121.71,,pdfplumber,2026\Weekly-Average-Prices-August-17-23-2026.pdf
2026-08-17,2026-08-23,White Onion (Imported),"White Onion, Imported kg 130.00",,kg,,130.0,,pdfplumber,2026\Weekly-Average-Prices-August-17-23-2026.pdf
2026-08-17,2026-08-23,White Potato,"White Potato, Local 10-12 pcs/kg kg 146.18",,kg,,146.18,,pdfplumber,2026\Weekly-Average-Prices-August-17-23-2026.pdf
2026-08-24,2026-08-30,Ampalaya,Ampalaya 4-5 pcs/kg kg 191.33,,kg,,191.33,,pdfplumber,2026\Weekly-Average-Prices-August-24-30-2026.pdf
2026-08-24,2026-08-30,Avocado,Avocado kg 204.63,,kg,,204.63,,pdfplumber,2026\Weekly-Average-Prices-August-24-30-2026.pdf
2026-08-24,2026-08-30,Banana (Lakatan),Banana (Lakatan) 8-10 pcs/kg kg 96.25,,kg,,96.25,,pdfplumber,2026\Weekly-Average-Prices-August-24-30-2026.pdf
2026-08-24,2026-08-30,Banana (Latundan),Banana (Latundan) 10-12 pcs/kg kg 76.88,,kg,,76.88,,pdfplumber,2026\Weekly-Average-Prices-August-24-30-2026.pdf
2026-08-24,2026-08-30,Banana (Saba),Banana (Saba) kg 63.94,,kg,,63.94,,pdfplumber,2026\Weekly-Average-Prices-August-24-30-2026.pdf
2026-08-24,2026-08-30,Cabbage (Rare Ball),Cabbage (Rare Ball) 510 gm - 1 kg/head kg 116.12,,kg,,116.12,,pdfplumber,2026\Weekly-Average-Prices-August-24-30-2026.pdf
2026-08-24,2026-08-30,Cabbage (Scorpio),Cabbage (Scorpio) 750 gm - 1 kg/head kg 113.14,,kg,,113.14,,pdfplumber,2026\Weekly-Average-Prices-August-24-30-2026.pdf
2026-08-24,2026-08-30,Cabbage (Wonder Ball),Cabbage (Wonder Ball) 510 gm - 1 kg/head kg 110.55,,kg,,110.55,,pdfplumber,2026\Weekly-Average-Prices-August-24-30-2026.pdf
2026-08-24,2026-08-30,Calamansi,Calamansi kg 115.74,,kg,,115.74,,pdfplumber,2026\Weekly-Average-Prices-August-24-30-2026.pdf
2026-08-24,2026-08-30,Carrots,"Carrots, Local 8-10 pcs/kg kg 111.77",,kg,,111.77,,pdfplumber,2026\Weekly-Average-Prices-August-24-30-2026.pdf
2026-08-24,2026-08-30,Eggplant,Eggplant 3-4 Small Bundles kg 200.08,,kg,,200.08,,pdfplumber,2026\Weekly-Average-Prices-August-24-30-2026.pdf
2026-08-24,2026-08-30,Garlic (Imported),"Garlic, Imported kg 150.25",,kg,,150.25,,pdfplumber,2026\Weekly-Average-Prices-August-24-30-2026.pdf
2026-08-24,2026-08-30,Garlic (Native),"Garlic, Native/Local kg 345.74",,kg,,345.74,,pdfplumber,2026\Weekly-Average-Prices-August-24-30-2026.pdf
2026-08-24,2026-08-30,Ginger,"Ginger, Local Fairly well-matured, Medium (150-300 gm) kg 185.75",,kg,,185.75,,pdfplumber,2026\Weekly-Average-Prices-August-24-30-2026.pdf
2026-08-24,2026-08-30,Mango (Carabao),"Mango (Carabao) Ripe, 3-4 pcs/kg kg 204.11",,kg,,204.11,,pdfplumber,2026\Weekly-Average-Prices-August-24-30-2026.pdf
2026-08-24,2026-08-30,Papaya,"Papaya Solo, Ripe, 2-3 pcs/kg kg 78.14",,kg,,78.14,,pdfplumber,2026\Weekly-Average-Prices-August-24-30-2026.pdf
2026-08-24,2026-08-30,Pechay (Baguio),Pechay Baguio kg 124.10,,kg,,124.1,,pdfplumber,2026\Weekly-Average-Prices-August-24-30-2026.pdf
2026-08-24,2026-08-30,Pechay (Native),Native Pechay 3-4 Small Bundles kg 236.97,,kg,,236.97,,pdfplumber,2026\Weekly-Average-Prices-August-24-30-2026.pdf
2026-08-24,2026-08-30,Red Onion,"Red Onion, Local 13-15 pcs/kg kg 115.02",,kg,,115.02,,pdfplumber,2026\Weekly-Average-Prices-August-24-30-2026.pdf
2026-08-24,2026-08-30,Red Onion (Imported),"Red Onion, Imported kg 90.00",,kg,,90.0,,pdfplumber,2026\Weekly-Average-Prices-August-24-30-2026.pdf
2026-08-24,2026-08-30,Sitao,Pole Sitao 3-4 Small Bundles kg 175.99,,kg,,175.99,,pdfplumber,2026\Weekly-Average-Prices-August-24-30-2026.pdf
2026-08-24,2026-08-30,Squash,Squash Suprema Variety kg 67.27,,kg,,67.27,,pdfplumber,2026\Weekly-Average-Prices-August-24-30-2026.pdf
2026-08-24,2026-08-30,Tomato,Tomato 15-18 pcs/kg kg 105.03,,kg,,105.03,,pdfplumber,2026\Weekly-Average-Prices-August-24-30-2026.pdf
2026-08-24,2026-08-30,Watermelon,Watermelon kg 77.69,,kg,,77.69,,pdfplumber,2026\Weekly-Average-Prices-August-24-30-2026.pdf
2026-08-24,2026-08-30,White Onion,"White Onion, Local kg 128.94",,kg,,128.94,,pdfplumber,2026\Weekly-Average-Prices-August-24-30-2026.pdf
2026-08-24,2026-08-30,White Potato,"White Potato, Local 10-12 pcs/kg kg 143.15",,kg,,143.15,,pdfplumber,2026\Weekly-Average-Prices-August-24-30-2026.pdf
